,Unnamed: 0.1,Unnamed: 0,created_on,bounty_type,project_length,experience_level,github_url,bounty_owner_github_username,url,keywords,value_in_usdt,github_org_name,issue_description_text,github_repo_name,acceptance_criteria,custom_issue_description,additional_funding_summary,token_name,github_pr,fulfillments_number,repo_forks_count,repo_stargazers_count,repo_watchers_count,repo_open_issues_count,repo_created_at,repo_subscribers_count,repo_language,repo_size,code_additions,code_deletions,code_changed_files,code_commits,code_comments,code_created_at,code_merged_at,is_code,code_finish_time,issue_len_description,bounty_num,bounty_change_num,owner_followers,owner_following,value_in_token,issue_timeout,fulfillments_len,experience_level_Advanced,experience_level_Beginner,experience_level_Intermediate,project_length_Days,project_length_Hours,project_length_Months,project_length_Weeks,bounty_type_Bug,bounty_type_Code_Review,bounty_type_Design,bounty_type_Documentation,bounty_type_Feature,bounty_type_Improvement,bounty_type_Other,bounty_type_Project,bounty_type_Security,repo_language_JavaScript,repo_language_Others,repo_language_TypeScript,repo_language_Unknown
0,0,166,2022-06-04T08:16:16,Feature,Hours,Advanced,https://github.com/ark-builders/arklib-android/issues/7,kirillt,https://gitcoin.co/issue/28947,"Rust,Kotlin",150.0,ark-builders,"When `arklib` is used to generate preview of a resource, resulting bitmap must be passed into Android side, where it will be stored as necessarily. Later this will change, but for now it would be a good start.

The Pdfium usage [here](https://github.com/ARK-Builders/ARK-Navigator/blob/main/app/src/main/java/space/taran/arknavigator/mvp/model/repo/preview/generator/PdfPreviewGenerator.kt) must be replaced with `arklib` usage, so bitmaps would be generated by function implemented in https://github.com/ark-builders/arklib/issues/5. Initialization of `arklib` must be done only once per Android app invocation, i.e. we don't want to re-initialize the lib in 2 subsequent calls to it.",arklib-android,"{""ops"":[{""insert"":""The Pdfium usage in https://github.com/ARK-Builders/ARK-Navigator/blob/main/app/src/main/java/space/taran/arknavigator/mvp/model/repo/preview/generator/PdfPreviewGenerator.kt must be replaced with `arklib` usage, so bitmaps would be generated by function implemented in https://github.com/ark-builders/arklib/issues/5\n""}]}",0.0,{},ETH,['https://github.com/ARK-Builders/arklib-android/pull/8'],1,1.3862943611198906,1.0986122886681098,1.0986122886681098,2.5649493574615367,2022-01-17T20:19:52Z,1.0986122886681098,Others,9.441134582220915,7.311886164077165,5.030437921392435,3.1780538303479458,11.0,0.0,2022-06-05T11:47:05Z,2022-07-10T19:34:07Z,1.0,5.351858133476067,6.5337888379333435,3.1780538303479458,0.6931471805599453,2.302585092994046,9,8.47e+16,3.4011973816621555,0.6931471805599453,1,0,0,0,1,0,0,0,0,0,0,1,0,0,0,0,0,1,0,0
1,1,167,2022-06-04T08:10:35,Feature,Hours,Intermediate,https://github.com/ark-builders/arklib/issues/11,kirillt,https://gitcoin.co/issue/28946,Rust,150.0,ark-builders,"By using a Rust crate we can solve both issues with PDFs in ARK Navigator:
https://github.com/ARK-Builders/ARK-Navigator/issues/153
https://github.com/ARK-Builders/ARK-Navigator/issues/157

Maybe something from [here](https://rustrepo.com/catalog/rust-pdf_newest_1)?

Previews should be possible to generate in both low and high quality: the function should accept quality parameter with acceptable values `low`, `medium`, `high` where `high` is looking nice on laptop and zoomable. For easier verification, this function should have dedicated command in this tool: https://github.com/ARK-Builders/ark-cli which would accept path to a PDF file and save JPG/PNG to another file.",arklib,"{""ops"":[{""insert"":""For easier verification, this function must have dedicated command in this tool: ""},{""attributes"":{""link"":""https://github.com/ARK-Builders/ark-cli""},""insert"":""https://github.com/ARK-Builders/ark-cli""},{""insert"":"" which would accept path to a PDF file and save JPG/PNG to another file.\n""}]}",0.0,{},ETH,['https://github.com/ARK-Builders/arklib/pull/12'],1,1.6094379124341003,0.0,0.0,2.70805020110221,2022-01-10T10:49:42Z,1.0986122886681098,Others,7.428927194802272,7.221835825288449,4.23410650459726,3.1780538303479458,9.0,0.0,2022-06-05T11:37:52Z,2022-06-14T16:28:15Z,1.0,5.337538079701318,6.52795791762255,3.1354942159291497,0.6931471805599453,2.302585092994046,9,8.47e+16,3.4011973816621555,0.6931471805599453,0,0,1,0,1,0,0,0,0,0,0,1,0,0,0,0,0,1,0,0
2,2,186,2022-05-20T04:36:50,Feature,Days,Intermediate,https://github.com/xmtp-labs/ethshanghai-2022/issues/2,galligan,https://gitcoin.co/issue/28892,"web3,evm wallets,ethereum,messaging,wallet to wallet messaging,lit protocol,xmtp",2500.0,xmtp-labs,"## 🏆 Prize Title

Web3 Messaging for Token-Gated Communities using XMTP and Lit Protocol

## 💰 Prize Bounty

ETH 2.5k USD

## 📙 Challenge Description

Use [XMTP](https://github.com/xmtp) and [Lit Protocol](https://github.com/LIT-Protocol) to gate messaging in an application so that token holders only receive messages from accounts that possess the same token, as verified by Lit’s [EVM Access Control](https://developer.litprotocol.com/docs/AccessControlConditions/evmBasicExamples#must-posess-a-specific-erc721-token-nft).

### Specifics

* The XMTP Protocol and SDK allows app developers to build clients that can send and receive messages through Ethereum accounts.
* Lit Protocol allows developers to prove possession of NFTs, POAPs, and DAO tokens verified on blockchain networks.

### 🏆 The Objective 

Using the [XMTP example chat app](https://github.com/xmtp/example-chat-react), integrate Lit Protocol to allow a user who holds an NFT, POAP, or DAO token to restrict who can message them to senders who possess the same token. The winning example would show that a client only displays messages from senders who possess the specified token.


#### ☝️ Tips

* For demo purposes, you can manually specify a specific NFT, POAP, or DAO token of your choosing that the recipient and sender must both possess.
* You can then use Lit’s [access control conditions](https://developer.litprotocol.com/docs/AccessControlConditions/evmBasicExamples) to get the token possession status using a sender’s address.
* You can fork the [XMTP example chat app](https://github.com/xmtp/example-chat-react) to quickly establish a basic functioning messaging UX, including wallet connection management, conversation grouping, and ENS resolution.

#### 💯 In an exceptional entry:

* Users can specify _which_ tokens they own that senders must also own to message them.
* Users can still _optionally_ view messages from all senders, not only addresses verified to possess the specified tokens.

🥰 We believe these types of user-centric clients will have a positive impact on preventing spam and allowing web3 wallet users to control who can message them.

## 💻 An example user flow

The following describes a fully-featured UX and is **not required** for the bounty:

* A user connects to the application using a wallet provider.
* The user should see a list of their conversations with other users who hold the same token(s).
* The user can select a conversation, see a list of historical messages, send a new message to the other party, and see new messages from the other party in real-time.
* The user can start a new conversation and specify any Ethereum or ENS address as the recipient.
    * The user should be able to successfully send an arbitrary message to any address that is registered with the XMTP network.
        * The user should see an indication of whether the recipient address possesses the same token(s).
    * The user should see a warning when the recipient address is not registered with the XMTP network.
* The user can access an expanded inbox view that includes conversations with addresses that do not possess the same token(s).

**Note:** The [XMTP example chat app](https://github.com/xmtp/example-chat-react) provides a strong foundation for the UX described above.

## 🗳️ Submission Requirements

* Link to repo of functional dapp code with well-documented README
* URL of the dapp front-end
* Video of a demo of the dapp functionality

## ✅ Judging Criteria

* Is the dapp functional?
* Is the code relatively well-written (time constraints taken into account)?
* How compelling is the use case?
* Are XMTP and Lit Protocol used effectively? Specifically, will a user only see messages via XMTP from those they share an NFT or POAP with, as verified using Lit?
* Is the UI intuitive and easy to use?

## 🗓️ Winner Announcement Date

June 2 2022

## 🛠️ Developer Resources

- [XMTP on Github](https://github.com/xmtp)
- [XMTP Example Chat App on Github](https://github.com/xmtp/example-chat-react)
- [Lit Protocol on Github](https://github.com/LIT-Protocol/lit-js-sdk)

Have questions or need help? Contact: [peter@xmtp.com](mailto:peter@xmtp.com)",ethshanghai-2022,0,0.0,{},ETH,['https://github.com/NftTopBest/web3nft.social'],7,0.0,1.0986122886681098,1.0986122886681098,1.0986122886681098,2022-05-18T16:52:03Z,0.6931471805599453,Unknown,2.1972245773362196,9.039907859574642,4.276666119016055,5.1298987149230735,22.0,0.0,2022-05-21T17:28:24Z,0,1.0,6.648984550024776,8.353025845202325,0.6931471805599453,0.0,3.1354942159291497,24,1.2425e+18,2.5649493574615367,2.0794415416798357,0,0,1,1,0,0,0,0,0,0,0,1,0,0,0,0,0,0,0,1
3,3,192,2022-05-19T14:56:56,Improvement,Hours,Intermediate,https://github.com/zeevoco/zeevoco.github.io/issues/1,nopslip,https://gitcoin.co/issue/28886,"CSS,HTML5,Tailwind",309.74,zeevoco,"We will soon have a Figma design that we're looking to get converted to a basic site. It will replace what's currently here in the repo.  

This bounty is just for the landing page of our application. I would love to see this done with HTML5 and TailwindCSS but could be convinced to use another stack if there is a compelling reason to do so.  

The landing page is very basic and doesn't have forms, any custom JS, etc.  We're looking for the landing page to work on mobile and desktop so it's important that you're comfortable with responsive design.  Happy to share the latest Figma with interested prospects.   

I'm not sure how many hours to estimate for this. I realize it completely depends on what's in the Figma. I'm happy to create another bounty or pay extra if we agree ahead of time that it will take more time/coins than I've offered in the Gitcoin bounty.",zeevoco.github.io,0,0.0,{},ETH,['https://github.com/zeevoco/zeevoco.github.io/pull/2'],1,0.0,0.0,0.0,0.0,2022-05-18T21:00:40Z,0.6931471805599453,Others,8.720950028930258,7.244941546337007,8.212568398234145,3.9318256327243257,4.0,1.0,2022-05-22T14:40:53Z,0,1.0,7.261225091971921,6.778784897685177,0.0,0.0,6.54534966033442,691,1.534e+17,2.0794415416798357,0.6931471805599453,0,0,1,0,1,0,0,0,0,0,0,0,1,0,0,0,0,1,0,0
4,5,229,2022-04-20T07:21:29,Feature,Hours,Intermediate,https://github.com/humanprotocol/hmt-escrow/issues/314,human-protocol,https://gitcoin.co/issue/28782,Solidity,3076.7,humanprotocol,"HMT-Escrow supports arbitrary EVM networks but there's a bit of work to do to make a network first class and make sure that it works. All of our EVM network launches are supported by gitcoin but you can gain a yearly bonus by being our network sponsor. If you need support please join tech-discussions on the human protocol discord linked on hmt.ai.

### Steps to receive gitcoin bounty 
* [ ] Launch the contracts on the devnet and make sure that everything is working
* [ ] Launch contracts on production network and file a commit with all the contract information to this repo's documentation. Here's an example https://github.com/humanprotocol/hmt-escrow/pull/296
* [ ] Launch KVstore contracts https://github.com/humanprotocol/eth-kvstore
* [ ] Add the contracts to the relevant network scanner (etherscan equivalent) 
* [ ] Launch a working app on the network. The easiest one to get going is our example fortune. https://github.com/humanprotocol/fortune  Make a video of the functionality of the app working on the new network and link to relevant scanner transactions.
* [ ] Add to human dashboard [ https://dashboard.humanprotocol.org/ ]
* [ ] Request to become the maintainer for your EVM network. We will list you on our repo, give you an extra reward (generally around 1 ETH per year) and invite you to conferences. We will celebrate your name forever!
* [ ] Verify bridging of tokens works

### High level rules to make sure that you are doing this correctly
* [ ] We never want to create a mintable token. Your change should not change the total token supply from 1 billion
* [ ] When deploying production contracts use a dedicated wallet with a seed phrase you don't use anywhere else. You might be required to share it with us.",hmt-escrow,0,0.0,{},ETH,['https://github.com/humanprotocol/hmt-escrow/pull/316'],1,3.7612001156935624,3.258096538021482,3.258096538021482,3.367295829986474,2018-10-01T08:29:57Z,2.5649493574615367,TypeScript,9.28933637820268,2.4849066497880004,0.0,0.6931471805599453,11.0,4.0,2022-05-03T14:50:58Z,2022-08-30T09:54:07Z,1.0,6.1092475827643655,7.471932078245122,2.995732273553991,1.0986122886681098,2.772588722239781,7,1e+18,11.478737665432986,0.6931471805599453,0,0,1,0,1,0,0,0,0,0,0,1,0,0,0,0,0,0,1,0
5,6,230,2022-04-19T17:34:19,Other,Hours,Advanced,https://github.com/foresight-org/gitcoin-bounties/issues/29,aaronlongevity,https://gitcoin.co/issue/28770,"Nanotech,Foresight,Tech Tree",465.25,foresight-org,"**Bounties for Foresight Technical Groups**

Each of these will run for 6 weeks, the objective is to stimulate conversation and get people thinking about interesting and relevant future science. Submissions will be in the form of project proposals for solving these issues, and several winners will be chosen for each category. A short overview on the problem, a description of a solution, and your plan to implement it are required in the submission.

**_Energy storage and carbon capture and utilization by nano-hybrid materials_** 

Battery capacity and reliability are at the heart of renewable energy.  Better battery technology is the main challenge when dealing with large quantities of unreliable wind/solar energy.  What kind of nano-hybrid materials could be used to make the next generation of batteries, and could it simultaneously be used for carbon capture?

**Submit your bounty-response below for your chance to be rewarded 0.15 ETH.**",gitcoin-bounties,0,0.0,{},ETH,['https://github.com/ogwokalu/decarbonization-'],1,0.0,0.6931471805599453,0.6931471805599453,3.5263605246161616,2022-02-07T16:43:07Z,0.0,Unknown,0.0,0.0,0.0,0.6931471805599453,1.0,0.0,2022-05-29T08:41:33Z,0,1.0,6.811244378601294,6.866933284461882,3.258096538021482,0.0,5.459585514144159,237,1.5e+17,3.7376696182833684,0.6931471805599453,1,0,0,0,1,0,0,0,0,0,0,0,0,1,0,0,0,0,0,1
6,7,233,2022-04-19T17:29:05,Other,Hours,Advanced,https://github.com/foresight-org/gitcoin-bounties/issues/25,aaronlongevity,https://gitcoin.co/issue/28766,"Intelligent Cooperation,Foresight,Tech Tree",465.25,foresight-org,"**Bounties for Foresight Technical Groups**

Each of these will run for 6 weeks, the objective is to stimulate conversation and get people thinking about interesting and relevant future science. Submissions will be in the form of project proposals for solving these issues, and several winners will be chosen for each category. A short overview on the problem, a description of a solution, and your plan to implement it are required in the submission.

**_Taking DAO's to the next level via designing better participation mechanisms_**

Many high-profile uses of NFTs have involved simple minting and speculation.  But NFTs are smart-contract-native and highly programmable, and can be used to access a world of utility.  Can we compose NFTs with funding designs to move beyond the one-off token sale, and build long-term communities around projects/creators?

Submit your bounty-response below for your chance to be rewarded 0.15 ETH.",gitcoin-bounties,0,0.0,{},ETH,['https://github.com/toledoroy/foresight-org_gitcoin-bounties_issue25/wiki/Web3-as-the-future-of-Intelligent-Cooperation'],2,0.0,0.6931471805599453,0.6931471805599453,3.5263605246161616,2022-02-07T16:43:07Z,0.0,Unknown,0.0,0.0,0.0,0.0,0.0,0.0,2022-05-15T19:10:16Z,0,1.0,4.624972813284271,6.8501261661455,3.091042453358316,0.0,5.459585514144159,237,1.5e+17,3.7376696182833684,1.0986122886681098,1,0,0,0,1,0,0,0,0,0,0,0,0,1,0,0,0,0,0,1
7,8,234,2022-04-19T17:27:19,Other,Hours,Advanced,https://github.com/foresight-org/gitcoin-bounties/issues/24,aaronlongevity,https://gitcoin.co/issue/28765,"Intelligent Cooperation,Foresight,Tech Tree",465.25,foresight-org,"**Bounties for Foresight Technical Groups**

Each of these will run for 6 weeks, the objective is to stimulate conversation and get people thinking about interesting and relevant future science. Submissions will be in the form of project proposals for solving these issues, and several winners will be chosen for each category. A short overview on the problem, a description of a solution, and your plan to implement it are required in the submission.

**_Taking DAO's to the next level via designing better participation mechanisms_**

Most existing DAOs use variants of token-based governance or reputation-based governance, with some seeing problems like low participation or plutocratic power distribution.  How can we design better participation mechanisms to take into account community involvement and changing community norms?

**Submit your bounty-response below for your chance to be rewarded 0.15 ETH.**",gitcoin-bounties,0,0.0,{},ETH,['https://github.com/drew7wonders/Taking-DAO-s-To-The-Next-Level-Via-Designing-Better-Participation-Mechanisms'],6,0.0,0.6931471805599453,0.6931471805599453,3.5263605246161616,2022-02-07T16:43:07Z,0.0,Unknown,0.0,4.804021044733257,0.0,1.3862943611198906,4.0,0.0,2022-05-30T12:38:06Z,0,1.0,7.048386408721883,6.827629234502852,3.044522437723423,0.0,5.459585514144159,237,1.5e+17,3.7376696182833684,1.9459101490553132,1,0,0,0,1,0,0,0,0,0,0,0,0,1,0,0,0,0,0,1
8,9,237,2022-04-19T17:21:17,Other,Hours,Advanced,https://github.com/foresight-org/gitcoin-bounties/issues/20,aaronlongevity,https://gitcoin.co/issue/28761,"Neurotech,Foresight,Tech Tree",465.25,foresight-org,"**Bounties for Foresight Technical Groups**

Each of these will run for 6 weeks, the objective is to stimulate conversation and get people thinking about interesting and relevant future science. Submissions will be in the form of project proposals for solving these issues, and several winners will be chosen for each category. A short overview on the problem, a description of a solution, and your plan to implement it are required in the submission.

**_Translation of neuromarkers from the lab to mobile devices_**

Implanted materials tend to degrade too quickly within the body, and neurotech devices have more complex requirements which make this an even more pressing problem.  What solutions can you think of for developing longer lasting materials for Brain Computer Interfaces?

**Submit your bounty-response below for your chance to be rewarded 0.15 ETH.**",gitcoin-bounties,0,0.0,{},ETH,['https://github.com/okeaguugochukwu/Brain-computer-interfaces-'],1,0.0,0.6931471805599453,0.6931471805599453,3.5263605246161616,2022-02-07T16:43:07Z,0.0,Unknown,0.0,0.0,0.0,0.6931471805599453,1.0,0.0,2022-04-28T16:07:08Z,0,1.0,7.2196420401307355,6.775366090936392,2.833213344056216,0.0,5.459585514144159,237,1.5e+17,3.7376696182833684,0.6931471805599453,1,0,0,0,1,0,0,0,0,0,0,0,0,1,0,0,0,0,0,1
9,10,246,2022-04-07T16:38:55,Feature,Hours,Intermediate,https://github.com/humanprotocol/hmt-escrow/issues/305,human-protocol,https://gitcoin.co/issue/28709,Solidity,3228.6,humanprotocol,"Moonbeam has already had a good deal of work done for it

https://github.com/humanprotocol/hmt-escrow/pull/250
https://github.com/humanprotocol/hmt-escrow/pull/246
https://github.com/humanprotocol/hmt-escrow/commit/ee415369e7516cdacbd148e2036526d8f0417b16

Please review and build on these first.

HMT-Escrow supports arbitrary EVM networks but there's a bit of work to do to make a network first class and make sure that it works. All of our EVM network launches are supported by gitcoin but you can gain a yearly bonus by being our network sponsor. 

### Steps to receive gitcoin bounty
* [x] Launch the contracts on the devnet and make sure that everything is working
* [ ] Launch contracts on production network and file a commit with all the contract information to this repo's documentation. Here's an example https://github.com/humanprotocol/hmt-escrow/pull/296
* [ ] Launch KVstore contracts https://github.com/humanprotocol/eth-kvstore
* [ ] Add the contracts to the relevant network scanner (etherscan equivalent) 
* [ ] Launch a working app on the network. The easiest one to get going is our example fortune. https://github.com/humanprotocol/fortune  Make a video of the functionality of the app working on the new network and link to relevant scanner transactions.
* [ ] Add to human dashboard [ https://dashboard.humanprotocol.org/ ]
* [ ] Request to become the maintainer for your EVM network. We will list you on our repo, give you an extra reward (generally around 1 ETH per year) and invite you to conferences. We will celebrate your name forever!
* [ ] Verify bridging of tokens works
### High level rules to make sure that you are doing this correctly
* [ ] We never want to create a mintable token. Your change should not change the total token supply from 1 billion



┆Issue is synchronized with this [Asana task](https://app.asana.com/0/1200560623420491/1202080314416581) by [Unito](https://www.unito.io)",hmt-escrow,0,0.0,{},ETH,['https://github.com/humanprotocol/hmt-escrow/pull/326'],1,3.7612001156935624,3.258096538021482,3.258096538021482,3.367295829986474,2018-10-01T08:29:57Z,2.5649493574615367,TypeScript,9.28933637820268,2.3978952727983707,2.1972245773362196,0.6931471805599453,1.0,4.0,2022-06-02T03:48:49Z,2022-08-20T10:38:27Z,1.0,6.507277712385012,7.577121930876679,2.833213344056216,1.0986122886681098,2.772588722239781,7,1e+18,11.478872177645345,0.6931471805599453,0,0,1,0,1,0,0,0,0,0,0,1,0,0,0,0,0,0,1,0
10,11,247,2022-04-07T16:37:26,Feature,Hours,Intermediate,https://github.com/humanprotocol/hmt-escrow/issues/304,human-protocol,https://gitcoin.co/issue/28708,Solidity,3228.6,humanprotocol,"HMT-Escrow supports arbitrary EVM networks but there's a bit of work to do to make a network first class and make sure that it works. All of our EVM network launches are supported by gitcoin but you can gain a yearly bonus by being our network sponsor. 

Polygon has already had a good deal of work done it

https://github.com/humanprotocol/hmt-escrow/pull/278
https://github.com/humanprotocol/hmt-escrow/issues/276
https://github.com/humanprotocol/hmt-escrow/pull/296
https://github.com/humanprotocol/hmt-escrow/commit/18f606888054c82b0e8ca7ce5db4993c07e64ee9
https://github.com/humanprotocol/hmt-escrow/pull/296

Please build on top of these and make your life easy


### Steps to receive gitcoin bounty
* [x] Launch the contracts on the devnet and make sure that everything is working
* [x] Launch contracts on production network and file a commit with all the contract information to this repo's documentation. Here's an example https://github.com/humanprotocol/hmt-escrow/pull/296
* [x] Launch KVstore contracts https://github.com/humanprotocol/eth-kvstore
* [x] Check that the contracts are added to the relevant network scanner (https://polygonscan.com/token/0xc748b2a084f8efc47e086ccddd9b7e67aeb571bf)) 
* [x] Launch a working app on the network. The easiest one to get going is our example fortune. https://github.com/humanprotocol/fortune  Make a video of the functionality of the app working on the new network and link to relevant scanner transactions.
* [x] Add to human dashboard [ https://dashboard.humanprotocol.org/ ]
* [x] Request to become the maintainer for your EVM network. We will list you on our repo, give you an extra reward (generally around 1 ETH per year) and invite you to conferences. We will celebrate your name forever!
* [x] Verify bridging of tokens works
### High level rules to make sure that you are doing this correctly
* [x] We never want to create a mintable token. Your change should not change the total token supply from 1 billion",hmt-escrow,0,0.0,{},ETH,['https://github.com/humanprotocol/hmt-escrow/pull/323'],1,3.7612001156935624,3.258096538021482,3.258096538021482,3.367295829986474,2018-10-01T08:29:57Z,2.5649493574615367,TypeScript,9.28933637820268,3.4011973816621555,0.6931471805599453,1.0986122886681098,2.0,0.0,2022-05-13T15:07:22Z,2022-05-14T01:09:23Z,1.0,7.2078598714324755,7.599901959208498,2.772588722239781,1.0986122886681098,2.772588722239781,7,1e+18,11.478872177645345,0.6931471805599453,0,0,1,0,1,0,0,0,0,0,0,1,0,0,0,0,0,0,1,0
11,12,382,2022-02-10T14:06:20,Other,Hours,Intermediate,https://github.com/foresight-org/gitcoin-bounties/issues/10,aaronlongevity,https://gitcoin.co/issue/27628,"IntelligentCooperation,Foresight,Research",460.8,foresight-org,"This bounty is to get your input on the Substack book and book club, _Gaming the Future: Technologies for Intelligent Voluntary Cooperation_ by Allison Duettmann, Christine Peterson, Mark S. Miller, Foresight Institute.

What’s the book about:
Have you ever played Civilization? In the game, you’re discovering technologies that unlock new levels, one capability at a time. But not all innovations are equal. Better technologies of cooperation could unlock new levels of progress across the board. Opportunities for bright futures enabled by bio, nano, and computing technologies are now within our reach. Their proliferation also comes with risks and authoritarian attempts at control. This book explores how cryptocommerce can enable decentralized, secure cooperation across human and computing entities. This unlocks a third path: a paretotropian future of high technology, intelligence and freedom.

What is this bounty about?

We would love your input to improve the ideas and technologies in the book. Each bounty in this series corresponds to one chapter. If we pick your submission, in addition to rewarding the bounty, we may get in touch to discuss if and how to include it in the book.

**Submit your bounty-response below for your chance to be rewarded 0.15 ETH.**

- Join Foresight's Discord and head to the #intelligent-cooperation channel: https://foresight.pub/discord.
- Subscribe to the Substack to get updates on the digital book and book club: https://foresight.pub/gamingthefuture.
- More about Foresight Institute: https://foresight.org/.",gitcoin-bounties,0,0.0,{},ETH,"['https://github.com/okeaguugochukwu/Dynamics-for-long-term-future', 'https://github.com/ezeobi/Most-important-dynamics-for-long-term-future-']",7,0.0,0.6931471805599453,0.6931471805599453,3.5263605246161616,2022-02-07T16:43:07Z,0.0,Unknown,0.0,0.0,0.0,0.6931471805599453,1.0,0.0,2022-04-09T21:01:08Z,0,1.0,6.028278520230698,7.3613754289773485,0.6931471805599453,0.0,5.459585514144159,237,1.5e+17,4.532599493153256,2.0794415416798357,0,0,1,0,1,0,0,0,0,0,0,0,0,1,0,0,0,0,0,1
12,13,459,2021-12-29T11:10:08,Improvement,Hours,Advanced,https://github.com/k06a/boolinq/issues/54,k06a,https://gitcoin.co/issue/27391,"C++,CMake,googletest,C++14",108.91,k06a,"This `select` lambda argument type in this test looks insane:

https://github.com/k06a/boolinq/blob/57ece8eff2bf9c9b2076d07f9724a318c37d3d8c/test/GroupByTest.cpp#L172-L180

1. Extract this test to separate target `test14` (create it) or something and configure it to use C++14 and use `auto` instead of this long type.
2. Add this example to README, specify that C++14 is required to use `auto` here.",boolinq,0,0.0,{},ETH,['https://github.com/k06a/boolinq/pull/59'],1,4.382026634673881,6.327936783729195,6.327936783729195,2.772588722239781,2012-02-26T09:25:40Z,3.258096538021482,Others,6.697034247666484,4.820281565605037,3.8918202981106265,1.9459101490553132,6.0,6.0,2021-12-30T01:00:55Z,2021-12-30T22:44:36Z,1.0,6.7226297948554485,6.0063531596017325,1.0986122886681098,0.0,3.6375861597263857,28,3e+16,11.479895946755926,0.6931471805599453,1,0,0,0,1,0,0,0,0,0,0,0,1,0,0,0,0,1,0,0
13,14,460,2021-12-29T00:36:36,Improvement,Hours,Advanced,https://github.com/k06a/boolinq/issues/53,k06a,https://gitcoin.co/issue/27390,"C++,CMake",108.91,k06a,"Figure out what is necessary and what is not, make this project clean and simple again.",boolinq,0,0.0,{},ETH,['https://github.com/k06a/boolinq/pull/58'],1,4.382026634673881,6.327936783729195,6.327936783729195,2.772588722239781,2012-02-26T09:25:40Z,3.258096538021482,Others,6.697034247666484,3.258096538021482,3.6635616461296463,1.6094379124341003,3.0,1.0,2021-12-29T17:06:11Z,2021-12-29T18:45:10Z,1.0,6.897704943128636,4.477336814478207,0.6931471805599453,0.0,3.6375861597263857,28,3e+16,11.479895946755926,0.6931471805599453,1,0,0,0,1,0,0,0,0,0,0,0,1,0,0,0,0,1,0,0
14,15,461,2021-12-29T00:32:57,Improvement,Hours,Advanced,https://github.com/k06a/boolinq/issues/52,k06a,https://gitcoin.co/issue/27389,"C++,CMake,Coveralls,travis-ci,CI",108.91,k06a,Figure out why it is not working anymore and fix it in a separate PR.,boolinq,0,0.0,{},ETH,['https://github.com/k06a/boolinq/pull/57'],1,4.382026634673881,6.327936783729195,6.327936783729195,2.772588722239781,2012-02-26T09:25:40Z,3.258096538021482,Others,6.697034247666484,2.4849066497880004,0.6931471805599453,0.6931471805599453,2.0,3.0,2021-12-29T11:44:01Z,2021-12-29T18:57:07Z,1.0,6.51025834052315,4.248495242049359,0.0,0.0,3.6375861597263857,28,3e+16,11.479895946755926,0.6931471805599453,1,0,0,0,1,0,0,0,0,0,0,0,1,0,0,0,0,1,0,0
15,16,464,2021-12-21T18:39:12,Feature,Hours,Beginner,https://github.com/beasta/etherscan-note-scraper/issues/9,beasta,https://gitcoin.co/issue/27358,"JavaScript,linting,devops",79.92,beasta,"you'll need to create a branch called linting that will have two commits. 

The first commit will implement the airbnb ESLint according to the guidelines [here](https://medium.com/@Tunmise/set-up-eslint-with-airbnb-style-guide-in-5-minutes-d7b4cc5707f8)

The second commit will bring the codebase into compliance with the standard",etherscan-note-scraper,0,0.0,{},ETH,['https://github.com/Beasta/etherscan-note-scraper/pull/10'],1,1.6094379124341003,1.3862943611198906,1.3862943611198906,1.3862943611198906,2021-12-16T23:13:11Z,1.3862943611198906,JavaScript,3.367295829986474,0.6931471805599453,0.6931471805599453,0.6931471805599453,3.0,0.0,2021-12-21T19:39:24Z,0,1.0,4.110873864173311,5.814130531825066,1.791759469228055,0.0,3.295836866004329,28,1.99e+16,11.479968294812119,0.6931471805599453,0,1,0,0,1,0,0,0,0,0,0,1,0,0,0,0,1,0,0,0
16,17,469,2021-12-17T19:28:48,Feature,Hours,Beginner,https://github.com/beasta/etherscan-note-scraper/issues/5,beasta,https://gitcoin.co/issue/27338,"JavaScript,html,css,scraper,chrome extension",116.28,beasta,since @TheOsch2 finished this without first applying. I'm duplicating the issue.,etherscan-note-scraper,0,0.0,{},ETH,['https://github.com/Beasta/etherscan-note-scraper/pull/4'],1,1.6094379124341003,1.3862943611198906,1.3862943611198906,1.3862943611198906,2021-12-16T23:13:11Z,1.3862943611198906,JavaScript,3.367295829986474,5.0689042022202315,1.0986122886681098,2.0794415416798357,1.0,0.0,2021-12-17T14:39:34Z,2021-12-17T21:56:46Z,1.0,7.048386408721883,4.394449154672439,1.3862943611198906,0.0,3.295836866004329,28,3e+16,11.480009634208571,0.6931471805599453,0,1,0,0,1,0,0,0,0,0,0,1,0,0,0,0,1,0,0,0
17,18,486,2021-12-07T17:52:38,Improvement,Hours,Intermediate,https://github.com/snowman-money/front-end/issues/2,01101000011011110110010100001010,https://gitcoin.co/issue/27286,"html,csss",275.58,snowman-money,"I need a page that has the same layout as https://hatter.finance/ . Would you please let me know if you have any questions?

Layout match site
Place holders for information
Easy documentation
We are deploying with netlify",front-end,0,0.0,{},ETH,['https://github.com/subhrajyoti-basu/snowman-web'],1,0.6931471805599453,0.0,0.0,1.0986122886681098,2021-11-29T16:29:55Z,0.0,JavaScript,5.60947179518496,6.779921907472252,0.0,2.6390573296152584,1.0,0.0,2021-12-10T02:26:13Z,0,1.0,6.2422232654551655,5.424950017481403,0.6931471805599453,1.0986122886681098,2.302585092994046,5,6.4e+16,11.480112975223678,0.6931471805599453,0,0,1,0,1,0,0,0,0,0,0,0,1,0,0,0,1,0,0,0
18,19,539,2021-11-25T00:42:50,Feature,Hours,Intermediate,https://github.com/cyberconnecthq/cyberconnect-arweave/issues/1,zhimaol,https://gitcoin.co/issue/27167,"dApp,Arweave",2260.06,cyberconnecthq,"**Welcome!**

Thank you for your interest in CyberConnect. 
You are welcome to participate in our competitions. 

**Bounty Prize: 0.5 ETH**

Participants have valid submissions are eligible to claim **special badge** in our discord

**Challenge Description**

Build a social connection dApp on top of Arweave, it should have the following functionalities:

- **follow**(targetAddr, alias, namespace) - allow one address to follow another address in a specific namespace with optional alias.

- **unfollow**(targetAddr, namespace) - allow one address to unfollow another address in a specific namespace.

- **followings**(address) - allow anyone to lookup all followings the address added.

- **(optional) followers**(address) - allow anyone to lookup all followers the address have.

For the seek of simplicity, one address can follow any valid **ETH address** or **Arweave address** (even the ones outside the dApp ). 

The connection data could be defined as,
```
{
  ""connection"": {
    ""connectionType"": ""The type of this connection e.g. follow."",
    ""target"": ""The target of such connection e.g. ETH address."",
    ""namespace"": ""The namespace of this connection."",
    ""createdAt"": ""The date of this connection."",
    ""alias"": ""The alias of this target.""
  }
}
```

**Submission Requirements**

- Interactive web application that is hosted on the permaweb is **recommended** but not required.
- all connection data should be public accessible.
- a simple demo of how to use this dApp
- code must be open-source on GitHub
- the dApp repository must include a detailed installation & usage guide


**Judging Criteria**

- code quality (extensibility, readability, document).
- user experience (good design, intuitive, easy to use).

**Follow Us**
- https://twitter.com/CyberConnectHQ
- https://discord.com/invite/bYJ3cB7bbC
- https://cyberconnect.me/",cyberconnect-arweave,0,0.0,{},ETH,"['https://github.com/TarekJ03/SmartConnections', 'https://github.com/odyssey2077/MetaWorld', 'https://github.com/codista/socialConnectArweave']",4,0.0,0.6931471805599453,0.6931471805599453,0.6931471805599453,2021-11-24T23:37:27Z,1.0986122886681098,Unknown,0.0,7.660114319173928,5.993961427306569,3.1780538303479458,30.0,0.0,2021-12-02T11:12:34Z,0,1.0,6.4457198193855785,7.553810852008231,0.0,0.0,2.4849066497880004,10,5e+17,3.091042453358316,1.6094379124341003,0,0,1,0,1,0,0,0,0,0,0,1,0,0,0,0,0,0,0,1
19,20,567,2021-11-10T19:46:23,Design,Hours,Beginner,https://github.com/harvest-finance/harvest/issues/31,boobage,https://gitcoin.co/issue/27046,"poap,poapathon,design",509.33,harvest-finance,"### Prize Title

Farm Worker POAP

### Prize Bounty

1st Prize = 0.065 ETH  ($300)
2nd Prize = 0.045 ETH ($200)


### Challenge Description

Fire up the creativity tractor!  We want you to create a POAP for our Humble Farmers who are adding value to Harvest through the fruit of their labors.  

This design should make reference to Farmers who are actively contributing to the Harvest Finance ecosystem, whether that is through helping build or maintain the important farm machinery; fostering partnerships and relationships; creating content; helping out in community channels; etc.  Harvest Finance is a collective to which anyone can contribute, and this is the spirit that we want to reflect in this particular POAP.


### Submission Requirements

We like to keep things simple at Harvest. All we ask for is:

A dope POAP design based on the above challenge description.
500x500px quality
The POAP to be a Round Shape
Size of less than 200kb


### Judging Criteria

A committee from the Harvest Finance collective will decide who deserves the prizes, based on artistic merit, creativity, originality, and relevance to the challenge.We encourage artists to submit multiple designs if they like. Each design will be eligible to win a prize.


### Winner Announcement Date

Shortly after POAPathon ends (19th Nov)


### Resources

The best place to get an idea of Harvest Finance’s vibe and culture is to head to the Discord, ask questions in General, or check out the Farm-Arts Channel. 	

You can find a list of useful assets here: https://github.com/harvestfi/assets",harvest,0,0.0,{},ETH,"['https://github.com/hx6068/-Hackathon-POAPathon-2021-POAPathon-Challenge-4---Farm-Workers', 'https://github.com/EgorOfMyLife/Harvest-Finance/tree/main/Farm%20Workers']",18,4.6443908991413725,5.407171771460119,5.407171771460119,2.1972245773362196,2020-08-31T15:45:57Z,3.1780538303479458,Others,8.031385330625534,0.0,0.0,2.1972245773362196,1.0,0.0,2021-11-21T06:26:10Z,0,1.0,6.461468176353717,7.385851078125209,1.6094379124341003,0.0,0.0,0,1.1e+17,2.4849066497880004,2.9444389791664403,0,1,0,0,1,0,0,0,0,1,0,0,0,0,0,0,0,1,0,0
20,21,569,2021-11-10T16:06:51,Design,Hours,Beginner,https://github.com/harvest-finance/harvest/issues/29,boobage,https://gitcoin.co/issue/27044,"poap,poapathon,design",509.33,harvest-finance,"### Prize Title

Intensive Farmer POAP


### Prize Bounty

1st Prize = 0.065 ETH  ($300)
2nd Prize = 0.045 ETH ($200)


### Challenge Description

Fire up the creativity tractor!  We want you to create a POAP for our Humble Farmers who are active in multiple vaults.  

This design should make reference to Farmers who are deploying assets in many places, planting different types of crops and reaping the rewards when it’s time for harvesting. You can see all the different types of vaults and assets that are farmed on the Harvest Finance website.  There are plenty of different opportunities for high yields, and this design should reflect a more intensive style of farming.


### Submission Requirements

We like to keep things simple at Harvest. All we ask for is:

A dope POAP design based on the above challenge description.
500x500px quality
The POAP to be a Round Shape
Size of less than 200kb



### Judging Criteria

A committee from the Harvest Finance collective will decide who deserves the prizes, based on artistic merit, creativity, originality, and relevance to the challenge. We encourage artists to submit multiple designs if they like. Each design will be eligible to win a prize.


### Winner Announcement Date

Shortly after POAPathon ends (19th Nov)


### Resources

The best place to get an idea of Harvest Finance’s vibe and culture is to head to the Discord, ask questions in General, or check out the Farm-Arts Channel. 	

You can find a list of useful assets here: https://github.com/harvestfi/assets",harvest,0,0.0,{},ETH,"['https://github.com/hx6068/-Hackathon-POAPathon-2021-POAPathon-Challenge-2---Intensive-Farmers', 'https://github.com/EgorOfMyLife/Harvest-Finance/tree/main/Intensive%20Farmers']",21,4.6443908991413725,5.407171771460119,5.407171771460119,2.1972245773362196,2020-08-31T15:45:57Z,3.1780538303479458,Others,8.031385330625534,0.0,0.0,2.1972245773362196,1.0,0.0,2021-11-21T06:26:10Z,0,1.0,6.756932389247553,7.360739903058278,1.0986122886681098,0.0,0.0,0,1.1e+17,2.4849066497880004,3.091042453358316,0,1,0,0,1,0,0,0,0,1,0,0,0,0,0,0,0,1,0,0
21,22,636,2021-09-06T13:40:14,Security,Hours,Intermediate,https://github.com/octopus-network/oct-token-eth/issues/1,riversyang,https://gitcoin.co/issue/26469,Solidity,392.66,octopus-network,"This bug bounty program is hosted on [Octopus Network / oct-token-eth](https://github.com/octopus-network/oct-token-eth). All bug reports must be submitted through this repository in order to be accepted. This post was created by [Octopus Network](https://oct.network).

### Program Overview

Octopus Network is a sidechain network to host Web3.0 application specific blockchains, aka appchains, around NEAR protocol. By providing cost-effective leased security, out-of-box interoperability, complete infrastructure and ready to be engaged community, the Octopus Network will decrease the capital expenditure to bootstrap an appchain by 100X.

The OCT Token for Octopus Network is published on Ethereum. The timelock contract in this repository is to control the release of OCT token to angle investors, core team, NEAR foundation and Octopus foundation. It contains a linear unlocking rule for the beneficiaries. Refer to [README](https://github.com/octopus-network/oct-token-eth) for more details.

This program is focused around the timelock contract and the prevention of loss of investors and core team.

### Rewards by Threat Level

Rewards are distributed according to the impact of the vulnerability evaluated by Octopus Network.

Severity Level | Payout
--------- | --------
Critical | up to 12,000 USDC
High | 4,000 USDC
Medium | 2,000 USDC
Low | 1,000 USDC

### Assets in Scope

Ethereum smart contract: https://github.com/octopus-network/oct-token-eth/tree/main/contracts

### Prioritized Vulnerabilities

We are especially interested in receiving and rewarding vulnerabilities of the following types:

* Re-entrancy
* Logic errors
  * including user authentication errors
* Solidity/EVM details not considered
  * including unhandled exceptions
* Trusting trust/dependency vulnerabilities
  * including composability vulnerabilities
* Economic/financial attacks
  * including flash loan attacks
* Congestion and scalability
  * including running out of gas
  * including block stuffing
  * including susceptibility to frontrunning
* Susceptibility to block timestamp manipulation
* Missing access controls / unprotected internal or debugging interfaces

### Out of Scope & Rules

The following vulnerabilities are excluded from the rewards for this bug bounty program:

* Attacks that the reporter has already exploited themselves, leading to damage
* Attacks requiring access to leaked keys/credentials

Smart Contracts and Blockchain

* Basic economic governance attacks (e.g. 51% attack)
* Lack of liquidity
* Best practice critiques
* Sybil attacks

In the case of two or more reports covering the same vulnerability, only the first complete bug report gets the reward.",oct-token-eth,0,0.0,{},ETH,['https://github.com/octopus-network/oct-token-eth/pull/3'],10,2.0794415416798357,1.0986122886681098,1.0986122886681098,0.6931471805599453,2021-07-30T07:12:37Z,0.6931471805599453,Others,7.972810784121404,8.955060950631902,2.833213344056216,1.3862943611198906,3.0,1.0,2021-09-06T17:46:57Z,0,1.0,5.5093883366279774,7.917900586327916,0.0,0.0,0.0,0,1e+17,2.0794415416798357,2.3978952727983707,0,0,1,0,1,0,0,0,0,0,0,0,0,0,0,1,0,1,0,0
22,23,651,2021-08-30T04:21:33,Feature,Hours,Beginner,https://github.com/t3rmdotdev/t3rm.dev/issues/1,t3rmdotdev,https://gitcoin.co/issue/26427,"JavaScript,web3,ethereum",80.7,t3rmdotdev,"# What is t3rm.dev?
https://t3rm.dev is a new platform for NFT artists and DeFi developers. It's a web3-connected javascript command line interface terminal, where commands are stored on IPFS. Developers are given full root-access to run their arbitrary executable code. 

Each command is minted as a collectible NFT.

You can learn more about the project here: 👇    
https://medium.com/@t3rm.dev/minting-an-nft-on-t3rm-dev-fc311f097d15)

# What are we looking for?
Now that we have the platform, **we need the warez!**
Submit your source code and let's mint some interplanetary CLI NFTs.

Testing your program:
```
const cmds = {
  connect: async () => {
    ...
  },
  ...
  ...
  yourProgram: async(firstRun, args) => {
    /* Magic here */
  }
}
```

When this is deployed to IPFS, you need only upload the Magic, as seen in this example:
https://cloudflare-ipfs.com/ipfs/QmZ7FYSR6UEyZP6fsmqipFpjNz3MWnMR4kpmXawtpF9NsU",t3rm.dev,0,0.0,{},ETH,['https://github.com/t3rmdotdev/t3rm.dev/issues/1#issuecomment-909002281'],1,0.6931471805599453,1.9459101490553132,1.9459101490553132,0.6931471805599453,2021-08-29T23:38:09Z,0.6931471805599453,JavaScript,7.501634457883413,10.696095378697706,4.890349128221754,7.1252830915107115,30.0,0.0,2021-08-29T23:38:09Z,0,1.0,7.053585727193677,6.856461984594587,0.0,0.0,0.0,0,2.5e+16,11.481145798434202,0.6931471805599453,0,1,0,0,1,0,0,0,0,0,0,1,0,0,0,0,1,0,0,0
23,27,685,2021-08-06T08:15:35,Feature,Hours,Intermediate,https://github.com/yieldhand/optionsmarket/issues/13,avoyager,https://gitcoin.co/issue/26229,"JavaScript,GraphQL,TheGraph",103.51,yieldhand,"YieldHand is building an options marketplace protocol that has OTC sell orders and allows prospective buyers to search the listed orders/offers and purchase options directly from sellers which they can later exercise based on a filtering system on the UI. You can find the contract here for the options market: https://github.com/YieldHand/OptionsMarket/blob/master/contracts/optionsmarket.sol

You can learn more about the project here: https://www.yieldhand.com 

The dApp that interfaces with this contract will use The Graph (consuming data from the web app UI via an API) to query for ACTIVE/non-expired option sell orders based on

- Token Address (Underlying)

- Token Address and Minimum Size (Amount)

- Token Address and Minimum Size (Converted to USD)

- Token Address and Strike Price Minimum/Maximum/Both

This is just the beginning as we will then need to query for (later bounty) excersize dates, executed orders, etc.

Please include the code in a folder called /graph and a README for how to interact/query the subgraph

Questions or comments? Join the discord here: https://discord.gg/7fApFnA6qW",optionsmarket,0,0.0,{},ETH,['https://github.com/YieldHand/OptionsMarket/pull/14'],1,2.772588722239781,2.5649493574615367,2.5649493574615367,1.6094379124341003,2021-07-20T01:50:48Z,1.791759469228055,Others,6.152732694704104,5.605802066295998,0.0,2.1972245773362196,1.0,0.0,2021-08-11T15:56:58Z,2021-08-12T13:27:47Z,1.0,6.135564891081739,7.0317412587631285,1.9459101490553132,0.0,0.0,0,3.58e+16,11.481393517357066,0.6931471805599453,0,0,1,0,1,0,0,0,0,0,0,1,0,0,0,0,0,1,0,0
24,28,706,2021-07-24T09:15:44,Feature,Hours,Intermediate,https://github.com/yieldhand/optionsmarketliquiditypool/issues/1,avoyager,https://gitcoin.co/issue/26163,Solidity,102.45,yieldhand,"We are hoping to solve the liquidity problem in DeFi-based options markets. You can learn more about our project here: https://www.yieldhand.com or by asking questions in the Discord (link at bottom).

The solution we have developed involves various liquidity provider contracts (https://github.com/YieldHand/OptionsMarketLiquidityPool/blob/main/contracts/pool.sol) that can be launched by various tokens and token platforms (Synthetix, dHedge Pools, Harvest.Finance vaults etc) so they can add liquidity for options on various prices for their tokens.

With the current contract, we calculate percentages in various areas of the contracts (you can find them easily by searching the main contract for ""perc"". We want to calculate the correct withdrawal percentage based on the pool deposits which are locked for a predetermined period of time given the deposit token in existence. 

If you have any questions about this issue or would like to help out on this project, we welcome you to join our discord: https://discord.gg/7fApFnA6qW",optionsmarketliquiditypool,0,0.0,{},ETH,['https://github.com/YieldHand/OptionsMarketLiquidityPool/pull/6'],1,2.1972245773362196,2.0794415416798357,2.0794415416798357,1.0986122886681098,2021-07-23T09:14:33Z,1.6094379124341003,Others,6.955592608396297,4.007333185232471,3.4339872044851463,0.6931471805599453,1.0,1.0,2021-07-28T22:09:48Z,2021-07-29T11:57:41Z,1.0,6.652863029353347,6.947937068614969,1.3862943611198906,0.0,0.0,0,4.69e+16,11.481527672822812,0.6931471805599453,0,0,1,0,1,0,0,0,0,0,0,1,0,0,0,0,0,1,0,0
25,29,716,2021-07-22T09:46:34,Feature,Hours,Intermediate,https://github.com/yieldhand/optionsmarket/issues/1,avoyager,https://gitcoin.co/issue/26130,Solidity,102.04,yieldhand,"This is probably the simplest option market smart contract project in existence but ticks most of the boxes for what users need.  Currently, a seller can create a limit order for an option of any token in the OptionsMarket. And a buyer(s) can purchase these options for set premium prices and strike prices. Further, the options can be exercised after their expiry. Super basic! We're all about simplicity and you can see more of what we're trying to do here: https://www.yieldhand.com

With this project, the best part is that anyone can seamlessly create an option for any ERC20 token without it being whitelisted. There is so much possibility for what we can do from here (and contributors/community members will benefit in the long term from all of that), but first: 

Let's add the ability for users to transfer their options to other users! This will lay the groundwork for functionality to trade the actual options contacts, gift them, and so much more!  The core contract can be found here: https://github.com/YieldHand/OptionsMarket/blob/master/contracts/optionsmarket.sol

To do this, we will need 4 functions and 2 events:

- transfer( to, amount, purchaseId): This will allow the buyer of an option to transfer all or part of their option to another user.

-approve(approvalAddress, amount, purchaseId): This will allow the user to approve another user or smart contract to transfer tokens on their behalf

- transferFrom (from ,to, amount, purchaseId): This will allow a third party (if approved by user) to transfer part of a position on a users behalf

- approval(approver,  approvedAddress, purchaseId): Checks if a user approved someone else to handle their position and returns the amount they approved

The transfers will need to update the global orderbook and positions mappings where needed

Events:

Approval and Transfer (as they exist in the typical ERC20 standard but including the purchase ID and maybe a timestamp).",optionsmarket,0,0.0,{},ETH,['https://github.com/bytesoul/OptionsMarket'],1,2.772588722239781,2.5649493574615367,2.5649493574615367,1.6094379124341003,2021-07-20T01:50:48Z,1.791759469228055,Others,6.152732694704104,5.978885764901122,1.9459101490553132,2.3978952727983707,5.0,0.0,2021-07-22T20:13:44Z,0,1.0,6.4425401664681985,7.582738488914411,0.0,0.0,0.0,0,5.04e+16,11.4815483105279,0.6931471805599453,0,0,1,0,1,0,0,0,0,0,0,1,0,0,0,0,0,1,0,0
26,30,736,2021-06-29T22:15:23,Feature,Days,Intermediate,https://github.com/web3index/web3index-org/issues/13,adamsoffer,https://gitcoin.co/issue/26053,"TypeScript,postgres",757.33,web3index,"Step 1: Create a command line script `cmd/helium.ts`. When invoked this script should fetch Helium's revenue data from this [Helium api endpoint](https://api.helium.io/v1/dc_burns/sum?min_time=2021-06-24T00:00:00Z&max_time=2021-06-24T01:00:00Z) and store the data returned in the `state_channel` field (data units are the equivalent of $0.00001) to the postgres database (Prisma ORM). Data should adhere to this database [schema](https://github.com/web3index/web3index-org/blob/main/prisma/schema.prisma).

Step 2: Create a github action inside `.github/workflows/helium.yml` that invokes the above command line script every hour.

Step 3: Add Helium to the Web3 Index [registry](https://github.com/web3index/web3index-org/blob/main/registry.json).",web3index-org,0,0.0,{},ETH,['https://github.com/web3index/web3index-org/pull/14'],1,3.2188758248682006,4.3694478524670215,4.3694478524670215,2.3978952727983707,2021-03-10T17:31:47Z,2.0794415416798357,TypeScript,7.666690200080086,7.130098510125578,4.02535169073515,2.8903717578961645,37.0,2.0,2021-07-08T07:46:39Z,2021-07-18T18:12:04Z,1.0,6.349138991379798,6.6240652277998935,0.6931471805599453,0.0,1.0986122886681098,2,3.5e+17,11.481775297177933,0.6931471805599453,0,0,1,1,0,0,0,0,0,0,0,1,0,0,0,0,0,0,1,0
27,31,739,2021-06-27T03:53:54,Security,Days,Advanced,https://github.com/aletheaai/gitcoin-bounties/issues/2,satoshi505,https://gitcoin.co/issue/26040,"Solidity,ERC-20,Audit",2714.71,aletheaai,"**Bounty Description**

We have finished coding the smart contract for our ERC-20. Before sending the contract to the leading auditing DAOs/firms, and to also start our Gitcoin journey, we are looking for people to review the smart contract and audit it. The smart contract brings in various functionalities from 0x, Compound, USDC - and is expansive in its scope. 

https://github.com/AletheaAI/Gitcoin-Bounties/tree/main/bounty_1

Scope:
1. AliERC20v2.sol with all its dependencies:
  a. AccessControl.sol
  b. EIP2612.sol
  c. EIP3009.sol
  d. ERC20.sol
  e. ERC165.sol
  f. ERC1363.sol
  g. ERC1363Receiver.sol
  h. ERC1363Spender.sol
  i. AddressUtils.sol
  j. ECDSA.sol

2. Tests:
  a. test/ali_token/*

Tasks:
1. Review for potential bugs in logic
  a. If bug is found – provide a test case which demonstrates it
2. Review for Solidity coding best practices, security best practices
  a. Provide text recommendation(s) of the issues found – if any
3. Review for optimal gas consumption
  a. Provide the recommendation(s) for optimization with the gas values saved (before/after optimization)
  b. Maintain code readability and clarity when proposing optimization(s)

**Context**

Alethea AI is building a protocol to create, share and monetize Synthetic Media. As originators of the iNFT standard, Alethea AI is embedding state-of-the-art large language models like OpenAI’s GPT-3 engine into popular NFT Standards, to create interactive and intelligent NFTs.

Recently, Alethea AI partnered with the Artist Robert Alice to launch the sale of the first iNFT. The first iNFT is a virtual character known as Alice who can engage, interact and respond in real-time to complex questions about the Metaverse. The iNFT sold through Sotheby's Natively Digital on June 10, 2021.

**We Are Recruiting**

We are actively recruiting and looking for expert smart contract developers to join our team. We will be regularly posting on Gitcoin and these bounties are a way for us to discover and connect with the talented developers on Gitcoin. If you are interested in joining us for the longer term, please do reach out to us for this bounty.

**Learn More:** 

https://andrewsteinwold.substack.com/p/ai-nfts-what-is-an-inft-

https://alethea.ai/

https://twitter.com/real_alethea",gitcoin-bounties,0,0.0,{},ETH,['https://github.com/AletheaAI/Gitcoin-Bounties/tree/main/bounty_1'],1,2.0794415416798357,1.791759469228055,1.791759469228055,1.6094379124341003,2021-06-24T23:15:49Z,1.0986122886681098,JavaScript,5.780743515792329,10.82838117321755,0.0,4.127134385045092,3.0,0.0,2021-06-24T23:15:49Z,0,1.0,7.057897937411856,7.7501841622578365,0.6931471805599453,0.0,1.6094379124341003,4,1.37e+18,11.481806245911358,0.6931471805599453,1,0,0,1,0,0,0,0,0,0,0,0,0,0,0,1,1,0,0,0
28,32,742,2021-06-24T23:27:54,Security,Hours,Advanced,https://github.com/aletheaai/gitcoin-bounties/issues/1,satoshi505,https://gitcoin.co/issue/26030,"Solidity,ERC-20,Auditing",248.65,aletheaai,"Description

**Context**

Alethea AI is building a protocol to create, share and monetize Synthetic Media. As originators of the iNFT standard, Alethea AI is embedding state-of-the-art large language models like OpenAI’s GPT-3 engine into popular NFT Standards, to create interactive and intelligent NFTs.

Recently, Alethea AI partnered with the Artist Robert Alice to launch the sale of the first iNFT. The first iNFT is a virtual character known as Alice who can engage, interact and respond in real-time to complex questions about the Metaverse. The iNFT sold through Sotheby's Natively Digital on June 10, 2021.

**Bounty Description**

We have finished coding the smart contract for our ERC-20. Before sending the contract to the leading auditing DAOs/firms, and to also start our Gitcoin journey, we are looking for people to review the smart contract and audit it. The smart contract brings in various functionalities from 0x, Compound, USDC - and is expansive in its scope. 

Approved Devs will be paid the bounty for their contribution and help.

Please reach out to us at telegram for access to the private repo: 

Telegram ID: @real_alethea

**We Are Recruiting**

We are actively recruiting and looking for expert smart contract developers to join our team. We will be regularly posting on Gitcoin and these bounties are a way for us to discover and connect with the talented developers on Gitcoin. If you are interested in joining us for the longer term, please do reach out to us for this bounty.

**Learn More:** 

https://twitter.com/gdb/status/1403067980343242753?msID=6c2ed0c4-46b8-4491-9bd0-9230a8f20e5a

https://andrewsteinwold.substack.com/p/ai-nfts-what-is-an-inft-

https://alethea.ai/

https://twitter.com/real_alethea",gitcoin-bounties,0,0.0,{},ETH,['https://github.com/icebert04/Gitcoin-Bounties/blob/main/bounty_1/contracts/AccessControl.sol'],1,2.0794415416798357,1.791759469228055,1.791759469228055,1.6094379124341003,2021-06-24T23:15:49Z,1.0986122886681098,JavaScript,5.780743515792329,10.828401001701168,0.0,4.127134385045092,3.0,0.0,2021-06-30T01:21:43Z,0,1.0,4.736198448394496,7.480992162869525,0.0,0.0,1.6094379124341003,4,1.25e+17,11.481826877868198,0.6931471805599453,1,0,0,0,1,0,0,0,0,0,0,0,0,0,0,1,1,0,0,0
29,33,824,2021-05-27T17:54:20,Improvement,Hours,Intermediate,https://github.com/omni-analytics-group/eth2-validator-health-dashboard/issues/1,omnianalytics,https://gitcoin.co/issue/25782,R,137.07,omni-analytics-group,"Ethereum 2.0 Validator Health Tiers

https://crypto.omnianalytics.io/2021/05/14/tiering-and-dashboarding-eth-2-0-validator-behavior/

We'd like for encourage members of the Ethereum community to review and provide feedback on both our methodology and the results published related to our work on clustering ETH 2.0 validator behavior.  In the article we outline the approach in more detail, but to derive the tiers we set thresholds based on the solution we got from analyzing an unsupervised model fit to validator statistics we tracked.  This technique yielded intuitive, useful results, but there might be more rigorous ways to segment  the validators.  We're looking for suggestions on alternative approaches and feedback on our current approach. Included in the repo you will find a link to our article explaining the data collection process, exploration and modelling procedure.

For the purposes of the Gitcoin bounty, we'd happily accept any form of actionable feedback that includes at least brief feedback on the current approach, an explanation of an alternative approach, pseudo-code, and expected results. A write up, article, slide deck, Jupyter notebook, or anything along those lines would be acceptable.",eth2-validator-health-dashboard,0,0.0,{},ETH,['https://github.com/Omni-Analytics-Group/eth2-validator-health-dashboard/pull/2'],1,0.6931471805599453,0.0,0.0,0.6931471805599453,2021-04-26T22:22:05Z,1.6094379124341003,Others,10.451695662489449,6.588926477533519,0.0,2.0794415416798357,8.0,0.0,2021-06-02T18:18:32Z,2021-06-09T16:32:13Z,1.0,3.2188758248682006,7.112327444710911,0.0,0.0,6.706862336602747,809,5e+16,11.4821156805767,0.6931471805599453,0,0,1,0,1,0,0,0,0,0,0,0,1,0,0,0,0,1,0,0
30,34,875,2021-05-06T03:53:37,Feature,Days,Intermediate,https://github.com/web3index/web3index-org/issues/9,adamsoffer,https://gitcoin.co/issue/25670,API,1221.34,web3index,"[The Web3 Index](https://beta.web3index.org) is an open-source index and site dedicated to tracking fees being paid into Web3 networks in an effort to showcase the ones most in-demand across the Web3 stack.

This task is to add a [Web3 Index integration](https://github.com/web3index/web3index-org#project-integration-instructions) for [Arweave](https://arweave.org) by storing its total daily network fee data, denominated in USD, paid to Arweave miners by Arweave users.

The task can be broken down into the following three steps:
1. Inside the [Web3 Index repo](https://github.com/web3index/web3index-org), implement [this API endpoint](https://github.com/web3index/web3index-org/blob/main/pages/api/cron/arweave/index.ts) responsible for storing Arweave's daily revenue data using the Web3 Index's [ORM database schema](https://github.com/web3index/web3index-org/blob/main/prisma/schema.prisma). This endpoint will get called every 5 minutes or so by a cron job (ideally a github action can be created to set up the cron).
2. Implement [this function]( https://github.com/web3index/web3index-org/blob/main/pages/api/projects/%5Bid%5D.ts#L7) responsible for querying a project's revenue data by name.
3. Add Arweave to the Web3 Index [registry](https://github.com/web3index/web3index-org/blob/main/registry.json). Make sure to set the set its `subgraph` field to `false`.

Once these three steps are complete, the site will automatically generate an Arweave page (it will look like [this](https://beta.web3index.org/project/livepeer)).",web3index-org,0,0.0,{},ETH,['https://github.com/web3index/web3index-org/pull/12'],1,3.2188758248682006,4.3694478524670215,4.3694478524670215,2.3978952727983707,2021-03-10T17:31:47Z,2.0794415416798357,TypeScript,7.666690200080086,6.803505257608338,4.007333185232471,2.772588722239781,41.0,3.0,2021-05-23T22:07:31Z,0,1.0,6.9975959829819265,7.3453648404168685,0.0,0.0,1.0986122886681098,2,3.5e+17,11.482342538492434,0.6931471805599453,0,0,1,1,0,0,0,0,0,0,0,1,0,0,0,0,0,0,1,0
31,35,879,2021-05-05T12:46:12,Bug,Hours,Beginner,https://github.com/livepeer/go-livepeer/issues/1829,kyriediculous,https://gitcoin.co/issue/25665,"Go,livepeer",167.05,livepeer,"[Original report](https://github.com/livepeer/go-livepeer/issues/1780#issuecomment-788902131)

```
panic: runtime error: invalid memory address or nil pointer dereference
[signal SIGSEGV: segmentation violation code=0x1 addr=0x28 pc=0x10c48c5]

goroutine 1 [running]:
net/url.(*URL).Hostname(...)
        /usr/local/go/src/net/url/url.go:1112
main.getServiceURI(0xc0000dc160, 0x0, 0x0, 0x0, 0x0, 0x0)
        /build/cmd/livepeer/livepeer.go:1070 +0x2e5
main.main()
        /build/cmd/livepeer/livepeer.go:873 +0x5185
```

Reported on v0.5.14.",go-livepeer,0,0.0,{},ETH,['https://github.com/livepeer/go-livepeer/pull/1859'],1,5.003946305945459,6.210600077024653,6.210600077024653,5.5254529391317835,2017-06-19T02:36:09Z,3.713572066704308,Others,12.111943268304005,2.302585092994046,1.6094379124341003,1.0986122886681098,1.0,2.0,2021-04-29T13:57:43Z,2021-05-05T13:43:08Z,1.0,4.276666119016055,6.324358962381311,3.784189633918261,1.0986122886681098,0.0,0,4.74e+16,11.482352848993164,0.6931471805599453,0,1,0,0,1,0,0,1,0,0,0,0,0,0,0,0,0,1,0,0
32,36,880,2021-05-05T12:44:10,Bug,Hours,Advanced,https://github.com/livepeer/go-livepeer/issues/1843,kyriediculous,https://gitcoin.co/issue/25664,"Go,livepeer",500.78,livepeer,"## Abstract

In a split orchestrator and transcoder architecture, whenever a `RemoteTranscoder` errors out (time-out, bad return data, transcoder error, ...) its connection to the Orchestrator will be reset (closed and re-opened) entirely. 

When this happens all segments in flight for that `RemoteTranscoder`, regardless of their `sessionID`, will be short-circuited as well and the `RemoteTranscoder` loses all concurrent work it was doing, even though only a single segment might have been at fault. 

The current error handling also results in a general `EOF` error when the gRPC stream is closed from the Orchestrator side, allowing for little useful error propagation back to the `RemoteTranscoder`

## Motivation

A `RemoteTranscoder` should not lose all the work it is doing in case it errors out on a single stream. 

In the case where there is only a single orchestrator and remote transcoder, the orchestrator will also lose all current work as it will throw a `NoTranscodersAvailable` error.

When operating in private or public pool mode, it would be useful for the transcoder to also receive informative error messages back about what went wrong with a particular segment/stream. 

## Proposed Solution


## Testing Tasks and Considerations",go-livepeer,0,0.0,{},ETH,['https://github.com/livepeer/go-livepeer/pull/1864'],1,5.003946305945459,6.210600077024653,6.210600077024653,5.5254529391317835,2017-06-19T02:36:09Z,3.713572066704308,Others,12.111943268304005,2.8903717578961645,2.3978952727983707,1.3862943611198906,2.0,7.0,2021-05-01T08:57:53Z,2021-05-12T18:20:04Z,1.0,7.101675971619444,7.150701457592526,3.7612001156935624,1.0986122886681098,0.0,0,1.421e+17,11.482352848993164,0.6931471805599453,1,0,0,0,1,0,0,1,0,0,0,0,0,0,0,0,0,1,0,0
33,38,962,2021-03-30T20:32:09,Feature,Days,Intermediate,https://github.com/augurproject/turbo/issues/58,pgebheim,https://gitcoin.co/issue/25362,"Solidity,Hardhat,Optimism",997.68,augurproject,"In the effort to try out this solution on all Layer2 networks we want to get the Augur Turbo contracts building for OptimismPBC and deployed to their testnet.

Requirements:
- Add the Optimism hardhat plugin to support building for Optimism
- Write / Modify deployer tasks to work with optimism
- All other L2s (Arbitrum, Matic) must still work when this is done. As well as Kovan deploys.
- Results should be in a single PR, squashed into one commit.
- The PR must pass CI and comply with code formatting standards (Prettier)
- Resulting deploy contract addresses should be added to: https://github.com/AugurProject/turbo/blob/dev/packages/smart/addresses.ts -- along with the appropriate changes to the configs for which network is being used.",turbo,0,0.0,{},ETH,['https://github.com/AugurProject/turbo/pull/235'],1,3.091042453358316,3.1780538303479458,3.1780538303479458,3.784189633918261,2021-03-12T23:45:12Z,2.302585092994046,TypeScript,10.147491994517667,6.698268054115413,5.971261839790462,3.258096538021482,3.0,2.0,2021-04-17T23:15:27Z,0,1.0,5.099866427824199,6.625392368007956,2.302585092994046,0.0,0.0,0,5.421e+17,11.482713649561989,0.6931471805599453,0,0,1,1,0,0,0,0,0,0,0,1,0,0,0,0,0,0,1,0
34,39,980,2021-03-21T02:42:52,Design,Hours,Advanced,https://github.com/prntnft/prntplace-main/issues/1,420tiesto,https://gitcoin.co/issue/25265,"Solidity,JavaScript,Web3,react",1783.27,prntnft,"Creating an NFT marketplace for music and need to connect smart contracts to the frontend/user interface.

- design front end
- connect smart contracts to react js
- design a admin page for minting the nfts",prntplace-main,0,0.0,{},ETH,['https://github.com/PrntNft/PrntPlace-main'],1,2.1972245773362196,0.6931471805599453,0.6931471805599453,1.6094379124341003,2021-03-21T02:10:19Z,1.0986122886681098,JavaScript,9.258558944246657,13.664678365860842,13.155064809224175,6.295266001439646,21.0,0.0,2021-03-21T02:10:19Z,0,1.0,7.249925536717988,5.351858133476067,0.0,0.0,4.204692619390966,73,1e+18,11.482816711533243,0.6931471805599453,1,0,0,0,1,0,0,0,0,1,0,0,0,0,0,0,1,0,0,0
35,40,981,2021-03-20T19:23:14,Feature,Days,Intermediate,https://github.com/gitcoinco/skunkworks/issues/208,owocki,https://gitcoin.co/issue/25264,"solidity,web3",640.89,gitcoinco,"sybil resistence (the ability of an identity based system to prevent sock puppet accounts from signing up) is a key part of gitcoin grants & quadratic funding based systems.

we have a sybil resistence roadmap, which you can find posted on the trustbonus tab of your own gitcoin profile:

the scope of this bounty is to integrate Proof of Humanity ([web](https://etherscan.io/address/0xc5e9ddebb09cd64dfacab4011a0d5cedaf7c9bdb#readContract))([contract](https://etherscan.io/address/0xc5e9ddebb09cd64dfacab4011a0d5cedaf7c9bdb#readContract)) and give it a 25% trustbonus.

spec:
1. there is a ""proof of humanity"" button on the gitcoin trustbonus tab
2. when user clicks it, they see a modal asking them to input an ethereum address.
3. the POH smart contract getSubmissionInfo is called, and if the user owns that address + if its registered in POH, they get a Trustbonus
4. the address entered is saved on the profile.

i will pay DAI for the integration; i would like to get a PR within a week.

pls confirm you have time/availabiity to PR this up in your application, and also pls note your integration plan",skunkworks,0,0.0,{},ETH,['https://github.com/gitcoinco/web/pull/8682'],1,3.58351893845611,4.1588830833596715,4.1588830833596715,5.3981627015177525,2017-12-08T16:11:36Z,3.2188758248682006,JavaScript,7.0326242610280065,6.555356891810665,5.924255797414532,3.6635616461296463,30.0,0.0,2017-07-10T10:53:45Z,0,1.0,6.836259277277067,7.023758954738443,7.323170717943469,5.247024072160486,11.673274040953775,117281,3.55e+17,11.482816711533243,0.6931471805599453,0,0,1,1,0,0,0,0,0,0,0,1,0,0,0,0,1,0,0,0
36,41,997,2021-03-13T00:46:31,Feature,Days,Intermediate,https://github.com/gitcoinco/web/issues/8571,owocki,https://gitcoin.co/issue/25071,"JavaScript,Python,solidity",768.63,gitcoinco,"The scope of this bounty is to help me understand why a signed message from web3py will not validate in [this PR](https://github.com/gitcoinco/web/pull/8478).

i am working on a project that will gitcoin to issue a NFT called sybilpassport that allows a user to carry their Gitcoin TrustBonus across web3-enabled sites.  i've got a [WIP PR](https://github.com/gitcoinco/web/pull/8478) that partially implements this [here](https://github.com/gitcoinco/web/pull/8478).

im stuck tho!  the signed message is created [here](https://github.com/gitcoinco/web/pull/8478/files#r587697299) with `web3==4.5.0` `w3.eth.account.signHash` , and validated [here](https://github.com/gitcoinco/NFTPOC/blob/master/contracts/GitcoinPassport.sol#L19-L22) in solidity.   i can get the message to validate in the [js hardhat tests](https://github.com/gitcoinco/NFTPOC/blob/master/test/GitcoinPassport.js#L37-L38), so i know its working, i just can't figure out how to get web3py signed messages to work.

i will offer 0.4 ETH to anyone who can help me solve it.  

rules
1. first come first serve.  
2. a valid submission is a PR to https://github.com/gitcoinco/NFTPOC/ and/or to https://github.com/gitcoinco/web/pull/8478/
3. a valid submission must use `web3==4.5.0` and must sign a message in python backend that is validated by the solidity contract",web,0,0.0,{},ETH,"['https://github.com/gitcoinco/web/pull/8584', 'https://github.com/gitcoinco/web/issues/8571#issuecomment-797855429']",4,6.728628613084702,7.396948602621014,7.396948602621014,6.444131256700441,2017-07-10T10:53:45Z,4.532599493153256,JavaScript,13.991201849715411,6.555356891810665,5.924255797414532,3.6635616461296463,30.0,0.0,2017-07-10T10:53:45Z,0,1.0,6.410174881966167,7.20414929203594,7.321849713788356,5.247024072160486,11.673274040953775,117281,4e+17,11.482899153463256,1.6094379124341003,0,0,1,1,0,0,0,0,0,0,0,1,0,0,0,0,1,0,0,0
37,42,1025,2021-03-08T16:21:14,Feature,Days,Intermediate,https://github.com/liquity/beta/issues/4,koltenb,https://gitcoin.co/issue/25007,Solidity,2932.22,liquity,"### Open ended: Best Liquity Tool / Integration

Join our Discord [here](https://discord.com/invite/2up5U32). 

### Prize Bounty
- 🏆 Prize: 1.6 ETH (~$2,500)

### Challenge Description
_Liquity's newest contracts are available on Kovan test net and can be found [here](https://github.com/liquity/liquity/blob/master/packages/lib-ethers/deployments/default/kovan.json). A UI for the contracts can be found [here](https://devui.liquity.org/latest/)._

For this challenge, the only limitations are your imagination and the use of Liquity. We are looking for the best and most creative tool / integration that enhances the abilities of borrowers, arbitrageurs, or stakers (maybe all 3!) in the Liquity ecosystem. Your project will get bonus points if it integrates one or more protocols available on Kovan test net (or other test nets if available).

Here are some ideas for inspiration: 
- Shared Trove: multiple users per single Trove, with the aim of a reduced minimum net debt per user, and batched top-ups / withdrawals / adjustments to save on gas costs
- Shared Stability Pool deposit: multiple users sharing a stability deposit with the aim of reducing effort and costs of maintenance (i.e. maintaining pool share by periodically converting ETH gains back into LUSD and redepositing).
- Proxy usage: 3rd party integrations and UX improvements, multiple Liquity operations combined into single transactions.  
- Automated Trove management service, similar to DeFiSaver: a tool that automatically makes Trove adjustments in order to maintain a collateral ratio within the user’s chosen target range as the ETH price varies


### Submission Requirements
The requirements for this bounty are a little more flexible. However, we do require that the idea and integrations are clearly explained and that the tool is fully functional using one of the available Ethereum test nets — ideally Kovan. 

### Judging Criteria
Tools that integrate one or more protocols and benefit one or more sets of users are favored in this bounty. 

### Winner Announcement Date
A winner will be announced no later than 3 days after the GR9 Hackathon ends on ~March 31, 2021~ April 1, 2021.",beta,0,0.0,{},ETH,['https://github.com/masaun/shared-trove-on-liquity'],2,3.044522437723423,3.1780538303479458,3.1780538303479458,0.0,2021-02-19T10:44:23Z,1.3862943611198906,Others,5.117993812416755,8.282230063296685,5.673323267171493,3.044522437723423,30.0,0.0,2021-03-28T00:57:21Z,0,1.0,6.248042874508429,7.693481640835175,1.0986122886681098,0.0,0.0,0,1.6e+18,3.2188758248682006,1.0986122886681098,0,0,1,1,0,0,0,0,0,0,0,1,0,0,0,0,0,1,0,0
38,43,1026,2021-03-08T16:19:48,Feature,Days,Intermediate,https://github.com/liquity/beta/issues/3,koltenb,https://gitcoin.co/issue/25006,Solidity,2932.22,liquity,"### Maker to Liquity Migration Tool

Join our Discord [here](https://discord.com/invite/2up5U32). 

### Prize Bounty
- 🏆 Prize: 1.6 ETH (~$2,500)

### Challenge Description
_Liquity's newest contracts are available on Kovan test net and can be found [here](https://github.com/liquity/liquity/blob/master/packages/lib-ethers/deployments/default/kovan.json). A UI for the contracts can be found [here](https://devui.liquity.org/latest/)._

Build a web-based tool that allows current MakerDAO users to seamlessly migrate their vaults to Liquity without needing to repay and reopen their positions.

For example, the migration tool could use flash loans to perform the following cycle in one transaction:
1. Take out a flash loan in DAI
2. Fully repay and close the user’s Maker vault
3. Open a Trove on Liquity using the Ether released from the Maker vault
4. Exchange the borrowed LUSD for DAI (e.g. on Uniswap)
5. Use the DAI to repay the flash loan 

Given that Liquity is currently only live on all Ethereum test nets, the whole sequence would have to be performed on the given test net. 

Feel free to use our middleware libraries described in our [SDK](https://docs.liquity.org/documentation/sdk) to access our contracts and our Proxy contract (based on DSProxy) to batch multiple function calls in the same transaction.

### Submission Requirements
The owner of a Maker vault collateralized with ETH-A or ETH-B should be able to migrate to Liquity without needing to provide liquidity for repaying the Maker vault. 

### Judging Criteria
Extra features like migrating Maker vaults with other collateral types (using an additional exchange step) or selecting a lower collateralization ratio for the Liquity Trove than the original Maker vault are considered a plus.

### Winner Announcement Date
A winner will be announced no later than 3 days after the GR9 Hackathon ends on ~March 31, 2021~ April 1, 2021.",beta,0,0.0,{},ETH,['https://github.com/HardCod3rs/liquity-migration'],1,3.044522437723423,3.1780538303479458,3.1780538303479458,0.0,2021-02-19T10:44:23Z,1.3862943611198906,Others,5.117993812416755,11.382372489597046,10.24991012001051,5.493061443340548,21.0,0.0,2021-03-14T08:59:55Z,0,1.0,6.90875477931522,7.57095858316901,0.6931471805599453,0.0,0.0,0,1.6e+18,3.2188758248682006,0.6931471805599453,0,0,1,1,0,0,0,0,0,0,0,1,0,0,0,0,0,1,0,0
39,44,1040,2021-02-23T21:46:21,Feature,Hours,Intermediate,https://github.com/reflexer-labs/geb/issues/97,stefanionescu,https://gitcoin.co/issue/24834,"Solidity,RAI,Reflexer,UMA",2094.39,reflexer-labs,"### Prize

$2000 (in ETH)

### Challenge Description

RAI is a non pegged stable asset that is minted against ETH. As opposed to other stable assets which are pegged to one specific value, RAI has a floating “peg” (called the redemption price) that changes according to market forces. The redemption price is changed every second by what we call the redemption rate. Both the redemption price and the redemption rate are stored in a smart contract called the [Oracle Relayer](https://github.com/reflexer-labs/geb/blob/master/src/OracleRelayer.sol). 

For this challenge, you’re invited to build a synthetic asset tracking the [Kovan RAI](https://github.com/reflexer-labs/geb-changelog/tree/master/releases/kovan/1.4.0/median/fixed-discount) redemption rate movements using [UMA](https://docs.umaproject.org/build-walkthrough/build-process). Note that the redemption rate can be positive or negative.

We have docs about the Oracle Relayer contract [here](https://docs.reflexer.finance/system-contracts/oracle-module/oracle-relayer). You can see the Kovan addresses for UMA’s contracts [here](https://github.com/UMAprotocol/protocol/blob/master/packages/core/networks/42.json). Entrants can join our [Discord](https://discord.com/invite/QYBEw6Z) to talk through their submissions in the #development channel. You should also join [UMA’s Discord](https://discord.com/invite/8U5tF4QqJy) channel in case you have questions about working with their protocol.

**Important Consideration**

For this challenge, you must test your solution using Kovan RAI.

### Submission Requirements

Your project must be deployed on Kovan. Your project must also have an open-source license.

### Submission Deadline

15th of March

### Judging Criteria

- Level of technical implementation (25%)
- Kovan integration and testing (75%)

### Winner Announcement Date

The submission will be reviewed between 15th - 19th of March 2021. The  payout and public announcement of the winner will occur before 22nd of March 2021.",geb,0,0.0,{},ETH,['https://github.com/ashutoshvarma/RAI_UMA_Challenge'],3,3.367295829986474,4.8283137373023015,4.8283137373023015,0.0,2020-03-20T22:37:38Z,1.3862943611198906,Others,7.989899374942939,6.779921907472252,4.787491742782046,1.3862943611198906,18.0,0.0,2021-03-14T14:34:21Z,0,1.0,6.9167150203536085,7.616283561580385,1.0986122886681098,0.0,4.290459441148391,46,1.3273e+18,2.995732273553991,1.3862943611198906,0,0,1,0,1,0,0,0,0,0,0,1,0,0,0,0,0,1,0,0
40,45,1041,2021-02-23T21:39:58,Feature,Days,Intermediate,https://github.com/reflexer-labs/geb-safe-saviours/issues/1,stefanionescu,https://gitcoin.co/issue/24833,"Solidity,RAI,Reflexer,Opyn",2932.11,reflexer-labs,"### Prize 

$2800 (in ETH)

### Challenge Description

Reflexer plans to enable any developer to build insurance solutions for RAI. RAI is a non pegged stable asset that is minted against ETH. Anyone can deposit ETH into a Safe and create RAI until they hit the minimum 145% collateralization ratio. If a Safe’s collateralization ratio goes below this threshold, the Safe can be liquidated. In order to protect a Safe, its owner can attach a “saviour” to it: an external smart contract that tries to save the Safe when it gets liquidated.

For this challenge, you’re invited to build an insurance solution where Safe owners can purchase W/ETH puts from Opyn v2 and deposit the oTokens representing their position in a saviour. When a Safe is liquidated, the saviour will try to exercise or sell the put and add the proceeds in the Safe. 

We have detailed [docs](https://docs.reflexer.finance/integrations/safe-insurance) where you can see all the requirements needed to build a new saviour as well as an [example implementation](https://github.com/reflexer-labs/geb-safe-saviours/blob/master/src/saviours/GeneralTokenReserveSafeSaviour.sol). You can see the Kovan addresses for Opyn’s contracts [here](https://opyn.gitbook.io/opyn/get-started/abis-smart-contract-addresses) and their oTokens documentation [here](https://opyn.gitbook.io/opyn/contracts/otoken).

Entrants can join our [Discord](https://discord.gg/QYBEw6Z) to talk through their submissions in the #development channel. You should also join Opyn’s [Discord](https://discord.com/invite/JTGHyDNuap) channel in case you have questions about integrating with their v2 protocol.

**Important Consideration**

For this bounty, our insurance program will only be available for Kovan RAI. Contact us on our Discord if you would like to integrate your solution with our Kovan system and receive extra points for your submission!

### Submission Requirements

Your project must implement the official interface for saviours. You should also follow the guidelines in our documentation regarding every core function. Lastly, your project must have an open-source license.

### The Ideal Submission

The ideal submission abstracts away the interaction with Opyn v2. A Safe owner should only do one transaction where they purchase ETH puts and lock the oTokens representing their position in the saviour.

Safe owners should also be able to choose the desired collateralization ratio that each of their Safes should have if they get saved.

The saviour should exercise a put only if the Safe can be saved (there are enough proceeds from the exercise as to bring the Safe’s collateralization ratio to the desired level).

### Submission Deadline

23rd of March 2021

### Judging Criteria

- Level of technical implementation (25%)
- UI/UX of the implementation (25%)
- Adherence to docs and interfaces (25%)
- Kovan integration and testing (25%)

### Winner Announcement Date

We plan to review submissions between 23rd-26th of March 2021. Winners will be privately notified before a public announcement. The announcement and payout will occur before 1st of April 2021.",geb-safe-saviours,0,0.0,{},ETH,['https://github.com/mortimr/opyn-safe-saviour'],1,2.4849066497880004,2.0794415416798357,2.0794415416798357,1.6094379124341003,2020-12-15T02:16:45Z,0.6931471805599453,Others,7.034387929915503,12.834089129651359,12.747352786769875,4.9344739331306915,5.0,0.0,2021-03-09T20:59:16Z,0,1.0,7.24422751560335,8.059592328887545,0.6931471805599453,0.0,4.290459441148391,46,1.8582e+18,3.332204510175204,0.6931471805599453,0,0,1,1,0,0,0,0,0,0,0,1,0,0,0,0,0,1,0,0
41,46,1074,2020-12-25T03:45:48,Feature,Hours,Intermediate,https://github.com/ditto-money/bounties/issues/2,chefchansey,https://gitcoin.co/issue/24541,"Solidity,Binance Smart Chain",219.34,ditto-money,"Deploy an airdrop smart contract on BSC that is capable of airdropping BUSD to a list of target addresses. The addresses will be provided on Telegram. You can optionally use the source code below to do this.

The second part of this bounty is formatting the target addresses in the required way so they can be copy/pasted into the batchPayout function argument, or - if you use another airdropper - into the respective format.

### Steps required to complete this bounty

1. Deploy the smart contract
2. Attach the source code on bscscan
3. Transfer ownership to the address 0x614812d04526C0C882A6cB993a135fcD559F33F9
4. Prepare inputs required to start the airdrop. 

### Communication

If you get accepted for this bounty please join the Ditto money Telegram group and DM ChefChansey:

https://t.me/joinchat/Rk6imB3KHsGfVOnVTA0Fmg


```
// SPDX-License-Identifier: MIT

/*
MIT License

Permission is hereby granted, free of charge, to any person obtaining a copy
of this software and associated documentation files (the ""Software""), to deal
in the Software without restriction, including without limitation the rights
to use, copy, modify, merge, publish, distribute, sublicense, and/or sell
copies of the Software, and to permit persons to whom the Software is
furnished to do so, subject to the following conditions:

The above copyright notice and this permission notice shall be included in all
copies or substantial portions of the Software.

THE SOFTWARE IS PROVIDED ""AS IS"", WITHOUT WARRANTY OF ANY KIND, EXPRESS OR
IMPLIED, INCLUDING BUT NOT LIMITED TO THE WARRANTIES OF MERCHANTABILITY,
FITNESS FOR A PARTICULAR PURPOSE AND NONINFRINGEMENT. IN NO EVENT SHALL THE
AUTHORS OR COPYRIGHT HOLDERS BE LIABLE FOR ANY CLAIM, DAMAGES OR OTHER
LIABILITY, WHETHER IN AN ACTION OF CONTRACT, TORT OR OTHERWISE, ARISING FROM,
OUT OF OR IN CONNECTION WITH THE SOFTWARE OR THE USE OR OTHER DEALINGS IN THE
SOFTWARE.
*/

pragma solidity 0.5.17;
pragma experimental ABIEncoderV2;

/**
 * @title ERC20 interface
 * @dev see https://github.com/ethereum/EIPs/issues/20
 */
interface IERC20 {
  function totalSupply() external view returns (uint256);

  function balanceOf(address who) external view returns (uint256);

  function allowance(address owner, address spender)
    external view returns (uint256);

  function transfer(address to, uint256 value) external returns (bool);

  function approve(address spender, uint256 value)
    external returns (bool);

  function transferFrom(address from, address to, uint256 value)
    external returns (bool);

  event Transfer(
    address indexed from,
    address indexed to,
    uint256 value
  );

  event Approval(
    address indexed owner,
    address indexed spender,
    uint256 value
  );
}

/**
 * @title Ownable
 * @dev The Ownable contract has an owner address, and provides basic authorization control
 * functions, this simplifies the implementation of ""user permissions"".
 */
contract Ownable {
  address private _owner;

  event OwnershipRenounced(address indexed previousOwner);
  
  event OwnershipTransferred(
    address indexed previousOwner,
    address indexed newOwner
  );


  /**
   * @dev The Ownable constructor sets the original `owner` of the contract to the sender
   * account.
   */
  constructor() public {
    _owner = msg.sender;
  }

  /**
   * @return the address of the owner.
   */
  function owner() public view returns(address) {
    return _owner;
  }

  /**
   * @dev Throws if called by any account other than the owner.
   */
  modifier onlyOwner() {
    require(isOwner());
    _;
  }

  /**
   * @return true if `msg.sender` is the owner of the contract.
   */
  function isOwner() public view returns(bool) {
    return msg.sender == _owner;
  }

  /**
   * @dev Allows the current owner to relinquish control of the contract.
   * @notice Renouncing to ownership will leave the contract without an owner.
   * It will not be possible to call the functions with the `onlyOwner`
   * modifier anymore.
   */
  function renounceOwnership() public onlyOwner {
    emit OwnershipRenounced(_owner);
    _owner = address(0);
  }

  /**
   * @dev Allows the current owner to transfer control of the contract to a newOwner.
   * @param newOwner The address to transfer ownership to.
   */
  function transferOwnership(address newOwner) public onlyOwner {
    _transferOwnership(newOwner);
  }

  /**
   * @dev Transfers control of the contract to a newOwner.
   * @param newOwner The address to transfer ownership to.
   */
  function _transferOwnership(address newOwner) internal {
    require(newOwner != address(0));
    emit OwnershipTransferred(_owner, newOwner);
    _owner = newOwner;
  }
}


/**
 * @title Rebased Airdrop Contract
 */
contract Airdrop is Ownable {
    
    IERC20 token;

    struct PaymentInfo {
      address payable payee;
      uint256 amount;
    }
    constructor(address _token) public {
        token = IERC20(_token);
    }
   
    function batchPayout(PaymentInfo[] calldata info) external onlyOwner {
        for (uint i=0; i < info.length; i++) {
            token.transfer(info[i].payee,info[i].amount);
        }
    }
    
    function transfer(address to, uint256 amount) external onlyOwner {
        token.transfer(to, amount);
    }    
}
```",bounties,0,0.0,{},ETH,['https://github.com/Timidan/Airdropper-BSC/blob/main/Main.sol'],1,0.0,0.0,0.0,0.6931471805599453,2020-10-23T09:22:28Z,1.0986122886681098,Unknown,0.0,5.948034989180646,0.0,0.6931471805599453,1.0,0.0,2020-12-27T12:04:00Z,0,1.0,6.212606095751519,8.60300384782935,1.0986122886681098,0.0,0.0,0,3.5e+17,11.483702606293326,0.6931471805599453,0,0,1,0,1,0,0,0,0,0,0,1,0,0,0,0,0,0,0,1
42,47,1076,2020-12-17T20:56:49,Feature,Hours,Intermediate,https://github.com/ensdomains/address-encoder/issues/273,brantlymillegan,https://gitcoin.co/issue/24515,TypeScript,79.78,ensdomains,"**Previous PRs to add GRS have been [rejected due to increasing the file size of the library too much](https://github.com/ensdomains/address-encoder/pull/239). We need someone who can figure out how to add GRS with as little space as possible

Here is the encoding library: https://github.com/ensdomains/address-encoder

Example: https://github.com/ensdomains/address-encoder/pull/47/files

Discord for dev help: https://discord.com/invite/AskZbFx

Please provide a reference link so we can check you did the encoding correctly.

We'd like to keep the encoding library as small as possible, so please be efficient in your use of space.

We will likely be reviewing PRs and paying out bounties more or less on a weekly basis. No need to ping us to check your PR, we will definitely get to it.

Thanks for your help!",address-encoder,0,0.0,{},ETH,['https://github.com/ensdomains/address-encoder/pull/287'],1,4.882801922586371,4.919980925828125,4.919980925828125,3.4011973816621555,2019-10-14T00:35:54Z,2.4849066497880004,TypeScript,7.445417556701687,6.9782137426306985,0.0,2.1972245773362196,2.0,17.0,2020-12-19T21:40:03Z,2020-12-22T17:38:39Z,1.0,3.784189633918261,6.720220155135295,4.634728988229636,4.174387269895637,3.5263605246161616,30,1.24e+17,11.483774679478527,0.6931471805599453,0,0,1,0,1,0,0,0,0,0,0,1,0,0,0,0,0,0,1,0
43,48,1077,2020-12-17T20:40:49,Feature,Hours,Intermediate,https://github.com/ensdomains/address-encoder/issues/272,brantlymillegan,https://gitcoin.co/issue/24514,TypeScript,51.47,ensdomains,"Here is the encoding library: https://github.com/ensdomains/address-encoder

Example: https://github.com/ensdomains/address-encoder/pull/47/files

Discord for dev help: https://discord.com/invite/AskZbFx

Please provide a reference link so we can check you did the encoding correctly.

We'd like to keep the encoding library as small as possible, so please be efficient in your use of space.

We will likely be reviewing PRs and paying out bounties more or less on a weekly basis. No need to ping us to check your PR, we will definitely get to it.

Thanks for your help!",address-encoder,0,0.0,{},ETH,['https://github.com/ensdomains/address-encoder/pull/278'],1,4.882801922586371,4.919980925828125,4.919980925828125,3.4011973816621555,2019-10-14T00:35:54Z,2.4849066497880004,TypeScript,7.445417556701687,2.302585092994046,0.0,1.3862943611198906,1.0,0.0,2020-12-18T00:21:32Z,2020-12-18T15:59:23Z,1.0,5.3981627015177525,6.368187186350492,4.624972813284271,4.174387269895637,3.5263605246161616,30,8e+16,11.483774679478527,0.6931471805599453,0,0,1,0,1,0,0,0,0,0,0,1,0,0,0,0,0,0,1,0
44,49,1078,2020-12-17T20:39:43,Feature,Hours,Intermediate,https://github.com/ensdomains/address-encoder/issues/271,brantlymillegan,https://gitcoin.co/issue/24513,TypeScript,51.47,ensdomains,"Here is the encoding library: https://github.com/ensdomains/address-encoder

Example: https://github.com/ensdomains/address-encoder/pull/47/files

Discord for dev help: https://discord.com/invite/AskZbFx

Please provide a reference link so we can check you did the encoding correctly.

We'd like to keep the encoding library as small as possible, so please be efficient in your use of space.

We will likely be reviewing PRs and paying out bounties more or less on a weekly basis. No need to ping us to check your PR, we will definitely get to it.

Thanks for your help!",address-encoder,0,0.0,{},ETH,['https://github.com/ensdomains/address-encoder/pull/283'],1,4.882801922586371,4.919980925828125,4.919980925828125,3.4011973816621555,2019-10-14T00:35:54Z,2.4849066497880004,TypeScript,7.445417556701687,4.962844630259907,1.0986122886681098,1.3862943611198906,2.0,0.0,2020-12-18T12:20:21Z,2020-12-18T16:23:11Z,1.0,6.846943139585379,6.368187186350492,4.61512051684126,4.174387269895637,3.5263605246161616,30,8e+16,11.483774679478527,0.6931471805599453,0,0,1,0,1,0,0,0,0,0,0,1,0,0,0,0,0,0,1,0
45,50,1079,2020-12-17T20:38:21,Feature,Hours,Intermediate,https://github.com/ensdomains/address-encoder/issues/270,brantlymillegan,https://gitcoin.co/issue/24512,TypeScript,51.47,ensdomains,"Here is the encoding library: https://github.com/ensdomains/address-encoder

Example: https://github.com/ensdomains/address-encoder/pull/47/files

Discord for dev help: https://discord.com/invite/AskZbFx

Please provide a reference link so we can check you did the encoding correctly.

We'd like to keep the encoding library as small as possible, so please be efficient in your use of space.

We will likely be reviewing PRs and paying out bounties more or less on a weekly basis. No need to ping us to check your PR, we will definitely get to it.

Thanks for your help!",address-encoder,0,0.0,{},ETH,['https://github.com/ensdomains/address-encoder/pull/279'],1,4.882801922586371,4.919980925828125,4.919980925828125,3.4011973816621555,2019-10-14T00:35:54Z,2.4849066497880004,TypeScript,7.445417556701687,3.58351893845611,0.6931471805599453,1.3862943611198906,3.0,0.0,2020-12-18T01:17:05Z,2020-12-20T12:43:58Z,1.0,5.631211781821365,6.368187186350492,4.605170185988092,4.174387269895637,3.5263605246161616,30,8e+16,11.483774679478527,0.6931471805599453,0,0,1,0,1,0,0,0,0,0,0,1,0,0,0,0,0,0,1,0
46,51,1080,2020-12-17T20:36:31,Feature,Hours,Intermediate,https://github.com/ensdomains/address-encoder/issues/269,brantlymillegan,https://gitcoin.co/issue/24511,TypeScript,51.47,ensdomains,"Here is the encoding library: https://github.com/ensdomains/address-encoder

Example: https://github.com/ensdomains/address-encoder/pull/47/files

Discord for dev help: https://discord.com/invite/AskZbFx

Please provide a reference link so we can check you did the encoding correctly.

We'd like to keep the encoding library as small as possible, so please be efficient in your use of space.

We will likely be reviewing PRs and paying out bounties more or less on a weekly basis. No need to ping us to check your PR, we will definitely get to it.

Thanks for your help!",address-encoder,0,0.0,{},ETH,['https://github.com/ensdomains/address-encoder/pull/280'],1,4.882801922586371,4.919980925828125,4.919980925828125,3.4011973816621555,2019-10-14T00:35:54Z,2.4849066497880004,TypeScript,7.445417556701687,2.3978952727983707,0.0,1.3862943611198906,1.0,0.0,2020-12-18T02:03:17Z,2020-12-18T16:11:13Z,1.0,5.7899601708972535,6.368187186350492,4.59511985013459,4.174387269895637,3.5263605246161616,30,8e+16,11.483774679478527,0.6931471805599453,0,0,1,0,1,0,0,0,0,0,0,1,0,0,0,0,0,0,1,0
47,52,1081,2020-12-17T20:33:31,Feature,Hours,Intermediate,https://github.com/ensdomains/address-encoder/issues/268,brantlymillegan,https://gitcoin.co/issue/24510,TypeScript,51.47,ensdomains,"Here is the encoding library: https://github.com/ensdomains/address-encoder

Example: https://github.com/ensdomains/address-encoder/pull/47/files

Discord for dev help: https://discord.com/invite/AskZbFx

Please provide a reference link so we can check you did the encoding correctly.

We'd like to keep the encoding library as small as possible, so please be efficient in your use of space.

We will likely be reviewing PRs and paying out bounties more or less on a weekly basis. No need to ping us to check your PR, we will definitely get to it.

Thanks for your help!",address-encoder,0,0.0,{},ETH,['https://github.com/ensdomains/address-encoder/pull/275'],1,4.882801922586371,4.919980925828125,4.919980925828125,3.4011973816621555,2019-10-14T00:35:54Z,2.4849066497880004,TypeScript,7.445417556701687,2.3978952727983707,0.0,1.3862943611198906,1.0,0.0,2020-12-17T23:20:56Z,2020-12-18T15:54:42Z,1.0,5.123963979403259,6.368187186350492,4.584967478670572,4.174387269895637,3.5263605246161616,30,8e+16,11.483774679478527,0.6931471805599453,0,0,1,0,1,0,0,0,0,0,0,1,0,0,0,0,0,0,1,0
48,53,1082,2020-12-17T20:31:32,Feature,Hours,Intermediate,https://github.com/ensdomains/address-encoder/issues/267,brantlymillegan,https://gitcoin.co/issue/24509,TypeScript,51.47,ensdomains,"Here is the encoding library: https://github.com/ensdomains/address-encoder

Example: https://github.com/ensdomains/address-encoder/pull/47/files

Discord for dev help: https://discord.com/invite/AskZbFx

Please provide a reference link so we can check you did the encoding correctly.

We'd like to keep the encoding library as small as possible, so please be efficient in your use of space.

We will likely be reviewing PRs and paying out bounties more or less on a weekly basis. No need to ping us to check your PR, we will definitely get to it.

Thanks for your help!",address-encoder,0,0.0,{},ETH,['https://github.com/ensdomains/address-encoder/pull/281'],1,4.882801922586371,4.919980925828125,4.919980925828125,3.4011973816621555,2019-10-14T00:35:54Z,2.4849066497880004,TypeScript,7.445417556701687,2.302585092994046,0.0,1.3862943611198906,1.0,0.0,2020-12-18T02:27:05Z,2020-12-18T16:12:06Z,1.0,5.87493073085203,6.368187186350492,4.574710978503383,4.174387269895637,3.5263605246161616,30,8e+16,11.483774679478527,0.6931471805599453,0,0,1,0,1,0,0,0,0,0,0,1,0,0,0,0,0,0,1,0
49,54,1083,2020-12-17T20:30:15,Feature,Hours,Intermediate,https://github.com/ensdomains/address-encoder/issues/266,brantlymillegan,https://gitcoin.co/issue/24508,TypeScript,51.47,ensdomains,"Here is the encoding library: https://github.com/ensdomains/address-encoder

Example: https://github.com/ensdomains/address-encoder/pull/47/files

Discord for dev help: https://discord.com/invite/AskZbFx

Please provide a reference link so we can check you did the encoding correctly.

We'd like to keep the encoding library as small as possible, so please be efficient in your use of space.

We will likely be reviewing PRs and paying out bounties more or less on a weekly basis. No need to ping us to check your PR, we will definitely get to it.

Thanks for your help!",address-encoder,0,0.0,{},ETH,['https://github.com/ensdomains/address-encoder/pull/282'],1,4.882801922586371,4.919980925828125,4.919980925828125,3.4011973816621555,2019-10-14T00:35:54Z,2.4849066497880004,TypeScript,7.445417556701687,2.302585092994046,0.0,1.3862943611198906,1.0,0.0,2020-12-18T10:19:24Z,2020-12-18T16:20:41Z,1.0,6.721425700790643,6.368187186350492,4.564348191467836,4.174387269895637,3.5263605246161616,30,8e+16,11.483774679478527,0.6931471805599453,0,0,1,0,1,0,0,0,0,0,0,1,0,0,0,0,0,0,1,0
50,55,1084,2020-12-17T20:28:06,Feature,Hours,Intermediate,https://github.com/ensdomains/address-encoder/issues/265,brantlymillegan,https://gitcoin.co/issue/24507,TypeScript,51.47,ensdomains,"Here is the encoding library: https://github.com/ensdomains/address-encoder

Example: https://github.com/ensdomains/address-encoder/pull/47/files

Discord for dev help: https://discord.com/invite/AskZbFx

Please provide a reference link so we can check you did the encoding correctly.

We'd like to keep the encoding library as small as possible, so please be efficient in your use of space.

We will likely be reviewing PRs and paying out bounties more or less on a weekly basis. No need to ping us to check your PR, we will definitely get to it.

Thanks for your help!",address-encoder,0,0.0,{},ETH,['https://github.com/ensdomains/address-encoder/pull/277'],1,4.882801922586371,4.919980925828125,4.919980925828125,3.4011973816621555,2019-10-14T00:35:54Z,2.4849066497880004,TypeScript,7.445417556701687,2.3978952727983707,0.0,1.3862943611198906,1.0,0.0,2020-12-18T00:05:49Z,2020-12-18T15:58:02Z,1.0,5.384495062789089,6.368187186350492,4.553876891600541,4.174387269895637,3.5263605246161616,30,8e+16,11.483774679478527,0.6931471805599453,0,0,1,0,1,0,0,0,0,0,0,1,0,0,0,0,0,0,1,0
51,56,1085,2020-12-17T20:27:02,Feature,Hours,Intermediate,https://github.com/ensdomains/address-encoder/issues/264,brantlymillegan,https://gitcoin.co/issue/24506,TypeScript,51.47,ensdomains,"Here is the encoding library: https://github.com/ensdomains/address-encoder

Example: https://github.com/ensdomains/address-encoder/pull/47/files

Discord for dev help: https://discord.com/invite/AskZbFx

Please provide a reference link so we can check you did the encoding correctly.

We'd like to keep the encoding library as small as possible, so please be efficient in your use of space.

We will likely be reviewing PRs and paying out bounties more or less on a weekly basis. No need to ping us to check your PR, we will definitely get to it.

Thanks for your help!",address-encoder,0,0.0,{},ETH,['https://github.com/ensdomains/address-encoder/pull/276'],1,4.882801922586371,4.919980925828125,4.919980925828125,3.4011973816621555,2019-10-14T00:35:54Z,2.4849066497880004,TypeScript,7.445417556701687,2.302585092994046,0.0,1.3862943611198906,2.0,0.0,2020-12-17T23:38:53Z,2020-12-18T16:09:12Z,1.0,5.2574953720277815,6.368187186350492,4.543294782270004,4.174387269895637,3.5263605246161616,30,8e+16,11.483774679478527,0.6931471805599453,0,0,1,0,1,0,0,0,0,0,0,1,0,0,0,0,0,0,1,0
52,57,1089,2020-12-15T19:41:19,Feature,Hours,Intermediate,https://github.com/ensdomains/address-encoder/issues/76,brantlymillegan,https://gitcoin.co/issue/24490,TypeScript,73.0,ensdomains,"**UPDATE: This was previous closed since SC (SIA) didn't have a SLIP-0044 identifier, but [now it does](https://github.com/satoshilabs/slips/blob/master/slip-0044.md).

Here is the encoding library: https://github.com/ensdomains/address-encoder

Example: https://github.com/ensdomains/address-encoder/pull/47/files

Discord for dev help: https://discord.com/invite/AskZbFx

Please provide a reference link so we can check you did the encoding correctly.

We'd like to keep the encoding library as small as possible, so please be efficient in your use of space.",address-encoder,0,0.0,{},ETH,"['https://github.com/ensdomains/address-encoder/pull/286', 'https://github.com/ensdomains/address-encoder/pull/289']",2,4.882801922586371,4.919980925828125,4.919980925828125,3.4011973816621555,2019-10-14T00:35:54Z,2.4849066497880004,TypeScript,7.445417556701687,3.6888794541139363,0.6931471805599453,1.6094379124341003,2.0,0.0,2021-01-04T16:50:27Z,2021-01-25T10:55:27Z,1.0,7.146772179452637,6.3473892096560105,4.532599493153256,4.1588830833596715,3.5263605246161616,30,1.24e+17,11.483795270863093,1.0986122886681098,0,0,1,0,1,0,0,0,0,0,0,1,0,0,0,0,0,0,1,0
53,58,1153,2020-11-24T03:19:00,Feature,Days,Advanced,https://github.com/metalithio/niftex-gr8-hackathon/issues/1,jmahhh,https://gitcoin.co/issue/24098,"erc20,nft,gas",3024.25,metalithio,"**Challenge Description**
NIFTEX is a platform to fractionalize Non-Fungible Tokens (NFTs), unlocking a host of benefits that were unavailable to the NFT space previously. 

Part of NFT fractionalization involves the deployment of an ERC20 registry representing fractions (“Shards”) of the NFT. NIFTEX ERC20 registries are **capped, mintable, burnable and pausable**, and currently cost approximately 2m gas to deploy using OpenZeppelin libraries. One registry must be deployed per fractionalization. This tends to get very expensive especially with high gas prices. 

**Submission Requirements**
- A working set of smart contracts implementing a pattern to make multiple ERC20 deployments less costly.
- Solidity >= 0.6.0, OpenZeppelin >= 3.0.0 (or alternative framework)
- Gas measurements and comparisons for the deployment of multiple capped, mintable, burnable, pausable ERC20 registries using a new pattern versus standard deployments of ERC20 contracts.
- Solution should not be difficult to integrate with other peripheral smart contracts.
- Please follow the [Smart Contract Best Practices](https://consensys.github.io/smart-contract-best-practices/recommendations/) and/or have the smart contracts verified/audited by another known community member

**Price Bounty**
- 50% reduction in ERC20 deployment gas cost: 5 ETH
- 20% - 50%: 3 ETH
- 0% - 20%: 1 ETH

**Judging Criteria**
The submission with the highest % reduction in gas costs wins! Note that if any crucial flaws invalidating the pattern due to security issues or otherwise are found, the submission will be disqualified.",niftex-gr8-hackathon,0,0.0,{},ETH,['https://github.com/CosmicTomato/Niftex-Gitcoin-Project'],4,0.0,0.0,0.0,0.6931471805599453,2020-11-24T02:14:20Z,1.0986122886681098,Unknown,1.0986122886681098,6.818924065275521,2.302585092994046,1.6094379124341003,6.0,0.0,2020-11-29T07:55:49Z,0,1.0,5.6240175061873385,7.3833681469923835,0.0,0.0,0.0,0,5e+18,3.1780538303479458,1.6094379124341003,1,0,0,1,0,0,0,0,0,0,0,1,0,0,0,0,0,0,0,1
54,59,1228,2020-10-07T23:04:02,Feature,Hours,Intermediate,https://github.com/ensdomains/address-encoder/issues/215,brantlymillegan,https://gitcoin.co/issue/23895,TypeScript,42.37,ensdomains,"Here is the encoding library: https://github.com/ensdomains/address-encoder

Example: https://github.com/ensdomains/address-encoder/pull/47/files

Discord for dev help: https://discord.com/invite/AskZbFx

Please provide a reference link so we can check you did the encoding correctly.

We'd like to keep the encoding library as small as possible, so please be efficient in your use of space.

We will likely be reviewing PRs and paying out bounties more or less on a weekly basis. No need to ping us to check your PR, we will definitely get to it.

Thanks for your help!",address-encoder,0,0.0,{},ETH,['https://github.com/ensdomains/address-encoder/pull/222'],1,4.882801922586371,4.919980925828125,4.919980925828125,3.4011973816621555,2019-10-14T00:35:54Z,2.4849066497880004,TypeScript,7.445417556701687,3.5553480614894135,0.0,1.3862943611198906,7.0,21.0,2020-10-08T13:42:07Z,2020-12-21T11:45:57Z,1.0,6.778784897685177,6.368187186350492,4.5217885770490405,4.143134726391533,3.5263605246161616,30,1.24e+17,11.484505414105152,0.6931471805599453,0,0,1,0,1,0,0,0,0,0,0,1,0,0,0,0,0,0,1,0
55,60,1229,2020-10-07T22:54:00,Feature,Hours,Intermediate,https://github.com/ensdomains/address-encoder/issues/207,brantlymillegan,https://gitcoin.co/issue/23894,TypeScript,42.37,ensdomains,"Here is the encoding library: https://github.com/ensdomains/address-encoder

Example: https://github.com/ensdomains/address-encoder/pull/47/files

Discord for dev help: https://discord.com/invite/AskZbFx

Please provide a reference link so we can check you did the encoding correctly.

We'd like to keep the encoding library as small as possible, so please be efficient in your use of space.

We will likely be reviewing PRs and paying out bounties more or less on a weekly basis. No need to ping us to check your PR, we will definitely get to it.

Thanks for your help!",address-encoder,0,0.0,{},ETH,['https://github.com/ensdomains/address-encoder/pull/211'],1,4.882801922586371,4.919980925828125,4.919980925828125,3.4011973816621555,2019-10-14T00:35:54Z,2.4849066497880004,TypeScript,7.445417556701687,5.568344503761097,0.0,1.791759469228055,8.0,1.0,2020-10-07T22:01:00Z,2020-12-01T10:34:19Z,1.0,7.23561914106675,6.368187186350492,4.51085950651685,4.127134385045092,3.5263605246161616,30,1.24e+17,11.484505414105152,0.6931471805599453,0,0,1,0,1,0,0,0,0,0,0,1,0,0,0,0,0,0,1,0
56,61,1230,2020-10-07T22:52:47,Feature,Hours,Intermediate,https://github.com/ensdomains/address-encoder/issues/206,brantlymillegan,https://gitcoin.co/issue/23893,TypeScript,42.37,ensdomains,"Here is the encoding library: https://github.com/ensdomains/address-encoder

Example: https://github.com/ensdomains/address-encoder/pull/47/files

Discord for dev help: https://discord.com/invite/AskZbFx

Please provide a reference link so we can check you did the encoding correctly.

We'd like to keep the encoding library as small as possible, so please be efficient in your use of space.

We will likely be reviewing PRs and paying out bounties more or less on a weekly basis. No need to ping us to check your PR, we will definitely get to it.

Thanks for your help!",address-encoder,0,0.0,{},ETH,['https://github.com/ensdomains/address-encoder/pull/217'],1,4.882801922586371,4.919980925828125,4.919980925828125,3.4011973816621555,2019-10-14T00:35:54Z,2.4849066497880004,TypeScript,7.445417556701687,2.4849066497880004,1.0986122886681098,1.3862943611198906,4.0,3.0,2020-10-08T00:41:53Z,2020-11-17T15:13:03Z,1.0,4.700480365792417,6.368187186350492,4.499809670330265,4.110873864173311,3.5263605246161616,30,1.24e+17,11.484505414105152,0.6931471805599453,0,0,1,0,1,0,0,0,0,0,0,1,0,0,0,0,0,0,1,0
57,62,1231,2020-10-07T22:51:50,Feature,Hours,Intermediate,https://github.com/ensdomains/address-encoder/issues/205,brantlymillegan,https://gitcoin.co/issue/23892,TypeScript,42.37,ensdomains,"Here is the encoding library: https://github.com/ensdomains/address-encoder

Example: https://github.com/ensdomains/address-encoder/pull/47/files

Discord for dev help: https://discord.com/invite/AskZbFx

Please provide a reference link so we can check you did the encoding correctly.

We'd like to keep the encoding library as small as possible, so please be efficient in your use of space.

We will likely be reviewing PRs and paying out bounties more or less on a weekly basis. No need to ping us to check your PR, we will definitely get to it.

Thanks for your help!",address-encoder,0,0.0,{},ETH,['https://github.com/ensdomains/address-encoder/pull/223'],1,4.882801922586371,4.919980925828125,4.919980925828125,3.4011973816621555,2019-10-14T00:35:54Z,2.4849066497880004,TypeScript,7.445417556701687,2.3978952727983707,0.0,1.3862943611198906,2.0,5.0,2020-10-08T16:14:58Z,2020-10-28T09:46:32Z,1.0,6.950814768442584,6.368187186350492,4.48863636973214,4.0943445622221,3.5263605246161616,30,1.24e+17,11.484505414105152,0.6931471805599453,0,0,1,0,1,0,0,0,0,0,0,1,0,0,0,0,0,0,1,0
58,63,1232,2020-10-07T22:50:34,Feature,Hours,Intermediate,https://github.com/ensdomains/address-encoder/issues/204,brantlymillegan,https://gitcoin.co/issue/23891,TypeScript,42.37,ensdomains,"Here is the encoding library: https://github.com/ensdomains/address-encoder

Example: https://github.com/ensdomains/address-encoder/pull/47/files

Discord for dev help: https://discord.com/invite/AskZbFx

Please provide a reference link so we can check you did the encoding correctly.

We'd like to keep the encoding library as small as possible, so please be efficient in your use of space.

We will likely be reviewing PRs and paying out bounties more or less on a weekly basis. No need to ping us to check your PR, we will definitely get to it.

Thanks for your help!",address-encoder,0,0.0,{},ETH,['https://github.com/ensdomains/address-encoder/pull/224'],1,4.882801922586371,4.919980925828125,4.919980925828125,3.4011973816621555,2019-10-14T00:35:54Z,2.4849066497880004,TypeScript,7.445417556701687,2.302585092994046,0.0,1.3862943611198906,2.0,7.0,2020-10-08T16:42:40Z,2020-11-17T13:54:35Z,1.0,6.9782137426306985,6.368187186350492,4.477336814478207,4.07753744390572,3.5263605246161616,30,1.24e+17,11.484505414105152,0.6931471805599453,0,0,1,0,1,0,0,0,0,0,0,1,0,0,0,0,0,0,1,0
59,64,1233,2020-10-07T22:49:35,Feature,Hours,Intermediate,https://github.com/ensdomains/address-encoder/issues/203,brantlymillegan,https://gitcoin.co/issue/23890,TypeScript,42.37,ensdomains,"Here is the encoding library: https://github.com/ensdomains/address-encoder

Example: https://github.com/ensdomains/address-encoder/pull/47/files

Discord for dev help: https://discord.com/invite/AskZbFx

Please provide a reference link so we can check you did the encoding correctly.

We'd like to keep the encoding library as small as possible, so please be efficient in your use of space.

We will likely be reviewing PRs and paying out bounties more or less on a weekly basis. No need to ping us to check your PR, we will definitely get to it.

Thanks for your help!",address-encoder,0,0.0,{},ETH,['https://github.com/ensdomains/address-encoder/pull/225'],1,4.882801922586371,4.919980925828125,4.919980925828125,3.4011973816621555,2019-10-14T00:35:54Z,2.4849066497880004,TypeScript,7.445417556701687,2.3978952727983707,0.0,1.3862943611198906,1.0,1.0,2020-10-08T16:51:13Z,2020-10-26T13:00:01Z,1.0,6.9865664594064265,6.368187186350492,4.465908118654584,4.060443010546419,3.5263605246161616,30,1.24e+17,11.484505414105152,0.6931471805599453,0,0,1,0,1,0,0,0,0,0,0,1,0,0,0,0,0,0,1,0
60,65,1234,2020-10-07T22:48:03,Feature,Hours,Intermediate,https://github.com/ensdomains/address-encoder/issues/202,brantlymillegan,https://gitcoin.co/issue/23889,TypeScript,42.37,ensdomains,"Here is the encoding library: https://github.com/ensdomains/address-encoder

Example: https://github.com/ensdomains/address-encoder/pull/47/files

Discord for dev help: https://discord.com/invite/AskZbFx

Please provide a reference link so we can check you did the encoding correctly.

We'd like to keep the encoding library as small as possible, so please be efficient in your use of space.

We will likely be reviewing PRs and paying out bounties more or less on a weekly basis. No need to ping us to check your PR, we will definitely get to it.

Thanks for your help!",address-encoder,0,0.0,{},ETH,['https://github.com/ensdomains/address-encoder/pull/221'],1,4.882801922586371,4.919980925828125,4.919980925828125,3.4011973816621555,2019-10-14T00:35:54Z,2.4849066497880004,TypeScript,7.445417556701687,2.3978952727983707,0.0,1.3862943611198906,4.0,4.0,2020-10-08T12:47:41Z,2020-11-17T14:58:19Z,1.0,6.733401891837359,6.368187186350492,4.454347296253507,4.04305126783455,3.5263605246161616,30,1.24e+17,11.484505414105152,0.6931471805599453,0,0,1,0,1,0,0,0,0,0,0,1,0,0,0,0,0,0,1,0
61,66,1235,2020-10-07T22:46:56,Feature,Hours,Intermediate,https://github.com/ensdomains/address-encoder/issues/201,brantlymillegan,https://gitcoin.co/issue/23888,TypeScript,42.37,ensdomains,"Here is the encoding library: https://github.com/ensdomains/address-encoder

Example: https://github.com/ensdomains/address-encoder/pull/47/files

Discord for dev help: https://discord.com/invite/AskZbFx

Please provide a reference link so we can check you did the encoding correctly.

We'd like to keep the encoding library as small as possible, so please be efficient in your use of space.

We will likely be reviewing PRs and paying out bounties more or less on a weekly basis. No need to ping us to check your PR, we will definitely get to it.

Thanks for your help!",address-encoder,0,0.0,{},ETH,['https://github.com/ensdomains/address-encoder/pull/219'],1,4.882801922586371,4.919980925828125,4.919980925828125,3.4011973816621555,2019-10-14T00:35:54Z,2.4849066497880004,TypeScript,7.445417556701687,2.3978952727983707,0.0,1.3862943611198906,1.0,0.0,2020-10-08T01:47:34Z,2020-11-17T14:18:34Z,1.0,5.198497031265826,6.368187186350492,4.442651256490317,4.02535169073515,3.5263605246161616,30,1.24e+17,11.484505414105152,0.6931471805599453,0,0,1,0,1,0,0,0,0,0,0,1,0,0,0,0,0,0,1,0
62,67,1236,2020-10-07T22:45:57,Feature,Hours,Intermediate,https://github.com/ensdomains/address-encoder/issues/200,brantlymillegan,https://gitcoin.co/issue/23887,TypeScript,42.37,ensdomains,"Here is the encoding library: https://github.com/ensdomains/address-encoder

Example: https://github.com/ensdomains/address-encoder/pull/47/files

Discord for dev help: https://discord.com/invite/AskZbFx

Please provide a reference link so we can check you did the encoding correctly.

We'd like to keep the encoding library as small as possible, so please be efficient in your use of space.

We will likely be reviewing PRs and paying out bounties more or less on a weekly basis. No need to ping us to check your PR, we will definitely get to it.

Thanks for your help!",address-encoder,0,0.0,{},ETH,['https://github.com/ensdomains/address-encoder/pull/226'],2,4.882801922586371,4.919980925828125,4.919980925828125,3.4011973816621555,2019-10-14T00:35:54Z,2.4849066497880004,TypeScript,7.445417556701687,5.568344503761097,0.0,1.791759469228055,8.0,2.0,2020-10-08T16:58:45Z,2020-12-01T10:33:45Z,1.0,6.996681488176539,6.368187186350492,4.430816798843313,4.007333185232471,3.5263605246161616,30,1.24e+17,11.484505414105152,1.0986122886681098,0,0,1,0,1,0,0,0,0,0,0,1,0,0,0,0,0,0,1,0
63,68,1237,2020-10-07T22:44:44,Feature,Hours,Intermediate,https://github.com/ensdomains/address-encoder/issues/199,brantlymillegan,https://gitcoin.co/issue/23886,TypeScript,42.37,ensdomains,"Here is the encoding library: https://github.com/ensdomains/address-encoder

Example: https://github.com/ensdomains/address-encoder/pull/47/files

Discord for dev help: https://discord.com/invite/AskZbFx

Please provide a reference link so we can check you did the encoding correctly.

We'd like to keep the encoding library as small as possible, so please be efficient in your use of space.

We will likely be reviewing PRs and paying out bounties more or less on a weekly basis. No need to ping us to check your PR, we will definitely get to it.

Thanks for your help!",address-encoder,0,0.0,{},ETH,['https://github.com/ensdomains/address-encoder/pull/258'],2,4.882801922586371,4.919980925828125,4.919980925828125,3.4011973816621555,2019-10-14T00:35:54Z,2.4849066497880004,TypeScript,7.445417556701687,4.382026634673881,0.0,1.3862943611198906,5.0,2.0,2020-12-11T17:36:48Z,2020-12-20T12:44:55Z,1.0,7.0326242610280065,6.368187186350492,4.418840607796598,3.9889840465642745,3.5263605246161616,30,1.24e+17,11.484505414105152,1.0986122886681098,0,0,1,0,1,0,0,0,0,0,0,1,0,0,0,0,0,0,1,0
64,69,1238,2020-10-07T22:41:14,Feature,Hours,Intermediate,https://github.com/ensdomains/address-encoder/issues/197,brantlymillegan,https://gitcoin.co/issue/23884,TypeScript,42.37,ensdomains,"Here is the encoding library: https://github.com/ensdomains/address-encoder

Example: https://github.com/ensdomains/address-encoder/pull/47/files

Discord for dev help: https://discord.com/invite/AskZbFx

Please provide a reference link so we can check you did the encoding correctly.

We'd like to keep the encoding library as small as possible, so please be efficient in your use of space.

We will likely be reviewing PRs and paying out bounties more or less on a weekly basis. No need to ping us to check your PR, we will definitely get to it.

Thanks for your help!",address-encoder,0,0.0,{},ETH,['https://github.com/ensdomains/address-encoder/pull/216'],1,4.882801922586371,4.919980925828125,4.919980925828125,3.4011973816621555,2019-10-14T00:35:54Z,2.4849066497880004,TypeScript,7.445417556701687,2.4849066497880004,0.0,1.3862943611198906,2.0,2.0,2020-10-07T23:31:33Z,2020-11-17T15:15:19Z,1.0,3.9318256327243257,6.368187186350492,4.394449154672439,3.9512437185814275,3.5263605246161616,30,1.24e+17,11.484505414105152,0.6931471805599453,0,0,1,0,1,0,0,0,0,0,0,1,0,0,0,0,0,0,1,0
65,70,1239,2020-10-07T22:39:10,Feature,Hours,Intermediate,https://github.com/ensdomains/address-encoder/issues/196,brantlymillegan,https://gitcoin.co/issue/23883,TypeScript,42.37,ensdomains,"Here is the encoding library: https://github.com/ensdomains/address-encoder

Example: https://github.com/ensdomains/address-encoder/pull/47/files

Discord for dev help: https://discord.com/invite/AskZbFx

Please provide a reference link so we can check you did the encoding correctly.

We'd like to keep the encoding library as small as possible, so please be efficient in your use of space.

We will likely be reviewing PRs and paying out bounties more or less on a weekly basis. No need to ping us to check your PR, we will definitely get to it.

Thanks for your help!",address-encoder,0,0.0,{},ETH,['https://github.com/ensdomains/address-encoder/pull/238'],1,4.882801922586371,4.919980925828125,4.919980925828125,3.4011973816621555,2019-10-14T00:35:54Z,2.4849066497880004,TypeScript,7.445417556701687,3.784189633918261,1.3862943611198906,1.6094379124341003,8.0,7.0,2020-10-12T10:31:51Z,2020-11-26T12:04:55Z,1.0,6.569481420414296,6.368187186350492,4.382026634673881,3.9318256327243257,3.5263605246161616,30,1.24e+17,11.484505414105152,0.6931471805599453,0,0,1,0,1,0,0,0,0,0,0,1,0,0,0,0,0,0,1,0
66,71,1240,2020-10-07T22:36:53,Feature,Hours,Intermediate,https://github.com/ensdomains/address-encoder/issues/195,brantlymillegan,https://gitcoin.co/issue/23882,TypeScript,42.37,ensdomains,"Here is the encoding library: https://github.com/ensdomains/address-encoder

Example: https://github.com/ensdomains/address-encoder/pull/47/files

Discord for dev help: https://discord.com/invite/AskZbFx

Please provide a reference link so we can check you did the encoding correctly.

We'd like to keep the encoding library as small as possible, so please be efficient in your use of space.

We will likely be reviewing PRs and paying out bounties more or less on a weekly basis. No need to ping us to check your PR, we will definitely get to it.

Thanks for your help!",address-encoder,0,0.0,{},ETH,['https://github.com/ensdomains/address-encoder/pull/228'],1,4.882801922586371,4.919980925828125,4.919980925828125,3.4011973816621555,2019-10-14T00:35:54Z,2.4849066497880004,TypeScript,7.445417556701687,2.5649493574615367,0.0,1.3862943611198906,1.0,5.0,2020-10-08T17:35:48Z,0,1.0,7.037905963447182,6.368187186350492,4.3694478524670215,3.912023005428146,3.5263605246161616,30,1.24e+17,11.484505414105152,0.6931471805599453,0,0,1,0,1,0,0,0,0,0,0,1,0,0,0,0,0,0,1,0
67,72,1241,2020-10-07T21:44:58,Feature,Hours,Intermediate,https://github.com/ensdomains/address-encoder/issues/194,brantlymillegan,https://gitcoin.co/issue/23881,TypeScript,42.37,ensdomains,"Here is the encoding library: https://github.com/ensdomains/address-encoder

Example: https://github.com/ensdomains/address-encoder/pull/47/files

Discord for dev help: https://discord.com/invite/AskZbFx

Please provide a reference link so we can check you did the encoding correctly.

We'd like to keep the encoding library as small as possible, so please be efficient in your use of space.

We will likely be reviewing PRs and paying out bounties more or less on a weekly basis. No need to ping us to check your PR, we will definitely get to it.

Thanks for your help!",address-encoder,0,0.0,{},ETH,['https://github.com/ensdomains/address-encoder/pull/213'],1,4.882801922586371,4.919980925828125,4.919980925828125,3.4011973816621555,2019-10-14T00:35:54Z,2.4849066497880004,TypeScript,7.445417556701687,2.302585092994046,0.0,1.3862943611198906,1.0,0.0,2020-10-07T22:45:42Z,2020-11-17T14:44:58Z,1.0,4.110873864173311,6.368187186350492,4.356708826689592,3.8918202981106265,3.5263605246161616,30,1.24e+17,11.484505414105152,0.6931471805599453,0,0,1,0,1,0,0,0,0,0,0,1,0,0,0,0,0,0,1,0
68,73,1242,2020-10-07T21:42:28,Feature,Hours,Intermediate,https://github.com/ensdomains/address-encoder/issues/193,brantlymillegan,https://gitcoin.co/issue/23880,TypeScript,42.37,ensdomains,"Here is the encoding library: https://github.com/ensdomains/address-encoder

Example: https://github.com/ensdomains/address-encoder/pull/47/files

Discord for dev help: https://discord.com/invite/AskZbFx

Please provide a reference link so we can check you did the encoding correctly.

We'd like to keep the encoding library as small as possible, so please be efficient in your use of space.

We will likely be reviewing PRs and paying out bounties more or less on a weekly basis. No need to ping us to check your PR, we will definitely get to it.

Thanks for your help!",address-encoder,0,0.0,{},ETH,['https://github.com/ensdomains/address-encoder/pull/230'],1,4.882801922586371,4.919980925828125,4.919980925828125,3.4011973816621555,2019-10-14T00:35:54Z,2.4849066497880004,TypeScript,7.445417556701687,7.202661196523238,5.123963979403259,1.6094379124341003,3.0,0.0,2020-10-08T20:06:42Z,0,1.0,7.20414929203594,6.368187186350492,4.343805421853684,3.871201010907891,3.5263605246161616,30,1.24e+17,11.484505414105152,0.6931471805599453,0,0,1,0,1,0,0,0,0,0,0,1,0,0,0,0,0,0,1,0
69,74,1243,2020-10-07T21:41:17,Feature,Hours,Intermediate,https://github.com/ensdomains/address-encoder/issues/192,brantlymillegan,https://gitcoin.co/issue/23879,TypeScript,42.37,ensdomains,"Here is the encoding library: https://github.com/ensdomains/address-encoder

Example: https://github.com/ensdomains/address-encoder/pull/47/files

Discord for dev help: https://discord.com/invite/AskZbFx

Please provide a reference link so we can check you did the encoding correctly.

We'd like to keep the encoding library as small as possible, so please be efficient in your use of space.

We will likely be reviewing PRs and paying out bounties more or less on a weekly basis. No need to ping us to check your PR, we will definitely get to it.

Thanks for your help!",address-encoder,0,0.0,{},ETH,['https://github.com/ensdomains/address-encoder/pull/231'],1,4.882801922586371,4.919980925828125,4.919980925828125,3.4011973816621555,2019-10-14T00:35:54Z,2.4849066497880004,TypeScript,7.445417556701687,4.1588830833596715,1.3862943611198906,1.3862943611198906,7.0,8.0,2020-10-08T21:14:51Z,2020-12-15T15:02:55Z,1.0,7.254177846456518,6.368187186350492,4.330733340286331,3.8501476017100584,3.5263605246161616,30,1.24e+17,11.484505414105152,0.6931471805599453,0,0,1,0,1,0,0,0,0,0,0,1,0,0,0,0,0,0,1,0
70,75,1244,2020-10-07T21:40:10,Feature,Hours,Intermediate,https://github.com/ensdomains/address-encoder/issues/191,brantlymillegan,https://gitcoin.co/issue/23878,TypeScript,42.37,ensdomains,"Here is the encoding library: https://github.com/ensdomains/address-encoder

Example: https://github.com/ensdomains/address-encoder/pull/47/files

Discord for dev help: https://discord.com/invite/AskZbFx

Please provide a reference link so we can check you did the encoding correctly.

We'd like to keep the encoding library as small as possible, so please be efficient in your use of space.

We will likely be reviewing PRs and paying out bounties more or less on a weekly basis. No need to ping us to check your PR, we will definitely get to it.

Thanks for your help!",address-encoder,0,0.0,{},ETH,['https://github.com/ensdomains/address-encoder/pull/220'],1,4.882801922586371,4.919980925828125,4.919980925828125,3.4011973816621555,2019-10-14T00:35:54Z,2.4849066497880004,TypeScript,7.445417556701687,2.302585092994046,0.0,1.3862943611198906,1.0,0.0,2020-10-08T10:42:08Z,2020-11-17T14:29:04Z,1.0,6.661854740545311,6.368187186350492,4.31748811353631,3.828641396489095,3.5263605246161616,30,1.24e+17,11.484505414105152,0.6931471805599453,0,0,1,0,1,0,0,0,0,0,0,1,0,0,0,0,0,0,1,0
71,76,1245,2020-10-07T21:39:03,Feature,Hours,Intermediate,https://github.com/ensdomains/address-encoder/issues/190,brantlymillegan,https://gitcoin.co/issue/23877,TypeScript,42.37,ensdomains,"Here is the encoding library: https://github.com/ensdomains/address-encoder

Example: https://github.com/ensdomains/address-encoder/pull/47/files

Discord for dev help: https://discord.com/invite/AskZbFx

Please provide a reference link so we can check you did the encoding correctly.

We'd like to keep the encoding library as small as possible, so please be efficient in your use of space.

We will likely be reviewing PRs and paying out bounties more or less on a weekly basis. No need to ping us to check your PR, we will definitely get to it.

Thanks for your help!",address-encoder,0,0.0,{},ETH,['https://github.com/ensdomains/address-encoder/pull/218'],1,4.882801922586371,4.919980925828125,4.919980925828125,3.4011973816621555,2019-10-14T00:35:54Z,2.4849066497880004,TypeScript,7.445417556701687,2.3978952727983707,0.6931471805599453,1.3862943611198906,2.0,0.0,2020-10-08T01:04:46Z,2020-11-17T14:19:23Z,1.0,5.327876168789581,6.368187186350492,4.30406509320417,3.8066624897703196,3.5263605246161616,30,1.24e+17,11.484505414105152,0.6931471805599453,0,0,1,0,1,0,0,0,0,0,0,1,0,0,0,0,0,0,1,0
72,77,1246,2020-10-07T21:37:51,Feature,Hours,Intermediate,https://github.com/ensdomains/address-encoder/issues/189,brantlymillegan,https://gitcoin.co/issue/23876,TypeScript,42.37,ensdomains,"Here is the encoding library: https://github.com/ensdomains/address-encoder

Example: https://github.com/ensdomains/address-encoder/pull/47/files

Discord for dev help: https://discord.com/invite/AskZbFx

Please provide a reference link so we can check you did the encoding correctly.

We'd like to keep the encoding library as small as possible, so please be efficient in your use of space.

We will likely be reviewing PRs and paying out bounties more or less on a weekly basis. No need to ping us to check your PR, we will definitely get to it.

Thanks for your help!",address-encoder,0,0.0,{},ETH,['https://github.com/ensdomains/address-encoder/pull/212'],1,4.882801922586371,4.919980925828125,4.919980925828125,3.4011973816621555,2019-10-14T00:35:54Z,2.4849066497880004,TypeScript,7.445417556701687,2.995732273553991,0.0,1.3862943611198906,2.0,0.0,2020-10-07T22:23:58Z,2020-11-17T15:01:23Z,1.0,3.8501476017100584,6.368187186350492,4.290459441148391,3.784189633918261,3.5263605246161616,30,1.24e+17,11.484505414105152,0.6931471805599453,0,0,1,0,1,0,0,0,0,0,0,1,0,0,0,0,0,0,1,0
73,78,1247,2020-10-07T21:36:27,Feature,Hours,Intermediate,https://github.com/ensdomains/address-encoder/issues/188,brantlymillegan,https://gitcoin.co/issue/23875,TypeScript,42.37,ensdomains,"Here is the encoding library: https://github.com/ensdomains/address-encoder

Example: https://github.com/ensdomains/address-encoder/pull/47/files

Discord for dev help: https://discord.com/invite/AskZbFx

Please provide a reference link so we can check you did the encoding correctly.

We'd like to keep the encoding library as small as possible, so please be efficient in your use of space.

We will likely be reviewing PRs and paying out bounties more or less on a weekly basis. No need to ping us to check your PR, we will definitely get to it.

Thanks for your help!",address-encoder,0,0.0,{},ETH,['https://github.com/ensdomains/address-encoder/pull/229'],1,4.882801922586371,4.919980925828125,4.919980925828125,3.4011973816621555,2019-10-14T00:35:54Z,2.4849066497880004,TypeScript,7.445417556701687,5.313205979041787,7.146772179452637,1.9459101490553132,1.0,2.0,2020-10-08T19:59:25Z,2020-10-26T21:35:14Z,1.0,7.202661196523238,6.368187186350492,4.276666119016055,3.7612001156935624,3.5263605246161616,30,1.24e+17,11.484505414105152,0.6931471805599453,0,0,1,0,1,0,0,0,0,0,0,1,0,0,0,0,0,0,1,0
74,79,1248,2020-10-06T18:29:59,Feature,Hours,Intermediate,https://github.com/ensdomains/address-encoder/issues/162,brantlymillegan,https://gitcoin.co/issue/23867,encoding,42.26,ensdomains,"Here is the encoding library: https://github.com/ensdomains/address-encoder

Example: https://github.com/ensdomains/address-encoder/pull/47/files

Discord for dev help: https://discord.com/invite/AskZbFx

Please provide a reference link so we can check you did the encoding correctly.

**We'd like to keep the encoding library as small as possible, so please be efficient in your use of space. This is particularly important for this bounty.**

We will likely be reviewing PRs and paying out bounties more or less on a weekly basis. No need to ping us to check your PR, we will definitely get to it.

Thanks for your help!",address-encoder,0,0.0,{},ETH,['https://github.com/ensdomains/address-encoder/pull/210'],2,4.882801922586371,4.919980925828125,4.919980925828125,3.4011973816621555,2019-10-14T00:35:54Z,2.4849066497880004,TypeScript,7.445417556701687,5.484796933490655,0.0,1.6094379124341003,6.0,9.0,2020-10-07T21:45:17Z,2020-12-01T10:32:04Z,1.0,5.278114659230517,6.453624998892692,4.23410650459726,3.6888794541139363,3.5263605246161616,30,1.24e+17,11.484515702329764,1.0986122886681098,0,0,1,0,1,0,0,0,0,0,0,1,0,0,0,0,0,0,1,0
75,80,1249,2020-10-06T18:27:43,Feature,Hours,Intermediate,https://github.com/ensdomains/address-encoder/issues/159,brantlymillegan,https://gitcoin.co/issue/23866,encoding,42.26,ensdomains,"Here is the encoding library: https://github.com/ensdomains/address-encoder

Example: https://github.com/ensdomains/address-encoder/pull/47/files

Discord for dev help: https://discord.com/invite/AskZbFx

Please provide a reference link so we can check you did the encoding correctly.

We'd like to keep the encoding library as small as possible, so please be efficient in your use of space.

We will likely be reviewing PRs and paying out bounties more or less on a weekly basis. No need to ping us to check your PR, we will definitely get to it.

Thanks for your help!",address-encoder,0,0.0,{},ETH,['https://github.com/ensdomains/address-encoder/pull/184'],1,4.882801922586371,4.919980925828125,4.919980925828125,3.4011973816621555,2019-10-14T00:35:54Z,2.4849066497880004,TypeScript,7.445417556701687,2.302585092994046,0.0,1.3862943611198906,4.0,7.0,2020-10-06T22:00:35Z,2020-11-25T09:04:40Z,1.0,5.3612921657094255,6.368187186350492,4.219507705176107,3.6635616461296463,3.5263605246161616,30,1.24e+17,11.484515702329764,0.6931471805599453,0,0,1,0,1,0,0,0,0,0,0,1,0,0,0,0,0,0,1,0
76,81,1250,2020-10-06T18:26:18,Feature,Hours,Intermediate,https://github.com/ensdomains/address-encoder/issues/160,brantlymillegan,https://gitcoin.co/issue/23865,encoding,42.26,ensdomains,"Here is the encoding library: https://github.com/ensdomains/address-encoder

Example: https://github.com/ensdomains/address-encoder/pull/47/files

Discord for dev help: https://discord.com/invite/AskZbFx

Please provide a reference link so we can check you did the encoding correctly.

We'd like to keep the encoding library as small as possible, so please be efficient in your use of space.

We will likely be reviewing PRs and paying out bounties more or less on a weekly basis. No need to ping us to check your PR, we will definitely get to it.

Thanks for your help!",address-encoder,0,0.0,{},ETH,['https://github.com/ensdomains/address-encoder/pull/183'],1,4.882801922586371,4.919980925828125,4.919980925828125,3.4011973816621555,2019-10-14T00:35:54Z,2.4849066497880004,TypeScript,7.445417556701687,3.1780538303479458,0.0,1.3862943611198906,1.0,1.0,2020-10-06T21:40:51Z,0,1.0,5.272999558563747,6.368187186350492,4.204692619390966,3.6375861597263857,3.5263605246161616,30,1.24e+17,11.484515702329764,0.6931471805599453,0,0,1,0,1,0,0,0,0,0,0,1,0,0,0,0,0,0,1,0
77,82,1251,2020-10-06T18:23:45,Feature,Hours,Intermediate,https://github.com/ensdomains/address-encoder/issues/161,brantlymillegan,https://gitcoin.co/issue/23864,encoding,42.26,ensdomains,"Here is the encoding library: https://github.com/ensdomains/address-encoder

Example: https://github.com/ensdomains/address-encoder/pull/47/files

Discord for dev help: https://discord.com/invite/AskZbFx

Please provide a reference link so we can check you did the encoding correctly.

We'd like to keep the encoding library as small as possible, so please be efficient in your use of space.

We will likely be reviewing PRs and paying out bounties more or less on a weekly basis. No need to ping us to check your PR, we will definitely get to it.

Thanks for your help!",address-encoder,0,0.0,{},ETH,['https://github.com/ensdomains/address-encoder/pull/177'],1,4.882801922586371,4.919980925828125,4.919980925828125,3.4011973816621555,2019-10-14T00:35:54Z,2.4849066497880004,TypeScript,7.445417556701687,2.8903717578961645,0.0,1.3862943611198906,2.0,1.0,2020-10-06T20:02:31Z,2020-11-23T18:59:04Z,1.0,4.59511985013459,6.368187186350492,4.189654742026425,3.6109179126442243,3.5263605246161616,30,1.24e+17,11.484515702329764,0.6931471805599453,0,0,1,0,1,0,0,0,0,0,0,1,0,0,0,0,0,0,1,0
78,83,1252,2020-10-06T18:22:29,Feature,Hours,Intermediate,https://github.com/ensdomains/address-encoder/issues/163,brantlymillegan,https://gitcoin.co/issue/23863,encoding,42.26,ensdomains,"Here is the encoding library: https://github.com/ensdomains/address-encoder

Example: https://github.com/ensdomains/address-encoder/pull/47/files

Discord for dev help: https://discord.com/invite/AskZbFx

Please provide a reference link so we can check you did the encoding correctly.

We'd like to keep the encoding library as small as possible, so please be efficient in your use of space.

We will likely be reviewing PRs and paying out bounties more or less on a weekly basis. No need to ping us to check your PR, we will definitely get to it.

Thanks for your help!",address-encoder,0,0.0,{},ETH,['https://github.com/ensdomains/address-encoder/pull/182'],1,4.882801922586371,4.919980925828125,4.919980925828125,3.4011973816621555,2019-10-14T00:35:54Z,2.4849066497880004,TypeScript,7.445417556701687,3.6635616461296463,0.0,1.3862943611198906,3.0,3.0,2020-10-06T21:16:38Z,2020-11-23T19:42:38Z,1.0,5.1647859739235145,6.368187186350492,4.174387269895637,3.58351893845611,3.5263605246161616,30,1.24e+17,11.484515702329764,0.6931471805599453,0,0,1,0,1,0,0,0,0,0,0,1,0,0,0,0,0,0,1,0
79,84,1253,2020-10-06T18:19:38,Feature,Hours,Intermediate,https://github.com/ensdomains/address-encoder/issues/165,brantlymillegan,https://gitcoin.co/issue/23861,encoding,42.26,ensdomains,"Here is the encoding library: https://github.com/ensdomains/address-encoder

Example: https://github.com/ensdomains/address-encoder/pull/47/files

Discord for dev help: https://discord.com/invite/AskZbFx

Please provide a reference link so we can check you did the encoding correctly.

We'd like to keep the encoding library as small as possible, so please be efficient in your use of space.

We will likely be reviewing PRs and paying out bounties more or less on a weekly basis. No need to ping us to check your PR, we will definitely get to it.

Thanks for your help!",address-encoder,0,0.0,{},ETH,['https://github.com/ensdomains/address-encoder/pull/180'],2,4.882801922586371,4.919980925828125,4.919980925828125,3.4011973816621555,2019-10-14T00:35:54Z,2.4849066497880004,TypeScript,7.445417556701687,2.302585092994046,0.0,1.3862943611198906,4.0,4.0,2020-10-06T21:01:49Z,0,1.0,5.093750200806762,6.368187186350492,4.143134726391533,3.5263605246161616,3.5263605246161616,30,1.24e+17,11.484515702329764,1.0986122886681098,0,0,1,0,1,0,0,0,0,0,0,1,0,0,0,0,0,0,1,0
80,85,1254,2020-10-06T18:16:29,Feature,Hours,Intermediate,https://github.com/ensdomains/address-encoder/issues/167,brantlymillegan,https://gitcoin.co/issue/23859,encoding,42.26,ensdomains,"Here is the encoding library: https://github.com/ensdomains/address-encoder

Example: https://github.com/ensdomains/address-encoder/pull/47/files

Discord for dev help: https://discord.com/invite/AskZbFx

Please provide a reference link so we can check you did the encoding correctly.

We'd like to keep the encoding library as small as possible, so please be efficient in your use of space.

We will likely be reviewing PRs and paying out bounties more or less on a weekly basis. No need to ping us to check your PR, we will definitely get to it.

Thanks for your help!",address-encoder,0,0.0,{},ETH,['https://github.com/ensdomains/address-encoder/pull/235'],1,4.882801922586371,4.919980925828125,4.919980925828125,3.4011973816621555,2019-10-14T00:35:54Z,2.4849066497880004,TypeScript,7.445417556701687,4.68213122712422,0.0,1.3862943611198906,2.0,7.0,2020-10-09T14:32:09Z,2020-11-26T11:42:33Z,1.0,7.103322062526113,6.368187186350492,4.110873864173311,3.4657359027997265,3.5263605246161616,30,1.24e+17,11.484515702329764,0.6931471805599453,0,0,1,0,1,0,0,0,0,0,0,1,0,0,0,0,0,0,1,0
81,86,1255,2020-10-06T18:10:38,Feature,Hours,Intermediate,https://github.com/ensdomains/address-encoder/issues/168,brantlymillegan,https://gitcoin.co/issue/23858,encoding,42.26,ensdomains,"Here is the encoding library: https://github.com/ensdomains/address-encoder

Example: https://github.com/ensdomains/address-encoder/pull/47/files

Discord for dev help: https://discord.com/invite/AskZbFx

Please provide a reference link so we can check you did the encoding correctly.

We'd like to keep the encoding library as small as possible, so please be efficient in your use of space.

We will likely be reviewing PRs and paying out bounties more or less on a weekly basis. No need to ping us to check your PR, we will definitely get to it.

Thanks for your help!",address-encoder,0,0.0,{},ETH,['https://github.com/ensdomains/address-encoder/pull/181'],1,4.882801922586371,4.919980925828125,4.919980925828125,3.4011973816621555,2019-10-14T00:35:54Z,2.4849066497880004,TypeScript,7.445417556701687,2.3978952727983707,0.0,1.3862943611198906,1.0,0.0,2020-10-06T21:02:20Z,2020-11-23T18:57:08Z,1.0,5.147494476813453,6.368187186350492,4.0943445622221,3.4339872044851463,3.5263605246161616,30,1.24e+17,11.484515702329764,0.6931471805599453,0,0,1,0,1,0,0,0,0,0,0,1,0,0,0,0,0,0,1,0
82,87,1256,2020-10-06T18:08:10,Feature,Hours,Intermediate,https://github.com/ensdomains/address-encoder/issues/169,brantlymillegan,https://gitcoin.co/issue/23857,encoding,42.26,ensdomains,"Here is the encoding library: https://github.com/ensdomains/address-encoder

Example: https://github.com/ensdomains/address-encoder/pull/47/files

Discord for dev help: https://discord.com/invite/AskZbFx

Please provide a reference link so we can check you did the encoding correctly.

We'd like to keep the encoding library as small as possible, so please be efficient in your use of space.

We will likely be reviewing PRs and paying out bounties more or less on a weekly basis. No need to ping us to check your PR, we will definitely get to it.

Thanks for your help!",address-encoder,0,0.0,{},ETH,['https://github.com/ensdomains/address-encoder/pull/255'],2,4.882801922586371,4.919980925828125,4.919980925828125,3.4011973816621555,2019-10-14T00:35:54Z,2.4849066497880004,TypeScript,7.445417556701687,2.5649493574615367,0.0,1.3862943611198906,1.0,0.0,2020-12-07T17:13:43Z,2020-12-07T19:42:53Z,1.0,7.234177179749849,6.368187186350492,4.07753744390572,3.4011973816621555,3.5263605246161616,30,1.24e+17,11.484515702329764,1.0986122886681098,0,0,1,0,1,0,0,0,0,0,0,1,0,0,0,0,0,0,1,0
83,88,1257,2020-10-06T18:01:23,Feature,Hours,Intermediate,https://github.com/ensdomains/address-encoder/issues/170,brantlymillegan,https://gitcoin.co/issue/23856,encoding,42.26,ensdomains,"Here is the encoding library: https://github.com/ensdomains/address-encoder

Example: https://github.com/ensdomains/address-encoder/pull/47/files

Discord for dev help: https://discord.com/invite/AskZbFx

Please provide a reference link so we can check you did the encoding correctly.

We'd like to keep the encoding library as small as possible, so please be efficient in your use of space.

We will likely be reviewing PRs and paying out bounties more or less on a weekly basis. No need to ping us to check your PR, we will definitely get to it.

Thanks for your help!",address-encoder,0,0.0,{},ETH,['https://github.com/ensdomains/address-encoder/pull/256'],2,4.882801922586371,4.919980925828125,4.919980925828125,3.4011973816621555,2019-10-14T00:35:54Z,2.4849066497880004,TypeScript,7.445417556701687,2.3978952727983707,0.0,1.3862943611198906,1.0,0.0,2020-12-07T17:50:35Z,2020-12-07T19:40:47Z,1.0,7.265429723253953,6.368187186350492,4.060443010546419,3.367295829986474,3.5263605246161616,30,1.24e+17,11.484515702329764,1.0986122886681098,0,0,1,0,1,0,0,0,0,0,0,1,0,0,0,0,0,0,1,0
84,89,1259,2020-10-06T17:57:30,Feature,Hours,Intermediate,https://github.com/ensdomains/address-encoder/issues/171,brantlymillegan,https://gitcoin.co/issue/23854,encoding,42.26,ensdomains,"Here is the encoding library: https://github.com/ensdomains/address-encoder

Example: https://github.com/ensdomains/address-encoder/pull/47/files

Discord for dev help: https://discord.com/invite/AskZbFx

Please provide a reference link so we can check you did the encoding correctly.

We'd like to keep the encoding library as small as possible, so please be efficient in your use of space.

We will likely be reviewing PRs and paying out bounties more or less on a weekly basis. No need to ping us to check your PR, we will definitely get to it.

Thanks for your help!",address-encoder,0,0.0,{},ETH,['https://github.com/ensdomains/address-encoder/pull/236'],1,4.882801922586371,4.919980925828125,4.919980925828125,3.4011973816621555,2019-10-14T00:35:54Z,2.4849066497880004,TypeScript,7.445417556701687,4.997212273764115,2.6390573296152584,1.791759469228055,8.0,5.0,2020-10-09T21:07:12Z,2020-12-15T11:46:46Z,1.0,5.247024072160486,6.368187186350492,4.04305126783455,3.332204510175204,3.5263605246161616,30,1.24e+17,11.484515702329764,0.6931471805599453,0,0,1,0,1,0,0,0,0,0,0,1,0,0,0,0,0,0,1,0
85,90,1260,2020-10-06T17:56:02,Feature,Hours,Intermediate,https://github.com/ensdomains/address-encoder/issues/172,brantlymillegan,https://gitcoin.co/issue/23853,encoding,42.26,ensdomains,"Here is the encoding library: https://github.com/ensdomains/address-encoder

Example: https://github.com/ensdomains/address-encoder/pull/47/files

Discord for dev help: https://discord.com/invite/AskZbFx

Please provide a reference link so we can check you did the encoding correctly.

We'd like to keep the encoding library as small as possible, so please be efficient in your use of space.

We will likely be reviewing PRs and paying out bounties more or less on a weekly basis. No need to ping us to check your PR, we will definitely get to it.

Thanks for your help!",address-encoder,0,0.0,{},ETH,['https://github.com/ensdomains/address-encoder/pull/178'],1,4.882801922586371,4.919980925828125,4.919980925828125,3.4011973816621555,2019-10-14T00:35:54Z,2.4849066497880004,TypeScript,7.445417556701687,2.3978952727983707,0.6931471805599453,1.3862943611198906,3.0,2.0,2020-10-06T20:18:25Z,2020-11-23T11:07:26Z,1.0,4.962844630259907,6.368187186350492,4.02535169073515,3.295836866004329,3.5263605246161616,30,1.24e+17,11.484515702329764,0.6931471805599453,0,0,1,0,1,0,0,0,0,0,0,1,0,0,0,0,0,0,1,0
86,91,1264,2020-10-05T23:23:52,Feature,Hours,Intermediate,https://github.com/ensdomains/address-encoder/issues/145,brantlymillegan,https://gitcoin.co/issue/23847,encoding,43.83,ensdomains,"Here is the encoding library: https://github.com/ensdomains/address-encoder

Example: https://github.com/ensdomains/address-encoder/pull/47/files

Discord for dev help: https://discord.com/invite/AskZbFx

Please provide a reference link so we can check you did the encoding correctly.

We'd like to keep the encoding library as small as possible, so please be efficient in your use of space.

We will likely be reviewing PRs and paying out bounties more or less on a weekly basis. No need to ping us to check your PR, we will definitely get to it.

Thanks for your help!",address-encoder,0,0.0,{},ETH,['https://github.com/ensdomains/address-encoder/pull/250'],2,4.882801922586371,4.919980925828125,4.919980925828125,3.4011973816621555,2019-10-14T00:35:54Z,2.4849066497880004,TypeScript,7.445417556701687,3.828641396489095,0.0,1.3862943611198906,1.0,0.0,2020-12-02T12:43:33Z,2020-12-03T11:33:17Z,1.0,6.684611727667927,6.368187186350492,4.007333185232471,3.258096538021482,3.5263605246161616,30,1.24e+17,11.48452599044853,1.0986122886681098,0,0,1,0,1,0,0,0,0,0,0,1,0,0,0,0,0,0,1,0
87,92,1265,2020-10-05T23:23:00,Feature,Hours,Intermediate,https://github.com/ensdomains/address-encoder/issues/144,brantlymillegan,https://gitcoin.co/issue/23846,encoding,43.83,ensdomains,"Here is the encoding library: https://github.com/ensdomains/address-encoder

Example: https://github.com/ensdomains/address-encoder/pull/47/files

Discord for dev help: https://discord.com/invite/AskZbFx

Please provide a reference link so we can check you did the encoding correctly.

We'd like to keep the encoding library as small as possible, so please be efficient in your use of space.

We will likely be reviewing PRs and paying out bounties more or less on a weekly basis. No need to ping us to check your PR, we will definitely get to it.

Thanks for your help!",address-encoder,0,0.0,{},ETH,['https://github.com/ensdomains/address-encoder/pull/153'],1,4.882801922586371,4.919980925828125,4.919980925828125,3.4011973816621555,2019-10-14T00:35:54Z,2.4849066497880004,TypeScript,7.445417556701687,3.332204510175204,0.0,1.3862943611198906,6.0,1.0,2020-10-06T08:56:29Z,2020-11-24T20:19:13Z,1.0,6.352629396319567,6.368187186350492,3.9889840465642745,3.2188758248682006,3.5263605246161616,30,1.24e+17,11.48452599044853,0.6931471805599453,0,0,1,0,1,0,0,0,0,0,0,1,0,0,0,0,0,0,1,0
88,93,1266,2020-10-05T23:21:55,Feature,Hours,Intermediate,https://github.com/ensdomains/address-encoder/issues/143,brantlymillegan,https://gitcoin.co/issue/23845,encoding,43.83,ensdomains,"Here is the encoding library: https://github.com/ensdomains/address-encoder

Example: https://github.com/ensdomains/address-encoder/pull/47/files

Discord for dev help: https://discord.com/invite/AskZbFx

Please provide a reference link so we can check you did the encoding correctly.

We'd like to keep the encoding library as small as possible, so please be efficient in your use of space.

We will likely be reviewing PRs and paying out bounties more or less on a weekly basis. No need to ping us to check your PR, we will definitely get to it.

Thanks for your help!",address-encoder,0,0.0,{},ETH,['https://github.com/ensdomains/address-encoder/pull/150'],1,4.882801922586371,4.919980925828125,4.919980925828125,3.4011973816621555,2019-10-14T00:35:54Z,2.4849066497880004,TypeScript,7.445417556701687,3.8066624897703196,1.6094379124341003,1.3862943611198906,6.0,3.0,2020-10-06T03:36:10Z,2020-11-26T15:16:32Z,1.0,5.541263545158426,6.368187186350492,3.970291913552122,3.1780538303479458,3.5263605246161616,30,1.24e+17,11.48452599044853,0.6931471805599453,0,0,1,0,1,0,0,0,0,0,0,1,0,0,0,0,0,0,1,0
89,94,1267,2020-10-05T23:20:36,Feature,Hours,Intermediate,https://github.com/ensdomains/address-encoder/issues/142,brantlymillegan,https://gitcoin.co/issue/23844,encoding,43.83,ensdomains,"Here is the encoding library: https://github.com/ensdomains/address-encoder

Example: https://github.com/ensdomains/address-encoder/pull/47/files

Discord for dev help: https://discord.com/invite/AskZbFx

Please provide a reference link so we can check you did the encoding correctly.

We'd like to keep the encoding library as small as possible, so please be efficient in your use of space.

We will likely be reviewing PRs and paying out bounties more or less on a weekly basis. No need to ping us to check your PR, we will definitely get to it.

Thanks for your help!",address-encoder,0,0.0,{},ETH,['https://github.com/ensdomains/address-encoder/pull/149'],3,4.882801922586371,4.919980925828125,4.919980925828125,3.4011973816621555,2019-10-14T00:35:54Z,2.4849066497880004,TypeScript,7.445417556701687,3.1354942159291497,2.5649493574615367,1.3862943611198906,3.0,2.0,2020-10-06T02:52:13Z,2020-11-26T08:54:54Z,1.0,5.356586274672012,6.368187186350492,3.9512437185814275,3.091042453358316,3.5263605246161616,30,1.24e+17,11.48452599044853,1.3862943611198906,0,0,1,0,1,0,0,0,0,0,0,1,0,0,0,0,0,0,1,0
90,95,1268,2020-10-05T23:19:46,Feature,Hours,Intermediate,https://github.com/ensdomains/address-encoder/issues/141,brantlymillegan,https://gitcoin.co/issue/23843,encoding,43.83,ensdomains,"Here is the encoding library: https://github.com/ensdomains/address-encoder

Example: https://github.com/ensdomains/address-encoder/pull/47/files

Discord for dev help: https://discord.com/invite/AskZbFx

Please provide a reference link so we can check you did the encoding correctly.

We'd like to keep the encoding library as small as possible, so please be efficient in your use of space.

We will likely be reviewing PRs and paying out bounties more or less on a weekly basis. No need to ping us to check your PR, we will definitely get to it.

Thanks for your help!",address-encoder,0,0.0,{},ETH,['https://github.com/ensdomains/address-encoder/pull/173'],2,4.882801922586371,4.919980925828125,4.919980925828125,3.4011973816621555,2019-10-14T00:35:54Z,2.4849066497880004,TypeScript,7.445417556701687,2.302585092994046,0.0,1.3862943611198906,3.0,0.0,2020-10-06T19:08:38Z,2020-11-25T10:03:27Z,1.0,7.080867896690782,6.368187186350492,3.9318256327243257,3.044522437723423,3.5263605246161616,30,1.24e+17,11.48452599044853,1.0986122886681098,0,0,1,0,1,0,0,0,0,0,0,1,0,0,0,0,0,0,1,0
91,96,1269,2020-10-05T23:18:41,Feature,Hours,Intermediate,https://github.com/ensdomains/address-encoder/issues/140,brantlymillegan,https://gitcoin.co/issue/23842,encoding,43.83,ensdomains,"Here is the encoding library: https://github.com/ensdomains/address-encoder

Example: https://github.com/ensdomains/address-encoder/pull/47/files

Discord for dev help: https://discord.com/invite/AskZbFx

Please provide a reference link so we can check you did the encoding correctly.

We'd like to keep the encoding library as small as possible, so please be efficient in your use of space.

We will likely be reviewing PRs and paying out bounties more or less on a weekly basis. No need to ping us to check your PR, we will definitely get to it.

Thanks for your help!",address-encoder,0,0.0,{},ETH,['https://github.com/ensdomains/address-encoder/pull/152'],1,4.882801922586371,4.919980925828125,4.919980925828125,3.4011973816621555,2019-10-14T00:35:54Z,2.4849066497880004,TypeScript,7.445417556701687,2.3978952727983707,0.0,1.3862943611198906,3.0,3.0,2020-10-06T05:12:42Z,2020-12-01T10:38:50Z,1.0,5.872117789475416,6.368187186350492,3.912023005428146,2.995732273553991,3.5263605246161616,30,1.24e+17,11.48452599044853,0.6931471805599453,0,0,1,0,1,0,0,0,0,0,0,1,0,0,0,0,0,0,1,0
92,97,1270,2020-10-05T23:17:42,Feature,Hours,Intermediate,https://github.com/ensdomains/address-encoder/issues/139,brantlymillegan,https://gitcoin.co/issue/23841,encoding,43.83,ensdomains,"Here is the encoding library: https://github.com/ensdomains/address-encoder

Example: https://github.com/ensdomains/address-encoder/pull/47/files

Discord for dev help: https://discord.com/invite/AskZbFx

Please provide a reference link so we can check you did the encoding correctly.

We'd like to keep the encoding library as small as possible, so please be efficient in your use of space.

We will likely be reviewing PRs and paying out bounties more or less on a weekly basis. No need to ping us to check your PR, we will definitely get to it.

Thanks for your help!",address-encoder,0,0.0,{},ETH,['https://github.com/ensdomains/address-encoder/pull/155'],1,4.882801922586371,4.919980925828125,4.919980925828125,3.4011973816621555,2019-10-14T00:35:54Z,2.4849066497880004,TypeScript,7.445417556701687,2.302585092994046,0.0,1.3862943611198906,5.0,4.0,2020-10-06T12:16:25Z,2020-11-24T20:19:38Z,1.0,6.658011045870748,6.368187186350492,3.8918202981106265,2.9444389791664403,3.5263605246161616,30,1.24e+17,11.48452599044853,0.6931471805599453,0,0,1,0,1,0,0,0,0,0,0,1,0,0,0,0,0,0,1,0
93,98,1271,2020-10-05T23:16:56,Feature,Hours,Intermediate,https://github.com/ensdomains/address-encoder/issues/138,brantlymillegan,https://gitcoin.co/issue/23840,encoding,43.83,ensdomains,"Here is the encoding library: https://github.com/ensdomains/address-encoder

Example: https://github.com/ensdomains/address-encoder/pull/47/files

Discord for dev help: https://discord.com/invite/AskZbFx

Please provide a reference link so we can check you did the encoding correctly.

We'd like to keep the encoding library as small as possible, so please be efficient in your use of space.

We will likely be reviewing PRs and paying out bounties more or less on a weekly basis. No need to ping us to check your PR, we will definitely get to it.

Thanks for your help!",address-encoder,0,0.0,{},ETH,['https://github.com/ensdomains/address-encoder/pull/237'],1,4.882801922586371,4.919980925828125,4.919980925828125,3.4011973816621555,2019-10-14T00:35:54Z,2.4849066497880004,TypeScript,7.445417556701687,2.3978952727983707,0.0,1.3862943611198906,1.0,0.0,2020-10-10T17:57:01Z,2020-10-26T11:04:32Z,1.0,7.02197642307216,6.368187186350492,3.871201010907891,2.8903717578961645,3.5263605246161616,30,1.24e+17,11.48452599044853,0.6931471805599453,0,0,1,0,1,0,0,0,0,0,0,1,0,0,0,0,0,0,1,0
94,99,1272,2020-10-05T23:16:04,Feature,Hours,Intermediate,https://github.com/ensdomains/address-encoder/issues/137,brantlymillegan,https://gitcoin.co/issue/23839,encoding,43.83,ensdomains,"Here is the encoding library: https://github.com/ensdomains/address-encoder

Example: https://github.com/ensdomains/address-encoder/pull/47/files

Discord for dev help: https://discord.com/invite/AskZbFx

Please provide a reference link so we can check you did the encoding correctly.

We'd like to keep the encoding library as small as possible, so please be efficient in your use of space.

We will likely be reviewing PRs and paying out bounties more or less on a weekly basis. No need to ping us to check your PR, we will definitely get to it.

Thanks for your help!",address-encoder,0,0.0,{},ETH,['https://github.com/ensdomains/address-encoder/pull/158'],1,4.882801922586371,4.919980925828125,4.919980925828125,3.4011973816621555,2019-10-14T00:35:54Z,2.4849066497880004,TypeScript,7.445417556701687,2.302585092994046,0.0,1.3862943611198906,4.0,1.0,2020-10-06T15:48:46Z,2020-11-24T09:46:45Z,1.0,6.900730664045173,6.368187186350492,3.8501476017100584,2.833213344056216,3.5263605246161616,30,1.24e+17,11.48452599044853,0.6931471805599453,0,0,1,0,1,0,0,0,0,0,0,1,0,0,0,0,0,0,1,0
95,100,1273,2020-10-05T23:14:20,Feature,Hours,Intermediate,https://github.com/ensdomains/address-encoder/issues/136,brantlymillegan,https://gitcoin.co/issue/23838,encoding,43.83,ensdomains,"Here is the encoding library: https://github.com/ensdomains/address-encoder

Example: https://github.com/ensdomains/address-encoder/pull/47/files

Discord for dev help: https://discord.com/invite/AskZbFx

Please provide a reference link so we can check you did the encoding correctly.

We'd like to keep the encoding library as small as possible, so please be efficient in your use of space.

We will likely be reviewing PRs and paying out bounties more or less on a weekly basis. No need to ping us to check your PR, we will definitely get to it.

Thanks for your help!",address-encoder,0,0.0,{},ETH,['https://github.com/ensdomains/address-encoder/pull/156'],1,4.882801922586371,4.919980925828125,4.919980925828125,3.4011973816621555,2019-10-14T00:35:54Z,2.4849066497880004,TypeScript,7.445417556701687,2.302585092994046,0.0,1.3862943611198906,4.0,2.0,2020-10-06T12:52:50Z,2020-11-24T09:47:56Z,1.0,6.70808408385307,6.368187186350492,3.828641396489095,2.772588722239781,3.5263605246161616,30,1.24e+17,11.48452599044853,0.6931471805599453,0,0,1,0,1,0,0,0,0,0,0,1,0,0,0,0,0,0,1,0
96,101,1274,2020-10-05T23:12:32,Feature,Hours,Intermediate,https://github.com/ensdomains/address-encoder/issues/135,brantlymillegan,https://gitcoin.co/issue/23837,encoding,43.83,ensdomains,"Here is the encoding library: https://github.com/ensdomains/address-encoder

Example: https://github.com/ensdomains/address-encoder/pull/47/files

Discord for dev help: https://discord.com/invite/AskZbFx

Please provide a reference link so we can check you did the encoding correctly.

We'd like to keep the encoding library as small as possible, so please be efficient in your use of space.

We will likely be reviewing PRs and paying out bounties more or less on a weekly basis. No need to ping us to check your PR, we will definitely get to it.

Thanks for your help!",address-encoder,0,0.0,{},ETH,['https://github.com/ensdomains/address-encoder/pull/251'],2,4.882801922586371,4.919980925828125,4.919980925828125,3.4011973816621555,2019-10-14T00:35:54Z,2.4849066497880004,TypeScript,7.445417556701687,3.9512437185814275,4.770684624465665,1.791759469228055,4.0,4.0,2020-12-02T14:33:25Z,2020-12-14T09:34:59Z,1.0,6.825460036255307,6.368187186350492,3.8066624897703196,2.70805020110221,3.5263605246161616,30,1.24e+17,11.48452599044853,1.0986122886681098,0,0,1,0,1,0,0,0,0,0,0,1,0,0,0,0,0,0,1,0
97,102,1276,2020-10-05T11:08:10,Feature,Hours,Intermediate,https://github.com/hcaptcha/telegram-bot/issues/6,uivlis,https://gitcoin.co/issue/23829,"Python,HTML,CSS,Mako,Dockerfile,Shell",212.09,hcaptcha,"We need to add a command to the telegram bot that would pop up some details about the users in the room. Things to show:
- [x] percentage of humans/bots from entire pool
- [x] Bonus points: countries of users
- [ ] Bonus points: cool statistics from telegram",telegram-bot,0,0.0,{},ETH,['https://github.com/hCaptcha/telegram-bot/pull/10'],1,2.995732273553991,3.828641396489095,3.828641396489095,2.0794415416798357,2019-12-06T00:43:08Z,2.1972245773362196,Others,7.952615111651,6.553933404025811,4.875197323201151,3.1354942159291497,27.0,28.0,2020-10-10T09:27:53Z,2020-11-06T17:53:11Z,1.0,7.200424892944957,5.568344503761097,1.6094379124341003,0.6931471805599453,3.5263605246161616,26,6e+17,11.484536278461452,0.6931471805599453,0,0,1,0,1,0,0,0,0,0,0,1,0,0,0,0,0,1,0,0
98,103,1281,2020-10-02T22:13:09,Feature,Hours,Intermediate,https://github.com/ensdomains/address-encoder/issues/116,brantlymillegan,https://gitcoin.co/issue/23814,encoding,42.86,ensdomains,"Here is the encoding library: https://github.com/ensdomains/address-encoder

Example: https://github.com/ensdomains/address-encoder/pull/47/files

Discord for dev help: https://discord.com/invite/AskZbFx

Please provide a reference link so we can check you did the encoding correctly.

We'd like to keep the encoding library as small as possible, so please be efficient in your use of space.",address-encoder,0,0.0,{},ETH,['https://github.com/ensdomains/address-encoder/pull/147'],1,4.882801922586371,4.919980925828125,4.919980925828125,3.4011973816621555,2019-10-14T00:35:54Z,2.4849066497880004,TypeScript,7.445417556701687,2.302585092994046,0.0,1.3862943611198906,12.0,2.0,2020-10-06T02:19:05Z,2020-11-26T08:52:03Z,1.0,5.5053315359323625,5.991464547107982,3.784189633918261,2.4849066497880004,3.5263605246161616,30,1.24e+17,11.484556854169771,0.6931471805599453,0,0,1,0,1,0,0,0,0,0,0,1,0,0,0,0,0,0,1,0
99,104,1282,2020-10-02T22:08:16,Feature,Hours,Intermediate,https://github.com/ensdomains/address-encoder/issues/102,brantlymillegan,https://gitcoin.co/issue/23813,encoding,42.86,ensdomains,"Here is the encoding library: https://github.com/ensdomains/address-encoder

Example: https://github.com/ensdomains/address-encoder/pull/47/files

Discord for dev help: https://discord.com/invite/AskZbFx

Please provide a reference link so we can check you did the encoding correctly.

We'd like to keep the encoding library as small as possible, so please be efficient in your use of space.",address-encoder,0,0.0,{},ETH,['https://github.com/ensdomains/address-encoder/pull/274'],1,4.882801922586371,4.919980925828125,4.919980925828125,3.4011973816621555,2019-10-14T00:35:54Z,2.4849066497880004,TypeScript,7.445417556701687,2.302585092994046,0.0,1.3862943611198906,1.0,2.0,2020-12-17T21:24:54Z,2020-12-18T15:53:31Z,1.0,7.242082359256962,5.991464547107982,3.7612001156935624,2.302585092994046,3.5263605246161616,30,1.24e+17,11.484556854169771,0.6931471805599453,0,0,1,0,1,0,0,0,0,0,0,1,0,0,0,0,0,0,1,0
100,105,1283,2020-10-02T22:05:32,Feature,Hours,Intermediate,https://github.com/ensdomains/address-encoder/issues/104,brantlymillegan,https://gitcoin.co/issue/23811,encoding,42.86,ensdomains,"Here is the encoding library: https://github.com/ensdomains/address-encoder

Example: https://github.com/ensdomains/address-encoder/pull/47/files

Discord for dev help: https://discord.com/invite/AskZbFx

Please provide a reference link so we can check you did the encoding correctly.

We'd like to keep the encoding library as small as possible, so please be efficient in your use of space.",address-encoder,0,0.0,{},ETH,['https://github.com/ensdomains/address-encoder/pull/259'],2,4.882801922586371,4.919980925828125,4.919980925828125,3.4011973816621555,2019-10-14T00:35:54Z,2.4849066497880004,TypeScript,7.445417556701687,2.4849066497880004,0.0,1.3862943611198906,2.0,0.0,2020-12-11T18:56:41Z,2020-12-14T10:30:31Z,1.0,7.132497551660044,5.991464547107982,3.713572066704308,2.1972245773362196,3.5263605246161616,30,1.24e+17,11.484556854169771,1.0986122886681098,0,0,1,0,1,0,0,0,0,0,0,1,0,0,0,0,0,0,1,0
101,106,1284,2020-10-02T21:49:17,Feature,Hours,Intermediate,https://github.com/ensdomains/address-encoder/issues/107,brantlymillegan,https://gitcoin.co/issue/23808,encoding,42.86,ensdomains,"Here is the encoding library: https://github.com/ensdomains/address-encoder

Example: https://github.com/ensdomains/address-encoder/pull/47/files

Discord for dev help: https://discord.com/invite/AskZbFx

Please provide a reference link so we can check you did the encoding correctly.

We'd like to keep the encoding library as small as possible, so please be efficient in your use of space.",address-encoder,0,0.0,{},ETH,['https://github.com/ensdomains/address-encoder/pull/261'],2,4.882801922586371,4.919980925828125,4.919980925828125,3.4011973816621555,2019-10-14T00:35:54Z,2.4849066497880004,TypeScript,7.445417556701687,4.127134385045092,4.770684624465665,1.791759469228055,5.0,0.0,2020-12-13T14:45:52Z,2020-12-14T10:34:53Z,1.0,6.92461239604856,5.991464547107982,3.6375861597263857,2.0794415416798357,3.5263605246161616,30,1.24e+17,11.484556854169771,1.0986122886681098,0,0,1,0,1,0,0,0,0,0,0,1,0,0,0,0,0,0,1,0
102,107,1285,2020-10-02T21:47:33,Feature,Hours,Intermediate,https://github.com/ensdomains/address-encoder/issues/109,brantlymillegan,https://gitcoin.co/issue/23807,encoding,42.86,ensdomains,"Here is the encoding library: https://github.com/ensdomains/address-encoder

Example: https://github.com/ensdomains/address-encoder/pull/47/files

Discord for dev help: https://discord.com/invite/AskZbFx

Please provide a reference link so we can check you did the encoding correctly.

We'd like to keep the encoding library as small as possible, so please be efficient in your use of space.",address-encoder,0,0.0,{},ETH,['https://github.com/ensdomains/address-encoder/pull/260'],2,4.882801922586371,4.919980925828125,4.919980925828125,3.4011973816621555,2019-10-14T00:35:54Z,2.4849066497880004,TypeScript,7.445417556701687,2.3978952727983707,0.0,1.3862943611198906,2.0,1.0,2020-12-11T19:58:25Z,2020-12-15T15:59:12Z,1.0,7.193685818395112,5.991464547107982,3.6109179126442243,1.9459101490553132,3.5263605246161616,30,1.24e+17,11.484556854169771,1.0986122886681098,0,0,1,0,1,0,0,0,0,0,0,1,0,0,0,0,0,0,1,0
103,108,1286,2020-10-02T21:24:27,Feature,Hours,Intermediate,https://github.com/ensdomains/address-encoder/issues/114,brantlymillegan,https://gitcoin.co/issue/23802,encoding,42.86,ensdomains,"Here is the encoding library: https://github.com/ensdomains/address-encoder

Example: https://github.com/ensdomains/address-encoder/pull/47/files

Discord for dev help: https://discord.com/invite/AskZbFx

Please provide a reference link so we can check you did the encoding correctly.

We'd like to keep the encoding library as small as possible, so please be efficient in your use of space.",address-encoder,0,0.0,{},ETH,['https://github.com/ensdomains/address-encoder/pull/133'],2,4.882801922586371,4.919980925828125,4.919980925828125,3.4011973816621555,2019-10-14T00:35:54Z,2.4849066497880004,TypeScript,7.445417556701687,3.4657359027997265,0.0,1.3862943611198906,2.0,2.0,2020-10-05T01:24:47Z,2020-11-26T08:49:05Z,1.0,5.484796933490655,5.991464547107982,3.4657359027997265,1.791759469228055,3.5263605246161616,30,1.24e+17,11.484556854169771,1.0986122886681098,0,0,1,0,1,0,0,0,0,0,0,1,0,0,0,0,0,0,1,0
104,109,1289,2020-09-27T14:34:01,Improvement,Hours,Intermediate,https://github.com/hcaptcha/telegram-bot/issues/3,uivlis,https://gitcoin.co/issue/23780,"Python,HTML,CSS,Mako,Dockerfile,Shell",178.74,hcaptcha,"The bot is spammy. We should delete messages after being posted.


Deleting messages feel like a good next move to address the bot dominating the channel.

Based on the official documentation: ""A message can only be deleted if it was sent less than 48 hours ago"".
Based on the suggested usage, I think this limitation will allow us to remove a good chunk of the messages after verification

Since captchas expire much faster we should be fine.",telegram-bot,0,0.0,{},ETH,['https://github.com/hCaptcha/telegram-bot/pull/5'],1,2.995732273553991,3.828641396489095,3.828641396489095,2.0794415416798357,2019-12-06T00:43:08Z,2.1972245773362196,Others,7.952615111651,5.673323267171493,2.70805020110221,2.8903717578961645,4.0,24.0,2020-10-01T09:26:09Z,2020-10-16T21:39:39Z,1.0,7.0326242610280065,6.113682179832232,1.3862943611198906,0.6931471805599453,3.5263605246161616,26,5e+17,11.484618578754693,0.6931471805599453,0,0,1,0,1,0,0,0,0,0,0,0,1,0,0,0,0,1,0,0
105,110,1292,2020-09-23T16:48:32,0,Days,Advanced,https://github.com/gitcoinco/web/issues/7512,owocki,https://gitcoin.co/issue/23762,"Python,HTML,CSS",160.13,gitcoinco,"http://localhost:8000/grants/collections?collection_id=1

the twitter unfurl image for this page should be an collage of the first 4 grants' images in the cart.



on-site it already looks good: 



please use PIL to make it so!",web,0,0.0,{},ETH,['https://github.com/gitcoinco/web/pull/7587'],1,6.728628613084702,7.396948602621014,7.396948602621014,6.444131256700441,2017-07-10T10:53:45Z,4.532599493153256,JavaScript,13.991201849715411,4.976733742420574,2.70805020110221,1.9459101490553132,10.0,4.0,2020-10-02T06:26:51Z,2020-11-25T13:19:29Z,1.0,6.70808408385307,5.476463551931511,7.30854279753919,5.241747015059643,11.673274040953775,117281,5e+17,11.484659726361452,0.6931471805599453,1,0,0,1,0,0,0,0,0,0,0,0,0,0,0,0,1,0,0,0
106,111,1293,2020-09-23T15:46:00,Bug,Days,Intermediate,https://github.com/matter-labs/web3swift/issues/257,skywinder,https://gitcoin.co/issue/23761,Swift,32.03,matter-labs,"Look at the ending of `testByBIP32keystoreSaveAndDeriva` for details:

```swift
// This will fail. It wont fail if use scrypt from pod 'scrypt', '2.0', not from CryptoSwift
        XCTAssert(keystore?.addresses![0] == recreatedStore?.addresses![1])
        XCTAssert(keystore?.addresses![1] == recreatedStore?.addresses![0])
```
Adressed switched their position after serialisation (by native `JSONEncoder().encode(params)`
works fine when you run single test and mix them, when run. test suite.",web3swift,0,0.0,{},ETH,['https://github.com/matter-labs/web3swift/issues/257'],1,5.872117789475416,6.542471960506805,6.542471960506805,3.912023005428146,2018-08-13T15:12:05Z,3.1780538303479458,JavaScript,11.00421427088809,7.822444729489319,6.695798917058491,3.367295829986474,30.0,0.0,2018-08-13T15:12:05Z,0,1.0,7.249215057114389,6.222576268071369,2.302585092994046,1.791759469228055,8.069342366811636,3208,1e+17,3.4011973816621555,0.6931471805599453,0,0,1,1,0,0,0,1,0,0,0,0,0,0,0,0,1,0,0,0
107,112,1296,2020-09-22T19:02:14,Feature,Hours,Intermediate,https://github.com/ensdomains/address-encoder/issues/84,brantlymillegan,https://gitcoin.co/issue/23755,encoding,42.67,ensdomains,"Here is the encoding library: https://github.com/ensdomains/address-encoder

Example: https://github.com/ensdomains/address-encoder/pull/47/files

Discord for dev help: https://discord.com/invite/AskZbFx

Please provide a reference link so we can check you did the encoding correctly.

We'd like to keep the encoding library as small as possible, so please be efficient in your use of space.",address-encoder,0,0.0,{},ETH,['https://github.com/ensdomains/address-encoder/pull/88'],1,4.882801922586371,4.919980925828125,4.919980925828125,3.4011973816621555,2019-10-14T00:35:54Z,2.4849066497880004,TypeScript,7.445417556701687,4.0943445622221,0.0,1.3862943611198906,4.0,0.0,2020-09-23T19:27:33Z,2020-09-24T02:31:16Z,1.0,3.258096538021482,5.991464547107982,3.367295829986474,1.6094379124341003,3.5263605246161616,30,1.24e+17,3.1780538303479458,0.6931471805599453,0,0,1,0,1,0,0,0,0,0,0,1,0,0,0,0,0,0,1,0
108,113,1297,2020-09-22T19:00:54,Feature,Hours,Intermediate,https://github.com/ensdomains/address-encoder/issues/83,brantlymillegan,https://gitcoin.co/issue/23754,encoding,42.67,ensdomains,"Here is the encoding library: https://github.com/ensdomains/address-encoder

Example: https://github.com/ensdomains/address-encoder/pull/47/files

Discord for dev help: https://discord.com/invite/AskZbFx

Please provide a reference link so we can check you did the encoding correctly.

We'd like to keep the encoding library as small as possible, so please be efficient in your use of space.",address-encoder,0,0.0,{},ETH,['https://github.com/ensdomains/address-encoder/pull/93'],1,4.882801922586371,4.919980925828125,4.919980925828125,3.4011973816621555,2019-10-14T00:35:54Z,2.4849066497880004,TypeScript,7.445417556701687,4.3694478524670215,3.58351893845611,1.791759469228055,3.0,2.0,2020-09-26T18:20:19Z,2020-10-02T01:38:13Z,1.0,7.24422751560335,5.991464547107982,3.332204510175204,1.6094379124341003,3.5263605246161616,30,1.24e+17,3.1780538303479458,0.6931471805599453,0,0,1,0,1,0,0,0,0,0,0,1,0,0,0,0,0,0,1,0
109,114,1298,2020-09-22T19:00:02,Feature,Hours,Intermediate,https://github.com/ensdomains/address-encoder/issues/82,brantlymillegan,https://gitcoin.co/issue/23753,encoding,42.67,ensdomains,"Here is the encoding library: https://github.com/ensdomains/address-encoder

Example: https://github.com/ensdomains/address-encoder/pull/47/files

Discord for dev help: https://discord.com/invite/AskZbFx

Please provide a reference link so we can check you did the encoding correctly.

We'd like to keep the encoding library as small as possible, so please be efficient in your use of space.",address-encoder,0,0.0,{},ETH,['https://github.com/ensdomains/address-encoder/pull/97'],1,4.882801922586371,4.919980925828125,4.919980925828125,3.4011973816621555,2019-10-14T00:35:54Z,2.4849066497880004,TypeScript,7.445417556701687,3.8066624897703196,1.0986122886681098,1.3862943611198906,3.0,0.0,2020-09-29T07:48:55Z,2020-10-02T01:21:26Z,1.0,6.645090969505644,5.991464547107982,3.295836866004329,1.6094379124341003,3.5263605246161616,30,1.24e+17,3.1780538303479458,0.6931471805599453,0,0,1,0,1,0,0,0,0,0,0,1,0,0,0,0,0,0,1,0
110,115,1299,2020-09-22T18:58:17,Feature,Hours,Intermediate,https://github.com/ensdomains/address-encoder/issues/81,brantlymillegan,https://gitcoin.co/issue/23752,encoding,42.67,ensdomains,"Here is the encoding library: https://github.com/ensdomains/address-encoder

Example: https://github.com/ensdomains/address-encoder/pull/47/files

Discord for dev help: https://discord.com/invite/AskZbFx

Please provide a reference link so we can check you did the encoding correctly.

We'd like to keep the encoding library as small as possible, so please be efficient in your use of space.",address-encoder,0,0.0,{},ETH,['https://github.com/ensdomains/address-encoder/pull/86'],2,4.882801922586371,4.919980925828125,4.919980925828125,3.4011973816621555,2019-10-14T00:35:54Z,2.4849066497880004,TypeScript,7.445417556701687,2.302585092994046,0.0,1.3862943611198906,4.0,3.0,2020-09-22T20:46:02Z,2020-09-28T02:26:22Z,1.0,4.68213122712422,5.991464547107982,3.258096538021482,1.6094379124341003,3.5263605246161616,30,1.24e+17,3.1780538303479458,1.0986122886681098,0,0,1,0,1,0,0,0,0,0,0,1,0,0,0,0,0,0,1,0
111,116,1300,2020-09-22T18:57:35,Feature,Hours,Intermediate,https://github.com/ensdomains/address-encoder/issues/80,brantlymillegan,https://gitcoin.co/issue/23751,encoding,42.67,ensdomains,"Here is the encoding library: https://github.com/ensdomains/address-encoder

Example: https://github.com/ensdomains/address-encoder/pull/47/files

Discord for dev help: https://discord.com/invite/AskZbFx

Please provide a reference link so we can check you did the encoding correctly.

We'd like to keep the encoding library as small as possible, so please be efficient in your use of space.",address-encoder,0,0.0,{},ETH,['https://github.com/ensdomains/address-encoder/pull/90'],1,4.882801922586371,4.919980925828125,4.919980925828125,3.4011973816621555,2019-10-14T00:35:54Z,2.4849066497880004,TypeScript,7.445417556701687,3.828641396489095,0.6931471805599453,1.3862943611198906,4.0,0.0,2020-09-24T13:45:54Z,2020-10-01T02:45:49Z,1.0,7.029087564149662,5.991464547107982,3.2188758248682006,1.6094379124341003,3.5263605246161616,30,1.24e+17,3.1780538303479458,0.6931471805599453,0,0,1,0,1,0,0,0,0,0,0,1,0,0,0,0,0,0,1,0
112,117,1301,2020-09-22T18:56:18,Feature,Hours,Intermediate,https://github.com/ensdomains/address-encoder/issues/79,brantlymillegan,https://gitcoin.co/issue/23750,encoding,42.67,ensdomains,"Here is the encoding library: https://github.com/ensdomains/address-encoder

Example: https://github.com/ensdomains/address-encoder/pull/47/files

Discord for dev help: https://discord.com/invite/AskZbFx

Please provide a reference link so we can check you did the encoding correctly.

We'd like to keep the encoding library as small as possible, so please be efficient in your use of space.",address-encoder,0,0.0,{},ETH,['https://github.com/ensdomains/address-encoder/pull/98'],2,4.882801922586371,4.919980925828125,4.919980925828125,3.4011973816621555,2019-10-14T00:35:54Z,2.4849066497880004,TypeScript,7.445417556701687,3.9889840465642745,2.0794415416798357,1.791759469228055,5.0,2.0,2020-09-30T12:16:49Z,2020-10-02T03:46:52Z,1.0,6.947937068614969,5.991464547107982,3.1780538303479458,1.6094379124341003,3.5263605246161616,30,1.24e+17,3.1780538303479458,1.0986122886681098,0,0,1,0,1,0,0,0,0,0,0,1,0,0,0,0,0,0,1,0
113,118,1302,2020-09-22T18:55:04,Feature,Hours,Intermediate,https://github.com/ensdomains/address-encoder/issues/78,brantlymillegan,https://gitcoin.co/issue/23749,encoding,42.67,ensdomains,"Here is the encoding library: https://github.com/ensdomains/address-encoder

Example: https://github.com/ensdomains/address-encoder/pull/47/files

Discord for dev help: https://discord.com/invite/AskZbFx

Please provide a reference link so we can check you did the encoding correctly.

We'd like to keep the encoding library as small as possible, so please be efficient in your use of space.",address-encoder,0,0.0,{},ETH,['https://github.com/ensdomains/address-encoder/pull/98'],1,4.882801922586371,4.919980925828125,4.919980925828125,3.4011973816621555,2019-10-14T00:35:54Z,2.4849066497880004,TypeScript,7.445417556701687,3.9889840465642745,2.0794415416798357,1.791759469228055,5.0,2.0,2020-09-30T12:16:49Z,2020-10-02T03:46:52Z,1.0,6.948897222313312,5.991464547107982,3.1354942159291497,1.6094379124341003,3.5263605246161616,30,1.24e+17,3.1780538303479458,0.6931471805599453,0,0,1,0,1,0,0,0,0,0,0,1,0,0,0,0,0,0,1,0
114,119,1303,2020-09-22T18:53:41,Feature,Hours,Intermediate,https://github.com/ensdomains/address-encoder/issues/77,brantlymillegan,https://gitcoin.co/issue/23748,encoding,42.67,ensdomains,"Here is the encoding library: https://github.com/ensdomains/address-encoder

Example: https://github.com/ensdomains/address-encoder/pull/47/files

Discord for dev help: https://discord.com/invite/AskZbFx

Please provide a reference link so we can check you did the encoding correctly.

We'd like to keep the encoding library as small as possible, so please be efficient in your use of space.",address-encoder,0,0.0,{},ETH,['https://github.com/ensdomains/address-encoder/pull/95/'],1,4.882801922586371,4.919980925828125,4.919980925828125,3.4011973816621555,2019-10-14T00:35:54Z,2.4849066497880004,TypeScript,7.445417556701687,9.052867513151618,7.447751280047908,2.995732273553991,30.0,0.0,2019-10-14T00:35:54Z,0,1.0,5.8377304471659395,5.991464547107982,3.091042453358316,1.6094379124341003,3.5263605246161616,30,1.24e+17,3.1780538303479458,0.6931471805599453,0,0,1,0,1,0,0,0,0,0,0,1,0,0,0,0,0,0,1,0
115,120,1304,2020-09-22T18:51:26,Feature,Hours,Intermediate,https://github.com/ensdomains/address-encoder/issues/75,brantlymillegan,https://gitcoin.co/issue/23746,encoding,42.67,ensdomains,"Here is the encoding library: https://github.com/ensdomains/address-encoder

Example: https://github.com/ensdomains/address-encoder/pull/47/files

Discord for dev help: https://discord.com/invite/AskZbFx

Please provide a reference link so we can check you did the encoding correctly

We'd like to keep the encoding library as small as possible, so please be efficient in your use of space.",address-encoder,0,0.0,{},ETH,['https://github.com/ensdomains/address-encoder/pull/96'],1,4.882801922586371,4.919980925828125,4.919980925828125,3.4011973816621555,2019-10-14T00:35:54Z,2.4849066497880004,TypeScript,7.445417556701687,3.8066624897703196,1.3862943611198906,1.3862943611198906,2.0,1.0,2020-09-28T08:03:38Z,2020-10-02T01:28:55Z,1.0,6.675823221634848,5.988961416889864,2.995732273553991,1.6094379124341003,3.5263605246161616,30,1.24e+17,3.1780538303479458,0.6931471805599453,0,0,1,0,1,0,0,0,0,0,0,1,0,0,0,0,0,0,1,0
116,121,1305,2020-09-21T19:54:31,Feature,Hours,Intermediate,https://github.com/ensdomains/address-encoder/issues/74,brantlymillegan,https://gitcoin.co/issue/23738,encoding,99.55,ensdomains,"Here is the encoding library: https://github.com/ensdomains/address-encoder

Example: https://github.com/ensdomains/address-encoder/pull/47/files

Discord for dev help: https://discord.com/invite/AskZbFx

Please provide a reference link so we can check you did the encoding correctly

This one has been tricky for us given the complexity around ZEC addresses. We'd like to be able to support both transparent and shielded addresses.

Note also that we'd like to keep the encoding library as small as possible, so please be efficient in your use of space.",address-encoder,0,0.0,{},ETH,['https://github.com/ensdomains/address-encoder/pull/92'],2,4.882801922586371,4.919980925828125,4.919980925828125,3.4011973816621555,2019-10-14T00:35:54Z,2.4849066497880004,TypeScript,7.445417556701687,4.553876891600541,3.1354942159291497,1.3862943611198906,3.0,0.0,2020-09-25T17:33:44Z,2020-10-02T03:33:46Z,1.0,7.170119543449628,6.336825731146441,2.9444389791664403,1.6094379124341003,3.5263605246161616,30,2.927e+17,3.2188758248682006,1.0986122886681098,0,0,1,0,1,0,0,0,0,0,0,1,0,0,0,0,0,0,1,0
117,122,1306,2020-09-21T15:55:40,Feature,Days,Advanced,https://github.com/adamsc1-ddg/defidomains/issues/3,adamsc1-ddg,https://gitcoin.co/issue/23737,"TypeScript,graph-node,subgraph,API",2458.45,adamsc1-ddg,"In order to list on OpenSea.io - DefiDomains must provide an API that supports lookup of the tokenURI and returns the tokens full URL name.

We forked a version of the ENS Subgraph (https://github.com/AdamSC1-ddg/defidomains/tree/master/subgraph) but ran into issues with the subgraph indexing certain fields:

![image](https://user-images.githubusercontent.com/6687515/93789948-7ae13300-fc00-11ea-91a1-1d3a427e0ae7.png)

We believe this is likely a missmatch in terms of versions of the code, an an easy fix might be reviewing old versions of ENS's subgraph. Our current team doesn't have expertise in dealing with subgraphs so we're looking for someone to:

1. Resolve errors in the subgraph so that a DefiDomains graph-node can be successfully launched and indexing.
2. Set up a script that follows the OpenSea Metadata Standards: https://docs.opensea.io/docs/metadata-standards and allows someone to query a tokenURI, which queries the subgraph and returns the domains name (including .[tld]) as the metadata.

It should be noted that all symbols should be stored and parsed as Unicode characters in UTF-8.",defidomains,0,0.0,{},ETH,['https://github.com/AdamSC1-ddg/defidomains/pull/4'],1,1.0986122886681098,0.0,0.0,1.0986122886681098,2020-08-13T12:57:49Z,1.0986122886681098,TypeScript,6.089044875446846,7.502738210754851,4.6913478822291435,3.367295829986474,5.0,0.0,2020-09-22T06:08:02Z,2020-09-29T15:37:58Z,1.0,6.748759547491679,7.022868086082641,0.0,0.0,4.07753744390572,48,7.2284e+18,11.484680299529925,0.6931471805599453,1,0,0,1,0,0,0,0,0,0,0,1,0,0,0,0,0,0,1,0
118,124,1314,2020-09-07T18:16:16,Feature,Hours,Intermediate,https://github.com/ensdomains/address-encoder/issues/50,brantlymillegan,https://gitcoin.co/issue/23650,Encoding,43.84,ensdomains,"Here is the encoding library: https://github.com/ensdomains/address-encoder

Example: https://github.com/ensdomains/address-encoder/pull/47/files

Gitter for dev help: https://gitter.im/ethereum/go-ethereum/name-registry

Please provide a reference link so we can check you did the encoding correctly",address-encoder,0,0.0,{},ETH,['https://github.com/ensdomains/address-encoder/pull/63'],1,4.882801922586371,4.919980925828125,4.919980925828125,3.4011973816621555,2019-10-14T00:35:54Z,2.4849066497880004,TypeScript,7.445417556701687,2.833213344056216,2.0794415416798357,1.3862943611198906,2.0,0.0,2020-09-07T22:34:21Z,2020-09-20T23:45:17Z,1.0,5.556828061699537,5.726847747587197,2.8903717578961645,1.6094379124341003,3.5263605246161616,30,1.24e+17,3.6635616461296463,0.6931471805599453,0,0,1,0,1,0,0,0,0,0,0,1,0,0,0,0,0,0,1,0
119,125,1315,2020-09-07T18:15:34,Feature,Hours,Intermediate,https://github.com/ensdomains/address-encoder/issues/51,brantlymillegan,https://gitcoin.co/issue/23649,Encoding,43.84,ensdomains,"Here is the encoding library: https://github.com/ensdomains/address-encoder

Example: https://github.com/ensdomains/address-encoder/pull/47/files

Gitter for dev help: https://gitter.im/ethereum/go-ethereum/name-registry

Please provide a reference link so we can check you did the encoding correctly",address-encoder,0,0.0,{},ETH,['https://github.com/ensdomains/address-encoder/pull/72'],2,4.882801922586371,4.919980925828125,4.919980925828125,3.4011973816621555,2019-10-14T00:35:54Z,2.4849066497880004,TypeScript,7.445417556701687,2.3978952727983707,0.6931471805599453,1.3862943611198906,2.0,0.0,2020-09-17T17:45:29Z,2020-09-20T23:32:51Z,1.0,7.251344983372214,5.726847747587197,2.833213344056216,1.6094379124341003,3.5263605246161616,30,1.24e+17,3.6635616461296463,1.0986122886681098,0,0,1,0,1,0,0,0,0,0,0,1,0,0,0,0,0,0,1,0
120,126,1316,2020-09-07T18:14:54,Feature,Hours,Intermediate,https://github.com/ensdomains/address-encoder/issues/52,brantlymillegan,https://gitcoin.co/issue/23648,Encoding,43.84,ensdomains,"Here is the encoding library: https://github.com/ensdomains/address-encoder

Example: https://github.com/ensdomains/address-encoder/pull/47/files

Gitter for dev help: https://gitter.im/ethereum/go-ethereum/name-registry

Please provide a reference link so we can check you did the encoding correctly",address-encoder,0,0.0,{},ETH,['https://github.com/ensdomains/address-encoder/pull/100'],2,4.882801922586371,4.919980925828125,4.919980925828125,3.4011973816621555,2019-10-14T00:35:54Z,2.4849066497880004,TypeScript,7.445417556701687,4.653960350157523,3.044522437723423,1.3862943611198906,5.0,3.0,2020-10-01T23:47:40Z,2020-10-02T03:54:15Z,1.0,5.808142489980444,5.726847747587197,2.772588722239781,1.6094379124341003,3.5263605246161616,30,1.24e+17,3.6635616461296463,1.0986122886681098,0,0,1,0,1,0,0,0,0,0,0,1,0,0,0,0,0,0,1,0
121,127,1317,2020-09-07T18:14:11,Feature,Hours,Intermediate,https://github.com/ensdomains/address-encoder/issues/53,brantlymillegan,https://gitcoin.co/issue/23647,Encoding,43.84,ensdomains,"Here is the encoding library: https://github.com/ensdomains/address-encoder

Example: https://github.com/ensdomains/address-encoder/pull/47/files

Gitter for dev help: https://gitter.im/ethereum/go-ethereum/name-registry

Please provide a reference link so we can check you did the encoding correctly",address-encoder,0,0.0,{},ETH,['https://github.com/ensdomains/address-encoder/pull/62'],1,4.882801922586371,4.919980925828125,4.919980925828125,3.4011973816621555,2019-10-14T00:35:54Z,2.4849066497880004,TypeScript,7.445417556701687,2.302585092994046,0.0,1.3862943611198906,2.0,1.0,2020-09-07T22:23:22Z,2020-10-01T02:36:12Z,1.0,5.521460917862246,5.726847747587197,2.70805020110221,1.6094379124341003,3.5263605246161616,30,1.24e+17,3.6635616461296463,0.6931471805599453,0,0,1,0,1,0,0,0,0,0,0,1,0,0,0,0,0,0,1,0
122,128,1318,2020-09-07T18:13:28,Feature,Hours,Intermediate,https://github.com/ensdomains/address-encoder/issues/54,brantlymillegan,https://gitcoin.co/issue/23646,Encoding,43.84,ensdomains,"Here is the encoding library: https://github.com/ensdomains/address-encoder

Example: https://github.com/ensdomains/address-encoder/pull/47/files

Gitter for dev help: https://gitter.im/ethereum/go-ethereum/name-registry

Please provide a reference link so we can check you did the encoding correctly",address-encoder,0,0.0,{},ETH,['https://github.com/ensdomains/address-encoder/pull/60'],1,4.882801922586371,4.919980925828125,4.919980925828125,3.4011973816621555,2019-10-14T00:35:54Z,2.4849066497880004,TypeScript,7.445417556701687,2.302585092994046,0.0,1.3862943611198906,1.0,0.0,2020-09-07T21:55:50Z,2020-09-20T23:18:50Z,1.0,5.407171771460119,5.726847747587197,2.6390573296152584,1.6094379124341003,3.5263605246161616,30,1.24e+17,3.6635616461296463,0.6931471805599453,0,0,1,0,1,0,0,0,0,0,0,1,0,0,0,0,0,0,1,0
123,129,1319,2020-09-07T18:12:44,Feature,Hours,Intermediate,https://github.com/ensdomains/address-encoder/issues/55,brantlymillegan,https://gitcoin.co/issue/23645,Encoding,43.84,ensdomains,"Here is the encoding library: https://github.com/ensdomains/address-encoder

Example: https://github.com/ensdomains/address-encoder/pull/47/files

Gitter for dev help: https://gitter.im/ethereum/go-ethereum/name-registry

Please provide a reference link so we can check you did the encoding correctly",address-encoder,0,0.0,{},ETH,['https://github.com/ensdomains/address-encoder/pull/67'],1,4.882801922586371,4.919980925828125,4.919980925828125,3.4011973816621555,2019-10-14T00:35:54Z,2.4849066497880004,TypeScript,7.445417556701687,2.3978952727983707,0.0,1.3862943611198906,3.0,0.0,2020-09-09T04:49:00Z,2020-09-20T23:54:31Z,1.0,6.456769655572163,5.726847747587197,2.5649493574615367,1.6094379124341003,3.5263605246161616,30,1.24e+17,3.6635616461296463,0.6931471805599453,0,0,1,0,1,0,0,0,0,0,0,1,0,0,0,0,0,0,1,0
124,130,1320,2020-09-07T18:11:48,Feature,Hours,Intermediate,https://github.com/ensdomains/address-encoder/issues/56,brantlymillegan,https://gitcoin.co/issue/23644,Encoding,43.84,ensdomains,"Here is the encoding library: https://github.com/ensdomains/address-encoder

Example: https://github.com/ensdomains/address-encoder/pull/47/files

Gitter for dev help: https://gitter.im/ethereum/go-ethereum/name-registry

Please provide a reference link so we can check you did the encoding correctly",address-encoder,0,0.0,{},ETH,['https://github.com/ensdomains/address-encoder/pull/130'],2,4.882801922586371,4.919980925828125,4.919980925828125,3.4011973816621555,2019-10-14T00:35:54Z,2.4849066497880004,TypeScript,7.445417556701687,4.969813299576001,1.0986122886681098,1.6094379124341003,7.0,21.0,2020-10-04T22:18:05Z,2020-12-18T17:17:12Z,1.0,5.5093883366279774,5.726847747587197,2.4849066497880004,1.3862943611198906,3.5263605246161616,30,1.24e+17,3.6635616461296463,1.0986122886681098,0,0,1,0,1,0,0,0,0,0,0,1,0,0,0,0,0,0,1,0
125,131,1324,2020-09-03T18:50:49,Feature,Hours,Intermediate,https://github.com/ensdomains/ens-app/issues/914,brantlymillegan,https://gitcoin.co/issue/23630,"JavaScript,Encoding",47.42,ensdomains,"Here is the encoding library: https://github.com/ensdomains/address-encoder

Example: https://github.com/ensdomains/address-encoder/pull/47/files

Gitter for dev help: https://gitter.im/ethereum/go-ethereum/name-registry

Please provide a reference link so we can check you did the encoding correctly",ens-app,0,0.0,{},ETH,['https://github.com/ensdomains/address-encoder/pull/58'],1,5.579729825986222,5.313205979041787,5.313205979041787,4.584967478670572,2018-04-28T10:13:25Z,2.8903717578961645,JavaScript,10.002699202607076,3.9318256327243257,3.4657359027997265,1.6094379124341003,3.0,0.0,2018-12-10T20:07:24Z,2018-12-10T20:10:22Z,1.0,4.343805421853684,5.726847747587197,2.3978952727983707,1.3862943611198906,3.5263605246161616,30,1.242e+17,3.7612001156935624,0.6931471805599453,0,0,1,0,1,0,0,0,0,0,0,1,0,0,0,0,1,0,0,0
126,132,1325,2020-09-03T18:49:45,Feature,Hours,Intermediate,https://github.com/ensdomains/ens-app/issues/913,brantlymillegan,https://gitcoin.co/issue/23629,"JavaScript,Encoding",47.73,ensdomains,"Here is the encoding library: https://github.com/ensdomains/address-encoder

Example: https://github.com/ensdomains/address-encoder/pull/47/files

Gitter for dev help: https://gitter.im/ethereum/go-ethereum/name-registry

Please provide a reference link so we can check you did the encoding correctly",ens-app,0,0.0,{},ETH,['https://github.com/ensdomains/address-encoder/pull/131'],1,5.579729825986222,5.313205979041787,5.313205979041787,4.584967478670572,2018-04-28T10:13:25Z,2.8903717578961645,JavaScript,10.002699202607076,9.052867513151618,7.447751280047908,2.995732273553991,30.0,0.0,2019-10-14T00:35:54Z,0,1.0,5.849324779946859,5.726847747587197,2.302585092994046,1.0986122886681098,3.5263605246161616,30,1.25e+17,3.7612001156935624,0.6931471805599453,0,0,1,0,1,0,0,0,0,0,0,1,0,0,0,0,1,0,0,0
127,133,1326,2020-09-03T18:31:12,Feature,Hours,Intermediate,https://github.com/ensdomains/ens-app/issues/910,brantlymillegan,https://gitcoin.co/issue/23626,"JavaScript,Encoding,Small",46.12,ensdomains,"Here is the encoding library: https://github.com/ensdomains/address-encoder

Example: https://github.com/ensdomains/address-encoder/pull/47/files

Gitter for dev help: https://gitter.im/ethereum/go-ethereum/name-registry

Please provide a reference link so we can check you did the encoding correctly",ens-app,0,0.0,{},ETH,['https://github.com/ensdomains/address-encoder/pull/65'],1,5.579729825986222,5.313205979041787,5.313205979041787,4.584967478670572,2018-04-28T10:13:25Z,2.8903717578961645,JavaScript,10.002699202607076,4.127134385045092,2.3978952727983707,2.0794415416798357,3.0,0.0,2018-12-17T05:24:53Z,2018-12-18T17:47:36Z,1.0,6.483107351457199,5.726847747587197,1.9459101490553132,0.6931471805599453,3.5263605246161616,30,1.208e+17,3.7612001156935624,0.6931471805599453,0,0,1,0,1,0,0,0,0,0,0,1,0,0,0,0,1,0,0,0
128,134,1329,2020-09-03T16:43:14,0,Days,Intermediate,https://github.com/gitcoinco/web/issues/7242,owocki,https://gitcoin.co/issue/23622,"HTML,CSS",381.81,gitcoinco,"### User Story

[comment]: # (As a , I want to  so that .)
CODE the new mission page design

### Why Is this Needed
Mission page is outdated

[comment]: # (Describe the problem and why this task is needed. Provide description of the current state, what you would like to happen, and what actually happen)
*Summary*:

### Description

[comment]: # (Feature or Bug? i.e Type: Bug)
*Type*:
Feature

### Current Behavior
[comment]: # (Describe what actually happened.)
Old mission page

### Expected Behavior
[comment]: # (Describe what you expected to happen.)
Take this page ( https://www.figma.com/proto/sqaqM0ebATZU48xUei5RVX/Gitcoin-Landing-Page-_Mission?node-id=179%3A3&scaling=min-zoom ) and code it.
- Must be responsive + look good on major browsers
- Pls dont add in the dynamic voting functionality. We can add that in a v2

### Definition of Done
[comment]: # (Any other information that would be useful, bullets are helpful.)
See above

### Data Requirements
[comment]: # (How will we measure the success of this feature? What kind of tracking is needed for this feature (clicks, impressions, flag)?)
None

### Additional Information
[comment]: # (Any other information that would be useful, content, screenshots, etc.)
Please only bid on this task if you can get a PR together in 3-4 days.",web,0,0.0,{},ETH,['https://github.com/gitcoinco/web/pull/7341'],1,6.728628613084702,7.396948602621014,7.396948602621014,6.444131256700441,2017-07-10T10:53:45Z,4.532599493153256,JavaScript,13.991201849715411,9.385217621880901,5.860786223465865,2.9444389791664403,5.0,8.0,2020-09-08T08:24:25Z,0,1.0,6.848005274576363,7.198183577101943,7.305188215393037,5.236441962829949,11.673274040953775,117281,1e+18,11.48486543900219,0.6931471805599453,0,0,1,1,0,0,0,0,0,0,0,0,0,0,0,0,1,0,0,0
129,135,1331,2020-09-03T09:38:34,Improvement,Hours,Intermediate,https://github.com/hcaptcha/hmt-basemodels/issues/41,uivlis,https://gitcoin.co/issue/23620,"Python,Dockerfile,Shell",133.63,hcaptcha,"Goal here is to duplicate the Manifest model into [pydantic](https://pydantic-docs.helpmanual.io/) so that we can use this second generation of the model to expose via JSONSchema, Swagger, etc and use in various other places

- Create models in pydantic (Anything related to manifest)
- Bonus for converting over the VIA model as well (optional)
- Ensure that the existing tests work with both pydantic model as well as existing schematics
- Maintain support for old schematics library for now (as it's still in use)",hmt-basemodels,0,0.0,{},ETH,['https://github.com/hCaptcha/hmt-basemodels/pull/44'],1,1.791759469228055,1.791759469228055,1.791759469228055,2.70805020110221,2019-02-28T01:30:51Z,2.70805020110221,Others,5.6240175061873385,6.673297967767654,4.219507705176107,2.5649493574615367,8.0,9.0,2020-09-05T16:09:41Z,2020-09-15T19:06:26Z,1.0,5.971261839790462,6.257667587882639,0.6931471805599453,0.0,3.5263605246161616,26,3.5e+17,11.48486543900219,0.6931471805599453,0,0,1,0,1,0,0,0,0,0,0,0,1,0,0,0,0,1,0,0
130,136,1344,2020-08-20T05:59:40,Bug,Hours,Intermediate,https://github.com/b-mueller/sabre/issues/104,b-mueller,https://gitcoin.co/issue/23534,"JavaScript,Node",103.97,b-mueller,"A fresh installation of Sabre 0.10.2 throws an error when running the 'analyze' command.

```
$ sabre analyze contracts/MetaCoin.sol 
Error: Cannot find module '@truffle/provisioner'
    at Function.Module._resolveFilename (internal/modules/cjs/loader.js:668:15)
    at Function.Module._load (internal/modules/cjs/loader.js:591:27)
    at Module.require (internal/modules/cjs/loader.js:723:19)
    at require (internal/modules/cjs/helpers.js:14:16)
    at Object. (/Users/bernhardmueller/.nvm/versions/node/v11.15.0/lib/node_modules/sabre-mythx/node_modules/@truffle/resolver/lib/resolver.ts:3:19)
    at Module._compile (internal/modules/cjs/loader.js:816:30)
    at Object.Module._extensions..js (internal/modules/cjs/loader.js:827:10)
    at Module.load (internal/modules/cjs/loader.js:685:32)
    at Function.Module._load (internal/modules/cjs/loader.js:620:12)
    at Module.require (internal/modules/cjs/loader.js:723:19)
    at require (internal/modules/cjs/helpers.js:14:16)
    at Object. (/Users/bernhardmueller/.nvm/versions/node/v11.15.0/lib/node_modules/sabre-mythx/node_modules/@truffle/resolver/lib/index.ts:3:1)
    at Module._compile (internal/modules/cjs/loader.js:816:30)
    at Object.Module._extensions..js (internal/modules/cjs/loader.js:827:10)
    at Module.load (internal/modules/cjs/loader.js:685:32)
    at Function.Module._load (internal/modules/cjs/loader.js:620:12)
    at Module.require (internal/modules/cjs/loader.js:723:19)
    at require (internal/modules/cjs/helpers.js:14:16)
    at Object. (/Users/bernhardmueller/.nvm/versions/node/v11.15.0/lib/node_modules/sabre-mythx/lib/controllers/analyze.js:7:18)
    at Module._compile (internal/modules/cjs/loader.js:816:30)
    at Object.Module._extensions..js (internal/modules/cjs/loader.js:827:10)
    at Module.load (internal/modules/cjs/loader.js:685:32)
```

** Expected behaviour

Should run normally.",sabre,0,0.0,{},ETH,['https://github.com/b-mueller/sabre/issues/104#issuecomment-678765790'],1,2.995732273553991,4.0943445622221,4.0943445622221,0.6931471805599453,2018-10-24T04:31:07Z,1.9459101490553132,JavaScript,6.62273632394984,7.352441100243583,5.2832037287379885,2.772588722239781,30.0,0.0,2018-10-24T04:31:07Z,0,1.0,7.20934025660291,7.560601162768557,3.1780538303479458,1.3862943611198906,3.5553480614894135,30,2.5e+17,11.485009412675824,0.6931471805599453,0,0,1,0,1,0,0,1,0,0,0,0,0,0,0,0,1,0,0,0
131,137,1345,2020-08-18T12:12:00,Feature,Hours,Intermediate,https://github.com/mstable/mstable-app/issues/148,alsco77,https://gitcoin.co/issue/23530,"TypeScript,DeFi,React",421.99,mstable,"**Is your feature request related to a problem? Please describe.**

Users want to see exactly how much `mUSD` they might have earned since entering the `SAVE` contract. Currently the only metric is a very volatile APY.


**Describe the solution you'd like**

A new page - `app.mstable.org/save/calculator`

A nice way to **visualise** and calculate the two questions:
1. ""If I had put in `X mUSD` into the savings contract at `Y` date, how much `mUSD` would I have now?""
2. ""If I put in `X mUSD` into the savings contract now, how much am I likely to have at `Y` date in the future?

_**Bonus points**_
_Innovate - make this fun and engaging._

_Some ideas off the top of my head:_
 - _making the inputs as sliders or something to make it super easy to change_
 - _comparing against other services.. like 'You would earn an extra $8000 compared to a BANK @ 0.2% APY ""_
 - _fun visualisation.. like stacking up the mUSD tokens.. at some point they become mUSD money bags.. etc_
 - _visualising the output and gains in a chart_


**Help**

The `exchangeRate` variable produced by the `SavingsContract` continually goes up, and makes the `credits` a user owns worth more `mUSD`. To get the increase in an `mUSD` value between two dates, you can take the two exchange rates, and work out the percentage increase in exchange rate, applying that to the `mUSD` holdings. This increase can be used to extrapolate future returns by converting it into the `APY` number (this is how we work out the APY in the app [currently](https://github.com/mstable/mStable-app/blob/8b2cb4c1ecad1fc7000061c770ce63147a5bda30/src/web3/hooks.ts#L84)).


**Additional context**

This should:
 - look nice, in keeping with the general theme of the app
 - encourage users to deposit into the SAVE contract



Feel free to reach out to the team for any further information.

**Interested in working with mStable? Check out our [dApp developer](https://cryptocurrencyjobs.co/engineering/mstable-dapp-developer-defi/) role**",mstable-app,0,0.0,{},ETH,['https://github.com/mstable/mStable-app/pull/173'],3,3.6888794541139363,4.07753744390572,4.07753744390572,2.302585092994046,2019-12-31T13:50:48Z,1.791759469228055,TypeScript,9.082507000466299,6.333279628139691,4.290459441148391,2.8903717578961645,3.0,0.0,2020-09-01T15:40:42Z,0,1.0,5.342334251964811,7.615791072035833,0.0,0.0,0.0,0,1e+18,11.485029978651475,1.3862943611198906,0,0,1,0,1,0,0,0,0,0,0,1,0,0,0,0,0,0,1,0
132,138,1351,2020-08-07T17:29:10,Feature,Hours,Advanced,https://github.com/diadata-org/diadata/issues/273,kaythxbye,https://gitcoin.co/issue/23501,"CSS,frontend,react,javascript,widget,web3",569.07,diadata-org,"We look for a frontend web developer to create a standalone site (or widget) to interact with an Ethereum smart contract. The product we build is a yield smart contract, where people can deposit ERC20 tokens that are locked up for a user-determined time and generate yield depending on the length of time. There are three durations available. Integration with Metamask (web3) is the first priority, after that you should also implement wallet connect. We can provide a wallet connect node for that purpose.

The DApp has to interact with the contract in two ways:

1.) Get the three yield levels for the available durations.
2.) Deposit ERC20 tokens, including setting the approval.

The current yield values can be accessed here:

```
uint256 public threeMonthPromille;
uint256 public sixMonthPromille;
uint256 public nineMonthPromille;
```

These integer variables contain the yield in promille, i.e., 12.5% would be 125.

The smart contract function signatures to call for deposit are:

```
    function deposit3m(address beneficiary, uint256 amount) public;
    function deposit6m(address beneficiary, uint256 amount) public; 
    function deposit9m(address beneficiary, uint256 amount) public;
```

Beneficiary is the receiver of the assets (default: the current Metamask/wallet address), the amount is a number the user enters.
The length should be determined by a slider with three positions.

After the user clicks a call-to-action button, an input field opens up that allows the user to enter the receiver wallet and the amount of tokens. The frontend should check if the ERC20 allowance for the address is high enough to transfer the tokens. If not, a button labeled ""Enable Token for staking"" has to be clicked  After that, a button ""Stake now"" appears and the transaction is sent to Metamask.

The frontend should also show a link to Etherscan after Metamask returns that the transaction was sent successfully.

Attached is a mockup of the first screen a user sees. Please make sure it is configurable in colors to implement a Corporate Design.

Ideally, we would communicate using Telegram during the weekend to get to a quick result.

In the mockup, there are live USD values. For calculating these, you should call [https://api.diadata.org/v1/quotation/DIA](https://api.diadata.org/v1/quotation/DIA) to get the current price in USD for one token.

Mockup of first screen:
![mockup](https://user-images.githubusercontent.com/4030756/89671610-8fcd6580-d8e3-11ea-8838-be67e45c4812.png)",diadata,0,0.0,{},ETH,['https://github.com/diadata-org/diadata/pull/276'],1,4.875197323201151,5.356586274672012,5.356586274672012,2.5649493574615367,2018-08-08T13:21:11Z,3.295836866004329,Others,11.619139616177534,9.608243627877057,0.0,3.367295829986474,14.0,0.0,2020-08-10T15:37:16Z,0,1.0,7.192182058713246,7.838737559599282,4.454347296253507,2.772588722239781,0.0,0,1.5e+18,11.485143083957777,0.6931471805599453,1,0,0,0,1,0,0,0,0,0,0,1,0,0,0,0,0,1,0,0
133,139,1355,2021-05-19T08:37:09,0,Hours,Intermediate,https://github.com/rungroj-m/test/issues/2,rungroj-m,https://gitcoin.co/issue/25747,Python,0.35,rungroj-m,"Lorem ipsum dolor sit amet, consectetur adipiscing elit. Aenean lacus sem, ultrices sit amet interdum quis, accumsan et ligula. Etiam vel turpis cursus, ornare urna vel, venenatis nisl. Etiam consequat dolor dapibus odio fringilla, ac commodo sem bibendum. Aliquam vitae commodo turpis. Sed sollicitudin massa sed turpis placerat sagittis. Nulla ut diam a felis euismod volutpat id id orci. Morbi rutrum id leo nec pellentesque. Proin nec leo sed dui ultrices eleifend. Pellentesque porta porta nunc. Nulla luctus tempus congue. Donec placerat libero a nisl mattis, sit amet ullamcorper felis placerat.

Vivamus euismod tristique lectus quis finibus. Ut iaculis pretium nisi in euismod. Interdum et malesuada fames ac ante ipsum primis in faucibus. Fusce tristique porta quam, ut sagittis purus porta ut. Etiam eget libero mollis, bibendum quam sed, congue lorem. Aliquam scelerisque sem eu iaculis aliquam. Pellentesque vel justo eu magna rutrum finibus.

Mauris vitae pulvinar velit, gravida volutpat magna. Sed pharetra euismod lectus, sed tincidunt justo bibendum eu. Etiam dui justo, eleifend sed euismod ut, luctus malesuada nisi. Cras finibus leo ut lectus consequat posuere. Vivamus euismod quis orci vel aliquet. Maecenas non nibh sem. Pellentesque nec tellus nibh. Nam leo nisl, lobortis vel mi at, blandit dapibus ipsum.

Ut sem mi, imperdiet vel augue ac, accumsan malesuada lacus. Cras ornare ex id orci maximus dignissim. Nunc eget nisl eget purus rhoncus vehicula. Etiam laoreet lectus sit amet molestie semper. Vestibulum ante ipsum primis in faucibus orci luctus et ultrices posuere cubilia curae; Morbi pulvinar, lorem condimentum fermentum faucibus, quam arcu lacinia neque, at posuere leo turpis in nisl. Proin mauris nunc, laoreet non lectus quis, dictum imperdiet dui. Vestibulum a neque ut diam tristique feugiat.

Lorem ipsum dolor sit amet, consectetur adipiscing elit. Vivamus gravida urna tellus, ac pulvinar sem suscipit id. Aliquam posuere lobortis magna eget finibus. Integer aliquam venenatis aliquam. Sed risus orci, auctor nec tristique et, vestibulum vel lorem. In ultrices leo est, vestibulum luctus quam ultrices in. Proin sit amet tincidunt justo, id mollis mi. Maecenas interdum convallis congue.",test,0,0.0,{},ETH,['https://github.com/rungroj-m/test/issues/2'],1,0.0,0.0,0.0,1.0986122886681098,2020-07-29T08:05:17Z,0.6931471805599453,Others,0.0,0.6931471805599453,0.0,0.6931471805599453,1.0,0.0,2020-07-29T08:05:17Z,0,1.0,7.25063551189868,7.715569534520208,0.6931471805599453,0.0,0.0,0,1000000000000000.0,0.0,0.6931471805599453,0,0,1,0,1,0,0,0,0,0,0,0,0,0,0,0,0,1,0,0
134,140,1360,2020-07-29T03:03:08,Other,Days,Intermediate,https://github.com/collab-19/dao-hack-month/issues/1,burrrata,https://gitcoin.co/issue/23457,"DAO Hack Month,Ethereum,Awesome",953.58,collab-19,"[Collab19](https://collab19.live/) is a DAO that was summoned to help fight Covid19. Members contributed capital and time to support community projects. Now we want to support more teams and communities using DAOs to save the world.

To do this we're putting up two **bounties for DAO Hack Month**:

- `3 ETH` to reward the best tool/thing that improves upon the [Collab19 MVP](https://github.com/abridged/dao-help).
- `3 ETH` to reward the best use case (not just the idea, but an actual DAO in the wild) for the Collab19 system (Aragon DAO with Telegram/Wyre onboarding, token-permissioned chat, in-app voting, etc..).

**Submission deadline** is the end of DAO Hack Month: `August 7th 2020`.

**Collab DAO members will vote on the best submissions** to determine the winners and announce the winner a week or so after the end of the hackathon.",dao-hack-month,0,0.0,{},ETH,"['https://github.com/abridged/dao-help/pull/10', 'https://github.com/ResearchCollective/dao-help']",2,0.0,0.0,0.0,0.6931471805599453,2020-07-20T16:28:25Z,0.6931471805599453,Unknown,0.0,4.875197323201151,4.955827057601261,1.9459101490553132,30.0,0.0,2020-05-18T23:40:29Z,0,1.0,7.121252453244542,6.752270376141742,0.0,0.0,4.174387269895637,51,3e+18,2.1972245773362196,1.0986122886681098,0,0,1,1,0,0,0,0,0,0,0,0,0,1,0,0,0,0,0,1
135,141,1366,2020-07-28T15:36:24,Feature,Days,Intermediate,https://github.com/diadata-org/diadata/issues/255,jppade,https://gitcoin.co/issue/23452,"Go,Golang,DeFi,Ethereum",236.01,diadata-org,"We are looking for a developer that can provide a scraper for trading data from the Loopring DEX protocol.
The scraper must be written in Go and work concurrently and efficiently. You should adapt to our underlying data structures. For information on implementation details, please have a look at:

https://docs.diadata.org/documentation/tutorials/exchangescrapers

Please commit a scraper which ideally also scrapes historical data as much as possible.",diadata,0,0.0,{},ETH,['https://github.com/diadata-org/diadata/pull/258'],1,4.875197323201151,5.356586274672012,5.356586274672012,2.5649493574615367,2018-08-08T13:21:11Z,3.295836866004329,Others,11.619139616177534,6.182084906716632,0.0,1.6094379124341003,6.0,0.0,2020-07-23T07:58:58Z,2020-07-28T15:32:49Z,1.0,6.890609120147166,6.129050210060545,4.394449154672439,2.772588722239781,3.8066624897703196,42,1e+18,3.1780538303479458,0.6931471805599453,0,0,1,1,0,0,0,0,0,0,0,1,0,0,0,0,0,1,0,0
136,142,1370,2020-07-20T10:29:30,Feature,Days,Intermediate,https://github.com/diadata-org/diadata/issues/233,jppade,https://gitcoin.co/issue/23391,"Golang,DeFi,Ethereum",232.71,diadata-org,"Your job is to source and connect the Nuo Network lending protocol, sourcing lending rates, volume, and other data, pushing it into our database for open-source usage.

Task: Source primary data defined below for connectivity to our database for:

- Lending Rate
- DeFi Total Value Locked (USD)
- Total ETH locked
- Underlying Blockchain
- Protocol token (if applicable)


Please commit a scraper which ideally also scrapes historical data as much as possible.
Tutorial on data format: https://docs.diadata.org/documentation/tutorials/write-your-own-defi-lending-rate-scraper

In case you need to extend the data model, you should also include it into your commit.

A concrete similar example on the data set to source https://defipulse.com/.",diadata,0,0.0,{},ETH,['https://github.com/diadata-org/diadata/pull/239'],1,4.875197323201151,5.356586274672012,5.356586274672012,2.5649493574615367,2018-08-08T13:21:11Z,3.295836866004329,Others,11.619139616177534,5.521460917862246,3.8918202981106265,1.791759469228055,2.0,1.0,2020-07-14T08:23:39Z,2020-07-14T12:10:53Z,1.0,7.181591944611865,6.63200177739563,4.3694478524670215,2.772588722239781,3.8066624897703196,42,1e+18,3.367295829986474,0.6931471805599453,0,0,1,1,0,0,0,0,0,0,0,1,0,0,0,0,0,1,0,0
137,143,1371,2020-07-20T09:40:31,Feature,Days,Intermediate,https://github.com/diadata-org/diadata/issues/252,jppade,https://gitcoin.co/issue/23390,"Go,Golang,DeFi,Ethereum",232.71,diadata-org,"We are looking for a developer that can provide a scraper for trading data from the Uniswap V2 DEX.
The scraper must be written in Go and work concurrently and efficiently. You should adapt to our underlying data structures. For information on implementation details, please have a look at:

https://docs.diadata.org/documentation/tutorials/exchangescrapers

Please commit a scraper which ideally also scrapes historical data as much as possible.",diadata,0,0.0,{},ETH,['https://github.com/diadata-org/diadata/issues/252'],1,4.875197323201151,5.356586274672012,5.356586274672012,2.5649493574615367,2018-08-08T13:21:11Z,3.295836866004329,Others,11.619139616177534,9.079434102128383,7.642524134232902,4.343805421853684,30.0,0.0,2018-08-08T13:21:11Z,0,1.0,5.3981627015177525,6.113682179832232,4.356708826689592,2.772588722239781,3.8066624897703196,42,1e+18,3.367295829986474,0.6931471805599453,0,0,1,1,0,0,0,0,0,0,0,1,0,0,0,0,0,1,0,0
138,144,1372,2020-08-04T16:40:54,Feature,Days,Intermediate,https://github.com/diadata-org/diadata/issues/251,jppade,https://gitcoin.co/issue/23483,"Go,Golang,DeFi,DEX,Ethereum",232.71,diadata-org,"We are looking for a developer that can provide a scraper for trading data from the Curve Finance DEX:
https://www.curve.fi/
The scraper must be written in Go and work concurrently and efficiently. You should adapt to our underlying data structures. For information on implementation details, please have a look at:

https://docs.diadata.org/documentation/tutorials/exchangescrapers

and/or existing scrapers in our codebase.
Please commit a scraper which ideally also scrapes historical data as much as possible.",diadata,0,0.0,{},ETH,['https://github.com/diadata-org/diadata/pull/262'],1,4.875197323201151,5.356586274672012,5.356586274672012,2.5649493574615367,2018-08-08T13:21:11Z,3.295836866004329,Others,11.619139616177534,5.8289456176102075,0.6931471805599453,1.3862943611198906,2.0,0.0,2020-08-01T19:05:21Z,2020-08-04T16:28:57Z,1.0,4.976733742420574,6.255750041753367,4.343805421853684,2.772588722239781,3.8066624897703196,42,1e+18,2.6390573296152584,0.6931471805599453,0,0,1,1,0,0,0,0,0,0,0,1,0,0,0,0,0,1,0,0
139,145,1376,2020-07-15T10:37:11,Feature,Days,Intermediate,https://github.com/diadata-org/diadata/issues/240,jppade,https://gitcoin.co/issue/23344,"Golang,DeFi,Ethereum",240.41,diadata-org,"We are looking for a developer that can provide a scraper for trading data from the bancor protocol.
The scraper must be written in go and work concurrently and efficiently. You should adapt to our underlying data structures. For information on implementation details, please have a look at:

https://docs.diadata.org/documentation/tutorials/exchangescrapers

Please commit a scraper which ideally also scrapes historical data as much as possible.",diadata,0,0.0,{},ETH,['https://github.com/diadata-org/diadata/pull/249'],1,4.875197323201151,5.356586274672012,5.356586274672012,2.5649493574615367,2018-08-08T13:21:11Z,3.295836866004329,Others,11.619139616177534,5.8971538676367405,0.0,1.3862943611198906,1.0,1.0,2020-07-15T09:41:51Z,2020-07-15T10:31:43Z,1.0,7.233455418621439,6.115892125483034,4.31748811353631,2.772588722239781,3.8066624897703196,42,1e+18,3.4339872044851463,0.6931471805599453,0,0,1,1,0,0,0,0,0,0,0,1,0,0,0,0,0,1,0,0
140,146,1377,2020-07-14T10:46:12,Feature,Days,Intermediate,https://github.com/diadata-org/diadata/issues/235,jppade,https://gitcoin.co/issue/23329,"Go,Golang,DeFi,Ethereum",239.68,diadata-org,"Your job is to source and connect the Dharma lending protocol, sourcing lending rates, volume, and other data, pushing it into our database for open-source usage.

Task: Source primary data defined below for connectivity to our database for:

- Lending Rate
- DeFi Total Value Locked (USD)
- Total ETH locked
- Underlying Blockchain
- Protocol token (if applicable)

Please commit a scraper which ideally also scrapes historical data as much as possible.
Tutorial on data format: https://docs.diadata.org/documentation/tutorials/write-your-own-defi-lending-rate-scraper

In case you need to extend the data model, you should also include it into your commit.

A concrete similar example on the data set to source https://defipulse.com/.",diadata,0,0.0,{},ETH,['https://github.com/diadata-org/diadata/pull/237'],1,4.875197323201151,5.356586274672012,5.356586274672012,2.5649493574615367,2018-08-08T13:21:11Z,3.295836866004329,Others,11.619139616177534,4.624972813284271,0.6931471805599453,1.0986122886681098,2.0,3.0,2020-07-13T21:45:38Z,2020-07-14T10:42:15Z,1.0,6.492239835020471,6.62273632394984,4.30406509320417,2.772588722239781,3.8066624897703196,42,1e+18,3.4339872044851463,0.6931471805599453,0,0,1,1,0,0,0,0,0,0,0,1,0,0,0,0,0,1,0,0
141,147,1378,2020-07-14T10:19:04,Feature,Days,Intermediate,https://github.com/diadata-org/diadata/issues/234,jppade,https://gitcoin.co/issue/23328,"Go,Golang,DeFi,Ethereum",239.68,diadata-org,"Your job is to source and connect the RAY lending protocol, sourcing lending rates, volume, and other data, pushing it into our database for open-source usage.

Task: Source primary data defined below for connectivity to our database for:

- Lending Rate
- DeFi Total Value Locked (USD)
- Total ETH locked
- Underlying Blockchain
- Protocol token (if applicable)

Please commit a scraper which ideally also scrapes historical data as much as possible.
Tutorial on data format: https://docs.diadata.org/documentation/tutorials/write-your-own-defi-lending-rate-scraper

In case you need to extend the data model, you should also include it into your commit.

A concrete similar example on the data set to source https://defipulse.com/.",diadata,0,0.0,{},ETH,['https://github.com/diadata-org/diadata/pull/236'],1,4.875197323201151,5.356586274672012,5.356586274672012,2.5649493574615367,2018-08-08T13:21:11Z,3.295836866004329,Others,11.619139616177534,5.0369526024136295,0.0,1.0986122886681098,1.0,1.0,2020-07-13T21:26:35Z,2020-07-14T10:14:26Z,1.0,6.504288173536645,6.618738983517219,4.290459441148391,2.772588722239781,3.8066624897703196,42,1e+18,3.4339872044851463,0.6931471805599453,0,0,1,1,0,0,0,0,0,0,0,1,0,0,0,0,0,1,0,0
142,148,1379,2020-07-14T12:32:04,Feature,Days,Intermediate,https://github.com/diadata-org/diadata/issues/220,jppade,https://gitcoin.co/issue/23332,"Go,Golang,DeFi,Ethereum",239.68,diadata-org,"Your job is to source and connect the Compound lending protocol, sourcing lending rates, volume and other data (see below), pushing it into our database for open-source DeFi usage.

Task: Source primary data defined below for connectivity to our database for:

- Lending Rate
- DeFi Total Value Locked (USD)
- Total ETH locked
- Total USDC locked
- Underlying Blockchain
- Protocol token (if applicable)


Please commit a scraper which ideally also scrapes historical data as much as possible.
Tutorial on data format: https://docs.diadata.org/documentation/tutorials/write-your-own-defi-lending-rate-scraper

In case you need to extend the data model, you should also include it into your commit.

A concrete similar example on the data set to source https://defipulse.com/.",diadata,0,0.0,{},ETH,['https://github.com/diadata-org/diadata/pull/241'],1,4.875197323201151,5.356586274672012,5.356586274672012,2.5649493574615367,2018-08-08T13:21:11Z,3.295836866004329,Others,11.619139616177534,5.60947179518496,3.871201010907891,1.791759469228055,2.0,1.0,2020-07-14T09:42:58Z,2020-07-14T12:30:14Z,1.0,7.147559271189454,6.675823221634848,4.23410650459726,2.772588722239781,3.8066624897703196,42,1e+18,3.4339872044851463,0.6931471805599453,0,0,1,1,0,0,0,0,0,0,0,1,0,0,0,0,0,1,0,0
143,149,1381,2020-07-10T18:17:50,0,Hours,Intermediate,https://github.com/gitcoinco/web/issues/7082,thelostone-mc,https://gitcoin.co/issue/23300,JavaScript,0.24,gitcoinco,"**Describe the bug**

Not mention about the job post url present on the API data. 
https://gitcoin.co/explorer?network=mainnet&idx_status=open&misc=hiring&applicants=ALL&order_by=-web3_created
EDIT: I just figured out is hidden in the dropdown
![image](https://user-images.githubusercontent.com/1358093/87087718-fc344680-c209-11ea-84d6-383891b056b3.png)

**To Reproduce**


**Expected behavior**

Post job link inside the description and on the explorer  more visible
**Screenshots**


**Desktop (please complete the following information):**

- OS:
- Browser:
- Browser Version:

**Smartphone (please complete the following information):**

- Device: 
- OS: 
- Browser:
- Version:

**Additional context**",web,0,0.0,{},ETH,['https://github.com/gitcoinco/web/pull/4011'],1,6.728628613084702,7.396948602621014,7.396948602621014,6.444131256700441,2017-07-10T10:53:45Z,4.532599493153256,JavaScript,13.991201849715411,5.910796644040527,0.0,1.791759469228055,34.0,4.0,2019-03-20T03:52:08Z,2019-04-11T17:06:52Z,1.0,6.354370040797351,6.5998704992128365,7.3031700512368,5.236441962829949,4.248495242049359,46,1000000000000000.0,3.4657359027997265,0.6931471805599453,0,0,1,0,1,0,0,0,0,0,0,0,0,0,0,0,1,0,0,0
144,150,1382,2020-07-13T17:24:41,Feature,Days,Intermediate,https://github.com/diadata-org/diadata/issues/222,jppade,https://gitcoin.co/issue/23322,"Go,Golang,DeFi,Ethereum",241.16,diadata-org,"Your job is to source and connect the Aave lending protocol, sourcing lending rates, volume, and other data, pushing it into our database for open-source usage.

Task: Source primary data defined below for connectivity to our database for:

- Lending Rate
- DeFi Total Value Locked (USD)
- Total Value Locked (24H in USD; ETH; BTC)
- Total ETH locked
- Underlying Blockchain
- Most locked asset
- Protocol token (if applicable)

Please commit a scraper which ideally also scrapes historical data as much as possible.
Tutorial on data format: https://docs.diadata.org/documentation/tutorials/write-your-own-defi-lending-rate-scraper

In case you need to extend the data model, you should also include it into your commit.

A concrete similar example on the data set to source https://defipulse.com/.",diadata,0,0.0,{},ETH,['https://github.com/diadata-org/diadata/pull/232'],1,4.875197323201151,5.356586274672012,5.356586274672012,2.5649493574615367,2018-08-08T13:21:11Z,3.295836866004329,Others,11.619139616177534,5.37989735354046,3.4657359027997265,1.6094379124341003,1.0,0.0,2020-07-13T16:33:03Z,2020-07-13T17:22:49Z,1.0,7.236339342754344,6.704414354964107,4.219507705176107,2.772588722239781,3.8066624897703196,42,1e+18,3.367295829986474,0.6931471805599453,0,0,1,1,0,0,0,0,0,0,0,1,0,0,0,0,0,1,0,0
145,151,1383,2020-07-14T12:14:49,Feature,Days,Intermediate,https://github.com/diadata-org/diadata/issues/224,jppade,https://gitcoin.co/issue/23331,"Go,Golang,DeFi,Ethereum",241.16,diadata-org,"Your job is to source and connect the DDEX lending protocol, sourcing lending rates, volume, and other data, pushing it into our database for open-source usage.

Task: Source primary data defined below for connectivity to our database for:

- Lending Rate
- Total ETH locked
- Total USDC locked
- Underlying Blockchain
- Most locked asset
- Protocol token (if applicable)

Please commit a scraper which ideally also scrapes historical data as much as possible.
Tutorial on data format: https://docs.diadata.org/documentation/tutorials/write-your-own-defi-lending-rate-scraper

In case you need to extend the data model, you should also include it into your commit.

A concrete similar example on the data set to source https://defipulse.com/.",diadata,0,0.0,{},ETH,['https://github.com/diadata-org/diadata/issues/224'],1,4.875197323201151,5.356586274672012,5.356586274672012,2.5649493574615367,2018-08-08T13:21:11Z,3.295836866004329,Others,11.619139616177534,9.079434102128383,7.642524134232902,4.343805421853684,30.0,0.0,2018-08-08T13:21:11Z,0,1.0,4.204692619390966,6.63200177739563,4.204692619390966,2.772588722239781,3.8066624897703196,42,1e+18,3.332204510175204,0.6931471805599453,0,0,1,1,0,0,0,0,0,0,0,1,0,0,0,0,0,1,0,0
146,152,1384,2020-07-16T13:02:24,Feature,Days,Intermediate,https://github.com/diadata-org/diadata/issues/225,jppade,https://gitcoin.co/issue/23356,"Go,Golang,DeFi,Ethereum",241.16,diadata-org,"Your job is to source and connect the bZx lending protocol, sourcing lending rates, volume, and other data, pushing it into our database for open-source usage.

Task: Source primary data defined below for connectivity to our database for:

- Lending Rate
- DeFi Total Value Locked (USD)
- Total Value Locked (24H in USD; ETH; BTC)
- Total ETH locked
- Underlying Blockchain
- Most locked asset
- Protocol token (if applicable)

Please commit a scraper which ideally also scrapes historical data as much as possible.
Tutorial on data format: https://docs.diadata.org/documentation/tutorials/write-your-own-defi-lending-rate-scraper

In case you need to extend the data model, you should also include it into your commit.

A concrete similar example on the data set to source https://defipulse.com/.",diadata,0,0.0,{},ETH,['https://github.com/diadata-org/diadata/pull/245'],1,4.875197323201151,5.356586274672012,5.356586274672012,2.5649493574615367,2018-08-08T13:21:11Z,3.295836866004329,Others,11.619139616177534,9.638675294175094,2.5649493574615367,1.9459101490553132,7.0,1.0,2020-07-14T18:39:10Z,2020-07-16T13:01:05Z,1.0,5.820082930352362,6.703188113240863,4.189654742026425,2.772588722239781,3.8066624897703196,42,1e+18,3.258096538021482,0.6931471805599453,0,0,1,1,0,0,0,0,0,0,0,1,0,0,0,0,0,1,0,0
147,153,1387,2020-11-25T07:54:25,Code Review,Days,Beginner,https://github.com/pit-coin/pit-coin.github.io/issues/1,pit-coin,https://gitcoin.co/issue/24104,"ethereum,erc20",24.2,pit-coin,"Find bugs or backdoors in the ERC20 ethereum token.

Github: https://github.com/pit-coin/pit-coin.github.io/blob/master/contracts/Token.sol

Ropsten testnet: https://ropsten.etherscan.io/address/0x6342A5c056F71E7E3a6Bf89560Dc1F97210bDb51",pit-coin.github.io,0,0.0,{},ETH,['https://github.com/pit-coin/pit-coin.github.io/issues/1#issuecomment-662390798'],2,0.6931471805599453,0.0,0.0,0.6931471805599453,2020-06-06T19:48:00Z,0.0,Others,6.827629234502852,8.37309184744198,7.0326242610280065,3.332204510175204,24.0,0.0,2020-06-06T19:48:00Z,0,1.0,6.570882962339584,5.488937726156687,0.0,0.0,1.0986122886681098,0,1e+17,11.484011454805586,1.0986122886681098,0,1,0,1,0,0,0,0,1,0,0,0,0,0,0,0,0,1,0,0
148,154,1403,2020-07-07T11:57:12,0,Weeks,Intermediate,https://github.com/alto-io/game3.js/issues/1,polats,https://gitcoin.co/issue/23236,"JavaScript,game,pixijs,colyseus,html5",1196.8,alto-io,"### Prize Title

#### [OPGames - Unitize Challenge 1] Create a .io Style Battle Royale Game With Crypto Payout Using Game3.js

### Prize Bounty
1st Place: 3.5 ETH
2nd Place: 1.5 ETH

### Challenge Description

We're looking for web3 developers to help us build example open-source games that showcase what HTML5 and crypto can do together!

A .io style game is similar to [Flappy Royale](https://flappyroyale.io) or [Agar.io](https://agar.io), where one player is pitted against a big group of other players. These are usually 1 vs. 20, or can even go as high as 1 vs. 100.

Crypto payouts are simply a mechanism within the game where players can earn crypto. It's usually given out as a reward for achieving certain tasks, such as winning a battle royale round, but developers can be as creative as they want! 

**Important!**

Full source code, docs and assets of the game will be added as one of the examples in OPGames’ example games. Make sure all code and assets are properly licensed / open-source.

The game must use a crypto payout mechanism to reward players, and must be documented enough so that non-blockchain developers will be able to use it as reference on how to create crypto payouts for their game.

**Resources**:

[Decentralizing Video Games - An Introduction](https://dev.to/polats/decentralizing-video-games-an-introduction-1mln)

[Game3js.com](https://game3js.com/)

[Funding the Future Hackathon Example Games](https://github.com/alto-io/funding-the-future/issues/1)

### Submission Requirements
- A fork of this game3.js repo with the working game 
- working demo of the game (You can use github actions to deploy the game similar to this repo, which deploys to https://game3-js.herokuapp.com/)

### Submission Deadline
July 27, 2020, end of the hackathon

### Judging Criteria
- 50% for how useful the created source code and assets will be for game developers
- 50% for how fun and engaging the submitted game is

### Winner Announcement Date
1 week after Submission Deadline",game3.js,0,0.0,{},ETH,"['https://github.com/DanDevel/BlockchainGameHTML5', 'https://github.com/dotrungkien/typing-racer', 'https://github.com/Brianspha/The-Collector', 'https://github.com/mul1sh/tetrion']",4,4.204692619390966,5.220355825078324,5.220355825078324,3.9318256327243257,2020-05-10T08:19:34Z,2.1972245773362196,JavaScript,11.679794917205262,9.70558524377515,6.665683717782408,4.736198448394496,2.0,0.0,2020-07-27T17:48:09Z,0,1.0,5.860786223465865,7.6236419465115715,1.6094379124341003,0.0,6.269096283706261,522,5e+18,3.7376696182833684,1.6094379124341003,0,0,1,0,0,0,1,0,0,0,0,0,0,0,0,0,1,0,0,0
149,155,1410,2020-07-13T06:43:29,Feature,Hours,Intermediate,https://github.com/nblockchain/geewallet/issues/149,knocte,https://gitcoin.co/issue/23309,"webassembly,mono,c#,browser-extension,browser",229.18,nblockchain,See https://gitlab.com/nblockchain/geewallet/-/issues/149,geewallet,0,0.0,{},ETH,['https://github.com/traxium/webassembly-chrome-extension'],1,3.6375861597263857,4.02535169073515,4.02535169073515,4.499809670330265,2018-01-01T13:19:20Z,2.1972245773362196,Others,11.093919086295397,7.457609289715606,4.605170185988092,3.4965075614664802,9.0,0.0,2020-07-06T07:27:14Z,0,1.0,3.784189633918261,4.060443010546419,2.4849066497880004,0.6931471805599453,3.091042453358316,19,1e+18,3.1354942159291497,0.6931471805599453,0,0,1,0,1,0,0,0,0,0,0,1,0,0,0,0,0,1,0,0
150,156,1422,2020-06-24T06:18:06,Bug,Hours,Beginner,https://github.com/gitcoinco/web/issues/6959,octavioamu,https://gitcoin.co/issue/23041,JavaScript,0.23,gitcoinco,"if you add a grant to your cart and then come back 5 days later, the match amount has surely changed.

we should update the cart when people go to checkout with new match amounts.",web,0,0.0,{},ETH,['https://github.com/gitcoinco/web/pull/6952'],1,6.728628613084702,7.396948602621014,7.396948602621014,6.444131256700441,2017-07-10T10:53:45Z,4.532599493153256,JavaScript,13.991201849715411,4.927253685157205,4.8283137373023015,3.1780538303479458,6.0,1.0,2020-06-23T04:49:19Z,2020-06-24T12:46:10Z,1.0,7.20934025660291,5.204006687076795,7.302496423727326,5.236441962829949,4.59511985013459,60,1000000000000000.0,3.4011973816621555,0.6931471805599453,0,1,0,0,1,0,0,1,0,0,0,0,0,0,0,0,1,0,0,0
151,157,1431,2020-06-18T23:49:53,Improvement,Hours,Intermediate,https://github.com/meroscrypto/meros/issues/192,kayabanerve,https://gitcoin.co/issue/22797,"Python,Pytest",50.51,meroscrypto,"Edited description for the bounty:
We have a pytest-based testing infrastructure which spawns a cryptocurrency node and runs tests against it. These can be threaded, if the nodes are spawned on different ports, and should be, with a configurable thread count.

The ports have to be adjusted, as right now, even though we pass in a port, it's static to 5132. Once we do that, we can run these tests in parallel, beneficial as they currently take almost half an hour.",meros,0,0.0,{},ETH,['https://github.com/MerosCrypto/Meros/pull/198'],1,3.091042453358316,4.454347296253507,4.454347296253507,4.110873864173311,2018-05-20T09:36:33Z,2.8903717578961645,Others,9.076694687106265,3.8066624897703196,2.70805020110221,1.6094379124341003,6.0,1.0,2020-06-18T16:04:38Z,0,1.0,6.882437470997847,6.150602768446279,1.6094379124341003,0.6931471805599453,2.4849066497880004,3,2.16e+17,3.4011973816621555,0.6931471805599453,0,0,1,0,1,0,0,0,0,0,0,0,1,0,0,0,0,1,0,0
152,160,1468,2020-06-08T18:17:59,Bug,Hours,Beginner,https://github.com/danlipert/gitcoin-test/issues/79,danlipert,https://gitcoin.co/issue/22492,cxb,2.46,danlipert,june 8 bounty testjune 8 bounty testjune 8 bounty testjune 8 bounty testjune 8 bounty testjune 8 bounty testjune 8 bounty testjune 8 bounty testjune 8 bounty testjune 8 bounty testjune 8 bounty testjune 8 bounty test,gitcoin-test,0,0.0,{},ETH,['https://github.com/danlipert/gitcoin-test/issues/79'],1,0.0,0.0,0.0,4.663439094112067,2019-02-01T14:11:38Z,0.6931471805599453,Unknown,0.0,1.0986122886681098,0.0,0.6931471805599453,1.0,0.0,2019-02-01T14:11:38Z,0,1.0,7.085064293952548,5.37989735354046,4.532599493153256,0.0,9.286838342948908,10767,1e+16,3.4011973816621555,0.6931471805599453,0,1,0,0,1,0,0,1,0,0,0,0,0,0,0,0,0,0,0,1
153,161,1480,2020-06-15T17:33:03,0,Hours,Intermediate,https://github.com/b-mueller/sabre/issues/101,b-mueller,https://gitcoin.co/issue/22668,JavaScript,302.53,b-mueller,"Recently MythX introduced a new property checking mode that searches more efficientl for assertion violations. I made a tool specifically for that mode, however it would be better to merge this functionality into Sabre.

This would introduce a new ""check"" command:

```
$ sabre check  [contract-name]
```

With the following differences:

1. [Set propertyChecking to true when submitting the request](https://github.com/b-mueller/solfuzz/blob/076ce30b531464d11597ec068dbf9f7ab46706f1/lib/client.js#L93)
2. Only report issue of type SWC-110.

The text report should also look different, e.g.:

```
$ solfuzz check primality.sol
--------------------
ASSERTION VIOLATION!
/Users/bernhardmueller/Desktop/primality.sol: from 21:8 to 21:33

assert(x*y != largePrime)
--------------------
Call sequence:

    1: setY(1021)
    Sender: 0xaaaaaaaaaaaaaaaaaaaaaaaaaaaaaaaaaaaaaaaa [ USER ]
    Value: 0

    2: setX(953)
    Sender: 0xaffeaffeaffeaffeaffeaffeaffeaffeaffeaffe [ CREATOR ]
    Value: 0

    3: verifyPrimeness()
    Sender: 0xaffeaffeaffeaffeaffeaffeaffeaffeaffeaffe [ CREATOR ]
    Value: 0
```

See the [solfuzz README](https://github.com/b-mueller/solfuzz) for more examples.

** Requirements for completion**

- New check command added and works as described above;
- Test for check command added.",sabre,0,0.0,{},ETH,['https://github.com/b-mueller/sabre/pull/102'],1,2.995732273553991,4.0943445622221,4.0943445622221,0.6931471805599453,2018-10-24T04:31:07Z,1.9459101490553132,JavaScript,6.62273632394984,5.356586274672012,2.833213344056216,2.1972245773362196,1.0,0.0,2020-06-14T03:09:43Z,2020-06-15T14:02:14Z,1.0,6.3578422665081,7.2078598714324755,3.1354942159291497,1.3862943611198906,3.5553480614894135,30,1.25e+18,3.091042453358316,0.6931471805599453,0,0,1,0,1,0,0,0,0,0,0,0,0,0,0,0,1,0,0,0
154,162,1482,2020-06-19T12:04:00,0,Hours,Intermediate,https://github.com/b-mueller/sabre/issues/99,b-mueller,https://gitcoin.co/issue/22955,JavaScript,81.65,b-mueller,"Security analysis breaks with the latest Sabre release + dependencies (installed via `npm install -g sabre-mythx`):

```
$ sabre analyze test.sol
✔ Downloaded solc v0.5.16 and saved to local cache
✖ Resolving imports
TypeError: Cannot read property 'filePath' of undefined
````",sabre,0,0.0,{},ETH,['https://github.com/b-mueller/sabre/pull/100'],1,2.995732273553991,4.0943445622221,4.0943445622221,0.6931471805599453,2018-10-24T04:31:07Z,1.9459101490553132,JavaScript,6.62273632394984,0.6931471805599453,0.6931471805599453,0.6931471805599453,1.0,0.0,2020-06-06T05:25:13Z,2020-06-06T07:44:27Z,1.0,6.948897222313312,5.652489180268651,3.091042453358316,1.3862943611198906,3.5553480614894135,30,3.4e+17,2.833213344056216,0.6931471805599453,0,0,1,0,1,0,0,0,0,0,0,0,0,0,0,0,1,0,0,0
155,163,1488,2020-06-17T19:39:15,Feature,Weeks,Intermediate,https://github.com/encointer/explorer/issues/8,brenzi,https://gitcoin.co/issue/22712,"JavaScript,substrate",1195.43,encointer,"The following questions should be visually mapped and listed in the sideview:

1. has a currency had participants at the *last CeremonyIndex*?
1. how many?
1. how many meetups have been assigned?
1. how many participants have registered for the *current CeremonyIndex*?
1. if CeremonyPhase = ASSIGNING or ATTESTING
   1. how many meetups have been assigned for the current CeremonyIndex?

Ideas:
* yellow marker for inactive currencies
* green marker for active currencies
* when clustering, higher activity takes precedence -> a cluster of one yellow and one green currency turns green

How to obtain activity:
* [ParticipantCount](https://github.com/encointer/pallets/blob/f60169a908675bb90ae54cfa8b9000fc08ca45e7/ceremonies/src/lib.rs#L123) (CurrencyIndex, CeremonyIdentifier)
* MeetupCount

These registries get [purged regularly](https://github.com/encointer/pallets/blob/f60169a908675bb90ae54cfa8b9000fc08ca45e7/ceremonies/src/lib.rs#L606). We may have to update this logic to purge later",explorer,0,0.0,{},ETH,"['https://github.com/encointer/explorer/pull/14', 'https://github.com/encointer/explorer/pull/14']",2,0.6931471805599453,1.0986122886681098,1.0986122886681098,2.5649493574615367,2020-05-04T15:24:52Z,1.6094379124341003,JavaScript,11.665431936684998,7.157735484249907,6.124683390894205,2.5649493574615367,8.0,7.0,2020-06-09T22:49:47Z,2020-06-17T19:31:24Z,1.0,5.25227342804663,6.920671504248683,1.0986122886681098,0.6931471805599453,1.6094379124341003,4,4.913e+18,2.8903717578961645,1.0986122886681098,0,0,1,0,0,0,1,0,0,0,0,1,0,0,0,0,1,0,0,0
156,164,1492,2020-06-10T20:14:31,Feature,Hours,Beginner,https://github.com/great-hill-corporation/trueblocks-core/issues/1469,tjayrush,https://gitcoin.co/issue/22566,"Go,keccak256",122.23,great-hill-corporation,"### Instructions

After unzipping the data files found in the folder ./src/other/find4Byte and using the same techniques as are used by the Solidity compiler to build 4-byte codes out of canonical function signatures, cross multiply a list of the 100,000 most commonly-used English words (provided in the file `function_names.csv`) with 680 argument lists (provided in the file `function_signatures.csv`) searching for the given 4-byte code by applying keccak256 to each resulting function signature.

The delivered code should be
  - written in 'Go',
  - should be able to parse a simple command line that includes one or more four byte codes (each starting with `0x`), and
  - deliver matches to the `standard output`, while delivering progress to `standard err`.

The search should be done in parallel and be as fast as possible. Use of Go channels is preferred.

Even if a given four-byte code is found, the program should continue searching as there may be multiple matches the canonical signature. We would like to find all matches.

C++ like pseudo code follows:

### Pseudo Code in C++ (the deliverable should be in 'Go')

    int main(int argc, char *argv[]) {

        if (argc != 2) return 0;
        search = argv[1];

        names = file containing 100,000 common English words

        sigs = file containing ~700 function signatures

        cout << ""Scanning "" << names.size() << "" names "";
        cout << ""and "" << sigs.size() << "" signatures ("";
        cout << (names.size() * sigs.size()) << "" total) for 4-byte code "" << search << endl;

        for (every name : names) {
            for (every sig : sigs) {
                canonical = name + ""("" + sig + "")"";
                fourByte = '0x' + keccak256(canonical).substr(0, 8);
                if (fourByte == search) {
                    cout << ""Found: "" << fourByte << ""\t"" << canonical << endl;
                } else {
                    cerr << ""Scanning << canonical << ""\r"";
                    cerr.flush();
                }
            }
        }
        return 1;
    }",trueblocks-core,0,0.0,{},ETH,['https://github.com/Great-Hill-Corporation/trueblocks-core/pull/1472'],1,5.123963979403259,6.782192056006791,6.782192056006791,5.41610040220442,2017-04-03T12:39:10Z,2.8903717578961645,Others,13.299069195412647,5.634789603169249,0.6931471805599453,1.791759469228055,3.0,2.0,2020-06-10T10:18:22Z,2020-06-10T13:08:35Z,1.0,6.738152494595957,7.651595573857601,1.0986122886681098,1.0986122886681098,8.685584842676693,5943,5e+17,1.791759469228055,0.6931471805599453,0,1,0,0,1,0,0,0,0,0,0,1,0,0,0,0,0,1,0,0
157,167,1498,2020-06-01T18:18:06,Bug,Hours,Beginner,https://github.com/danlipert/gitcoin-test/issues/78,danlipert,https://gitcoin.co/issue/22378,asdf,2.48,danlipert,fasdfasdfasdf,gitcoin-test,0,0.0,{},ETH,['https://github.com/danlipert/gitcoin-test/issues/78'],1,0.0,0.0,0.0,4.663439094112067,2019-02-01T14:11:38Z,0.6931471805599453,Unknown,0.0,1.0986122886681098,0.0,0.6931471805599453,1.0,0.0,2019-02-01T14:11:38Z,0,1.0,7.085064293952548,2.6390573296152584,4.5217885770490405,0.0,9.286838342948908,10767,1e+16,3.4011973816621555,0.6931471805599453,0,1,0,0,1,0,0,1,0,0,0,0,0,0,0,0,0,0,0,1
158,169,1500,2020-05-29T18:18:42,Bug,Hours,Beginner,https://github.com/danlipert/gitcoin-test/issues/77,danlipert,https://gitcoin.co/issue/22341,asdf,2.21,danlipert,asdfasdfasdf,gitcoin-test,0,0.0,{},ETH,['https://github.com/danlipert/gitcoin-test/issues/76'],1,0.0,0.0,0.0,4.663439094112067,2019-02-01T14:11:38Z,0.6931471805599453,Unknown,0.0,1.0986122886681098,0.0,0.6931471805599453,1.0,0.0,2019-02-01T14:11:38Z,0,1.0,7.084226422097916,2.5649493574615367,4.51085950651685,0.0,9.286838342948908,10767,1e+16,3.4339872044851463,0.6931471805599453,0,1,0,0,1,0,0,1,0,0,0,0,0,0,0,0,0,0,0,1
159,170,1509,2020-06-02T16:25:12,Improvement,Days,Intermediate,https://github.com/encointer/explorer/issues/9,brenzi,https://gitcoin.co/issue/22391,"javascript,substrate",150.34,encointer,"next to ""current block"" we should indicate the current [ceremony phase](https://github.com/encointer/pallets/blob/f60169a908675bb90ae54cfa8b9000fc08ca45e7/scheduler/src/lib.rs#L57)
along with the [time until next phase](https://github.com/encointer/pallets/blob/f60169a908675bb90ae54cfa8b9000fc08ca45e7/scheduler/src/lib.rs#L88) (show date and browser-local time as well as a countdown)

for reference, also show the [CeremonyIndex](https://github.com/encointer/pallets/blob/f60169a908675bb90ae54cfa8b9000fc08ca45e7/scheduler/src/lib.rs#L84)",explorer,0,0.0,{},ETH,['https://github.com/encointer/explorer/pull/10'],1,0.6931471805599453,1.0986122886681098,1.0986122886681098,2.5649493574615367,2020-05-04T15:24:52Z,1.6094379124341003,JavaScript,11.665431936684998,5.648974238161206,4.795790545596741,2.5649493574615367,3.0,3.0,2020-05-27T22:17:17Z,2020-06-02T06:48:55Z,1.0,5.8664680569332965,6.300785794663244,0.6931471805599453,0.6931471805599453,1.6094379124341003,4,7.22e+17,3.258096538021482,0.6931471805599453,0,0,1,1,0,0,0,0,0,0,0,0,1,0,0,0,1,0,0,0
160,173,1522,2020-05-26T18:18:09,0,Hours,Beginner,https://github.com/gitcoinco/web/issues/6711,thelostone-mc,https://gitcoin.co/issue/22209,JavaScript,2.01,gitcoinco,"**Describe the bug**
Town square daily action is broken

**To Reproduce**
Automatically upon login

**Expected behavior**
Should show a daily action available but says it is available in 2d 22hr



**Screenshots**
![Screenshot at 18-23-00](https://user-images.githubusercontent.com/51737262/82851585-1661d180-9eb5-11ea-9ef9-e2c83f20ef26.png)

**Desktop (please complete the following information):**

- OS: Ubuntu 19.04
- Browser: Chrome 
- Browser Version: Version 83.0.4103.61

**Smartphone (please complete the following information):**

- Device: 
- OS: 
- Browser:
- Version:

**Additional context**
Just happened to notice it",web,0,0.0,{},ETH,['https://github.com/gitcoinco/web/pull/4011'],1,6.728628613084702,7.396948602621014,7.396948602621014,6.444131256700441,2017-07-10T10:53:45Z,4.532599493153256,JavaScript,13.991201849715411,5.910796644040527,0.0,1.791759469228055,34.0,4.0,2019-03-20T03:52:08Z,2019-04-11T17:06:52Z,1.0,6.352629396319567,6.492239835020471,7.282761179605593,5.236441962829949,4.248495242049359,46,1e+16,3.4657359027997265,0.6931471805599453,0,1,0,0,1,0,0,0,0,0,0,0,0,0,0,0,1,0,0,0
161,174,1531,2020-05-20T18:18:04,0,Hours,Beginner,https://github.com/gitcoinco/web/issues/6683,thelostone-mc,https://gitcoin.co/issue/22100,JavaScript,2.1,gitcoinco,"### User Story

[comment]: # (As a , I want to  so that .)
As a hackathon participant, I want to ensure I don't forget to include a link to my project with my submission so my work gets considered.

As a hackathon sponsor and moderator, I want to mandate links with submissions so hackers do not forget to include them and so I don't have to manually track them down.

### Why Is this Needed

[comment]: # (Describe the problem and why this task is needed. Provide description of the current state, what you would like to happen, and what actually happen)

*Summary*: Many hackers ""submit work"" with no link to their project. The field is optional. 

### Description

[comment]: # (Feature or Bug? i.e Type: Bug)
*Type*: Feature? Sort of a bug?

### Current Behavior
[comment]: # (Describe what actually happened.)
Currently, when submitting work the modal asks for an optional ""PR Link"" and allows you to submit without including any link. Links are usually for Repos and not PRs anyway, so this may be confusing, or people just forget.  I would like everyone to be forced to include a link, otherwise the submit button throws an error.

### Expected Behavior
[comment]: # (Describe what you expected to happen.) 
Users should be forced to include a project link with their submission.

### Definition of Done
[comment]: # (Any other information that would be useful, bullets are helpful.)
""PR Link"" changed to ""Project Link"" and field is no longer optional.

### Data Requirements
[comment]: # (How will we measure the success of this feature? What kind of tracking is needed for this feature (clicks, impressions, flag)?)

### Additional Information
[comment]: # (Any other information that would be useful, content, screenshots, etc.)
I'm primarily thinking in the context of hackathons, however I don't see why this shouldn't be mandated across the entire platform.",web,0,0.0,{},ETH,['https://github.com/gitcoinco/web/pull/4011'],1,6.728628613084702,7.396948602621014,7.396948602621014,6.444131256700441,2017-07-10T10:53:45Z,4.532599493153256,JavaScript,13.991201849715411,5.910796644040527,0.0,1.791759469228055,34.0,4.0,2019-03-20T03:52:08Z,2019-04-11T17:06:52Z,1.0,6.354370040797351,7.552762084214147,7.27931883541462,5.236441962829949,4.248495242049359,46,1e+16,3.4657359027997265,0.6931471805599453,0,1,0,0,1,0,0,0,0,0,0,0,0,0,0,0,1,0,0,0
162,175,1532,2020-05-19T18:18:10,0,Hours,Intermediate,https://github.com/gitcoinco/web/issues/6677,thelostone-mc,https://gitcoin.co/issue/22065,JavaScript,2.15,gitcoinco,"![explore](https://user-images.githubusercontent.com/513929/82261839-011cfe00-991d-11ea-81c9-b0b9e6f1aecc.jpg)

https://www.figma.com/file/6OqyMtEfRU4vDMlZXO6Y3l/Gitcoin-Grants-Experience-2020?node-id=149%3A8

No need to wire these up as @apbendi and co will be doing so.",web,0,0.0,{},ETH,['https://github.com/gitcoinco/web/pull/5391'],1,6.728628613084702,7.396948602621014,7.396948602621014,6.444131256700441,2017-07-10T10:53:45Z,4.532599493153256,JavaScript,13.991201849715411,0.6931471805599453,0.6931471805599453,0.6931471805599453,1.0,3.0,2019-10-26T03:33:01Z,0,1.0,6.318968113746434,5.62040086571715,7.278628942320682,5.236441962829949,4.248495242049359,46,1e+16,3.4657359027997265,0.6931471805599453,0,0,1,0,1,0,0,0,0,0,0,0,0,0,0,0,1,0,0,0
163,177,1536,2020-06-13T06:03:00,Feature,Days,Advanced,https://github.com/gitcoinco/web/issues/6549,owocki,https://gitcoin.co/issue/22638,"JavaScript,Python,HTML",365.31,gitcoinco,"### User Story

[comment]: # (As a , I want to  so that .)

### Why Is this Needed

[comment]: # (Describe the problem and why this task is needed. Provide description of the current state, what you would like to happen, and what actually happen)
*Summary*:
As a user, I want Sybil resistance via new identity mechanism, so we can be more sybil resistent.

### Description

[comment]: # (Feature or Bug? i.e Type: Bug)
*Type*:
Feature

### Current Behavior
[comment]: # (Describe what actually happened.)
No SMS verification

### Expected Behavior
[comment]: # (Describe what you expected to happen.)
- When a user has not SMS verified, they must go through a SMS validation flow before they can get a match.
- When user tries to contribute to a grant, and they have no SMS verification, they will be prompted to verify their SMS with a form that accepts their SMS number, then sends them a verification code, which they can enter back in the site to validate their SMS number.
- Must work internationally
- Use Twilio Carrier validation ( https://www.twilio.com/lookup ) to make sure it's not a virtual cloud number.
- If user has not validated their number, then their contribution will not count towards matching
- Remove the aged github account (see grants.clr:312) requirement
- Gitcoin DOES NOT STORE ANY SMS NUMBERS to preserve privacy of participants. instead we will only store the information in memory long enough for the SMS verification to come back in twilio.  Any long term storage will be done via a salted one way hash (md5 or equivilent).

i am bountying this ticket now.

while the bounty covers both of the following pieces of scope, id like to see the work broken up into 2 PRs. 

1. as a start, i would like to see a PR that handles the backend portion of the verification (ie methods that send the verification txt, accept the response, and then store the result in the DB))
2. @apbendi and his team are working on the 'add to cart' checkout flow right now. when that is ready , the frontend UI should be coded with the work from (1)",web,0,0.0,{},ETH,['https://github.com/ScopeLift/gitcoin-web/pull/31/'],1,6.728628613084702,7.396948602621014,7.396948602621014,6.444131256700441,2017-07-10T10:53:45Z,4.532599493153256,JavaScript,13.991201849715411,7.732807530422021,8.856945756159021,4.204692619390966,30.0,0.0,2020-05-12T21:52:48Z,0,1.0,6.856461984594587,7.645875825184813,7.277247726631484,5.236441962829949,11.673274040953775,117281,1.7e+18,1.791759469228055,0.6931471805599453,1,0,0,1,0,0,0,0,0,0,0,1,0,0,0,0,1,0,0,0
164,178,1538,2020-05-18T18:18:18,0,Hours,Beginner,https://github.com/gitcoinco/web/issues/6664,thelostone-mc,https://gitcoin.co/issue/22028,JavaScript,2.15,gitcoinco,"**Describe the bug**
Updated my email address in the Gitcoin settings a while ago, however still receive most of Gitcoin mails to my old address.

**To Reproduce**
/

**Expected behavior**
Email should be received to the new address.

**Screenshots**
/


**Desktop (please complete the following information):**

- OS: Windows 10
- Browser: Firefox
- Browser Version: Firefox 76.0.1 (64 Bit)",web,0,0.0,{},ETH,['https://github.com/gitcoinco/web/pull/4011'],1,6.728628613084702,7.396948602621014,7.396948602621014,6.444131256700441,2017-07-10T10:53:45Z,4.532599493153256,JavaScript,13.991201849715411,5.910796644040527,0.0,1.791759469228055,34.0,4.0,2019-03-20T03:52:08Z,2019-04-11T17:06:52Z,1.0,6.352629396319567,6.013715156042802,7.27655640271871,5.236441962829949,4.248495242049359,46,1e+16,3.4657359027997265,0.6931471805599453,0,1,0,0,1,0,0,0,0,0,0,0,0,0,0,0,1,0,0,0
165,179,1539,2020-05-18T18:18:08,0,Hours,Intermediate,https://github.com/gitcoinco/web/issues/6667,thelostone-mc,https://gitcoin.co/issue/22026,JavaScript,2.15,gitcoinco,"**Describe the bug**

When I go to update my profile avatar the change is accepted but after an hour the avatar itself has not updated. On the feed it shows the change of avatar and shows this correctly but the avatar doe not update. Have tried to do a hard refresh of the page. 
Possibly related is my profile always shows as offline. When I go to webchat I can set my self to Online and I see the change but the status is not kept after a few page clicks.

**To Reproduce**

I am unsure how to reproduce this.
**Expected behavior**

My profile should update its avatar with the Gitcoin customisable avatar.
**Screenshots**

![image](https://user-images.githubusercontent.com/11082710/82130473-8a202200-97c3-11ea-815b-55e852243455.png)

**Desktop (please complete the following information):**

- OS: Mac
- Browser: Chrome
- Browser Version: Unsure

**Smartphone (please complete the following information):**

- Device: 
- OS: 
- Browser:
- Version:

**Additional context**
Some more context; on pages such as the page to receive a kudos from a quest and the avatar used in a quest my new avatar shows as expected",web,0,0.0,{},ETH,['https://github.com/gitcoinco/web/pull/5391'],1,6.728628613084702,7.396948602621014,7.396948602621014,6.444131256700441,2017-07-10T10:53:45Z,4.532599493153256,JavaScript,13.991201849715411,0.6931471805599453,0.6931471805599453,0.6931471805599453,1.0,3.0,2019-10-26T03:33:01Z,0,1.0,6.318968113746434,7.0431599159883405,7.275172319452771,5.231108616854587,4.248495242049359,46,1e+16,3.4657359027997265,0.6931471805599453,0,0,1,0,1,0,0,0,0,0,0,0,0,0,0,0,1,0,0,0
166,180,1540,2020-05-17T06:17:42,0,Hours,Beginner,https://github.com/gitcoinco/web/issues/6667,thelostone-mc,https://gitcoin.co/issue/21999,JavaScript,2.01,gitcoinco,"**Describe the bug**

When I go to update my profile avatar the change is accepted but after an hour the avatar itself has not updated. On the feed it shows the change of avatar and shows this correctly but the avatar doe not update. Have tried to do a hard refresh of the page. 
Possibly related is my profile always shows as offline. When I go to webchat I can set my self to Online and I see the change but the status is not kept after a few page clicks.

**To Reproduce**

I am unsure how to reproduce this.
**Expected behavior**

My profile should update its avatar with the Gitcoin customisable avatar.
**Screenshots**

![image](https://user-images.githubusercontent.com/11082710/82130473-8a202200-97c3-11ea-815b-55e852243455.png)

**Desktop (please complete the following information):**

- OS: Mac
- Browser: Chrome
- Browser Version: Unsure

**Smartphone (please complete the following information):**

- Device: 
- OS: 
- Browser:
- Version:

**Additional context**
Some more context; on pages such as the page to receive a kudos from a quest and the avatar used in a quest my new avatar shows as expected",web,0,0.0,{},ETH,['https://github.com/gitcoinco/web/pull/4012'],1,6.728628613084702,7.396948602621014,7.396948602621014,6.444131256700441,2017-07-10T10:53:45Z,4.532599493153256,JavaScript,13.991201849715411,2.3978952727983707,2.1972245773362196,0.6931471805599453,1.0,7.0,2019-03-20T03:58:41Z,0,1.0,7.170888478512505,7.0431599159883405,7.273786317844895,5.225746673713202,4.248495242049359,46,1e+16,3.4657359027997265,0.6931471805599453,0,1,0,0,1,0,0,0,0,0,0,0,0,0,0,0,1,0,0,0
167,181,1542,2020-05-17T03:57:38,0,Hours,Intermediate,https://github.com/proofsuite/orfeed/issues/70,mikedeshazer,https://gitcoin.co/issue/21997,"solidity,documentation",30.08,proofsuite,"We are crowdsourcing something that's everyone's favorite: documentation!

In addition to being a pricing oracle, OrFeed offers the .arb method for allowing users and smart contracts to perform triangular arbitrage between several tokens and decentralized exchanges in a single transaction.

Currently, there is also a simple UI that demonstrates the basic core feature: https://www.orfeed.org/angle (in addition to a video that explains how it works).

We are seeking documentation for the README  (2-3 paragraphs) that introduces the .arb functionality, explains how it works, explains how to use a flash loan example code and then use the .arb function (https://www.youtube.com/watch?v=GnIFCoHxvLg).

We will later expound on new features, like the liquidity provider parameter to further limit the amount of code people have to right for that.

Someone might have answered a question you might have in Discord: https://discord.gg/byCPVsY",orfeed,0,0.0,{},ETH,['https://github.com/ProofSuite/OrFeed/pull/71'],1,5.111987788356544,5.501258210544727,5.501258210544727,2.302585092994046,2019-10-24T07:50:38Z,3.4657359027997265,Others,6.345636360828596,3.4657359027997265,0.0,0.6931471805599453,1.0,0.0,2020-05-16T14:12:17Z,2020-05-16T23:23:51Z,1.0,6.421622267806518,6.858565034791365,3.4339872044851463,1.0986122886681098,0.0,0,1.5e+17,2.70805020110221,0.6931471805599453,0,0,1,0,1,0,0,0,0,0,0,0,0,0,0,0,0,1,0,0
168,182,1556,2020-05-14T18:18:26,0,Hours,Intermediate,https://github.com/gitcoinco/web/issues/6636,shitzu-mc,https://gitcoin.co/issue/21967,JavaScript,2.03,gitcoinco,"Hi, a real option to allow people to disable tracking from facebook or IPs or anything else in the privacy section! or at least for analytics something that keeps user privacy safe!",web,0,0.0,{},ETH,['https://github.com/gitcoinco/web/pull/4653'],1,6.728628613084702,7.396948602621014,7.396948602621014,6.444131256700441,2017-07-10T10:53:45Z,4.532599493153256,JavaScript,13.991201849715411,8.980172205725008,7.1731917424865985,5.480638923341991,314.0,56.0,2019-06-19T13:40:50Z,0,1.0,7.0587581525186645,5.204006687076795,7.271008538280992,5.209486152841421,0.0,0,1e+16,3.4657359027997265,0.6931471805599453,0,0,1,0,1,0,0,0,0,0,0,0,0,0,0,0,1,0,0,0
169,183,1557,2020-05-13T18:18:04,0,Hours,Intermediate,https://github.com/gitcoinco/web/issues/6645,thelostone-mc,https://gitcoin.co/issue/21952,JavaScript,2.0,gitcoinco,"Current State: 
![image](https://user-images.githubusercontent.com/23297747/81747807-be6ba980-9476-11ea-89da-b08b68dd3670.png)


Future State: 
Include the Sponsor branding / the unique hackathon branding in the hyperlinks for all Twitter posts. Like this image :D from --> https://gitcoin.co/hackathon/rl1/

![image](https://user-images.githubusercontent.com/23297747/81747895-e4914980-9476-11ea-8ece-d216642045fe.png)",web,0,0.0,{},ETH,['https://github.com/gitcoinco/web/pull/4011'],1,6.728628613084702,7.396948602621014,7.396948602621014,6.444131256700441,2017-07-10T10:53:45Z,4.532599493153256,JavaScript,13.991201849715411,5.910796644040527,0.0,1.791759469228055,34.0,4.0,2019-03-20T03:52:08Z,2019-04-11T17:06:52Z,1.0,6.354370040797351,6.056784013228625,7.2682230211595655,5.209486152841421,4.248495242049359,46,1e+16,3.4657359027997265,0.6931471805599453,0,0,1,0,1,0,0,0,0,0,0,0,0,0,0,0,1,0,0,0
170,187,1609,2020-05-20T20:04:47,Feature,Weeks,Intermediate,https://github.com/encointer/explorer/issues/2,brenzi,https://gitcoin.co/issue/22102,"JavaScript,substrate,polkadot",251.77,encointer,"encointer features a registry of local community currencies that are defined by a set of meetup locations. The explorer shall feature a map view that allows users to explore all registered currencies and their meetup locations. 

# story:
1. map shows global view with pins for every community.
1. user clicks a currency and map zooms in to fit the community area. every meetup location of this currency is marked with a pin. In a side-view, detailed information shows up

## optional extensions
* cluster community pins into groups indicating the number of communities if map gets cluttered
* same for meetup location pins within one currency
* user can hover over community pin and gets metainfo (`CurrencyIdentifyer`, currency name)

# detail view
The detail view shall list the following information
* CurrencyIdentifier hash
* currency properties 
  * name `encointerCurrencies.currencyProperties(cide).name_utf8` 
  * demurrage_rate  `encointerCurrencies.currencyProperties(cide).demurrage_per_block`  -> translate this into demurrage % per month
* list of bootstrappers `encointerCurrencies.bootstrappers ->Vec`
* money supply `encointerBalances.totalIssuance(cid)`

## optional extensions
* active population timeline: size of `encointerCeremonies.participantReputation(CurrencyCeremony, AccountId) -> Reputation` with Reputation= VerifiedLinked or VerifiedUnlinked for the last N ceremonies (plot a timeline with population size vs. time). 

# look and feel
Right now we only forked a template. The only features we'd like to keep are:
* block number + finalized
* node info and version

everything else may be purged to get a clean look. The map should be the main thing. Design may be kept very simple.

*must be mobile-friendly*

# implementation
We use polkadot-js and publish to github pages (so only static page content!): 
https://encointer.github.io/explorer/

query list of of currencies:
```
encointerCurrencies.currencyIdentifiers -> Vec
```
query list of meetup locations for one currency 
```
encointerCurrencies.locations(cid) -> Vec
```
Location has field `lon`and `lat` of type `I32F32` which is a fixpoint value with 32 signed decimal bits and 32 fractional bits ([currently unsupported by polkadotjs](https://github.com/substrate-developer-hub/recipes/issues/201))

## maps
We would prefer to use open street maps. Map should be zoomable
* pins for communities must look different than pins for meetup locations (i.e. communities: circles, meetup locations: pointy pins)

# testing
See [our tutorial](https://book.encointer.org/testnet-gesell-tutorial.html) on how to add more communities for debugging

# acceptance
this task is deemed done when the *story* succeeds with testnet gesell when building the PR with `yarn build` and the specified informations can be explored. 

to be tested in Firefox bowser on desktop and mobile",explorer,0,0.0,{},ETH,['https://github.com/encointer/explorer/pull/3'],1,0.6931471805599453,1.0986122886681098,1.0986122886681098,2.5649493574615367,2020-05-04T15:24:52Z,1.6094379124341003,JavaScript,11.665431936684998,6.620073206530356,4.976733742420574,2.772588722239781,14.0,11.0,2020-05-14T08:47:11Z,2020-05-20T13:56:06Z,1.0,6.637258031284457,7.976938756959434,0.0,0.0,1.6094379124341003,4,1.226e+18,2.833213344056216,0.6931471805599453,0,0,1,0,0,0,1,0,0,0,0,1,0,0,0,0,1,0,0,0
171,194,1651,2020-04-30T18:18:24,0,Hours,Intermediate,https://github.com/gitcoinco/web/issues/6530,thelostone-mc,https://gitcoin.co/issue/21488,JavaScript,2.06,gitcoinco,This is a Github Issue for extending https://github.com/gitcoinco/web/pull/6258 and making dark mode work (and look good) across the site.,web,0,0.0,{},ETH,['https://github.com/gitcoinco/web/pull/4011'],1,6.728628613084702,7.396948602621014,7.396948602621014,6.444131256700441,2017-07-10T10:53:45Z,4.532599493153256,JavaScript,13.991201849715411,5.910796644040527,0.0,1.791759469228055,34.0,4.0,2019-03-20T03:52:08Z,2019-04-11T17:06:52Z,1.0,6.352629396319567,4.9344739331306915,7.246368080102461,5.187385805840755,4.248495242049359,46,1e+16,3.4339872044851463,0.6931471805599453,0,0,1,0,1,0,0,0,0,0,0,0,0,0,0,0,1,0,0,0
172,197,1662,2020-05-06T18:38:54,Feature,Hours,Intermediate,https://github.com/diadata-org/diadata/issues/210,kaythxbye,https://gitcoin.co/issue/21672,"Go,scraper",56.26,diadata-org,"We are looking for a Go developer that can provide a scraper for the SONIA interest rate issued by the Bank of England.

The submitted work has to include the API scraper as well as a pull request with the respective documentation of the added code.

The DIA documentation and more specific instructions on how to contribute can be found here:
https://docs.diadata.org/documentation/tutorials/write-your-own-rate-scraper

For information on the rate see for instance:

https://www.bankofengland.co.uk/markets/sonia-benchmark

Bank of England Database",diadata,0,0.0,{},ETH,['https://github.com/diadata-org/diadata/pull/215'],1,4.875197323201151,5.356586274672012,5.356586274672012,2.5649493574615367,2018-08-08T13:21:11Z,3.295836866004329,Others,11.619139616177534,6.883462586413092,4.23410650459726,2.995732273553991,7.0,0.0,2020-05-04T17:36:05Z,2020-05-06T12:01:56Z,1.0,7.228388451573604,6.331501849893691,3.9318256327243257,2.772588722239781,0.0,0,3e+17,11.486088555016636,0.6931471805599453,0,0,1,0,1,0,0,0,0,0,0,1,0,0,0,0,0,1,0,0
173,198,1665,2020-04-22T18:18:14,0,Hours,Intermediate,https://github.com/gitcoinco/web/issues/6489,thelostone-mc,https://gitcoin.co/issue/21408,JavaScript,1.83,gitcoinco,"**Logging into chat from Town Square results in Github Connection error**


**To Reproduce**


**Expected behavior**


**Screenshots**



**Desktop (please complete the following information):**

- OS:
- Browser:
- Browser Version:

**Smartphone (please complete the following information):**

- Device: 
- OS: 
- Browser:
- Version:

**Additional context**",web,0,0.0,{},ETH,['https://github.com/gitcoinco/web/pull/4011'],1,6.728628613084702,7.396948602621014,7.396948602621014,6.444131256700441,2017-07-10T10:53:45Z,4.532599493153256,JavaScript,13.991201849715411,5.910796644040527,0.0,1.791759469228055,34.0,4.0,2019-03-20T03:52:08Z,2019-04-11T17:06:52Z,1.0,6.352629396319567,5.950642552587727,7.241366283322318,5.181783550292085,4.248495242049359,46,1e+16,3.4339872044851463,0.6931471805599453,0,0,1,0,1,0,0,0,0,0,0,0,0,0,0,0,1,0,0,0
174,203,1696,2020-05-04T12:09:25,0,Hours,Intermediate,https://github.com/gitcoinco/web/issues/6448,owocki,https://gitcoin.co/issue/21591,"JavaScript,Python,HTML",61.14,gitcoinco,"per https://twitter.com/msolomon44/status/1249150137278115840?s=21 we'd like to see the current and canceled subscriptions that a user has enabled on the grants profile page  tab ( https://gitcoin.co/owocki/grants )

pls put them above the grants created list and reuse the existing styles

for the grants.subscriptoin object:
canceled subscriptions = error flag = True
active subscriptoins active flag = True, error flag = False
num_tx_approved = number of times itll bill",web,0,0.0,{},ETH,['https://github.com/gitcoinco/web/pull/6455'],1,6.728628613084702,7.396948602621014,7.396948602621014,6.444131256700441,2017-07-10T10:53:45Z,4.532599493153256,JavaScript,13.991201849715411,3.7376696182833684,0.0,0.6931471805599453,6.0,3.0,2020-04-17T02:25:22Z,2020-04-29T13:32:53Z,1.0,6.752270376141742,6.175867270105761,7.233455418621439,5.176149732573829,11.673274040953775,117281,4e+17,2.4849066497880004,0.6931471805599453,0,0,1,0,1,0,0,0,0,0,0,0,0,0,0,0,1,0,0,0
175,204,1698,2020-04-15T18:21:22,0,Hours,Intermediate,https://github.com/gitcoinco/web/issues/6435,thelostone-mc,https://gitcoin.co/issue/21310,JavaScript,1.53,gitcoinco,"**Describe the bug**
When viewing personalities on the _Company...About_ page, entries without a handle (Joe Lubin for example), do not include the ""("" symbol due to the way about.html checks and renders content based on population of this field. This can be seen on the `{%  if handle %}` check located at https://github.com/gitcoinco/web/blob/ecc29c37050adb36d49746f37b6a5ccbfeee6b43/app/retail/templates/about.html#L54

**To Reproduce**
Visit https://gitcoin.co/about and look at the entry for Joe Lubin. It does not contain the ""("" character in his title, as he does not have a handle populated in https://github.com/gitcoinco/web/blob/fe3e3d049fc05f21db91e63bd7759ea2a7fe6210/app/retail/views.py#L526

**Expected behavior**
Entries without certain fields should still render the outside parenthesis for all entries, regardless of field population. 

**Screenshots**
![formatting_error](https://user-images.githubusercontent.com/6909088/79296297-45d5f500-7e98-11ea-8f2f-d033a1ed9108.png)

**Desktop (please complete the following information):**

- OS: Linux - Mint 19.1
- Browser: Brave
- Browser Version: Version 1.5.123 Chromium: 80.0.3987.163 (Official Build) (64-bit)

**Additional context**
The opening parenthesis could be moved up a line or two as a simple fix. Other entries would need to be Q/A'd to ensure this doesn't introduce new bugs. I attempted to fix this myself on a local development environment, but I'm experiencing a postgresql ""chat"" db not found when trying to build from master. I will submit a separate issue for that. 

Thanks!
-Stoner",web,0,0.0,{},ETH,['https://github.com/gitcoinco/web/pull/6079'],1,6.728628613084702,7.396948602621014,7.396948602621014,6.444131256700441,2017-07-10T10:53:45Z,4.532599493153256,JavaScript,13.991201849715411,4.804021044733257,3.1780538303479458,2.5649493574615367,6.0,2.0,2020-02-26T03:45:12Z,2020-02-26T19:56:40Z,1.0,6.335054251498059,7.371489295214277,7.232733136177615,5.176149732573829,4.248495242049359,46,1e+16,3.4339872044851463,0.6931471805599453,0,0,1,0,1,0,0,0,0,0,0,0,0,0,0,0,1,0,0,0
176,205,1701,2020-05-02T00:06:58,0,Hours,Intermediate,https://github.com/gitcoinco/web/issues/6208,frankchen07,https://gitcoin.co/issue/21525,"JavaScript,HTML,CSS",87.13,gitcoinco,"@iamonuwa @PixelantDesign 

OLD:
![weeklyemail-old](https://user-images.githubusercontent.com/19514207/76437173-bf874880-63eb-11ea-97bf-63bb1661a996.jpg)

NEW:
![weeklyemail-new](https://user-images.githubusercontent.com/19514207/76437182-c1e9a280-63eb-11ea-9321-3f6257d1058f.jpg)",web,0,0.0,{},ETH,['https://github.com/gitcoinco/web/pull/6438'],1,6.728628613084702,7.396948602621014,7.396948602621014,6.444131256700441,2017-07-10T10:53:45Z,4.532599493153256,JavaScript,13.991201849715411,5.14166355650266,4.709530201312334,1.9459101490553132,31.0,18.0,2020-04-15T13:45:30Z,2020-04-29T12:41:48Z,1.0,6.70808408385307,5.659482215759621,7.231287004327616,5.176149732573829,4.394449154672439,55,5.5000000000000006e+17,2.6390573296152584,0.6931471805599453,0,0,1,0,1,0,0,0,0,0,0,0,0,0,0,0,1,0,0,0
177,206,1708,2020-04-20T05:09:00,Documentation,Hours,Intermediate,https://github.com/daaab/bbft/issues/13,daaab,https://gitcoin.co/issue/21378,"Education,Subtitle,Editing,Mandarin,Podcast",15.83,daaab,"開放協助編輯校訂 《寶博朋友說》Podcast 節目 [**[第28集字幕]**](https://github.com/dAAAb/BBFT/blob/master/ep28%20%E8%82%A1%E6%B5%B7%E8%8C%AB%E8%8C%AB%EF%BC%8C%E8%B2%A1%E5%AF%8C%E6%96%B9%E8%88%9F%E8%88%AA%E5%90%91%E4%BD%95%E6%96%B9%EF%BC%9F.mp3-%E5%AD%97%E5%B9%95.srt) ，原始字幕來源為 AI 聽打，故有不少錯誤需要人工校正。完成者致贈 0.1 ETH 以太幣。請搭配[[MP3音檔]](https://github.com/dAAAb/BBFT/blob/master/mp3/ep28%20%E8%82%A1%E6%B5%B7%E8%8C%AB%E8%8C%AB%EF%BC%8C%E8%B2%A1%E5%AF%8C%E6%96%B9%E8%88%9F%E8%88%AA%E5%90%91%E4%BD%95%E6%96%B9%EF%BC%9F.mp3)聆聽原始語句，推薦使用 Amara: [[here](https://amara.org/zh/subtitles/editor/AOand1RiTl6A/zh-tw/)] 編輯字幕，完成後發 Pull Request 並至 Gitcoin Bounty 頁面送出工作（Submit Work）進行審閱，經寶博士審閱完成後致贈酬勞 0.1 ETH 💰!

*請先在下方閱讀 Gitcoin 說明，並至 Gitcoin 頁面申請加入工作(Apply & Start Work)，謝謝！

Bounty request for revising **EP28** subtitle [[here]](https://github.com/dAAAb/BBFT/blob/master/ep28%20%E8%82%A1%E6%B5%B7%E8%8C%AB%E8%8C%AB%EF%BC%8C%E8%B2%A1%E5%AF%8C%E6%96%B9%E8%88%9F%E8%88%AA%E5%90%91%E4%BD%95%E6%96%B9%EF%BC%9F.mp3-%E5%AD%97%E5%B9%95.srt) with its MP3 Audio [[here]](https://github.com/dAAAb/BBFT/blob/master/mp3/ep28%20%E8%82%A1%E6%B5%B7%E8%8C%AB%E8%8C%AB%EF%BC%8C%E8%B2%A1%E5%AF%8C%E6%96%B9%E8%88%9F%E8%88%AA%E5%90%91%E4%BD%95%E6%96%B9%EF%BC%9F.mp3) , it's recommend to use Amara [[here]](https://amara.org/zh/subtitles/editor/AOand1RiTl6A/zh-tw/) to do the work! :)) When you finish the work, please Submit Work through Gitcoin Bounty page, after approval by Dr. Bao, you'll get 0.1 ETH as reward! 

*You need to read the comment from Gitcoin in below, and make sure you issue ""start work"" on Gitcoin detail page of this bounty, thanks!",bbft,0,0.0,{},ETH,['https://github.com/dAAAb/BBFT/pull/16'],1,1.9459101490553132,1.0986122886681098,1.0986122886681098,2.302585092994046,2019-11-18T13:43:00Z,1.3862943611198906,Unknown,12.545533269613163,7.957877358489813,7.966239776559467,0.6931471805599453,1.0,0.0,2020-04-20T00:01:34Z,2020-04-20T05:05:41Z,1.0,7.0326242610280065,7.37650812632622,2.4849066497880004,1.791759469228055,5.5909869805108565,268,1e+17,3.1354942159291497,0.6931471805599453,0,0,1,0,1,0,0,0,0,0,1,0,0,0,0,0,0,0,0,1
178,207,1710,2020-04-13T04:06:28,Documentation,Hours,Intermediate,https://github.com/daaab/bbft/issues/12,daaab,https://gitcoin.co/issue/21225,"Education,Subtitle,Editing,Mandarin",15.83,daaab,"開放協助編輯校訂 《寶博朋友說》Podcast 節目 [**[第27集字幕]**](https://github.com/dAAAb/BBFT/blob/master/ep27%20%E5%B0%88%E6%B3%A8%E6%96%BC%E6%94%B9%E8%AE%8A%E4%B8%96%E7%95%8C%E3%80%90%E5%89%B5%E6%A5%AD%E7%95%8C%E9%87%91%E5%9F%8E%E6%AD%A6%E3%80%91.mp3-%E5%AD%97%E5%B9%95.srt) ，原始字幕來源為 AI 聽打，故有不少錯誤需要人工校正。完成者致贈 0.1 ETH 以太幣。請搭配[YT 影片](https://www.youtube.com/watch?v=T5oR17WCXOk)聆聽原始語句，推薦使用 Amara: [[here](https://amara.org/zh/subtitles/editor/yE2SOXZD0D9R/zh-tw/)] 編輯字幕，完成後發 Pull Request 並至 Gitcoin Bounty 頁面送出工作（Submit Work）進行審閱，經寶博士審閱完成後致贈酬勞 0.1 ETH 💰!

*請先在下方閱讀 Gitcoin 說明，並至 Gitcoin 頁面申請加入工作(Apply & Start Work)，謝謝！

Bounty request for revising **EP27** subtitle [[here]](https://github.com/dAAAb/BBFT/blob/master/ep27%20%E5%B0%88%E6%B3%A8%E6%96%BC%E6%94%B9%E8%AE%8A%E4%B8%96%E7%95%8C%E3%80%90%E5%89%B5%E6%A5%AD%E7%95%8C%E9%87%91%E5%9F%8E%E6%AD%A6%E3%80%91.mp3-%E5%AD%97%E5%B9%95.srt) with its YouTube video [[here]](https://www.youtube.com/watch?v=T5oR17WCXOk) , it's recommend to use Amara [[here]](https://amara.org/zh/subtitles/editor/yE2SOXZD0D9R/zh-tw/) to do the work! :)) When you finish the work, please Submit Work through Gitcoin Bounty page, after approval by Dr. Bao, you'll get 0.1 ETH as reward! 

*You need to read the comment from Gitcoin in below, and make sure you issue ""start work"" on Gitcoin detail page of this bounty, thanks!",bbft,0,0.0,{},ETH,['https://github.com/dAAAb/BBFT/pull/14'],1,1.9459101490553132,1.0986122886681098,1.0986122886681098,2.302585092994046,2019-11-18T13:43:00Z,1.3862943611198906,Unknown,12.545533269613163,7.486613313139955,7.766840537085513,0.6931471805599453,1.0,0.0,2020-04-13T02:38:02Z,2020-04-13T04:00:23Z,1.0,7.20934025660291,7.198931240688173,2.302585092994046,1.6094379124341003,5.5909869805108565,268,1e+17,3.4011973816621555,0.6931471805599453,0,0,1,0,1,0,0,0,0,0,1,0,0,0,0,0,0,0,0,1
179,208,1731,2020-04-08T18:19:43,0,Hours,Intermediate,https://github.com/gitcoinco/web/pull/4017,thelostone-mc,https://gitcoin.co/issue/21054,JavaScript,1.73,gitcoinco,"##### Description



##### Checklist



- [ ] Read and conforms to the [contributor guidelines](https://docs.gitcoin.co/mk_contributors/)
- [ ] Read and conforms to the [style guidelines](https://docs.gitcoin.co/mk_styleguide/)
- [ ] Linter status: 100% pass
- [ ] Added relevant tests
- [ ] Tests pass and code coverage has not decreased
- [ ] Changes don't break existing behavior
- [ ] Commit message follows [commit guidelines](https://docs.gitcoin.co/mk_contributors/#step-4-commit)
- [ ] [Code documentation](https://docs.gitcoin.co/mk_contributors/#docstrings)
- [ ] Completed: Code review by core team and any requested changes

##### Affected core subsystem(s)



##### Refers/Fixes

 Fixes: #102, #103
  If your PR refers an issue -> Refs: #101
-->
Refs: #3370 #4020
##### Testing and Sign-off



###### Contributor

- [ ] Read and followed the [Contributor Guidelines](https://docs.gitcoin.co/mk_contributors/)
- [ ] Tested all changes **locally**
- [ ] Verified existing functionality
- [ ] Ran `make test` and everything passed!

###### Reviewer

- [ ] Affirm contributor guidelines have been followed and requested changes made
- [ ] CI tests and linting pass
- [ ] No conflicts (migrations, files, etc)
- [ ] Regression tested against staging or local deployment

###### Funder

- [ ] Validated requested changes were made to specification
- [ ] Bounty payout released to the contributor",web,0,0.0,{},ETH,['https://github.com/gitcoinco/web/pull/4011'],1,6.728628613084702,7.396948602621014,7.396948602621014,6.444131256700441,2017-07-10T10:53:45Z,4.532599493153256,JavaScript,13.991201849715411,5.910796644040527,0.0,1.791759469228055,34.0,4.0,2019-03-20T03:52:08Z,2019-04-11T17:06:52Z,1.0,6.35088571671474,7.280697195384741,7.2254814727822945,5.170483995038151,4.248495242049359,46,1e+16,3.4339872044851463,0.6931471805599453,0,0,1,0,1,0,0,0,0,0,0,0,0,0,0,0,1,0,0,0
180,209,1734,2020-04-15T21:52:21,0,Hours,Intermediate,https://github.com/gitcoinco/web/issues/6395,owocki,https://gitcoin.co/issue/21313,"Python,ethereum",164.61,gitcoinco,"I would like some python functions that I can pass in an ethereum mainnet account and a erc20-style contract address, and it can tell me where the tokens came from.  

ie.
- if account minted the token, then it returns `0x0`
- if account received the tokens from `0xabc` it returns `0xabc`
- if account received the tokens from `0xabc` and `0xabc2` it returns [`0xabc`, `0xabc2`]",web,0,0.0,{},ETH,"['https://github.com/uivlis/provenance', 'https://github.com/gitcoinco/web/pull/6398']",2,6.728628613084702,7.396948602621014,7.396948602621014,6.444131256700441,2017-07-10T10:53:45Z,4.532599493153256,JavaScript,13.991201849715411,4.454347296253507,1.6094379124341003,1.0986122886681098,7.0,6.0,2020-04-08T07:26:53Z,2020-07-09T13:52:35Z,1.0,6.354370040797351,5.953243334287785,7.224753405767971,5.170483995038151,11.673274040953775,117281,1e+18,3.258096538021482,1.0986122886681098,0,0,1,0,1,0,0,0,0,0,0,0,0,0,0,0,1,0,0,0
181,210,1741,2020-04-06T15:24:28,Improvement,Hours,Intermediate,https://github.com/mixinnetwork/mixin/issues/43,cedricfung,https://gitcoin.co/issue/20969,Go,86.01,mixinnetwork,"Now the configuration file is a plain json, which is not good for human readable, and unable to add comment. 
Change the configuration file format to TOML, should have backward compatibilities.",mixin,0,0.0,{},ETH,['https://github.com/MixinNetwork/mixin/pull/49'],1,4.787491742782046,6.161207321695077,6.161207321695077,2.70805020110221,2018-04-27T13:31:53Z,4.02535169073515,Others,8.156510226079966,3.6109179126442243,2.8903717578961645,1.6094379124341003,1.0,0.0,2020-04-06T08:02:05Z,2020-04-06T15:16:03Z,1.0,6.905753276311464,5.272999558563747,0.0,0.0,1.3862943611198906,2,6e+17,11.48640693640942,0.6931471805599453,0,0,1,0,1,0,0,0,0,0,0,0,1,0,0,0,0,1,0,0
182,211,1746,2020-04-03T10:28:54,Improvement,Hours,Beginner,https://github.com/supabase/realtime/issues/18,awalias,https://gitcoin.co/issue/20916,"Elixir,phoenix",49.42,supabase,"currently logs look like:
`02:11:23.876 [error] GenServer #PID terminating`

Would be useful to change the timestamp to be datetime instead of just time",realtime,0,0.0,{},ETH,['https://github.com/supabase/realtime/pull/27'],1,5.472270673671475,8.657129031713755,8.657129031713755,2.833213344056216,2019-09-23T12:15:45Z,4.59511985013459,Others,8.84246002419529,2.8903717578961645,2.8903717578961645,1.0986122886681098,1.0,0.0,2020-04-03T09:41:54Z,2020-04-03T10:26:00Z,1.0,7.2399325913204695,5.049856007249537,0.6931471805599453,0.0,0.0,0,3.5e+17,3.4339872044851463,0.6931471805599453,0,1,0,0,1,0,0,0,0,0,0,0,1,0,0,0,0,1,0,0
183,215,1766,2020-03-30T01:47:43,Documentation,Hours,Intermediate,https://github.com/daaab/bbft/issues/8,dAAAb,https://gitcoin.co/issue/20856,"Editing,Subtitle,Blockchain,Podcast",13.84,daaab,"開放協助編輯校訂 《寶博朋友說》Podcast 節目 [**[第25集字幕]**](https://github.com/dAAAb/BBFT/blob/master/ep25%20%E6%AF%94%E7%89%B9%E5%B9%A3%E5%90%88%E9%81%A9%E7%95%B6%E7%90%86%E8%B2%A1%E5%B7%A5%E5%85%B7%E5%97%8E%EF%BC%9F.mp3-%E5%AD%97%E5%B9%95.srt) ，原始字幕來源為 AI 聽打，故有不少錯誤需要人工校正。完成者致贈 0.1 ETH 以太幣。請搭配[YT 影片](https://www.youtube.com/watch?v=xrLd63OH6t0)聆聽原始語句，推薦使用 Amara: [[here](https://amara.org/zh/subtitles/editor/gojPkWaizNIr/zh-tw/)] 編輯字幕，完成後發 Pull Request 並至 Gitcoin Bounty 頁面送出工作（Submit Work）進行審閱，經寶博士審閱完成後致贈酬勞 0.1 ETH 💰!

*請先在下方閱讀 Gitcoin 說明，並至 Gitcoin 頁面申請加入工作(Apply & Start Work)，謝謝！

Bounty request for revising **EP25** subtitle [[here]](https://github.com/dAAAb/BBFT/blob/master/ep25%20%E6%AF%94%E7%89%B9%E5%B9%A3%E5%90%88%E9%81%A9%E7%95%B6%E7%90%86%E8%B2%A1%E5%B7%A5%E5%85%B7%E5%97%8E%EF%BC%9F.mp3-%E5%AD%97%E5%B9%95.srt) with its YouTube video [[here]](https://www.youtube.com/watch?v=xrLd63OH6t0) , it's recommend to use Amara [[here]](https://amara.org/zh/subtitles/editor/gojPkWaizNIr/zh-tw/) to do the work! :)) When you finish the work, please Submit Work through Gitcoin Bounty page, after approval by Dr. Bao, you'll get 0.1 ETH as reward! 

*You need to read the comment from Gitcoin in below, and make sure you issue ""start work"" on Gitcoin detail page of this bounty, thanks!",bbft,0,0.0,{},ETH,['https://github.com/dAAAb/BBFT/pull/9'],1,1.9459101490553132,1.0986122886681098,1.0986122886681098,2.302585092994046,2019-11-18T13:43:00Z,1.3862943611198906,Unknown,12.545533269613163,7.858640655620791,7.933438387627489,0.6931471805599453,1.0,1.0,2020-03-29T19:49:52Z,2020-03-30T01:50:26Z,1.0,6.9874902470009905,7.157735484249907,1.791759469228055,0.6931471805599453,5.5909869805108565,268,1e+17,3.258096538021482,0.6931471805599453,0,0,1,0,1,0,0,0,0,0,1,0,0,0,0,0,0,0,0,1
184,216,1770,2020-03-26T21:14:48,Bug,Hours,Intermediate,https://github.com/wearekickback/contracts/issues/56,connoroday,https://gitcoin.co/issue/20818,kickback,133.36,wearekickback,"## Bounty 

- 1 ETh to the first person who raises PR to fix the bug with a complete test.

## Issue summary

At Kickback, we send a list of participants who were checked in as a bitmap to save gas cost.

eg: when 300 people RSVPed and i1, i2, i256, i257, i298, i299 attended, we send bitmap of 2 bytes containing the following.

`finalise([110, 11000000000000000000000000000000000000000011])`

NOTE: Bitmap starts from right to left so 110 is 0, 1, 1

For more info, please refer to [our test](https://github.com/wearekickback/contracts/blob/master/test/behaviors/conferenceFinalize.behavior.js#L50).

At the last [EthLondon hackathon](https://kickback.events/event/0x741909cab7ab8efce27761237d3463fc779ca539), we had a dozen of reports from participants who could not withdraw despite marked as ""checked in"" because [their transactions](https://etherscan.io/tx/0xba5b98dbfaf8649de0597bc26ced743404bd03a737368e04e1971acdd151c6b3) got reverted with message 'Fail with error 'event still active or you did not attend''

After [our analysis](https://docs.google.com/spreadsheets/d/14xaRx6vP_VklsHeuQflv17lQS6paF0Qxey1G8-I0sIw/edit#gid=0), it turned out `isAttended(address)` that the logic to return whether the user has attended or not does not match by one row after 123rd participant.




The column C(bitmap) is derived from the  bitmap info sent at finalisation at [etherscan](https://etherscan.io/tx/0x0f84a80131d1b2c840259445988d58d358c3f293a2ff04f78df6c906d99b255e#eventlog)

Input data

```
0xe17e082b0000000000000000000000000000000000000000000000000000000000000020000000000000000000000000000000000000000000000000000000000000000100000000000f7fdffffdadbfaffefffb57ff87dbddd2f797ef7dfbfcfceff4df
```

Hex `f7fdffffdadbfaffefffb57ff87dbddd2f797ef7dfbfcfceff4df` => Bin `11110111111111011111111111111111110110101101101111111010111111111110111111111111101101010111111111111000011111011011110111011101001011110111100101111110111101111101111110111111110011111100111011111111010011011111` then you reverse the order.


 The column D(`isAttended`) is derived by calling the function for each address

```
    function isAttended(address _addr) public view returns (bool){
        if (!isRegistered(_addr) || !ended) {
            return false;
        }
        // check the attendance maps
        else {
            Participant storage p = participants[_addr];
            uint256 pIndex = p.index - 1;
            uint256 map = attendanceMaps[uint256(pIndex / 256)];
            return (0 < (map & (2 ** (pIndex % 256))));
        }
    }
```

## Submission criteria

We suspect that the bug is either in [our smart contract](https://github.com/wearekickback/contracts) or [js library](https://github.com/wearekickback/shared/blob/master/src/participants.js) to encode/decode the bitmap.

- Write a failing test to replicate the error.
- Write a fix to make the test pass.
- Make sure that other tests do not fail.",contracts,0,0.0,{},ETH,['https://github.com/wearekickback/shared/pull/1'],1,2.772588722239781,3.58351893845611,3.58351893845611,2.772588722239781,2018-08-27T11:11:31Z,1.791759469228055,JavaScript,8.056743774975313,2.1972245773362196,7.9483852851118995,3.6375861597263857,7.0,0.0,2018-08-27T12:24:13Z,2018-08-27T14:16:50Z,1.0,6.813444599510896,7.997326822998097,2.9444389791664403,1.0986122886681098,6.455198563340122,815,1e+18,3.258096538021482,0.6931471805599453,0,0,1,0,1,0,0,1,0,0,0,0,0,0,0,0,1,0,0,0
185,217,1771,2020-03-23T17:35:10,0,Hours,Intermediate,https://github.com/gitcoinco/web/issues/6224,owocki,https://gitcoin.co/issue/20750,"JavaScript,HTML,CSS,Shell",133.36,gitcoinco,"https://www.figma.com/file/OAwjMgNRZe16or6QLxIhWx/Grants-CLR-Matching-4?node-id=0%3A1

scope of this is to take the above figma design and apply it to the grants designs at gitcoin.co/grants",web,0,0.0,{},ETH,['https://github.com/gitcoinco/web/pull/6264'],1,6.728628613084702,7.396948602621014,7.396948602621014,6.444131256700441,2017-07-10T10:53:45Z,4.532599493153256,JavaScript,13.991201849715411,4.836281906951478,4.248495242049359,1.6094379124341003,4.0,8.0,2020-03-20T11:28:13Z,0,1.0,6.97914527506881,5.262690188904886,7.213768308118642,5.1647859739235145,11.673274040953775,117281,1e+18,3.332204510175204,0.6931471805599453,0,0,1,0,1,0,0,0,0,0,0,0,0,0,0,0,1,0,0,0
186,218,1772,2020-03-24T18:06:47,0,Hours,Intermediate,https://github.com/ethhub-io/ethhub/issues/440,owocki,https://gitcoin.co/issue/20764,eth2,47.74,ethhub-io,"https://www.youtube.com/watch?v=td750o3xf8k&list=PLvTrX8LNPbPkOOTmVqjljLs2vk5-YZwLG

We'd like to have this video Playlist into an ETH2 page.

Please make this into a page on ETHHub with TLDR points and link it from the ETH2 nav.",ethhub,0,0.0,{},ETH,['https://github.com/ethhub-io/ethhub/pull/444'],1,6.502790045915623,6.774223886357614,6.774223886357614,4.127134385045092,2018-09-14T21:27:36Z,3.828641396489095,Others,11.5941090600457,4.0943445622221,0.0,1.0986122886681098,3.0,1.0,2020-03-23T09:47:34Z,2020-03-23T20:55:22Z,1.0,6.846943139585379,5.455321115357702,2.3978952727983707,1.0986122886681098,11.673274040953775,117281,3.5e+17,3.295836866004329,0.6931471805599453,0,0,1,0,1,0,0,0,0,0,0,0,0,0,0,0,0,1,0,0
187,222,1802,2020-03-15T06:19:11,Bug,Hours,Beginner,https://github.com/gitcoinco/web/issues/6167,oktopusGc,https://gitcoin.co/issue/19841,JavaScript,1.23,gitcoinco,-,web,0,0.0,{},ETH,['https://github.com/gitcoinco/web/issues/6229'],1,6.728628613084702,7.396948602621014,7.396948602621014,6.444131256700441,2017-07-10T10:53:45Z,4.532599493153256,JavaScript,13.991201849715411,6.555356891810665,5.924255797414532,3.6635616461296463,30.0,0.0,2017-07-10T10:53:45Z,0,1.0,5.616771097666572,0.6931471805599453,7.207118856207756,5.14166355650266,1.3862943611198906,2,1e+16,3.4339872044851463,0.6931471805599453,0,1,0,0,1,0,0,1,0,0,0,0,0,0,0,0,1,0,0,0
188,223,1806,2020-03-13T22:26:50,Other,Hours,Beginner,https://github.com/onemilliondevs/bounties/issues/7,datakarima,https://gitcoin.co/issue/19554,"noob,blacktechtwitter,onemilliondevs",5.25,onemilliondevs,"Thank you for attending the  **Intro to Blockchain** session.  

Bounty. 

Earn your first ETH! 

In order to earn your first ETH please do the following: 

Tweet something you learned in this session OR something you plan to do to learn after the session to continue learning. 

Include the #BlockchainsforWhat Hashtag! 

Screenshot the Tweet! 

Submit the Tweet to this Bounty! 

Get 'Cho ETH (it'll go into your metamask wallet)",bounties,0,0.0,{},ETH,"['https://github.com/OneMillionDevs/bounties/issues/7', 'https://github.com/OneMillionDevs/bounties/issues/7#issuecomment-598953518', 'https://twitter.com/tokentikki/status/1238572002056769536']",4,0.6931471805599453,1.3862943611198906,1.3862943611198906,1.9459101490553132,2019-12-09T07:08:30Z,0.0,Unknown,0.6931471805599453,1.6094379124341003,1.0986122886681098,0.6931471805599453,2.0,0.0,2019-12-09T07:08:30Z,0,1.0,6.257667587882639,6.104793232414985,1.0986122886681098,0.6931471805599453,0.0,0,3.9e+16,2.0794415416798357,1.6094379124341003,0,1,0,0,1,0,0,0,0,0,0,0,0,1,0,0,0,0,0,1
189,224,1807,2020-03-20T09:25:28,Improvement,Hours,Beginner,https://github.com/witnet/witnet-rust/issues/958,Tommytrg,https://gitcoin.co/issue/20707,"Rust,winet,oracle",29.3,witnet,"Recently there was an overflow bug with HTTP errors in radon, where the status code was casted from `u16` to `u8`. To prevent this kind of bugs in the future, we can enable additional clippy lints about dangerous numeric casts.

Add clippy lints to [Justfile](https://github.com/witnet/witnet-rust/blob/e0c8e6a2fef7375383155fd86c70a0b49ccd3861/Justfile#L29):

```
# additional clippy lints
export CLIPPY_LINTS := '-D warnings
    -D clippy::cast-lossless
    -D clippy::cast-possible-truncation
    -D clippy::cast-possible-wrap
    -D clippy::cast-precision-loss
    -D clippy::cast-sign-loss
    -D clippy::checked-conversions
'
# run clippy
clippy +flags="""":
    cargo clippy --all --all-features -- $CLIPPY_LINTS {{flags}}
    cargo clippy --all --all-targets --all-features -- $CLIPPY_LINTS {{flags}}
```

[More details about relevant clippy lints](https://rust-lang.github.io/rust-clippy/master/index.html#cast)

The main blocker is that we use hundreds of casts like `x_i64 as u64` and `x_u64 as usize`. But most of the time there shouldn't be a problem with replacing it with `u64::try_from(x_i64).unwrap()`. It's better to panic than to silently truncate the value.

When casting to a greater value, it's more idiomatic to use `u64::from(x_u32)` than `x_u32 as u64`, because if the type of x changes to `i64` for example, the first will stop compiling while the second will silently cast `-1` to `u64::max_value()`.",witnet-rust,0,0.0,{},ETH,['https://github.com/witnet/witnet-rust/pull/1082'],1,3.9889840465642745,5.093750200806762,5.093750200806762,4.61512051684126,2018-02-04T17:59:46Z,2.6390573296152584,Others,9.623773649733524,5.501258210544727,4.9344739331306915,3.5263605246161616,1.0,8.0,2020-03-13T23:20:20Z,2020-03-19T11:03:13Z,1.0,6.727431724850855,7.278628942320682,2.4849066497880004,0.0,1.791759469228055,4,2.36e+17,11.486581489630627,0.6931471805599453,0,1,0,0,1,0,0,0,0,0,0,0,1,0,0,0,0,1,0,0
190,225,1808,2020-03-17T14:43:38,Improvement,Hours,Beginner,https://github.com/witnet/witnet-rust/issues/954,Tommytrg,https://gitcoin.co/issue/20652,"Rust,witnet,oracle",4.84,witnet,"The `epoch` field in `MintTransaction` must always be equal to the block epoch. This field is only used in validations, where it raises a `BlockError::InvalidMintEpoch` if it is different from the block epoch:

https://github.com/witnet/witnet-rust/blob/170617a8b78aae5ab86c140bd324a4ddae4d5209/validations/src/validations.rs#L137

Since we already need the block epoch to validate the mint transaction, this field can be removed without breaking anything, and we can assume that the mint epoch is always equal to the block epoch.

Removing this field will make the `MintTransaction` just a `ValueTransferOutput`, with the fields `pkh`, `value` and `time_lock`.

```proto
message MintTransaction {
    fixed32 epoch = 1;
    ValueTransferOutput output = 2;
}
```

Steps:

* Make sure that we actually want to remove it
* Remove `epoch` field from `MintTransaction` in `witnet.proto`
* Remove `epoch` field from `MintTransaction` in `transactions.rs`
* Remove error `BlockError::InvalidMintEpoch` as it is now impossible
* Fix tests",witnet-rust,0,0.0,{},ETH,['https://github.com/witnet/witnet-rust/pull/1083'],1,3.9889840465642745,5.093750200806762,5.093750200806762,4.61512051684126,2018-02-04T17:59:46Z,2.6390573296152584,Others,9.623773649733524,6.100318952020064,5.327876168789581,3.295836866004329,13.0,1.0,2020-03-14T05:00:32Z,0,1.0,6.75343791859778,6.959398512133975,2.3978952727983707,0.0,1.791759469228055,4,3.9e+16,11.486612289977646,0.6931471805599453,0,1,0,0,1,0,0,0,0,0,0,0,1,0,0,0,0,1,0,0
191,227,1818,2020-03-22T16:15:05,Improvement,Hours,Intermediate,https://github.com/matter-labs/web3swift/issues/202,skywinder,https://gitcoin.co/issue/20731,Swift,29.16,matter-labs,"Hello
First of all: Thank you for amazing library! 

> Supports Web3View functionality - WKWebView with injected ""web3"" provider

As I can see from feature list, there should be a possibility to create dApp Browser based on WKWebView.

Is there a example project how to configure / inject web3 object correctly?",web3swift,0,0.0,{},ETH,['https://github.com/matter-labs/web3swift/pull/249'],1,5.872117789475416,6.542471960506805,6.542471960506805,3.912023005428146,2018-08-13T15:12:05Z,3.1780538303479458,JavaScript,11.00421427088809,11.15605050102883,2.1972245773362196,3.4011973816621555,5.0,0.0,2020-03-15T23:16:28Z,2020-03-19T10:36:01Z,1.0,6.045005314036012,5.765191102784844,1.791759469228055,1.3862943611198906,8.069342366811636,3208,1.49e+17,2.995732273553991,0.6931471805599453,0,0,1,0,1,0,0,0,0,0,0,0,1,0,0,0,1,0,0,0
192,230,1830,2020-04-06T00:53:07,Improvement,Hours,Intermediate,https://github.com/gitcoinco/web/issues/6149,PixelantDesign,https://gitcoin.co/issue/20956,"JavaScript,Python,HTML,CSS",185.78,gitcoinco,"### User Story

When I have a developer ready to work on an issue, I'd like a one click fund issue link as an option in the townsquare thread because this helps to streamline my workflow.

### Why Is this Needed

[comment]: # (Describe the problem and why this task is needed. Provide description of the current state, what you would like to happen, and what actually happen)
*Summary*: No one click fund

### Current Behavior
No quick way to fund an issue 

### Expected Behavior
If thread contains github link, display ability to fund that issue via menu 
Open fund issue in new tab with url pre-populated in the form

### Definition of Done

- [ ] Anyone can one click fund an issue
- [ ] If thread contains github link, display ability to fund that issue via menu 
- [ ] Open fund issue in new tab with url pre-populated in the form
- [ ] Once the issue has been funded, show the comment in the original townsquare thread
- [ ] Post a video or screenshots for core team review",web,0,0.0,{},ETH,['https://github.com/gitcoinco/web/pull/6156'],1,6.728628613084702,7.396948602621014,7.396948602621014,6.444131256700441,2017-07-10T10:53:45Z,4.532599493153256,JavaScript,13.991201849715411,4.204692619390966,1.791759469228055,2.0794415416798357,7.0,4.0,2020-03-05T21:32:03Z,2020-04-01T14:48:13Z,1.0,7.122059881629142,6.910750787961936,7.190676034332207,5.117993812416755,5.429345628954441,195,8e+17,0.0,0.6931471805599453,0,0,1,0,1,0,0,0,0,0,0,0,1,0,0,0,1,0,0,0
193,231,1831,2020-04-06T00:53:05,Feature,Hours,Intermediate,https://github.com/gitcoinco/web/issues/6121,PixelantDesign,https://gitcoin.co/issue/20955,"JavaScript,Python,HTML,CSS",162.52,gitcoinco,"### User Story

As a user of Gitcoin townsquare I'd like to favorite a post so that I can easily come back to something that is important to me.

### Why Is this Needed

[comment]: # (Describe the problem and why this task is needed. Provide description of the current state, what you would like to happen, and what actually happen)
*Summary*: no favoriting feature 

### Description

[comment]: # (Feature or Bug? i.e Type: Bug)
*Type*: feature

### Current Behavior
[comment]: # (Describe what actually happened.)

### Expected Behavior
click a star to toggle favorite post.
Adds to my favorites on filters (left side)

### Definition of Done

- [ ] Extend and use this favorite api PR #4751 
- [ ] add ability to favorite on townsquare (see location at bottom screenshot)
- [ ] add ability to filter and see all the favorited post
- [ ] add ability to unfavorite posts
- [ ] post a video for core team review


### Data Requirements
[comment]: # (How will we measure the success of this feature? What kind of tracking is needed for this feature (clicks, impressions, flag)?)

### Additional Information
Add it to this dropdown
![image (10)](https://user-images.githubusercontent.com/238235/75812153-b945fc00-5d5b-11ea-9e20-26be325f66b3.png)",web,0,0.0,{},ETH,['https://github.com/gitcoinco/web/pull/6181'],1,6.728628613084702,7.396948602621014,7.396948602621014,6.444131256700441,2017-07-10T10:53:45Z,4.532599493153256,JavaScript,13.991201849715411,4.564348191467836,1.6094379124341003,2.0794415416798357,9.0,6.0,2020-03-09T11:19:49Z,2020-04-01T14:00:44Z,1.0,6.440946540632921,7.153833801578843,7.1891677384203225,5.117993812416755,5.429345628954441,195,7e+17,0.0,0.6931471805599453,0,0,1,0,1,0,0,0,0,0,0,1,0,0,0,0,1,0,0,0
194,233,1836,2020-03-10T17:13:46,Bug,Hours,Advanced,https://github.com/cybersemics/em/issues/308,raineorshine,https://gitcoin.co/issue/19476,"JavaScript,React,React-Native,Front-End,Mobile,iOS",272.46,cybersemics,"The `MultiGesture` component breaks on iOS Safari with `react-script` >= 2, but only in `/build`.

## Steps to Reproduce
1. `npm install react-scripts@3`.
2. react-scripts build
3. npx serve -s build
4. Open `127.0.1.1:5000` (with your ip) on iOS Safari
5. Swipe right-down (↴)

## Current Behavior
Nothing happens.

## Expected Behavior
When swiping ↴, a new thought should be created.

## Original Issue

> @mekanix I've encountered a strange regression that only occurs when the app is built using `react-scripts build`. The `MultiGesture` component does not work now on iOS Safari. Regular touch handlers still work. This might have something to do with the `PanResponder` component from `react-native` that `MultiGesture` uses. The fact that it only occurs in the build and not with `react-scripts start` suggests that it is also connected to the new `react-scripts`.
> 
> Desktop works fine, including when `isMobile = true` is used to simulate mobile, and gestures are input with the mouse.
> 
> WORKING: [d88295f](https://github.com/cybersemics/em/commit/d88295f4e77548900b8cbb2144995261c8d15a8e)
> BROKEN: [8b88445](https://github.com/cybersemics/em/commit/8b884457ce88c33cab6d534ca35bcbbf74aa1063)

- iOS Safari
- Breaks in react-scripts@2 and react-scripts@3
- Only breaks in `/build`

## Resources

- Original issue: https://github.com/cybersemics/em/issues/270
- react-native-web PanResponder: https://github.com/necolas/react-native-web/blob/master/packages/react-native-web/src/vendor/react-native/PanResponder/index.js",em,0,0.0,{},ETH,"['https://github.com/cybersemics/em/pull/414', 'https://github.com/cybersemics/em/pull/399']",2,4.290459441148391,5.442417710521793,5.442417710521793,5.313205979041787,2018-08-07T02:25:56Z,2.5649493574615367,TypeScript,12.405357836169093,1.0986122886681098,1.9459101490553132,1.0986122886681098,1.0,1.0,2020-03-03T13:56:33Z,0,1.0,7.1252830915107115,7.356279876550748,2.5649493574615367,1.3862943611198906,0.0,0,1.25e+18,3.6635616461296463,1.0986122886681098,1,0,0,0,1,0,0,1,0,0,0,0,0,0,0,0,0,0,1,0
195,234,1839,2020-04-29T22:38:45,Improvement,Days,Intermediate,https://github.com/gitcoinco/web/issues/6087,frankchen07,https://gitcoin.co/issue/21479,"JavaScript,Python,Django",340.37,gitcoinco,"### User Story

As a Gitcoin admin, I want an embedded survey for each Gitcoin hackathon so I know the motivations of each hacker

### Why Is this Needed

In previous hackathons, we employed post and even pre hack surveys asking several open-ended questions. Response rates would usually be 

1. The title should be dynamic and be correct for the hackathon that is currently or will be running.
2. The hackathon start and end dates should be dynamic and correct as well.



1. The end timer should be counting down to the hackathon start date.
2. The 4-items checklist should be check marks all the way down, and those should be links that open a new tab to the correct page.
    a. townsquare = gitcoin.co
    b. workshops = TBD
    c. sponsors below = should lead to the organization page
    d. invite fiends = TBD



1. Sponsors that show up should be the hackathon sponsors that are or will be in the hackathon that the user is signing up for
2. Sponsor link, when clicked, should lead to the organization page (e.g gitcoin.co/gitcoinco)

### Definition of Done
- [ ] new survey section built into existing hackathon signup flow
- [ ] details of the new hackathon page (on figma) built out to specifications

### Data Requirements
- [ ] ensure that the ""reason for joining the hackathon"" response is recorded in the data model",web,0,0.0,{},ETH,['https://github.com/gitcoinco/web/pull/6128'],1,6.728628613084702,7.396948602621014,7.396948602621014,6.444131256700441,2017-07-10T10:53:45Z,4.532599493153256,JavaScript,13.991201849715411,5.963579343618446,4.727387818712341,1.791759469228055,17.0,10.0,2020-03-04T11:37:36Z,2020-04-29T14:22:22Z,1.0,6.658011045870748,7.216709486709457,7.186144304522325,5.111987788356544,4.394449154672439,55,1.5e+18,11.486160456450074,0.6931471805599453,0,0,1,1,0,0,0,0,0,0,0,0,1,0,0,0,1,0,0,0
196,235,1840,2020-03-02T15:10:08,Bug,Hours,Beginner,https://github.com/gitcoinco/web/issues/6093,PixelantDesign,https://gitcoin.co/issue/19364,"Python,HTML,CSS",24.52,gitcoinco,"**Describe the bug**


**To Reproduce**



**Expected behavior**

We should remove what happens if a user doesn't tip (just no amount 0 at all)
**Screenshots**

![image](https://user-images.githubusercontent.com/16035653/75513573-36a5ff80-5a30-11ea-9e03-c88c78e3ed87.png)",web,0,0.0,{},ETH,['https://github.com/gitcoinco/web/pull/6097'],1,6.728628613084702,7.396948602621014,7.396948602621014,6.444131256700441,2017-07-10T10:53:45Z,4.532599493153256,JavaScript,13.991201849715411,0.6931471805599453,0.6931471805599453,0.6931471805599453,1.0,2.0,2020-02-28T15:26:14Z,2020-03-02T04:01:45Z,1.0,2.833213344056216,5.648974238161206,7.182352111885263,5.111987788356544,5.429345628954441,195,1.1e+17,3.295836866004329,0.6931471805599453,0,1,0,0,1,0,0,1,0,0,0,0,0,0,0,0,1,0,0,0
197,237,1860,2020-03-11T21:36:44,0,Hours,Intermediate,https://github.com/skr-v/pixelartdecentraland/issues/3,skr-v,https://gitcoin.co/issue/19503,"TypeScript,decentraland",135.42,skr-v,Color Swatch has a reflection and faded color since the change in SDK it seems.  Need the colors in the swatch to be bright like in the initial readme picture.,pixelartdecentraland,0,0.0,{},ETH,['https://github.com/skr-v/PixelArtDecentraland/pull/4'],1,1.0986122886681098,0.6931471805599453,0.6931471805599453,0.6931471805599453,2020-02-21T23:29:12Z,0.6931471805599453,TypeScript,10.250157614133787,3.7376696182833684,3.970291913552122,2.302585092994046,5.0,18.0,2020-02-26T12:11:13Z,0,1.0,6.774223886357614,5.075173815233827,1.791759469228055,0.0,0.0,0,5.04e+17,2.5649493574615367,0.6931471805599453,0,0,1,0,1,0,0,0,0,0,0,0,0,0,0,0,0,0,1,0
198,238,1864,2020-02-24T06:07:02,0,Hours,Intermediate,https://github.com/skr-v/pixelartdecentraland/issues/1,skr-v,https://gitcoin.co/issue/19251,"TypeScript,ethereum,decentraland",265.07,skr-v,"For a smoother experience we can optimize the clicking of pixel color changes to reflect the updated pixel color locally to the user near instantly, while in the background it still sends the pixel change to the server.",pixelartdecentraland,0,0.0,{},ETH,['https://github.com/skr-v/PixelArtDecentraland/pull/2'],1,1.0986122886681098,0.6931471805599453,0.6931471805599453,0.6931471805599453,2020-02-21T23:29:12Z,0.6931471805599453,TypeScript,10.250157614133787,4.962844630259907,13.810933097358566,6.0063531596017325,3.0,1.0,2020-02-23T15:22:14Z,2020-02-24T02:12:57Z,1.0,6.320768294250582,5.393627546352362,1.6094379124341003,0.0,0.0,0,1e+18,3.332204510175204,0.6931471805599453,0,0,1,0,1,0,0,0,0,0,0,0,0,0,0,0,0,0,1,0
199,240,1881,2020-02-27T18:47:26,Improvement,Hours,Intermediate,https://github.com/gitcoinco/web/issues/6012,octavioamu,https://gitcoin.co/issue/19317,"JavaScript,Python,django",60.39,gitcoinco,"### User Story

[comment]: # (As a , I want to  so that .)
As a user I want a menu filter to see only my posts and interactions:
- Posts I created
- Posts I liked (also the posts when I liked a comment only)
- Posts I tipped (also the post when I tipped on a comment only)
- Posts I commented

So I can keep the interactions going on even if the interactions are not recently. 
In this way I don't need to go find the post link on my email.



### Why Is this Needed

[comment]: # (Describe the problem and why this task is needed. Provide description of the current state, what you would like to happen, and what actually happen)
*Summary*:

### Description

[comment]: # (Feature or Bug? i.e Type: Bug)
*Type*:

### Current Behavior
[comment]: # (Describe what actually happened.)
So I can keep the interactions going on even if the interactions are not recently.

### Expected Behavior
[comment]: # (Describe what you expected to happen.)
Add a filter ""Personal"" or ""me"" here: 
![image](https://user-images.githubusercontent.com/1358093/74775302-2e053a80-5274-11ea-8ae0-c9932586b9de.png)
### Definition of Done
[comment]: # (Any other information that would be useful, bullets are helpful.)

### Data Requirements
[comment]: # (How will we measure the success of this feature? What kind of tracking is needed for this feature (clicks, impressions, flag)?)

### Additional Information
[comment]: # (Any other information that would be useful, content, screenshots, etc.)",web,0,0.0,{},ETH,['https://github.com/gitcoinco/web/pull/6054'],1,6.728628613084702,7.396948602621014,7.396948602621014,6.444131256700441,2017-07-10T10:53:45Z,4.532599493153256,JavaScript,13.991201849715411,4.127134385045092,1.3862943611198906,1.791759469228055,1.0,2.0,2020-02-22T19:45:15Z,2020-02-26T05:33:11Z,1.0,4.060443010546419,7.321188556739478,7.1770187659099,5.099866427824199,4.59511985013459,60,2.14e+17,3.044522437723423,0.6931471805599453,0,0,1,0,1,0,0,0,0,0,0,0,1,0,0,0,1,0,0,0
200,241,1882,2020-02-20T22:46:40,Bug,Hours,Beginner,https://github.com/gitcoinco/web/issues/5992,octavioamu,https://gitcoin.co/issue/19200,"Python,HTML,django",60.39,gitcoinco,"**Describe the bug**



For some reason avatars from some orgs now are failing:
https://gitcoin.co/pegnet
![image](https://user-images.githubusercontent.com/1358093/74596527-49cbcf00-502f-11ea-9d13-90fb16290c93.png)
![image](https://user-images.githubusercontent.com/1358093/74596530-50f2dd00-502f-11ea-9604-20487322b02a.png)

**To Reproduce**


**Expected behavior**


**Screenshots**


**Desktop (please complete the following information):**

- OS:
- Browser:
- Browser Version:

**Smartphone (please complete the following information):**

- Device: 
- OS: 
- Browser:
- Version:

**Additional context**",web,0,0.0,{},ETH,['https://github.com/gitcoinco/web/pull/6029'],1,6.728628613084702,7.396948602621014,7.396948602621014,6.444131256700441,2017-07-10T10:53:45Z,4.532599493153256,JavaScript,13.991201849715411,2.9444389791664403,1.0986122886681098,1.0986122886681098,2.0,1.0,2020-02-20T04:31:15Z,2020-02-20T13:26:28Z,1.0,5.84354441703136,6.459904454377535,7.176254532017144,5.099866427824199,4.59511985013459,60,2.14e+17,3.332204510175204,0.6931471805599453,0,1,0,0,1,0,0,1,0,0,0,0,0,0,0,0,1,0,0,0
201,242,1883,2020-02-26T15:07:05,Improvement,Hours,Advanced,https://github.com/gitcoinco/web/issues/5943,octavioamu,https://gitcoin.co/issue/19282,"Python,django",90.59,gitcoinco,"### User Story

[comment]: # (As a , I want to  so that .)
As a gitcoin user, I would like to see the responses to my post in the Notifications.

### Why Is this Needed

[comment]: # (Describe the problem and why this task is needed. Provide a description of the current state, what you would like to happen, and what actually happen)
*Summary*: I would like to get the answers to my post in my notifications without having to surf all the town square or having to look at my e-mail

### Description

[comment]: # (Feature or Bug? i.e Type: Bug)
*Type*: Feature

### Current Behavior
[comment]: # (Describe what actually happened.)
There is no notification for town square related activity

### Expected Behavior
[comment]: # (Describe what you expected to happen.)
Get notifications from someone pinging me in the town square or for responses to my post",web,0,0.0,{},ETH,['https://github.com/gitcoinco/web/pull/6045'],1,6.728628613084702,7.396948602621014,7.396948602621014,6.444131256700441,2017-07-10T10:53:45Z,4.532599493153256,JavaScript,13.991201849715411,4.543294782270004,2.3978952727983707,2.1972245773362196,2.0,2.0,2020-02-21T11:33:42Z,2020-02-25T08:31:33Z,1.0,7.112327444710911,6.775366090936392,7.175489713624222,5.099866427824199,4.59511985013459,60,3.21e+17,3.091042453358316,0.6931471805599453,1,0,0,0,1,0,0,0,0,0,0,0,1,0,0,0,1,0,0,0
202,243,1884,2020-04-29T00:35:49,Improvement,Hours,Beginner,https://github.com/gitcoinco/web/issues/6010,frankchen07,https://gitcoin.co/issue/21468,"JavaScript,Python",74.38,gitcoinco,"### User Story

As a Gitcoin contributor, I have fat fingers, and I comment with typos, and want the ability to edit my townsquare comment.

### Why Is this Needed

No edit function right now, so if I enter a typo, I can't do anything about it.

### Description

No edit function on townsquare right now.

### Current Behavior

No editing behavior.

### Expected Behavior
- ability to edit
- button to edit or ""up arrow"" like telegram to edit? 
- editing will not allow the user to exceed the character count
- once edited, there will be an indication ""(edited)"" that a comment was edited

### Definition of Done
- ability to edit a comment with the expected behavior specs above",web,0,0.0,{},ETH,['https://github.com/gitcoinco/web/pull/6023'],1,6.728628613084702,7.396948602621014,7.396948602621014,6.444131256700441,2017-07-10T10:53:45Z,4.532599493153256,JavaScript,13.991201849715411,5.365976015021851,3.6635616461296463,1.6094379124341003,3.0,20.0,2020-02-19T20:04:10Z,2020-04-22T14:36:53Z,1.0,7.063903961472068,6.555356891810665,7.174724309836376,5.099866427824199,4.394449154672439,55,2.65e+17,11.486170727661408,0.6931471805599453,0,1,0,0,1,0,0,0,0,0,0,0,1,0,0,0,1,0,0,0
203,244,1887,2020-03-09T19:29:08,0,Hours,Intermediate,https://github.com/pegnet/pegnet/issues/355,Swibb,https://gitcoin.co/issue/19456,"pegnet,go,blockchain,factom,chainlink,oracle,ethereum",493.53,pegnet,"We would like both integration for PegNet data to be published on Chainlink, and Chainlink API data available to Price Oracle miners on Pegnet as an API source.",pegnet,0,0.0,{},ETH,['https://github.com/pRoy24/pegnet-chainlink-client'],1,3.4657359027997265,3.7376696182833684,3.7376696182833684,4.204692619390966,2019-03-02T18:56:29Z,2.772588722239781,Others,8.53168763756669,11.349759267216015,5.41610040220442,3.6109179126442243,12.0,0.0,2020-03-03T13:07:10Z,0,1.0,6.9650803456014065,5.081404364984463,0.6931471805599453,1.0986122886681098,0.0,0,1.864e+18,1.9459101490553132,0.6931471805599453,0,0,1,0,1,0,0,0,0,0,0,0,0,0,0,0,0,1,0,0
204,246,1895,2020-02-16T06:32:15,Feature,Hours,Intermediate,https://github.com/proofsuite/orfeed/issues/57,mikedeshazer,https://gitcoin.co/issue/19132,"solidity,arbitrage",51.09,proofsuite,"Bancor was recently added as a price oracle to the OrFeed ecosystem. Currently, you can get the Uniswap (Buy and Sell),  Kyber (Buy and Sell) and Synthetix (Buy and Sell), as well.

One of the greatest benefits of OrFeed is for Arbitrage discovery. Additionally, users can add their own oracles to the registry, so it is expandable. This is also why it's difficult to test OrFeed off-mainnet... there are over 50 contracts that OrFeed currently relies on and the number is constantly growing as oracle providers grow.

We are seeking a simple function that can take an array of 2 or 3 token symbols (strings), leverage OrFeed to convert those strings into token addresses, and then compare across Uniswap, Kyber and Bancor (using orfeed's getExchangeRate method) to determine the closes spread (or arb profit) between the pairs (returning a string array of the trade order swap platform, an address order of the order that tokens are being swapped, and the spread integer).

You can test exchange rates on the site here: with https://www.orfeed.org/explorer

For buying, the venue should be either ""BANCOR"", ""BUY-KYBER-EXCHANGE"" or ""BUY-UNISWAP-EXCHANGE"". For selling, the venue should be wither "" BANCOR"", ""SELL-KYBER-EXCHANGE"" or ""SELL-UNISWAP-EXCHANGE""

Here is the triangular calculation algo workflow: https://www.investopedia.com/terms/t/triangulararbitrage.asp

We can also provide ETH for testing on Mainnet (Qualifier: you have completed one other project on Gitcoin or have a robust Github commit history). 

For any questions or comments, please feel free to drop into our Discord chat: https://discord.gg/byCPVsY",orfeed,0,0.0,{},ETH,['https://github.com/jmlon/TriangularArbitration'],1,5.111987788356544,5.501258210544727,5.501258210544727,2.302585092994046,2019-10-24T07:50:38Z,3.4657359027997265,Others,6.345636360828596,9.733410722158611,0.0,2.772588722239781,2.0,0.0,2020-02-15T22:16:04Z,0,1.0,6.8501261661455,7.40184157874383,3.367295829986474,1.0986122886681098,0.0,0,2e+17,4.110873864173311,0.6931471805599453,0,0,1,0,1,0,0,0,0,0,0,1,0,0,0,0,0,1,0,0
205,248,1905,2020-02-09T09:56:11,Bug,Hours,Intermediate,https://github.com/cybercongress/dot-cyber/issues/15,xhipster,https://gitcoin.co/issue/19033,react,111.57,cybercongress,In 21st century its pity to have redundant hash in the urls. We need to get rid of it,dot-cyber,0,0.0,{},ETH,['https://github.com/cybercongress/dot-cyber/pull/158'],1,3.4965075614664802,5.030437921392435,5.030437921392435,5.37989735354046,2018-10-04T12:43:17Z,3.295836866004329,JavaScript,12.029973688144691,3.091042453358316,3.091042453358316,2.5649493574615367,2.0,1.0,2020-02-08T19:56:41Z,2020-02-09T09:51:24Z,1.0,6.398594934535208,4.454347296253507,3.5263605246161616,2.3978952727983707,0.0,0,5e+17,11.486992082943724,0.6931471805599453,0,0,1,0,1,0,0,1,0,0,0,0,0,0,0,0,1,0,0,0
206,249,1906,2020-03-09T01:50:11,Feature,Hours,Intermediate,https://github.com/yanganto/s3rs/issues/60,yanganto,https://gitcoin.co/issue/19446,"Rust,Shell,S3,IPFS",1.13,yanganto,"Traditionally, the file saving on the cloud is a way to help the user to keep the important files. 
An S3 protocol is based on HTTP with port 80 and 443, so it is easy to use and access.  Such that the S3 storage is wildly accepted by people.  Now there is another solution for users to keep important files using different innovate and safe technology, IPFS.

Please bride this tool with S3 and IPFS using Rust implementation and clear documentation, because this tool is maintained by me.  Thanks.",s3rs,0,0.0,{},ETH,['https://github.com/yanganto/s3rs/pull/62'],1,2.0794415416798357,3.6635616461296463,3.6635616461296463,2.8903717578961645,2018-04-27T00:12:08Z,1.791759469228055,Others,7.38770923908104,3.091042453358316,1.3862943611198906,1.0986122886681098,1.0,2.0,2020-02-28T14:57:46Z,2020-02-29T19:29:57Z,1.0,6.669498089857879,6.220590170099739,0.0,0.0,0.0,0,5000000000000000.0,2.0794415416798357,0.6931471805599453,0,0,1,0,1,0,0,0,0,0,0,1,0,0,0,0,0,1,0,0
207,251,1908,2020-02-10T13:57:25,Feature,Hours,Intermediate,https://github.com/proofsuite/orfeed/issues/52,mikedeshazer,https://gitcoin.co/issue/19044,solidity,88.27,proofsuite,"Thanks for stopping by and checking out this issue. 

This proposed voting contract will be used by judges serving as oracles in a market such as https://www.floater.market and allows:

1. Authorized Ethereum Addresses to Vote on an event via a string of ""TRUE"" , 
""UNDECIDED"" or ""FALSE"". Each address should  be tied to a name and description that can be edited by the contract owner or the address owners.

2. There is a vote window in a period days starting at some point in the future which can be set/reset by the owner of the contract. The owner can also add or remove judges until the voting period.

3. Once all judges have voted or when the vote period is over, there will be a resolve of ""TRUE"", ""FALSE"" or ""UNDECIDED"" based on the vote averages.

4. This function should return the ultimate vote (""TRUE"", ""FALSE""... or status (such as ""VOTENOTREADY"" or ""VOTEINPROGRESS"") string if the vote has not ended.:  function getResultFromOracle(string memory _theEvent, uint _dataIndex) public view returns (string memory){
        return events[_theEvent][_dataIndex];
    }

5. This contract will be registered each time there is an event to the event registry every time there is a new prediction market for the judges, so there will ideally be a public strings of whats being voted on and the description, which can be set by owner when the contract is deployed (and edited by owner until the voting period starts).


6. Therefore there should be a few public constant functions that allow people to see the information such as time til vote, judges array, array of all votes, status (begun, ended, etc)
 
If you have any questions or feedback, please feel free to drop by our new Discord: https://discord.gg/byCPVsY",orfeed,0,0.0,{},ETH,['https://github.com/ProofSuite/OrFeed/pull/53'],1,5.111987788356544,5.501258210544727,5.501258210544727,2.302585092994046,2019-10-24T07:50:38Z,3.4657359027997265,Others,6.345636360828596,5.6131281063880705,0.0,0.6931471805599453,4.0,8.0,2020-02-08T04:06:36Z,2020-02-10T04:17:52Z,1.0,6.745236349484363,7.463363045520021,3.258096538021482,1.0986122886681098,0.0,0,4e+17,3.295836866004329,0.6931471805599453,0,0,1,0,1,0,0,0,0,0,0,1,0,0,0,0,0,1,0,0
208,252,1911,2020-02-11T03:14:30,Improvement,Hours,Intermediate,https://github.com/esteemapp/steemapi/issues/2,feruzm,https://gitcoin.co/issue/19051,"JavaScript,CSS,HTML,JSON,steem,API",19.74,esteemapp,"https://steem.esteem.app live version of this Swagger

- [x] List all new [steemjs](https://github.com/steemit/steem-js) operations including SMT
      This task exclude broadcast and signing operations, only fetching or GET operations are required and examples of operations already in swagger.json file 

- [x] Document basic fields, [Devportal](http://developers.steem.io/) could be referenced with proper links

Majority of the work should only done on this json file: https://github.com/esteemapp/steemapi/blob/master/swagger.json

PS. Well documented PR, will receive bonus of 10000 ESTM token which can be used inside eSteem apps. https://esteem.app",steemapi,0,0.0,{},ETH,['https://github.com/esteemapp/steemapi/pull/3'],1,2.5649493574615367,2.3978952727983707,2.3978952727983707,0.0,2017-01-27T08:00:23Z,1.0986122886681098,JavaScript,7.52294091807237,8.215006432761575,8.083637203141548,0.6931471805599453,3.0,5.0,2020-02-08T00:14:57Z,2020-02-10T07:02:49Z,1.0,7.13966033596492,6.501289670540389,0.0,0.0,0.0,0,1e+17,4.394449154672439,0.6931471805599453,0,0,1,0,1,0,0,0,0,0,0,0,1,0,0,0,1,0,0,0
209,254,1922,2020-02-12T06:59:39,Feature,Hours,Intermediate,https://github.com/proofsuite/orfeed/issues/44,mikedeshazer,https://gitcoin.co/issue/19072,solidity,40.32,proofsuite,"One OrFeed use-case might be a binary options/prediction market smart contract in which a user specifies the direction of an asset like BTC or ETH (long or short), funds are locked for 5 minutes, and then the user settles after expiry (doubling if the direction is in their favor, while receiving a 0 return otherwise).

When another user placed a prediction market transaction, it would check all pending transactions and settle them if they are expired (5 minutes elapsed), so that it doesn't rely on a centralized party to ping the contract. Obviously, settling a max for the for-loop to 5, so it can't run out/use too much gas per transaction that detects things that need to be settled.

Ideally this would use the OrFeed default oracle (relying on Uniswap and Kyber)for the settlement price. 
This is a rough concept and could be added to the repo as inspiration for dApp developers who need reliable oracles. maybe leading to other interesting ideas.

For any questions/comments on this issue, please feel free to join us on Discord: https://discord.gg/byCPVsY",orfeed,0,0.0,{},ETH,['https://github.com/ProofSuite/OrFeed/pull/55'],1,5.111987788356544,5.501258210544727,5.501258210544727,2.302585092994046,2019-10-24T07:50:38Z,3.4657359027997265,Others,6.345636360828596,5.877735781779639,0.0,2.302585092994046,1.0,1.0,2020-02-11T21:41:15Z,2020-02-12T06:50:05Z,1.0,6.782192056006791,6.980075940561763,3.044522437723423,1.0986122886681098,0.0,0,2.3e+17,2.8903717578961645,0.6931471805599453,0,0,1,0,1,0,0,0,0,0,0,1,0,0,0,0,0,1,0,0
210,255,1946,2020-01-30T03:39:20,Feature,Hours,Intermediate,https://github.com/proofsuite/orfeed/issues/38,mikedeshazer,https://gitcoin.co/issue/18894,"Solidity,oracle",50.17,proofsuite,"Recently, there was a post regarding grabbing interest rate data from various smart contracts (dydx, Compound, Fulcrum): https://medium.com/iearn/how-we-built-on-chain-apr-for-ethereum-defi-a8d84b680758

Here is an example of a random number generator oracle that is in the proper format to be an OrFeed-compatible oracle: https://github.com/ProofSuite/OrFeed/blob/master/contracts/examples/ProvideDataExamples/randomNumberOracleExample.sol

We are interested in adding an orfeed-compatible oracle into our oracle registry that allows people to use the getExchangeRate method, providing the ""Platform-Side"" (Borrow or Lend) as the venue param (e.g. ""Fulcrum-borrow"", ""dxdy-lend""), the currency symbol or ethereum address (as string) as the fromSymbol param, and the amount (ignoring the toSymbol parameter) to return the 1 year return at a given rate. For example,  1000 DAI at an interest rate of 5% would return 50. 
Ideally, it will use OrFeed data to convert the symbol to a token address using OrFeed's getTokenAddress method.

For any questions or comments, please feel free to drop in the #issues channel on Discord: https://discord.gg/byCPVsY",orfeed,0,0.0,{},ETH,['https://github.com/ProofSuite/OrFeed/pull/43'],1,5.111987788356544,5.501258210544727,5.501258210544727,2.302585092994046,2019-10-24T07:50:38Z,3.4657359027997265,Others,6.345636360828596,5.455321115357702,0.0,0.6931471805599453,1.0,0.0,2020-01-29T08:06:34Z,2020-01-30T03:37:39Z,1.0,5.5909869805108565,7.05444965813294,2.8903717578961645,1.0986122886681098,0.0,0,3e+17,3.367295829986474,0.6931471805599453,0,0,1,0,1,0,0,0,0,0,0,1,0,0,0,0,0,1,0,0
211,256,1948,2020-01-29T19:09:30,Documentation,Hours,Beginner,https://github.com/proofsuite/orfeed/issues/35,mikedeshazer,https://gitcoin.co/issue/18880,documentation,20.82,proofsuite,"As we focus widening the development engagement possibilities for contributors of OrFeed, creating documentation for non-English speakers is essential for this repository.
A README.ru.md would be incredibility useful, and we could link to it from the main README.md.
For any questions, please feel free to reach @mikeproof on telegram",orfeed,0,0.0,{},ETH,['https://github.com/ProofSuite/OrFeed/pull/41'],1,5.111987788356544,5.501258210544727,5.501258210544727,2.302585092994046,2019-10-24T07:50:38Z,3.4657359027997265,Others,6.345636360828596,5.5254529391317835,0.0,0.6931471805599453,1.0,0.0,2020-01-27T14:01:48Z,2020-01-29T05:25:38Z,1.0,7.0326242610280065,5.820082930352362,2.833213344056216,1.0986122886681098,0.0,0,1.25e+17,3.332204510175204,0.6931471805599453,0,1,0,0,1,0,0,0,0,0,1,0,0,0,0,0,0,1,0,0
212,257,1951,2020-01-26T00:23:40,Feature,Hours,Beginner,https://github.com/proofsuite/orfeed/issues/33,mikedeshazer,https://gitcoin.co/issue/18789,"random,solidity",47.89,proofsuite,"The idea here is that people will be able to use orfeed for their lottery/casino/other dapps that need randomness.
Right now we have an oracle registry system in which anyone can get an oracle name. One cool oracle idea is to have an oracle connected to orfeed, whereby people can call the getExchangeRate method that takes a minimum number (as the fromSymbol param), maximum number (as the toSymbol param) and amount as a seed, then uses that information to do your typical block timestamp, kassack, miner difficulty solidity and then calls 5 random currency pairs from orfeed's default provider to then (synchronously) return a number that can be consumed by casino apps so that people can stop waiting multiple blocks before the result and rely on some centralized server to ping the smart contract etc for payouts.
Here is an example of an oracle smart contract that's compatible with the registry system/orfeed: https://github.com/ProofSuite/OrFeed/blob/master/contracts/examples/ProvideDataExamples/userRegisteredOracleExample.sol
So, that would probably serve as a good template. 
Here's an example of a smart contract that gets pricing data from orfeed:
https://github.com/ProofSuite/OrFeed/blob/master/contracts/examples/ConsumeDataExamples/pegTokenExample.sol . Ideal pairs would be ETH/DAI, MKR/DAI, etc that are traded most heavily because that will add to randomness effect.

For any pull requests, please submit to the develop branch in the same directory as registeredoracleexample.
For any questions/suggestions, you can reach me on telegram at @mikeproof",orfeed,0,0.0,{},ETH,['https://github.com/ProofSuite/OrFeed/pull/34'],1,5.111987788356544,5.501258210544727,5.501258210544727,2.302585092994046,2019-10-24T07:50:38Z,3.4657359027997265,Others,6.345636360828596,4.143134726391533,0.0,0.6931471805599453,1.0,0.0,2020-01-25T16:01:32Z,2020-01-25T23:45:29Z,1.0,6.843749949006225,7.365180126021013,2.70805020110221,1.0986122886681098,0.0,0,3e+17,4.07753744390572,0.6931471805599453,0,1,0,0,1,0,0,0,0,0,0,1,0,0,0,0,0,1,0,0
213,258,1952,2020-02-11T17:40:37,0,Hours,Intermediate,https://github.com/gitcoinco/web/issues/5880,owocki,https://gitcoin.co/issue/19060,"JavaScript,Python",162.56,gitcoinco,"### User Story

[comment]: # (As a , I want to  so that .)
as a end user I would like to be able to link youtube videos to my status update on gitcoin, so i can share memes and video content

### Why Is this Needed

[comment]: # (Describe the problem and why this task is needed. Provide description of the current state, what you would like to happen, and what actually happen)
*Summary*:
people are visual

### Description

[comment]: # (Feature or Bug? i.e Type: Bug)
*Type*:
feature

### Current Behavior
[comment]: # (Describe what actually happened.)
no video attach

### Expected Behavior
[comment]: # (Describe what you expected to happen.)
if a youtube link is attached to a status update, then the system is smart enough to:
1. parse it and show a video attachment preview in the 'post status update' module
2. when the status update is posted, the video is embedded and video can be played inline.

### Definition of Done
[comment]: # (Any other information that would be useful, bullets are helpful.)
see above

### Additional Information
[comment]: # (Any other information that would be useful, content, screenshots, etc.)

pls only apply if u can PR within 48 hours.

See also: https://github.com/gitcoinco/web/pull/5840",web,0,0.0,{},ETH,['https://github.com/gitcoinco/web/pull/5889'],1,6.728628613084702,7.396948602621014,7.396948602621014,6.444131256700441,2017-07-10T10:53:45Z,4.532599493153256,JavaScript,13.991201849715411,5.176149732573829,2.833213344056216,2.772588722239781,14.0,6.0,2020-01-26T12:38:05Z,2020-02-11T14:35:51Z,1.0,7.037027614686276,7.148345743900068,7.151485463904735,5.081404364984463,11.673274040953775,117281,1e+18,2.6390573296152584,0.6931471805599453,0,0,1,0,1,0,0,0,0,0,0,0,0,0,0,0,1,0,0,0
214,262,1956,2020-01-24T19:19:39,0,Hours,Intermediate,https://github.com/gitcoinco/web/pull/2222,thelostone-mc,https://gitcoin.co/issue/18748,JavaScript,1.63,gitcoinco,"##### Description

The goal of this PR is to update the weekly roundup email per @vs77bb's provided copy changes.

##### Checklist

- [x] linter status: 100% pass
- [x] changes don't break existing behavior
- [x] commit message follows [commit guidelines](https://github.com/gitcoinco/web/blob/master/docs/CONTRIBUTING.md#step-4-commit)

##### Affected core subsystem(s)

emails, roundup

##### Testing

Locally",web,0,0.0,{},ETH,['https://github.com/gitcoinco/web/pull/5000'],1,6.728628613084702,7.396948602621014,7.396948602621014,6.444131256700441,2017-07-10T10:53:45Z,4.532599493153256,JavaScript,13.991201849715411,7.30854279753919,13.330362427488058,7.486613313139955,13.0,8.0,2019-08-09T09:18:31Z,2019-08-28T14:07:20Z,1.0,6.732210706467206,6.059123195581797,7.148345743900068,5.0689042022202315,4.248495242049359,46,1e+16,3.4011973816621555,0.6931471805599453,0,0,1,0,1,0,0,0,0,0,0,0,0,0,0,0,1,0,0,0
215,263,1959,2020-01-23T08:37:10,Improvement,Hours,Intermediate,https://github.com/michael-spengler/gitcoin-test/issues/5,michael-spengler,https://gitcoin.co/issue/18661,"gigeconomy,gitcoin,claassistant",1.63,michael-spengler,Hey @ibakshay - could you solve this issue to validate a potential usage of gitcoin for OS projects like CLA Assistant?,gitcoin-test,0,0.0,{},ETH,['https://github.com/michael-spengler/gitcoin-test/pull/6'],1,1.3862943611198906,1.0986122886681098,1.0986122886681098,1.9459101490553132,2020-01-22T12:13:40Z,1.3862943611198906,Unknown,0.6931471805599453,1.0986122886681098,0.0,0.6931471805599453,1.0,0.0,2020-01-23T08:22:45Z,2020-01-23T08:26:46Z,1.0,7.262628600974241,4.787491742782046,1.0986122886681098,0.0,0.0,0,1e+16,11.487166534064501,0.6931471805599453,0,0,1,0,1,0,0,0,0,0,0,0,1,0,0,0,0,0,0,1
216,265,1963,2020-01-27T08:27:25,0,Hours,Intermediate,https://github.com/skr-v/pixelartdcl/issues/6,skr-v,https://gitcoin.co/issue/18803,TypeScript,62.85,skr-v,"The color selector grid needs a full selection of colors.

Like in the first screenshot in the readme, the scene used to have more colors and shades, please add the colors to the color selector swatch.

Please also change the background of the blank pixel tiles from blue to the transparent style how it is in that first screenshot.",pixelartdcl,0,0.0,{},ETH,['https://github.com/skr-v/PixelArtDCL/pull/7'],1,1.6094379124341003,1.791759469228055,1.791759469228055,3.258096538021482,2020-01-08T22:06:44Z,0.6931471805599453,TypeScript,7.853216388156072,4.290459441148391,4.127134385045092,1.0986122886681098,3.0,0.0,2020-01-27T07:08:22Z,2020-01-27T08:24:27Z,1.0,7.215975002651466,5.820082930352362,1.0986122886681098,0.0,0.0,0,3.74e+17,3.295836866004329,0.6931471805599453,0,0,1,0,1,0,0,0,0,0,0,0,0,0,0,0,0,0,1,0
217,266,1966,2020-01-22T00:32:35,0,Hours,Intermediate,https://github.com/agarwalyeshu/node-okex-ws-spot/issues/2,agarwalyeshu,https://gitcoin.co/issue/18588,JavaScript,1.02,agarwalyeshu,as okex updated their repository this library is now outdated.,node-okex-ws-spot,0,0.0,{},ETH,['https://github.com/agarwalyeshu/node-okex-ws-spot/pull/3'],1,1.3862943611198906,1.791759469228055,1.791759469228055,0.6931471805599453,2018-05-16T11:09:17Z,1.6094379124341003,JavaScript,2.0794415416798357,1.3862943611198906,0.6931471805599453,0.6931471805599453,1.0,0.0,2020-01-22T00:25:48Z,2020-01-22T00:26:13Z,1.0,7.2682230211595655,4.143134726391533,0.0,0.0,1.791759469228055,4,6000000000000000.0,3.4657359027997265,0.6931471805599453,0,0,1,0,1,0,0,0,0,0,0,0,0,0,0,0,1,0,0,0
218,267,1970,2020-02-10T18:10:47,0,Hours,Intermediate,https://github.com/gitcoinco/web/issues/5838,owocki,https://gitcoin.co/issue/19048,"JavaScript,HTML,CSS",158.5,gitcoinco,"![Townsquare](https://user-images.githubusercontent.com/513929/72809256-478d7500-3c29-11ea-9167-225b9d7e1334.jpg)


Scope of this task: Apply New Design to the homepage on gitcoin.co

Requirements
- GOOD PR by EOD Monday (2 days)
* Works in responsive contexts (mobile, tablet, desktop)",web,0,0.0,{},ETH,['https://github.com/gitcoinco/web/pull/5877'],1,6.728628613084702,7.396948602621014,7.396948602621014,6.444131256700441,2017-07-10T10:53:45Z,4.532599493153256,JavaScript,13.991201849715411,6.298949246855942,5.634789603169249,1.9459101490553132,9.0,25.0,2020-01-23T20:09:33Z,0,1.0,4.77912349311153,5.683579767338681,7.144407180321139,5.056245805348308,11.673274040953775,117281,9e+17,2.1972245773362196,0.6931471805599453,0,0,1,0,1,0,0,0,0,0,0,0,0,0,0,0,1,0,0,0
219,268,1974,2020-01-30T19:09:32,0,Hours,Intermediate,https://github.com/gitcoinco/web/issues/5823,owocki,https://gitcoin.co/issue/18906,"JavaScript,Python",131.53,gitcoinco,"### User Story

[comment]: # (As a , I want to  so that .)
add ability to tag people in status updates, comments, and wall posts

### Why Is this Needed

[comment]: # (Describe the problem and why this task is needed. Provide description of the current state, what you would like to happen, and what actually happen)
*Summary*:
standard social feature

### Description

[comment]: # (Feature or Bug? i.e Type: Bug)
*Type*:
feature

### Current Behavior
[comment]: # (Describe what actually happened.)
no tagging ability

### Expected Behavior
[comment]: # (Describe what you expected to happen.)
add ability to tag people in status updates, comments, and wall posts
email notification when tagged, according to preferences

### Definition of Done
[comment]: # (Any other information that would be useful, bullets are helpful.)

### Data Requirements
[comment]: # (How will we measure the success of this feature? What kind of tracking is needed for this feature (clicks, impressions, flag)?)

### Additional Information
[comment]: # (Any other information that would be useful, content, screenshots, etc.)",web,0,0.0,{},ETH,['https://github.com/gitcoinco/web/pull/5839'],1,6.728628613084702,7.396948602621014,7.396948602621014,6.444131256700441,2017-07-10T10:53:45Z,4.532599493153256,JavaScript,13.991201849715411,5.176149732573829,2.1972245773362196,2.302585092994046,5.0,6.0,2020-01-19T05:54:06Z,2020-01-24T14:59:46Z,1.0,6.4692503167957724,7.037905963447182,7.142036574706803,5.056245805348308,11.673274040953775,117281,8e+17,2.8903717578961645,0.6931471805599453,0,0,1,0,1,0,0,0,0,0,0,0,0,0,0,0,1,0,0,0
220,270,1979,2020-01-21T19:24:05,0,Hours,Intermediate,https://github.com/skr-v/pixelartdcl/issues/2,skr-v,https://gitcoin.co/issue/18584,node,74.77,skr-v,"Require 3 tables for pixel colour data 
First table 18x18
Second table 27x48  (27 tall, 48 wide)
3rd table 32x32",pixelartdcl,0,0.0,{},ETH,['https://github.com/skr-v/PixelArtDCL/pull/5'],1,1.6094379124341003,1.791759469228055,1.791759469228055,3.258096538021482,2020-01-08T22:06:44Z,0.6931471805599453,TypeScript,7.853216388156072,9.320628725870305,0.0,2.6390573296152584,5.0,1.0,2020-01-20T16:06:01Z,2020-01-21T19:32:11Z,1.0,7.124478262493424,4.7535901911063645,0.6931471805599453,0.0,0.0,0,4.5e+17,3.2188758248682006,0.6931471805599453,0,0,1,0,1,0,0,0,0,0,0,0,0,0,0,0,0,0,1,0
221,271,1988,2020-01-11T21:25:09,0,Hours,Intermediate,https://github.com/gitcoinco/web/issues/5771,owocki,https://gitcoin.co/issue/18181,JavaScript,72.41,gitcoinco,"this login experience is ridiculously bad

screencap - https://bits.owocki.com/p9u5OJlx

two modals show up and the cookie warning

then when you click out of the product updates modal; you cant actually click out of anything else.

expected result
1. no more bounty experience pop up upon first login
2. no more 'product update' pop up upon login",web,0,0.0,{},ETH,['https://github.com/gitcoinco/web/pull/577611'],1,6.728628613084702,7.396948602621014,7.396948602621014,6.444131256700441,2017-07-10T10:53:45Z,4.532599493153256,JavaScript,13.991201849715411,6.555356891810665,5.924255797414532,3.6635616461296463,30.0,0.0,2017-07-10T10:53:45Z,0,1.0,6.695798917058491,5.8805329864007,7.138073034044347,5.0369526024136295,11.673274040953775,117281,5e+17,3.4339872044851463,0.6931471805599453,0,0,1,0,1,0,0,0,0,0,0,0,0,0,0,0,1,0,0,0
222,273,2003,2020-01-15T07:58:34,0,Hours,Intermediate,https://github.com/skr-v/pixelartdcl/issues/1,skr-v,https://gitcoin.co/issue/18336,"REST,Ethereum",63.27,skr-v,Add another column to database for User ID,pixelartdcl,0,0.0,{},ETH,['https://github.com/skr-v/PixelArtDCL/pull/4'],1,1.6094379124341003,1.791759469228055,1.791759469228055,3.258096538021482,2020-01-08T22:06:44Z,0.6931471805599453,TypeScript,7.853216388156072,3.6109179126442243,1.6094379124341003,1.0986122886681098,1.0,2.0,2020-01-14T22:06:39Z,2020-01-15T02:58:34Z,1.0,6.744059186311348,3.7612001156935624,0.0,0.0,0.0,0,4.5e+17,3.258096538021482,0.6931471805599453,0,0,1,0,1,0,0,0,0,0,0,0,0,0,0,0,0,0,1,0
223,278,2017,2020-01-14T15:18:58,0,Hours,Intermediate,https://github.com/gitcoinco/web/issues/5742,owocki,https://gitcoin.co/issue/18241,"HTML,CSS",69.47,gitcoinco,"https://owocki.com/future-history-open-internet/
https://owocki.com/financial-system-people-talk/
https://owocki.com/open-source-sustainability-talk-ethereal/

i'd love to see these videos added to the /vision page on gitcoin.co

scope of this bounty is to come  up with a *responsive design* for the same.. and to code it up + PR it.",web,0,0.0,{},ETH,['https://github.com/gitcoinco/web/pull/5743'],1,6.728628613084702,7.396948602621014,7.396948602621014,6.444131256700441,2017-07-10T10:53:45Z,4.532599493153256,JavaScript,13.991201849715411,3.044522437723423,0.0,1.0986122886681098,7.0,7.0,2020-01-08T19:01:58Z,2020-01-14T09:42:49Z,1.0,5.4116460518550396,5.831882477283517,7.1308988302963465,5.030437921392435,11.673274040953775,117281,5e+17,3.258096538021482,0.6931471805599453,0,0,1,0,1,0,0,0,0,0,0,0,0,0,0,0,1,0,0,0
224,280,2022,2020-02-07T19:03:22,Improvement,Hours,Intermediate,https://github.com/gitcoinco/web/issues/5718,PixelantDesign,https://gitcoin.co/issue/19012,"HTML,CSS",149.73,gitcoinco,"**Describe the bug**

Unify Inconsistent UI elements

**To Reproduce**
View tabs on Profile, Quests, Grants

**Expected behavior**

Look and behave the same. 
Make Profile and Quests match Grants.

**Screenshots**

**Grants**

**Quests**

**Profiles**


**Desktop (please complete the following information):**

- OS:MAC
- Browser: Chrome
- Browser Version:",web,0,0.0,{},ETH,['https://github.com/gitcoinco/web/pull/5719'],1,6.728628613084702,7.396948602621014,7.396948602621014,6.444131256700441,2017-07-10T10:53:45Z,4.532599493153256,JavaScript,13.991201849715411,7.682021510826875,6.911747300251674,6.150602768446279,153.0,10.0,2020-01-07T14:02:45Z,0,1.0,7.038783541388542,5.948034989180646,7.1284959456800365,5.017279836814924,5.429345628954441,195,1.049e+18,0.0,0.6931471805599453,0,0,1,0,1,0,0,0,0,0,0,0,1,0,0,0,1,0,0,0
225,281,2033,2020-01-09T21:47:58,0,Hours,Intermediate,https://github.com/gitcoinco/web/issues/5654,owocki,https://gitcoin.co/issue/18153,"JavaScript,HTML",128.22,gitcoinco,"### User Story

[comment]: # (As a , I want to  so that .)
As a Gitcoin Grants contributor, I want my Ethereum address hidden, so that I dont unknowningly connect my identity to my bank account.

### Why Is this Needed

[comment]: # (Describe the problem and why this task is needed. Provide description of the current state, what you would like to happen, and what actually happen)
*Summary*:
Dont want to lose privacy by contributing to Gitcoin

### Description

[comment]: # (Feature or Bug? i.e Type: Bug)
*Type*:
Feature


### Current Behavior
[comment]: # (Describe what actually happened.)
All info is shown publicly

### Expected Behavior
[comment]: # (Describe what you expected to happen.)

1. New setting on the gitcoin settings (gitcoin.co/settings)
- True/False - Hide my Ethereum address to everyone other than those who I am doing direct business with.
It should default to true.

2. When contributing to a Grant, I can toggle this back and forth

3. If my setting in (1) is toggled to true
a. my ethereum address is not shown on my profile, unless the user viewing the profile passes the filter of (`user.has_done_business_with()`)
b. my ethereum address/etherscan tx id is not shown on any gitcoin grants activity feeds, unless the user viewing the profile passes the filter of (`user.has_done_business_with()`).  additionally, if this check doesnt pass, the amount and timestamp of each grant contribution should be obfuscated, by rounding the amount/timestamp so that someone who looks at the grant ethereum address history cannot match up contributions by time and amount.
c. my ethereum address is not shown in the gitcoin.co/tip flow, unless the user viewing the profile passes the filter of (`user.has_done_business_with()`) and has made < 10 requests for gitcoin profile and ethereum address pairs. (this means rate limiting the api/user_search )

This MUST be done by 1/2/2020 in preparation for CLR Round 4 starting on 1/6.

### Definition of Done
[comment]: # (Any other information that would be useful, bullets are helpful.)
See above

### Data Requirements
[comment]: # (How will we measure the success of this feature? What kind of tracking is needed for this feature (clicks, impressions, flag)?)
None",web,0,0.0,{},ETH,['https://github.com/gitcoinco/web/pull/5689'],1,6.728628613084702,7.396948602621014,7.396948602621014,6.444131256700441,2017-07-10T10:53:45Z,4.532599493153256,JavaScript,13.991201849715411,4.59511985013459,3.367295829986474,2.1972245773362196,2.0,5.0,2019-12-27T02:22:53Z,2020-01-08T11:19:05Z,1.0,5.616771097666572,7.731053144007127,7.119635638017636,5.003946305945459,11.673274040953775,117281,1e+18,2.4849066497880004,0.6931471805599453,0,0,1,0,1,0,0,0,0,0,0,0,0,0,0,0,1,0,0,0
226,283,2036,2020-01-07T14:54:18,0,Hours,Intermediate,https://github.com/gitcoinco/web/issues/5656,owocki,https://gitcoin.co/issue/18093,security,50.67,gitcoinco,"https://gitcoin.co/issue/kleros/hackathon/1/2824

![image](https://user-images.githubusercontent.com/44369284/71179517-40f59180-2268-11ea-8bb1-b02c1a205f4d.png)

It fetches content from GitHub issue, that has some XSS...

It only took me half a year to report.",web,0,0.0,{},ETH,['https://github.com/gitcoinco/web/pull/5688'],1,6.728628613084702,7.396948602621014,7.396948602621014,6.444131256700441,2017-07-10T10:53:45Z,4.532599493153256,JavaScript,13.991201849715411,4.143134726391533,4.143134726391533,1.3862943611198906,2.0,1.0,2019-12-26T23:06:04Z,2020-01-02T09:34:50Z,1.0,6.198478716492308,5.58724865840025,7.117205503164344,4.997212273764115,11.673274040953775,117281,4e+17,2.5649493574615367,0.6931471805599453,0,0,1,0,1,0,0,0,0,0,0,0,0,0,0,0,1,0,0,0
227,284,2038,2019-12-19T22:21:47,0,Hours,Intermediate,https://github.com/monadic-xyz/web3/issues/16,owocki,https://gitcoin.co/issue/17966,CSS,66.36,monadic-xyz,"need to change the responsiveness of the formatting of information underneath the logo - text needs to change size to stay on one line instead of wrapping to two when screen gets smaller

also we need to fix the logo size (on mobile so its more prominent https://bits.owocki.com/WnuEJmeW ) 

also we also need to fix the padding on the quote on mobile view so its consistent with the text below it ( https://bits.owocki.com/DOuvxlX7 )

Also, lets add ""(The day before Ethdenver)"" to the date field in small text below it (right here: https://bits.owocki.com/rRuL7gyv ). must look good on mobile/tablet/desktop
 
Also, speaker & talk descriptions get misaligned when screen gets small enough

we need someone who can do this in the next 18 hours.. the site goes live at 8am MST  on 12/19",web3,0,0.0,{},ETH,['https://github.com/monadic-xyz/web3/pull/17'],1,1.791759469228055,1.791759469228055,1.791759469228055,1.3862943611198906,2019-10-17T10:58:07Z,1.791759469228055,JavaScript,8.47345026846832,2.8903717578961645,1.9459101490553132,0.6931471805599453,1.0,5.0,2019-12-18T22:56:49Z,0,1.0,3.58351893845611,6.680854678790215,1.6094379124341003,0.6931471805599453,11.673274040953775,117281,5e+17,3.4339872044851463,0.6931471805599453,0,0,1,0,1,0,0,0,0,0,0,0,0,0,0,0,1,0,0,0
228,285,2042,2020-01-03T17:34:09,0,Hours,Intermediate,https://github.com/gitcoinco/web/issues/5647,owocki,https://gitcoin.co/issue/18061,JavaScript,36.59,gitcoinco,"I published a grant but I am getting this error (which I can't click on)
![Screenshot_2019-12-17_16-03-07](https://user-images.githubusercontent.com/1076427/71016247-79da1d00-2127-11ea-9ef3-3a39ae3a8dfb.png)",web,0,0.0,{},ETH,['https://github.com/gitcoinco/web/pull/5650'],1,6.728628613084702,7.396948602621014,7.396948602621014,6.444131256700441,2017-07-10T10:53:45Z,4.532599493153256,JavaScript,13.991201849715411,1.3862943611198906,1.3862943611198906,0.6931471805599453,13.0,3.0,2019-12-18T01:15:58Z,2020-01-03T17:15:01Z,1.0,6.135564891081739,5.342334251964811,7.113142108707088,4.990432586778736,11.673274040953775,117281,3e+17,2.70805020110221,0.6931471805599453,0,0,1,0,1,0,0,0,0,0,0,0,0,0,0,0,1,0,0,0
229,286,2047,2019-12-19T22:22:57,0,Hours,Intermediate,https://github.com/monadic-xyz/web3/issues/11,owocki,https://gitcoin.co/issue/17967,"JavaScript,html",72.38,monadic-xyz,"add twitter and facebook unfurl cards to web3 sustain site

page favicon: sustain logo
page logo (for twitter/fb unfurls): sustain logo
page title: Sustain Web3 : 2/13/20 in Boulder :: Checkout our LineUp
page description: we are the architects, builders, designers, researchers building the Open Source web3.  we believe that blockchain is a new hope for OSS Sustainability.  we are working to build a world

2/13/2020 in Boulder Colorado""

twitter cards docs: https://developer.twitter.com/en/docs/tweets/optimize-with-cards/overview/abouts-cards
fb graph docs: https://developers.facebook.com/docs/sharing/webmasters/

1. wanna see an app demo? the live repo is at http://web3.sustainoss.org/
2. to clone the repo follow the insturctions on the README.
3. perform the task + submit a PR with screenshots
4. we'll do a cycle or two of review/fix
5. ill pay out the bounty",web3,0,0.0,{},ETH,['https://github.com/monadic-xyz/web3/pull/12'],1,1.791759469228055,1.791759469228055,1.791759469228055,1.3862943611198906,2019-10-17T10:58:07Z,1.791759469228055,JavaScript,8.47345026846832,2.0794415416798357,1.3862943611198906,0.6931471805599453,6.0,8.0,2019-12-15T08:01:58Z,2019-12-18T17:39:05Z,1.0,6.363028103540465,6.7912214627261855,0.6931471805599453,0.0,11.673274040953775,117281,5e+17,3.258096538021482,0.6931471805599453,0,0,1,0,1,0,0,0,0,0,0,0,0,0,0,0,1,0,0,0
230,287,2050,2019-12-29T22:35:05,Improvement,Days,Intermediate,https://github.com/iamdefinitelyahuman/brownie/issues/262,iamdefinitelyahuman,https://gitcoin.co/issue/18033,"python,pytest",50.58,iamdefinitelyahuman,"### The Issue
1. The test cases in `tests/cli/test_cli_main.py` are poorly designed. Tests are using a custom class `CliTester` which provides a similar functionality to `monkeypatch.setattr` and `mocker.spy`, but is difficult to understand on first glance.
2. Test coverage for some cli modules is lacking, especially `brownie/_cli/analyze.py` and `brownie/_cli/ethpm.py`.

### Completion Requirements
1. Rewrite tests in `tests/cli/test_cli_main.py` to use `monkeypatch` and  `pytest-mock`. The `CliTester` class should no longer exist.
2. Increase test coverage for all files in `brownie/_cli/` to >=90%

### Implementation Notes
Functionality that is exists outside of the `brownie/_cli/` folder is already covered elsewhere in the test suite. To maximize speed of the tests, you should patch these methods. The important thing is to verify that the CLI is correctly calling the intended methods.",brownie,0,0.0,{},ETH,['https://github.com/iamdefinitelyahuman/brownie/pull/287'],1,6.2324480165505225,7.779466967458324,7.779466967458324,5.986452005284438,2018-11-02T19:39:26Z,3.8501476017100584,Others,8.852664927703866,4.897839799950911,1.0986122886681098,1.3862943611198906,1.0,1.0,2019-12-29T19:47:32Z,2019-12-29T22:32:17Z,1.0,7.149131598557407,6.813444599510896,1.0986122886681098,0.0,7.96311205897929,2867,3.51e+17,2.6390573296152584,0.6931471805599453,0,0,1,1,0,0,0,0,0,0,0,0,1,0,0,0,0,1,0,0
231,288,2053,2019-12-11T19:18:33,Feature,Hours,Beginner,https://github.com/gitcoinco/web/issues/5620,oktopusGc,https://gitcoin.co/issue/17819,"JavaScript,Python",2.01,gitcoinco,"```
1. Contract address - 0x2aea4add166ebf38b63d09a75de1a7b94aa24163
2. Direct image link - this should be in the IPFS hash

3. If using API - https://nft.com/[id] -  n/a/
4. Interval before image generated and published - 1 min
5. Retry interval - 30 mins
6. Copyright page/section link for the images 0 gitcoin.co/kudos/

```",web,0,0.0,{},ETH,['https://github.com/gitcoinco/web/pull/5597'],1,6.728628613084702,7.396948602621014,7.396948602621014,6.444131256700441,2017-07-10T10:53:45Z,4.532599493153256,JavaScript,13.991201849715411,7.217443431696533,5.236441962829949,2.833213344056216,9.0,1.0,2019-12-04T22:24:43Z,2019-12-11T14:30:25Z,1.0,5.231108616854587,5.820082930352362,7.112327444710911,4.990432586778736,1.3862943611198906,2,1.4e+16,3.4657359027997265,0.6931471805599453,0,1,0,0,1,0,0,0,0,0,0,1,0,0,0,0,1,0,0,0
232,289,2055,2019-12-23T19:07:44,Feature,Days,Intermediate,https://github.com/diadata-org/diadata/issues/193,kaythxbye,https://gitcoin.co/issue/18001,Go,233.12,diadata-org,Implement a live data streaming VIX calculation algorithm as a filter so that a REST API endpoint can be derived for the dia database.,diadata,0,0.0,{},ETH,['https://github.com/diadata-org/diadata/pull/195'],1,4.875197323201151,5.356586274672012,5.356586274672012,2.5649493574615367,2018-08-08T13:21:11Z,3.295836866004329,Others,11.619139616177534,6.270988431858299,0.6931471805599453,1.6094379124341003,9.0,1.0,2019-12-21T18:11:53Z,2019-12-23T14:34:37Z,1.0,7.233455418621439,4.90527477843843,3.871201010907891,2.6390573296152584,0.0,0,1.6e+18,2.995732273553991,0.6931471805599453,0,0,1,1,0,0,0,0,0,0,0,1,0,0,0,0,0,1,0,0
233,290,2056,2019-12-17T17:56:26,Feature,Days,Intermediate,https://github.com/diadata-org/diadata/issues/192,kaythxbye,https://gitcoin.co/issue/17904,Go,145.7,diadata-org,Implement an options scraper according to the data format defined in the previous task.,diadata,0,0.0,{},ETH,['https://github.com/diadata-org/diadata/pull/194'],1,4.875197323201151,5.356586274672012,5.356586274672012,2.5649493574615367,2018-08-08T13:21:11Z,3.295836866004329,Others,11.619139616177534,6.142037405587356,4.59511985013459,2.0794415416798357,6.0,0.0,2019-12-15T21:43:00Z,2019-12-18T14:19:52Z,1.0,5.424950017481403,4.477336814478207,3.8501476017100584,2.6390573296152584,0.0,0,1e+18,3.258096538021482,0.6931471805599453,0,0,1,1,0,0,0,0,0,0,0,1,0,0,0,0,0,1,0,0
234,291,2058,2020-05-05T01:36:14,Bug,Hours,Intermediate,https://github.com/gitcoinco/web/issues/5619,octavioamu,https://gitcoin.co/issue/21612,Python,59.08,gitcoinco,"**Describe the bug**


There is an issue I am seeing on the gitcoin.co/username/ratings section where I have applied to work/contribute on some bounties and I have actually submmited any work. And it does look like if I have actually worked and submmited one.

The two bounties that are in yellow are not expected to be there. The bounty that is in green it's was actually submmited so that's good.

**To Reproduce**


Apply for a work, don't work on the bounty and don't submit any work. It should still there like if you have submmited a work



**Expected behavior**


On the ratings sections [Work Submmited] make only appear bounties that you have actually worked and submmited work and work was done.

**Screenshots**


![issue](https://user-images.githubusercontent.com/41552663/70492319-6a7d2300-1ada-11ea-981c-79b1b773854a.png)


**Desktop (please complete the following information):**

- OS: Win32
- Browser: Brave Browser
- Browser Version: Chromium",web,0,0.0,{},ETH,['https://github.com/gitcoinco/web/pull/6073'],1,6.728628613084702,7.396948602621014,7.396948602621014,6.444131256700441,2017-07-10T10:53:45Z,4.532599493153256,JavaScript,13.991201849715411,1.791759469228055,1.791759469228055,1.0986122886681098,3.0,7.0,2020-02-24T21:16:32Z,2020-04-29T15:08:24Z,1.0,7.074116816197362,6.898714534329988,7.110696122978827,4.990432586778736,4.59511985013459,60,4.08e+17,0.0,0.6931471805599453,0,0,1,0,1,0,0,1,0,0,0,0,0,0,0,0,1,0,0,0
235,292,2062,2019-12-11T03:01:35,Documentation,Hours,Intermediate,https://github.com/proofsuite/orfeedsmartcontracts/issues/23,mikedeshazer,https://gitcoin.co/issue/17803,"chinese,mandarin,translation,ethereum,oracle",22.06,proofsuite,"As we focus on spreading developer engagement around OrFeed, creating documentation that non-English speakers can read is essential. 
A README.cm.md would be incredibility useful, and we could link to it from the main README.md.
For any questions, please feel free to reach @mikeproof on telegram",orfeedsmartcontracts,0,0.0,{},ETH,['https://github.com/ProofSuite/OrFeedSmartContracts/pull/27'],1,5.111987788356544,5.501258210544727,5.501258210544727,2.302585092994046,2019-10-24T07:50:38Z,3.4657359027997265,Others,6.345636360828596,5.081404364984463,0.0,0.6931471805599453,2.0,0.0,2019-12-10T15:35:36Z,2019-12-11T02:53:20Z,1.0,6.626717749249025,5.700443573390687,2.3978952727983707,0.0,0.0,0,1.5e+17,2.302585092994046,0.6931471805599453,0,0,1,0,1,0,0,0,0,0,1,0,0,0,0,0,0,1,0,0
236,293,2063,2020-01-07T20:00:38,Feature,Hours,Intermediate,https://github.com/3box/3box/issues/839,connoroday,https://gitcoin.co/issue/18096,"3box,react,gitcoin,ux",0.15,3box,"# Gitcoin Integration Bounty

Integrate 3Box into Gitcoin: Backup my Gitcoin profile information to my 3Box account

### Prize Bounty 

1,000 DAI

### Challenge Description

Give Gitcoin users the option to backup their complete Gitcoin profile and contribution history to 3Box. This feature will give Gitcoin users greater control of their data and allow them to take this information to other platforms. Once this feature is live, users won't have to build up separate contribution histories and reputation on different future of work platforms, but they can instead reuse their existing history.

**Guidance**

A successful bounty will include:
- Integrate 3Box.js into Gitcoin's frontend
- UI for backing up my Gitcoin data to 3Box, inside of a ""Gitcoin"" space. This likely happens on a button from the ""My Profile"" page
- When clicked, the user should be prompted to approve the messages inside their wallet (openBox() and openSpace() methods via 3Box.js). This logs them in to 3Box.
- You will need to decide which data should be saved publicly, which should be saved privately (encrypted), and the keys to use for the key-value store.
- Logic for updating a user's backup with new information. Should this be automatic, or manual?

### Resources

Documentation: [https://docs.3box.io/build/web-apps](https://docs.3box.io/build/web-apps)

Discord for support: [https://discord.gg/Z3f3Cxy](https://discord.gg/Z3f3Cxy)

### Submission Requirements

- Open source code in the form a PR forked from the Gitcoin web repo ([https://github.com/gitcoinco/web](https://github.com/gitcoinco/web)).
- Share your submission in our Discord in the [general-dev channel]([https://discord.gg/Z3f3Cxy](https://discord.gg/Z3f3Cxy))
- Add the labe' `Gitcoin Global Communities Hackathon` to your PR

### Submission Deadline

December 17th 2019

### Judging Criteria

Once the hackathon has finished, we will judge the submission on the following criteria:

**Working Demo:** We will be looking for a working demo that can be run locally.

**Intuitive User Experience:** We are looking for submissions that most mirror the experience users are familiar with on Gitcoin. Delighting the users is also important, but only after functionality is achieved.

**Code Review:** Submissions which meet our requirements in terms of UX, design and performance will be code reviewed by the Gitcoin and 3Box teams. We are looking for clean, easy to read code.

### Winner Announcement Date

December 20th at the latest",3box,0,0.0,{},ETH,"['https://github.com/gitcoinco/web/pull/5651', 'https://github.com/gitcoinco/web/pull/5640']",2,3.912023005428146,6.0330862217988015,6.0330862217988015,0.0,2018-06-30T21:05:03Z,3.367295829986474,Unknown,7.753194269884341,6.555356891810665,5.924255797414532,3.6635616461296463,30.0,0.0,2017-07-10T10:53:45Z,0,1.0,6.795705775173514,7.840312983320164,1.3862943611198906,0.0,6.455198563340122,815,1000000000000000.0,1.0986122886681098,1.0986122886681098,0,0,1,0,1,0,0,0,0,0,0,1,0,0,0,0,0,0,0,1
237,294,2065,2019-12-17T19:07:30,Feature,Days,Intermediate,https://github.com/diadata-org/diadata/issues/191,kaythxbye,https://gitcoin.co/issue/17909,Go,207.17,diadata-org,Define a data format for the options market according to the data available by the scraped exchanges.,diadata,0,0.0,{},ETH,['https://github.com/diadata-org/diadata/pull/194'],1,4.875197323201151,5.356586274672012,5.356586274672012,2.5649493574615367,2018-08-08T13:21:11Z,3.295836866004329,Others,11.619139616177534,6.142037405587356,4.59511985013459,2.0794415416798357,6.0,0.0,2019-12-15T21:43:00Z,2019-12-18T14:19:52Z,1.0,5.049856007249537,4.624972813284271,3.828641396489095,2.6390573296152584,0.0,0,1.4e+18,3.1780538303479458,0.6931471805599453,0,0,1,1,0,0,0,0,0,0,0,1,0,0,0,0,0,1,0,0
238,295,2069,2019-12-11T08:59:44,Improvement,Hours,Intermediate,https://github.com/invisible-college/democracy/issues/36,cryptogoth,https://gitcoin.co/issue/17805,"web3,ux,ui,web-design,zero-knowledge,typeface,joyful,trust,figma,colors,private,decentralized,real-time",74.42,invisible-college,"## Description

Zero-knowledge assets are a way to transfer ownership of a private asset (the amount transferred is secret) on a public blockchain (in this case Ethereum is the blockchain, and AZTEC is the zero-knowledge technology built on top of it). There are two kinds of assets on Ethereum (public tokens, sometimes called ERC20, and a newer, private kind, called ERC1724). Don't think of these assets as just money or shares of stock; for this demo it could be shares of a building or a co-op, a commodity like sheep or bales marijuana, trees in a rainforest, hours of someone's time.

This mockup will eventually be launched as a web demo to let people interact first-hand with zero-knowledge assets in their browser, on Rinkeby/Goerli testnets first, to gain some intuition and experience. It is meant to convey these values
* modern / minimalist
* stylish
* trustworthy & predictable, but not stuffy 
* private (in the sense that the values viewable in your browser are not viewable by anyone else, not even the server)

Although dynamic user effects are described below, your mockups will just be static 2D visual layouts in Figma, with start/end views and a description for the engineer on how any elements will transition.

This particular bounty is meant to ideate and produce at least three different mockups, from as original or independent views as possible, that can then be narrowed down and implemented in separate (code / implementation) bounties in React and launched on Netlify or some other static site.

## User interaction and Features Targets

The first draft mockup is here:
https://www.figma.com/file/mDwfpNj5OC4pw68tujfOma/Confidential-Transfer-Demo

Read it with the comments (speech bubble icon) turned on to get an idea of the scope, but don't be tied to anything else (typeface, size, placement, ordering).

The different elements of the UX are:
1) When the page loads, the user gets wallet auto-created for them and a randomly chosen avatar icon. There is a link to the Etherscan page for their account.
2) Their balances of a few fixed tokens (ERC20 and ERC1724) are shown. They are minted new ERC1724 tokens, and their balances shown going up the correct amount. (there should be sound effect, which is muted by default, but a button somewhere to unmute for future refreshes)
3) Other online users at the same time (including a fixed ""robot"" user) can be selected as recipients. The user selects an amount of one token and clicks to start a ""send"" action.
4) Some kind of spinner icon begins, with a link to the corresponding tx on Etherscan.
5) When tx succeeds, another sound effect plays, their balance decreases, and the Etherscan link / spinner disappears.
6) If tx fails, a button / link is shown for them to try again, and the Etherscan link / spinner disappears.
7) Any incoming transactions from other users also increases the balance, and a notice appears describing which user sent the transfer, how long ago, and a link to Etherscan tx page.

## How to work on this bounty:

Apply to work for this bounty on Gitcoin (for now) and send a short message mentioning any relevant bounties or online portfolios you've worked on, including links, your general design approach, and how you plan to handle some of the specific interactions above.

Fork this Figma, and implement your work in it
https://www.figma.com/file/mDwfpNj5OC4pw68tujfOma/Confidential-Transfer-Demo

I'll pay out $75 of equivalent ETH (or DAI as preferred) to each submission from anyone who reads through the above and sends in an original, worked through design (can be multiple winners). Please post your Figma links into the Github issue at least once as you work to receive feedback. I'll give you the go-ahead if your approach is significantly different enough from previous submissions, and if so, you can submit and be awarded multiple times before the deadline is up.

## Creative Guidelines

Full bleed artwork or photography in a restrained way (sidebar, banner) can be used, but no parallax effects or gigantic hero images. The user interaction / token minting and transfers should be the focus. Don't worry about responsive / mobile layouts.

Display / header typefaces should be on the angular / geometric / slab serif side, neither too futuristic nor too traditional, but paired with any body face that complements well. Display header text can be images if you'd like to use fonts on your computer that are not available online for free. No specific guidelines on color scheme.

You may enjoy this browser extension that lets you explore Google Fonts / color schemes in your New Tabs: https://palettab.com/

Despite the first draft above, all three cooperating projects (AZTEC, RealBlocks, Democracy) should be treated as equal importance and appear at the bottom in a smaller form.

You can make use of the AZTEC and RealBlocks logos from their respective websites:
https://aztecprotocol.com
https://realblocks.com

and also any part of this image as a logo for Democracy.js.

![image](https://user-images.githubusercontent.com/148553/70050905-091af880-159e-11ea-91f6-51b81453133d.png)

Have fun 🎉  and even the guidelines above can be wiggled if you have a good reason or a strong 💪  concept. Ask questions or not, thanks for reading this far, and look forward to seeing some new creations appear.",democracy,0,0.0,{},ETH,['https://github.com/invisible-college/democracy/issues/36#issuecomment-564255189'],1,3.2188758248682006,3.7376696182833684,3.7376696182833684,3.2188758248682006,2016-02-22T22:47:22Z,1.9459101490553132,Others,10.148079435056207,11.644900647327445,10.842674161887187,4.6913478822291435,30.0,0.0,2016-02-22T22:47:22Z,0,1.0,6.71901315438526,8.591372589590488,1.0986122886681098,0.0,0.0,0,5.08e+17,1.0986122886681098,0.6931471805599453,0,0,1,0,1,0,0,0,0,0,0,0,1,0,0,0,0,1,0,0
239,296,2071,2020-01-03T17:51:45,0,Hours,Intermediate,https://github.com/gitcoinco/web/issues/5578,owocki,https://gitcoin.co/issue/18062,"JavaScript,HTML",103.67,gitcoinco,"### User Story

As a Gitcoin user, there's a new chat? Where, why, and how can I get access? This is the design of the chat landing page.

### Why Is this Needed

With the upcoming release of Mattermost Gitcoin chat, we'll be migrating our hackathon Discord chats and also slowly closing out our Slack community chat in favor of our own hosted Gitcoin chat. 

As we make the transition, there needs to be a page explaining the new chat system, a web-window for people to chat in that don't have the web/mobile app yet, as well as easy-access to the web & mobile download links. Transparency and marketing for this new chat will be groundbreaking so we want to make sure we have a nice landing page so everyone can get onboarded.

### Description

gitcoin.co/slack is the current ""chat"" page, we want to make gitcoin.co/chat the landing page
gitcoin.co/chat/web will be the in-browser chat window
if they have not joined gitcoin yet, then gitcoin.co/chat should lead to gitcoin.co/chat/login?

on the landing page we should have:

1. copy as to how the gitcoin community how has chat and why we're moving over (advanced functionality, in-app, future integrations with gitcoin products)

2. shows how many people are online now!

3.  links to download the desktop & mobile standalone versions
from my perspective it should just talk briefly about how the gitcoin community has chat (and maybe X ppl are online now) and have links to web/desktop/mobile experiences

gitcoin.co/chat redirects to a landing page gitcoin.co/chat/login

### Current Behavior

no design for chat landing page

### Expected Behavior

design for chat landing page

### Definition of Done
- [ ] chat landing page design with requirements above",web,0,0.0,{},ETH,['https://github.com/gitcoinco/web/pull/5614'],1,6.728628613084702,7.396948602621014,7.396948602621014,6.444131256700441,2017-07-10T10:53:45Z,4.532599493153256,JavaScript,13.991201849715411,5.293304824724492,1.0986122886681098,2.70805020110221,2.0,18.0,2019-12-08T00:17:29Z,0,1.0,5.955837369464831,7.468513271496337,7.101675971619444,4.983606621708336,11.673274040953775,117281,7e+17,1.0986122886681098,0.6931471805599453,0,0,1,0,1,0,0,0,0,0,0,0,0,0,0,0,1,0,0,0
240,301,2106,2019-12-03T04:09:27,Feature,Hours,Intermediate,https://github.com/proofsuite/orfeedsmartcontracts/issues/12,mikedeshazer,https://gitcoin.co/issue/17672,"solidity,ethereum,oracles",59.54,proofsuite,"OrFeed currently provides pricing data from DEXes such as Kyber, Synthetix and Uniswap. We recently added a feature for retrieving off-chain stock and ETF pricing data (as well as a node app for others to serve as providers and provide the same and more data so users can select or aggregate the prices).
We are seeking to replace contracts/stockETFpriceContract.sol with a proxy contract in which:
1. Anyone can register their ethereum contract as an oracle with a name (""PROVDER2"" or ""BLOOMBERGPROXY"" for example)
2. Requesters of data/prices can select a provider (other than PROVIDER1) to receive pricing data from someone who registered an oracles
3. Requesters can see how often and when oracles updated prices (right now you can just see when a price was added, how recent the price is etc)

This contract code will be deployed and replaced as the reference contract in draftpremium.sol to retrieve and display prices. If you have any questions about this or would like to discuss, just ping @mikeproof on telegram.",orfeedsmartcontracts,0,0.0,{},ETH,['https://github.com/ProofSuite/OrFeedSmartContracts/pull/14'],1,5.111987788356544,5.501258210544727,5.501258210544727,2.302585092994046,2019-10-24T07:50:38Z,3.4657359027997265,Others,6.345636360828596,5.602118820879701,8.624791202014256,3.258096538021482,2.0,0.0,2019-12-03T00:38:05Z,0,1.0,7.113956109566034,6.9363427358340495,1.9459101490553132,0.0,0.0,0,4e+17,1.9459101490553132,0.6931471805599453,0,0,1,0,1,0,0,0,0,0,0,1,0,0,0,0,0,1,0,0
241,302,2118,2019-11-29T05:09:22,Feature,Hours,Intermediate,https://github.com/proofsuite/orfeedsmartcontracts/issues/3,mikedeshazer,https://gitcoin.co/issue/17609,"solidity,ethereum,orfeed,testnet,blockchain,dai,maker,tokens",151.58,proofsuite,"There have been a few requests for the OrFeed Oracle to be used and tested in testnet environments. 

This will require the default tokens (about 15 or, such as SAI, DAI, LINK, CDAI etc) to have addresses updated for the testnets, as well as Synths such as USD, JPY etc in the main contacts (contracts/orfeed.sol and draftpremium.sol) so it can have the same functionality as the main contract.

To solve this, we will need a pull request into the develop branch for new folders in the contracts folders for kovan and rinkeby with the appropriate orfeed.sol contract.
Please verify the contract on Etherscan so it can be tested on etherscan/dapp site.
Additionally, please update the README to have support for instructions on the testnets.",orfeedsmartcontracts,0,0.0,{},ETH,['https://github.com/mikedeshazer/OrFeedSmartContracts/pull/2'],1,5.111987788356544,5.501258210544727,5.501258210544727,2.302585092994046,2019-10-24T07:50:38Z,3.4657359027997265,Others,6.345636360828596,7.293017679772782,10.930836537091798,3.295836866004329,30.0,0.0,2019-10-24T06:43:27Z,0,1.0,4.553876891600541,6.616065185132817,1.0986122886681098,0.0,0.0,0,1e+18,3.4011973816621555,0.6931471805599453,0,0,1,0,1,0,0,0,0,0,0,1,0,0,0,0,0,1,0,0
242,303,2119,2019-12-03T04:37:33,Feature,Days,Advanced,https://github.com/proofsuite/orfeedsmartcontracts/issues/1,mikedeshazer,https://gitcoin.co/issue/17673,"solidity,defi,ethereum,eth,finance,oracles",304.88,proofsuite,"One of the goals of OrFeed is to aggregate data from multiple sources. With this, one of the most popular oracle platforms in Chainlink. Our goal is to add a proxy contract that can interface with chainlink and can be called by the orfeed contract's priceAsyncInterface interface included in orfeed.sol (in requestAsyncExchangeRate and requestAsyncExchangeRateResult functions).
The  proxy contract would need to allow people to contribute LINK and kleep track of people's LINK balances so it could pay LINK for the oracle data through Orfeed. 
Currently, we only support synchronous data from Kyber, Uniswap, Synthetix,etc.",orfeedsmartcontracts,0,0.0,{},ETH,['https://github.com/ProofSuite/OrFeedSmartContracts/pull/13'],1,5.111987788356544,5.501258210544727,5.501258210544727,2.302585092994046,2019-10-24T07:50:38Z,3.4657359027997265,Others,6.345636360828596,3.4965075614664802,0.0,1.0986122886681098,2.0,2.0,2019-12-02T18:15:04Z,0,1.0,6.706862336602747,6.440946540632921,0.0,0.0,0.0,0,2e+18,3.258096538021482,0.6931471805599453,1,0,0,1,0,0,0,0,0,0,0,1,0,0,0,0,0,1,0,0
243,304,2124,2019-12-19T17:45:04,Improvement,Days,Intermediate,https://github.com/status-im/status-react/issues/9288,StatusSceptre,https://gitcoin.co/issue/17960,"Clojure,reactnative",160.52,status-im,"# Problem
We use a 'snackbar' (i.e. notification bar) to indicate the client's connectivity status. On spotty networks the snackbar changes states every few milliseconds and makes the app appear glitchy (i.e. bar is visually perceived as 'flicker').

The bar has the following states:

- Connecting
- Offline
- Connected

The snackbar is used in combination with the blue 'nightrider' when connected that indicates 'fetching messages'. When the green connection bar appears, it is sometimes shown at the same time as the fetching messages bar.

Click each button in this prototype to view the behavior: https://framer.cloud/MsLgV/

## Implementation
The best solution to remove the glitchy appearance is still to be specified, but it [mostly has to do with](https://github.com/status-im/status-react/issues/9288#issuecomment-557576337): 

• adding delays when we consider a change of state permanent,
• being more lax and forgiving
• smoothing the animation so it doesn't drop frames,
• forcing the state to be persistent for at least ~1000ms so it doesn't blink,
• only saying that you're Online after being Offline for a prolonged period, not every time we wake the app.

#### Other ideas
- Seperate the logic of when the client is considered 'connected' from the immediate display of the snackbar. E.g. if the connection remains for ca. 1000ms show snackbar
- Introduce an 'Unstable network' state or stay offline if connection is lost more than x times within a given period.
- Introduce dependency between blue nightrider and snackbar to ensure they do not appear at the same time. 
- We may want to change the definition of connectivity. 

## Acceptance Criteria
The basic requirement of this issue is UI smoothing.

When on a spotty network, the snackbar showing connectivity status shouldn't change as frequently as it does now, but still inform users of whether or not they are able to send and receive messages.

Please force an uninterrupted display of a state for 1000ms.

Snackbar and nightrider never appear at the same time. Snackbar takes precedence over nightrider. User will only see the nightrider if definitively _online_ and collecting messages.

Please also prevent the snackbar from displaying each time the user wakes the app from background. It's gratuitous, unless the app is having trouble connecting and remains _offline_ for some reasonable amount of time.


## Notes
Feel free to propose additional solutions, we're not sure on the best approach here.

## Future Steps
Test on spotty network
Consider reintroducing the snackbar to the Wallet depending on latest loading state indicators (https://github.com/status-im/status-react/issues/8443#issuecomment-539045418)",status-react,0,0.0,{},ETH,['https://github.com/status-im/status-react/pull/9568'],1,6.84587987526405,8.201385955238608,8.201385955238608,6.19644412779452,2016-02-22T21:48:48Z,5.225746673713202,Others,12.436493651814613,5.209486152841421,4.418840607796598,1.9459101490553132,1.0,44.0,2019-12-02T15:29:46Z,2020-01-15T15:47:52Z,1.0,7.173958319756794,7.916078096302786,5.293304824724492,4.543294782270004,4.356708826689592,67,1.069e+18,1.3862943611198906,0.6931471805599453,0,0,1,1,0,0,0,0,0,0,0,0,1,0,0,0,0,1,0,0
244,305,2126,2019-12-16T14:10:20,Feature,Hours,Beginner,https://github.com/status-im/status-go/issues/1663,StatusSceptre,https://gitcoin.co/issue/17877,Go,189.71,status-im,"# Problem

https://github.com/status-im/status-react/issues/9050

We want to recover only valid mnemonics (words from the dictionary and checksum is valid)

# Implementation

validateMnemonic(mnemonicString)

words from the dictionary and checksum are valid",status-go,0,0.0,{},ETH,['https://github.com/status-im/status-go/pull/1713'],1,5.472270673671475,6.517671272912275,6.517671272912275,4.962844630259907,2016-06-13T15:32:03Z,4.465908118654584,Others,12.038168654344211,5.802118375377063,7.275864600546533,3.367295829986474,1.0,31.0,2019-12-02T20:19:10Z,2019-12-16T13:55:04Z,1.0,5.910796644040527,5.5909869805108565,5.2832037287379885,4.543294782270004,4.356708826689592,67,1.267e+18,1.9459101490553132,0.6931471805599453,0,1,0,0,1,0,0,0,0,0,0,1,0,0,0,0,0,1,0,0
245,306,2127,2019-11-25T17:18:36,Bug,Hours,Intermediate,https://github.com/cybercongress/cyb/issues/249,serejandmyself,https://gitcoin.co/issue/17569,JavaScript,187.16,cybercongress,By rank or by timeframe,cyb,0,0.0,{},ETH,['https://github.com/cybercongress/cyb/pull/262'],1,3.4965075614664802,5.030437921392435,5.030437921392435,5.37989735354046,2018-10-04T12:43:17Z,3.295836866004329,JavaScript,12.029973688144691,7.329749689041512,5.877735781779639,2.9444389791664403,6.0,0.0,2020-04-29T15:59:45Z,2020-04-29T16:03:30Z,1.0,7.216709486709457,3.1780538303479458,3.4657359027997265,2.1972245773362196,2.833213344056216,15,1.25e+18,2.6390573296152584,0.6931471805599453,0,0,1,0,1,0,0,1,0,0,0,0,0,0,0,0,1,0,0,0
246,307,2136,2019-11-21T18:03:39,0,Hours,Beginner,https://github.com/status-im/status-react/issues/9491,StatusSceptre,https://gitcoin.co/issue/17534,Clojure,50.14,status-im,"# Problem

Multi-collateral DAI launched on November 18th. Changes to the DAI token are required to support this shift.

## Implementation

- The current DAI token is now 'single collateral DAI' and should be renamed to `SAI`. 
- In addition to `SAI`, we should add the new `DAI` to our hardcoded token list. 
- The address for multi-collateral `DAI` is [0x6b175474e89094c44da98b954eedeac495271d0f](https://etherscan.io/token/0x6b175474e89094c44da98b954eedeac495271d0f)
- The image assets are found [HERE](https://www.notion.so/Maker-Brand-ac517c82ff9a43089d0db5bb2ee045a4)

## Acceptance Criteria

Status default assets list should include both DAI and SAI with the appropriate addresses & logo images.

Other wallets are representing DAI and SAI like so:
![image](https://user-images.githubusercontent.com/15470435/69157866-7712ea80-0add-11ea-9ca2-65efc1d99c4a.png)

## Notes

- [Link to full migration guide from Maker](https://github.com/makerdao/developerguides/blob/master/mcd/upgrading-to-multi-collateral-dai/upgrading-to-multi-collateral-dai.md#as-a-non-custodial-wallet)
- Status will not have a publicly available update for SAI until version 1 is released in early January.",status-react,0,0.0,{},ETH,['https://github.com/status-im/status-react/pull/9496'],1,6.84587987526405,8.201385955238608,8.201385955238608,6.19644412779452,2016-02-22T21:48:48Z,5.225746673713202,Others,12.436493651814613,1.791759469228055,0.6931471805599453,2.0794415416798357,1.0,9.0,2019-11-20T02:07:07Z,2019-11-21T14:21:58Z,1.0,6.182084906716632,7.095893221097532,5.278114659230517,4.543294782270004,4.356708826689592,67,2.87e+17,3.367295829986474,0.6931471805599453,0,1,0,0,1,0,0,0,0,0,0,0,0,0,0,0,0,1,0,0
247,308,2137,2019-12-07T01:46:53,Documentation,Hours,Advanced,https://github.com/quilt/pm/issues/3,villanuevawill,https://gitcoin.co/issue/17752,eth2,736.48,quilt,"Basic idea is to document the various pieces and rationales in Eth 2. Currently (especially in phase 2) there is a lot of info that developers are not versed on.  A suggested format by be similar to the rust book - https://doc.rust-lang.org/1.30.0/book/2018-edition/index.html 

It would also be interesting to have a comparison between Eth 2 and other protocols (this might be one of the most interesting topics actually).

For phase 2, https://medium.com/@william.j.villanueva/7673b57eabff can be a good starting point. Also, we have an early writeup on comparison to other protocols (but is more wasm centric) - https://notes.ethereum.org/xhz6rQgdRmaupwFwEXeiQw

For phase 1, the specification and also this: https://notes.ethereum.org/@vbuterin/HkiULaluS

For phase 0, a number of resources exist (let me know if you need links for these). A good entry point though is - https://www.youtube.com/watch?v=S262StTwkmo

# Deliverable
An outline, plan for the resource/book that will be created.",pm,0,0.0,{},ETH,['https://github.com/quilt/pm/pull/4'],1,0.0,1.791759469228055,1.791759469228055,1.9459101490553132,2019-11-08T01:01:46Z,1.791759469228055,Unknown,0.6931471805599453,5.2574953720277815,0.0,0.6931471805599453,3.0,0.0,2019-12-07T01:07:22Z,0,1.0,7.244941546337007,6.913737350659685,0.0,0.0,0.0,0,4.167e+18,2.5649493574615367,0.6931471805599453,1,0,0,0,1,0,0,0,0,0,1,0,0,0,0,0,0,0,0,1
248,309,2140,2019-11-26T19:07:56,0,Hours,Intermediate,https://github.com/fembusinessmodelsring/web3_revenue_primitives/issues/61,owocki,https://gitcoin.co/issue/17581,"content,business,models",53.46,fembusinessmodelsring,https://twitter.com/spencernoon/status/1188969044587831298,web3_revenue_primitives,0,0.0,{},ETH,['https://github.com/FEMBusinessModelsRing/web3_revenue_primitives/pull/63'],1,3.4339872044851463,5.1647859739235145,5.1647859739235145,3.091042453358316,2018-10-29T14:34:25Z,2.995732273553991,Unknown,6.037870919922137,3.367295829986474,0.0,0.6931471805599453,3.0,1.0,2019-11-19T15:48:47Z,2019-11-26T17:42:57Z,1.0,7.123672785204607,4.07753744390572,2.772588722239781,1.3862943611198906,11.673274040953775,117281,2.97e+17,3.1354942159291497,0.6931471805599453,0,0,1,0,1,0,0,0,0,0,0,0,0,0,0,0,0,0,0,1
249,310,2142,2020-01-30T03:06:13,Feature,Hours,Advanced,https://github.com/torusresearch/torus-website/issues/586,elishatorus,https://gitcoin.co/issue/18892,"JavaScript,HTML",984.6,torusresearch,"Torus allows users to send tokens and collectibles to any Google Email, Reddit Username or Discord ID regardless of whether the user has logged in with Torus or not.

Torus also has an address book functionality that allows users to add any ETH address, Google email, Reddit username or Discord ID to a contact list which allow them to pick recipients from a dropdown contact list. 

We are looking for developers to create a functional airdrop dashboard that would allow a user to send tokens and collectibles to an imported list of addresses. The list will include columns of Name, Account Type (Google/Reddit/Discord), and Account Identifier (Google Email, Reddit Username, Discord ID).

This feature will enable DApps and event organizers to quickly send or airdrop their tokens to a selected list of recipients through Torus. New users receiving Tokens in their Google accounts will automatically receive an email to notify them to log into Torus to retrieve their tokens.

Hashed Timelocked Contracts is an additional feature that needs to be implemented in this build as an option for users who are sending out tokens to a list.

Developers attempting to build this bounty would need to build a functional dashboard for Torus to claim the bounty.

An example of our dashboard will look like the following screenshot:

![photo_2019-11-18_16-41-08](https://user-images.githubusercontent.com/51352241/69037192-605b8d80-0a22-11ea-813b-4ed56856c3ac.jpg)",torus-website,0,0.0,{},ETH,['https://github.com/mul1sh/torus-airdrop-dashboard'],1,3.8918202981106265,4.248495242049359,4.248495242049359,3.1780538303479458,2018-11-28T20:05:29Z,1.791759469228055,JavaScript,11.589673520463561,11.89961541775206,11.817162248886461,6.0063531596017325,15.0,0.0,2020-01-19T14:39:09Z,0,1.0,6.541029999189903,7.293017679772782,0.0,0.0,0.0,0,5.47e+18,0.6931471805599453,0.6931471805599453,1,0,0,0,1,0,0,0,0,0,0,1,0,0,0,0,1,0,0,0
250,311,2143,2019-11-19T00:06:02,Bug,Hours,Beginner,https://github.com/ensdomains/subdomain-registrar/issues/102,Arachnid,https://gitcoin.co/issue/17470,JavaScript,24.97,ensdomains,The registrar should,subdomain-registrar,0,0.0,{},ETH,['https://github.com/ensdomains/subdomain-registrar/pull/105'],1,5.1298987149230735,5.087596335232384,5.087596335232384,3.713572066704308,2017-10-29T13:27:38Z,2.772588722239781,Others,7.860570785538664,2.3978952727983707,0.0,0.6931471805599453,1.0,0.0,2019-11-18T06:54:07Z,2019-11-18T23:51:22Z,1.0,6.013715156042802,3.044522437723423,1.3862943611198906,0.6931471805599453,2.6390573296152584,13,1.3600000000000002e+17,3.4011973816621555,0.6931471805599453,0,1,0,0,1,0,0,1,0,0,0,0,0,0,0,0,0,1,0,0
251,312,2149,2019-11-16T07:17:39,0,Hours,Intermediate,https://github.com/gitcoinco/web/issues/4941,octavioamu,https://gitcoin.co/issue/17421,JavaScript,7.74,gitcoinco,"### User Story

As a gitcoin user, I'd like to have information about third-party integrations, so I know if my anonymized data is being used for analytics

### Why Is this Needed

[comment]: # (Describe the problem and why this task is needed. Provide description of the current state, what you would like to happen, and what actually happen)
*Summary*: For legal purposes, we should change our cookie disclosure to the following text: 

""By using this site, you agree to our use of cookies, which we use to analyse our traffic in accordance with our Privacy Policy [link to Privacy Policy]. We also share information about your use of our site with our analytics and marketing partners."" [Accept]",web,0,0.0,{},ETH,['https://github.com/gitcoinco/web/pull/5432'],1,6.728628613084702,7.396948602621014,7.396948602621014,6.444131256700441,2017-07-10T10:53:45Z,4.532599493153256,JavaScript,13.991201849715411,8.801017833540714,2.4849066497880004,2.6390573296152584,7.0,10.0,2019-10-30T22:20:02Z,2019-11-05T23:34:55Z,1.0,6.805722553416985,6.56244409369372,7.07326971745971,4.983606621708336,4.59511985013459,60,4.3e+16,3.4011973816621555,0.6931471805599453,0,0,1,0,1,0,0,0,0,0,0,0,0,0,0,0,1,0,0,0
252,314,2179,2019-11-28T14:29:52,Feature,Days,Intermediate,https://github.com/diadata-org/diadata/issues/185,kaythxbye,https://gitcoin.co/issue/17598,Go,184.2,diadata-org,"1. Define your data need specifications within this github issue template
2. Fund the ticket on https://gitcoin.co 
3. Approve or reject work submitted
__________________

We are looking for a Go developer that can provide scrapers of a websocket API.

We reliably want to get futures data in realtime from FTX exchange. This trade information is then written into our databases using a specific format. We have an existing framework for this which allows us to parametrize the scraper. We work with Go and expect that the scrapers will work concurrently and efficiently.
The URL of the API can be found here: https://docs.ftx.com/#websocket-api

The submitted work has to include the API scraper as well as a pull request with the respective documentation of the added code.

The DIA documentation on how to contribute can be found here: https://github.com/diadata-org/diadata",diadata,0,0.0,{},ETH,['https://github.com/diadata-org/diadata/pull/188'],1,4.875197323201151,5.356586274672012,5.356586274672012,2.5649493574615367,2018-08-08T13:21:11Z,3.295836866004329,Others,11.619139616177534,6.035481432524756,0.0,1.9459101490553132,3.0,4.0,2019-11-25T13:56:02Z,0,1.0,7.249215057114389,6.7912214627261855,3.784189633918261,2.6390573296152584,0.0,0,1e+18,2.3978952727983707,0.6931471805599453,0,0,1,1,0,0,0,0,0,0,0,1,0,0,0,0,0,1,0,0
253,315,2180,2019-12-02T13:05:44,Feature,Days,Intermediate,https://github.com/diadata-org/diadata/issues/184,kaythxbye,https://gitcoin.co/issue/17641,Go,184.2,diadata-org,"1. Define your data need specifications within this github issue template
2. Fund the ticket on https://gitcoin.co 
3. Approve or reject work submitted
__________________

We are looking for a Go developer that can provide scrapers of a websocket API.

We reliably want to get futures data in realtime from derebit exchange. This trade information is then written into our databases using a specific format. We have an existing framework for this which allows us to parametrize the scraper. We work with Go and expect that the scrapers will work concurrently and efficiently.
The URL of the API can be found here: https://docs.deribit.com/v2/#deribit-api-v2-0-0

The submitted work has to include the API scraper as well as a pull request with the respective documentation of the added code.

The DIA documentation on how to contribute can be found here: https://github.com/diadata-org/diadata",diadata,0,0.0,{},ETH,['https://github.com/diadata-org/diadata/pull/189'],1,4.875197323201151,5.356586274672012,5.356586274672012,2.5649493574615367,2018-08-08T13:21:11Z,3.295836866004329,Others,11.619139616177534,6.598509028614515,0.0,2.0794415416798357,4.0,7.0,2019-11-28T23:39:22Z,0,1.0,6.452048954437226,6.80903930604298,3.7612001156935624,2.6390573296152584,0.0,0,1e+18,1.9459101490553132,0.6931471805599453,0,0,1,1,0,0,0,0,0,0,0,1,0,0,0,0,0,1,0,0
254,316,2181,2019-12-04T11:47:46,Feature,Days,Intermediate,https://github.com/diadata-org/diadata/issues/183,kaythxbye,https://gitcoin.co/issue/17706,Go,184.2,diadata-org,"1. Define your data need specifications within this github issue template
2. Fund the ticket on https://gitcoin.co 
3. Approve or reject work submitted
__________________

We are looking for a Go developer that can provide scrapers of a websocket API.

We reliably want to get futures data in realtime from Coinflex exchange. This trade information is then written into our databases using a specific format. We have an existing framework for this which allows us to parametrize the scraper. We work with Go and expect that the scrapers will work concurrently and efficiently.
The URL of the API can be found here: https://coinflex.com/api/

The submitted work has to include the API scraper as well as a pull request with the respective documentation of the added code.

The DIA documentation on how to contribute can be found here: https://github.com/diadata-org/diadata",diadata,0,0.0,{},ETH,['https://github.com/diadata-org/diadata/pull/190'],1,4.875197323201151,5.356586274672012,5.356586274672012,2.5649493574615367,2018-08-08T13:21:11Z,3.295836866004329,Others,11.619139616177534,6.953684210870537,0.0,2.1972245773362196,6.0,2.0,2019-12-03T20:36:18Z,2019-12-12T10:26:43Z,1.0,6.270988431858299,6.785587645007929,3.7376696182833684,2.6390573296152584,0.0,0,1e+18,1.6094379124341003,0.6931471805599453,0,0,1,1,0,0,0,0,0,0,0,1,0,0,0,0,0,1,0,0
255,317,2182,2019-12-23T11:33:28,Feature,Days,Intermediate,https://github.com/diadata-org/diadata/issues/181,kaythxbye,https://gitcoin.co/issue/17998,Go,186.09,diadata-org,"1. Define your data need specifications within this github issue template
2. Fund the ticket on https://gitcoin.co 
3. Approve or reject work submitted
__________________

We are looking for a Go developer that can provide scrapers of a websocket API.

We reliably want to get futures data in realtime from Bitflyer exchange. This trade information is then written into our databases using a specific format. We have an existing framework for this which allows us to parametrize the scraper. We work with Go and expect that the scrapers will work concurrently and efficiently.
The URL of the API can be found here: https://lightning.bitflyer.com/docs?lang=en#realtime-api

The submitted work has to include the API scraper as well as a pull request with the respective documentation of the added code.

The DIA documentation on how to contribute can be found here: https://github.com/diadata-org/diadata",diadata,0,0.0,{},ETH,['https://github.com/diadata-org/diadata/pull/197'],1,4.875197323201151,5.356586274672012,5.356586274672012,2.5649493574615367,2018-08-08T13:21:11Z,3.295836866004329,Others,11.619139616177534,5.659482215759621,4.672828834461906,2.0794415416798357,4.0,0.0,2019-12-22T18:48:14Z,2019-12-23T11:02:03Z,1.0,6.075346031088684,6.82001636467413,3.6888794541139363,2.4849066497880004,0.0,0,1e+18,2.70805020110221,0.6931471805599453,0,0,1,1,0,0,0,0,0,0,0,1,0,0,0,0,0,1,0,0
256,321,2189,2019-11-19T09:32:51,Feature,Days,Intermediate,https://github.com/diadata-org/diadata/issues/179,kaythxbye,https://gitcoin.co/issue/17476,"Go,api,websocket,docker",189.37,diadata-org,"1. Define your data need specifications within this github issue template
2. Fund the ticket on https://gitcoin.co 
3. Approve or reject work submitted
__________________

We are looking for a Go developer that can provide scrapers of the Websocket for future contracts.

We reliably want to get trades in realtime from Huobi exchange. This trade information is then written into our databases using a specific format. We have an existing framework for this which allows us to parametrize the scraper. We work with Go and expect that the scrapers will work concurrently and efficiently.
The URL of the API can be found here: https://github.com/huobiapi/API_Docs_en/wiki/WS_api_reference_en

The submitted work has to include the API scraper as well as a pull request with the respective documentation of the added code.

The DIA documentation on how to contribute can be found here: https://github.com/diadata-org/diadata",diadata,0,0.0,{},ETH,['https://github.com/diadata-org/diadata/pull/187'],1,4.875197323201151,5.356586274672012,5.356586274672012,2.5649493574615367,2018-08-08T13:21:11Z,3.295836866004329,Others,11.619139616177534,5.351858133476067,0.0,0.6931471805599453,1.0,10.0,2019-11-12T13:15:47Z,0,1.0,5.407171771460119,6.839476438228843,3.6375861597263857,2.4849066497880004,0.0,0,1e+18,2.8903717578961645,0.6931471805599453,0,0,1,1,0,0,0,0,0,0,0,1,0,0,0,0,0,1,0,0
257,322,2190,2019-11-14T13:10:10,Improvement,Hours,Intermediate,https://github.com/spacemeshos/svm/issues/7,avive,https://gitcoin.co/issue/17373,"travis,devops",190.91,spacemeshos,"# Overview / Motivation
Currently, we have a very basic build using `Travis CI`.

We'd like to create a build-pipeline for Mac and Linux. 
`SVM` won't compile on Windows yet, but the preparation work can be done already.

# The Task
We want to have the following build pipelines:

* Linux 
    Desired output: (both `debug` and `release`)
    * `libsvm_runtime_c_api.so`
    *  `svm_wasmer.h`
    * **wasmer**
        * `libwasmer_runtime_c_api.so`
        * `wasmer.h`
* Mac
    Desired output: (both `debug` and `release`)
    * `libsvm_runtime_c_api.dylib`
    *  `svm_wasmer.h`
    * **wasmer**
        * `libwasmer_runtime_c_api.dylib`
        * `wasmer.h`
*  Windows **(preparation since SVM doesn't work yet on Windows)**
  Desired output: (both `debug` and `release`)
    * `libsvm_runtime_c_api.dll`
    *  `svm_wasmer.h`
    *  **wasmer**
        * `libwasmer_runtime_c_api.dll`
        * `wasmer.h`

# Implementation Notes
1. Please implement the CI using Travis CI. If you'd like to use GitHub Actions we might go for it.
2. Please create separate branches for `Mac / Linux / Windows`.
3. * `SVM` require rust nightly, please build using this command:
`cargo +nightly build`
4. Tests shouldn't run in parallel (we'll explain why on the Gitter chat).
Please run the tests using this command:
`RUST_TEST_THREADS=1 cargo +nightly test --all --release`
5. In case not all tests pass, the build must fail abruptly


# Contribution Guidelines
Important: Issue assignment to developers will be by the order of their application and proficiency level according to the tasks complexity. We will not assign tasks to developers who haven't introduced themselves on our Gitter dev channel

1. Introduce yourself on svm dev chat channel - ask our team any question you may have about this task
2. Fork branch develop to your own repo and work in your repo
3. The code must be formatted using `rust fmt`
4. You must write unit tests for all types and methods when submitting a component.
5. When ready for code review, submit a PR from your repo back to branch develop
6. Attach relevant issue to PR",svm,0,0.0,{},ETH,['https://github.com/spacemeshos/svm/pull/28'],1,2.833213344056216,4.418840607796598,4.418840607796598,4.394449154672439,2019-06-30T07:16:26Z,3.044522437723423,Others,9.99337395933065,4.844187086458591,2.0794415416798357,1.0986122886681098,5.0,1.0,2019-11-06T19:11:57Z,2019-11-11T11:08:23Z,1.0,5.8916442118257715,7.672292455628756,3.4339872044851463,2.6390573296152584,4.51085950651685,93,1e+18,3.871201010907891,0.6931471805599453,0,0,1,0,1,0,0,0,0,0,0,0,1,0,0,0,0,1,0,0
258,323,2191,2019-11-14T08:12:21,0,Hours,Intermediate,https://github.com/spacemeshos/svm/issues/12,avive,https://gitcoin.co/issue/17369,Rust,190.91,spacemeshos,"# Overview / Motivation
We'd like to auto-generate the `svm_wasmer.h` file for the `svm-runtime-c-api`

# The Task
We'd like to auto-generate a `svm_wasmer.h` C-header file out of this Rust file:
https://github.com/spacemeshos/svm/blob/develop/crates/svm-runtime-c-api/src/c_api.rs

# Implementation Notes
1. Currently, the `svm_wasmer.h` C-header file is manually built:
https://github.com/spacemeshos/svm/blob/master/crates/svm-runtime-c-api/examples/svm_wasmer.h

2. Please use this link as a reference:
https://doc.rust-lang.org/cargo/reference/build-scripts.html

3. Please use [cbindgen](https://github.com/eqrion/cbindgen) for the task.

You may want to take a look at this code of `wasmer` as a good reference for using `cbindgen` 
https://github.com/wasmerio/wasmer/blob/master/lib/runtime-c-api/build.rs

4. The  `svm_wasmer.h` file should be auto-generated as part of `cargo nightly build`
(`SVM` requires Rust nightly) 

5. If possible, please auto-copy the generated `svm_wasmer.h` C-header file also to:
`https://github.com/spacemeshos/svm/blob/develop/crates/svm-runtime-c-api/examples/`



# Contribution Guidelines
Important: Issue assignment to developers will be by the order of their application and proficiency level according to the tasks complexity. We will not assign tasks to developers who haven't introduced themselves on our Gitter [dev channel](https://gitter.im/spacemesh-os/svm)

1. Introduce yourself on `svm` [dev chat channel](https://gitter.im/spacemesh-os/svm) - ask our team any question you may have about this task
2. Fork branch `develop` to your own repo and work in your repo
3. The code must be formatted using `rust fmt`
4. You must write unit tests for all types and methods when submitting a component.
5. When ready for code review, submit a PR from your repo back to branch `develop`
6. Attach relevant issue to PR",svm,0,0.0,{},ETH,['https://github.com/spacemeshos/svm/pull/29'],1,2.833213344056216,4.418840607796598,4.418840607796598,4.394449154672439,2019-06-30T07:16:26Z,3.044522437723423,Others,9.99337395933065,4.663439094112067,4.143134726391533,1.791759469228055,1.0,0.0,2019-11-08T15:29:41Z,2019-11-10T09:08:57Z,1.0,6.082218910376446,7.5485559791698735,3.4011973816621555,2.5649493574615367,4.51085950651685,93,1e+18,3.871201010907891,0.6931471805599453,0,0,1,0,1,0,0,0,0,0,0,0,0,0,0,0,0,1,0,0
259,324,2216,2020-01-29T20:56:11,Documentation,Hours,Intermediate,https://github.com/kauri-io/content/issues/87,ChrisChinchilla,https://gitcoin.co/issue/18883,"metamask,plugin,UI,JavaScript,Login",365.5,kauri-io,"The new [Metamask plugin API](https://github.com/MetaMask/metamask-plugin-beta/wiki) is in beta, but we would like a tutorial created that shows the reader how to build a reasonably meaningful plugin for Metamask.

## Deliverables
- An outline before you start work on the article
- A final article
- Article posted to Kauri.io with images and tags
- A code repo for the example used in the article

## Guidelines

- We have a technical audience, you can go into details.
- Use simple technical English and as little passive voice and future tense as possible.
- Word count is not a definition of done, covering the topic outlined above is.",content,0,0.0,{},ETH,['https://github.com/kauri-io/Content/pull/117'],1,3.1780538303479458,2.4849066497880004,2.4849066497880004,1.791759469228055,2018-11-22T13:39:57Z,2.1972245773362196,Others,9.271341393533582,5.488937726156687,2.9444389791664403,2.5649493574615367,5.0,5.0,2019-12-26T20:12:25Z,2020-01-28T13:49:44Z,1.0,7.242082359256962,6.481577129276431,3.2188758248682006,1.3862943611198906,0.0,0,2e+18,0.0,0.6931471805599453,0,0,1,0,1,0,0,0,0,0,1,0,0,0,0,0,0,1,0,0
260,325,2219,2019-11-18T21:15:20,Feature,Hours,Advanced,https://github.com/etclabscore/wrappedetc/issues/1,connoroday,https://gitcoin.co/issue/17468,"ETC,smart,contracts",0.18,etclabscore,"### Prize Bounty
$1500 ETC

### Challenge Description
ETC is not a ERC-20/ERC-777 compliant token. This limits its utility when dApps try and transfer value against a common token interface.

### Motivation
The goal here is to produce a standard contract, that can be deployed to ETC that will support depositing ETC and extracting WETC to be used as a token in a smart contract. We suggest ERC-777 over ERC-20 because ERC-777 is a new token standard that is also backward compatible with ERC-20 tokens. This would also position us well for a lot DEX protocols that rely solely on tokens.

### Acceptance Criteria
WETC can be used as a 1-1 value transfer to tokenize ETC. The base contract should be deployed to Kotti for testing.

### Submission Requirements
Work on your fork of this repository, implement features, test features, then PR.

### Submission Deadline
The deadline for submissions is November 11, 2019.

### Judging Criteria
The prize will be awarded to the first valid submission.

### Winner Announcement Date
The submission will be reviewed by November 18. Winner announcements and prize payouts will occur before November 31, 2019.",wrappedetc,0,0.0,{},ETH,"['https://github.com/etclabscore/WrappedETC/pull/3', 'https://github.com/etclabscore/WrappedETC/pull/2']",2,1.791759469228055,0.6931471805599453,0.6931471805599453,1.6094379124341003,2019-10-29T02:54:42Z,0.6931471805599453,Unknown,6.437751649736401,11.099589462481495,3.8501476017100584,3.912023005428146,9.0,2.0,2019-10-31T06:32:31Z,0,1.0,6.324358962381311,7.067319848653476,0.0,0.0,6.455198563340122,815,1000000000000000.0,2.5649493574615367,1.0986122886681098,1,0,0,0,1,0,0,0,0,0,0,1,0,0,0,0,0,0,0,1
261,326,2220,2019-11-11T10:46:22,0,Hours,Intermediate,https://github.com/ethereum/ethereum-org-website/issues/358,vs77bb,https://gitcoin.co/issue/17294,"Translation,Documentation",90.9,ethereum,"### Prize Bounty
0.5 ETH

### Challenge Description
Dutch translations are completed, reviewed & ready to be added to the website (https://github.com/ethereum/ethereum-org-website/issues/217)!

### Submission Requirements
Look at [this previous PR](https://github.com/ethereum/ethereum-org-website/pull/282/files) to see how new languages are added. Steps:
1. Download the [markdown files from CrowdIn](https://crowdin.com/project/ethereumfoundation/nl#):
- https://gist.github.com/samajammin/1fbfbddbbe58ceebb81eb05690ce88fa
- https://gist.github.com/samajammin/595dc650837f5ff8148682e61ff03deb
- https://gist.github.com/samajammin/3cf9ae28f515387e977b5e07e9528638
- https://gist.github.com/samajammin/c3f21ee7316b2baa1fb6159b49a23778
- https://gist.github.com/samajammin/3120f6b5546d70e6eb100640644f4202
2. Add markdown files in a new /docs/nl/ directory
3. Add nav to config.js (`locales` key)
4. Update the homepage markdown file (the root index.md) to use the `HomePage.vue` component
  - Move that content into translations.js (again, it helps to follow [this previous PR](https://github.com/ethereum/ethereum-org-website/pull/282/files))
  - Add `layout: home` in page [front matter](https://vuepress.vuejs.org/guide/frontmatter.html)
5. In each newly added markdown file...
- [Front matter](https://vuepress.vuejs.org/guide/frontmatter.html)
  - Add `meta` property (i.e. `og:title`) - check out other translation markdown files for reference
  - Confirm it has (correct) `lang` property
  - Remove `date` fields (if they exist)
  - Add `sidebar: auto` for /learn & /developers pages
- Review header links & update if needed (e.g. the /use/ page)
  - See [here](https://github.com/ethereum/ethereum-org-website/issues/272) for more context (the header anchor links are dynamic based on the header text, so they change by language)
- Update relative links (i.e. add language path)

### Submission Deadline
The deadline for submissions is November 11, 2019.

### Judging Criteria
The prize will be awarded to the first valid submission.

### Winner Announcement Date
The submission will be reviewed by November 18. Winner announcements and prize payouts will occur before November 31, 2019.",ethereum-org-website,0,0.0,{},ETH,"['https://github.com/ethereum/ethereum-org-website/pull/375', 'https://github.com/ethereum/ethereum-org-website/pull/375']",2,8.279189777195004,8.278682162970906,8.278682162970906,5.971261839790462,2018-01-06T05:54:37Z,5.209486152841421,Others,13.062734384784614,7.192182058713246,0.0,2.5649493574615367,5.0,3.0,2019-11-01T11:00:47Z,2019-11-06T19:28:48Z,1.0,2.70805020110221,7.711101251840158,5.298317366548036,3.7612001156935624,8.73294952429643,5966,5e+17,0.0,1.0986122886681098,0,0,1,0,1,0,0,0,0,0,0,0,0,0,0,0,0,1,0,0
262,327,2221,2019-11-11T10:47:47,0,Hours,Intermediate,https://github.com/ethereum/ethereum-org-website/issues/357,vs77bb,https://gitcoin.co/issue/17295,Documentation,90.9,ethereum,"### Prize Bounty
0.5 ETH

### Challenge Description
Polish translations are completed, reviewed & ready to to be added to the website (https://github.com/ethereum/ethereum-org-website/issues/325)!

### Submission Requirements
Look at [this previous PR](https://github.com/ethereum/ethereum-org-website/pull/282/files) to see how new languages are added. Steps:
1. Download the [markdown files from CrowdIn](https://crowdin.com/project/ethereumfoundation/pl#):
- https://gist.github.com/samajammin/da816922230762777520edcbcfac513f
- https://gist.github.com/samajammin/c23030fe812535fe85cf858a6e3f304d
- https://gist.github.com/samajammin/ba18c10711d9e3a230961dbb21a63825
- https://gist.github.com/samajammin/b2928961527e5434b911990391a85ea5
- https://gist.github.com/samajammin/8d4cbaa6867df0db284cb438439469bf
2. Add markdown files in a new /docs/pl/ directory
3. Add nav to config.js (`locales` key)
4. Update the homepage markdown file (the root index.md) to use the `HomePage.vue` component
  - Move that content into translations.js (again, it helps to follow [this previous PR](https://github.com/ethereum/ethereum-org-website/pull/282/files))
  - Add `layout: home` in page [front matter](https://vuepress.vuejs.org/guide/frontmatter.html)
5. In each newly added markdown file...
- [Front matter](https://vuepress.vuejs.org/guide/frontmatter.html)
  - Add `meta` property (i.e. `og:title`) - check out other translation markdown files for reference
  - Confirm it has (correct) `lang` property
  - Remove `date` fields (if they exist)
  - Add `sidebar: auto` for /learn & /developers pages
- Review header links & update if needed (e.g. the /use/ page)
  - See [here](https://github.com/ethereum/ethereum-org-website/issues/272) for more context (the header anchor links are dynamic based on the header text, so they change by language)
- Update relative links (i.e. add language path)

### Submission Deadline
The deadline for submissions is November 11, 2019.

### Judging Criteria
The prize will be awarded to the first valid submission.

### Winner Announcement Date
The submission will be reviewed by November 18. Winner announcements and prize payouts will occur before November 31, 2019.",ethereum-org-website,0,0.0,{},ETH,['https://github.com/ethereum/ethereum-org-website/pull/375'],1,8.279189777195004,8.278682162970906,8.278682162970906,5.971261839790462,2018-01-06T05:54:37Z,5.209486152841421,Others,13.062734384784614,7.192182058713246,0.0,2.5649493574615367,5.0,3.0,2019-11-01T11:00:47Z,2019-11-06T19:28:48Z,1.0,2.6390573296152584,7.71289096149013,5.293304824724492,3.7612001156935624,8.73294952429643,5966,5e+17,0.0,0.6931471805599453,0,0,1,0,1,0,0,0,0,0,0,0,0,0,0,0,0,1,0,0
263,328,2230,2019-11-15T03:26:14,Feature,Days,Intermediate,https://github.com/gitcoinco/web/issues/5418,owocki,https://gitcoin.co/issue/17394,"HTML,CSS",95.95,gitcoinco,"![4926FA59-D5A7-49C2-A2F3-3CCF08894BE4](https://user-images.githubusercontent.com/27504011/67798980-eb1c1e80-fa5a-11e9-9cb6-562c53800b39.jpeg)




Cannot click “submit” for selected choice.






- Device: iphone 
- OS: 13.1.3
- Browser: 
- Version: 7s

**Additional context**",web,0,0.0,{},ETH,['https://github.com/gitcoinco/web/pull/5463'],1,6.728628613084702,7.396948602621014,7.396948602621014,6.444131256700441,2017-07-10T10:53:45Z,4.532599493153256,JavaScript,13.991201849715411,6.423246963533519,5.8944028342648505,0.6931471805599453,4.0,5.0,2019-11-07T02:40:15Z,2019-11-12T21:52:55Z,1.0,7.240649694255466,5.683579767338681,7.050122520269059,4.9344739331306915,11.673274040953775,117281,5e+17,2.772588722239781,0.6931471805599453,0,0,1,1,0,0,0,0,0,0,0,1,0,0,0,0,1,0,0,0
264,329,2242,2019-11-11T12:49:52,0,Hours,Intermediate,https://github.com/ethereum/ethereum-org-website/issues/352,vs77bb,https://gitcoin.co/issue/17304,Ethereum,46.29,ethereum,"### Prize Bounty
0.25 ETH

### Challenge Description

As explained in https://github.com/ethereum/ethereum-org-website/issues/63, we would like to have a component that, given a list of _x_ items (URLs & anchor text), displays a random list of the _n_ links.

For example, say we have a pre-determined list of items (e.g. 10 applications built on Ethereum). Every time a user loads the page, _x_ of those list items are chosen at random, (where _x_ is an integer prop passed to the component. Those _x_ (e.g. 5) list items are displayed in an unordered list in random order.

### Submission Requirements
The PR must include a `RandomList.vue` component that implements the challenge description.

### Submission Deadline
The deadline for submissions is November 11, 2019.

### Judging Criteria
The prize will be awarded to the first valid submission.

### Winner Announcement Date
The submission will be reviewed by November 18. Winner announcements and prize payouts will occur before November 31, 2019.",ethereum-org-website,0,0.0,{},ETH,['https://github.com/antodp/ethereum-org-website/commit/d6ef33d31229fb813e38647578d20ab88c5b020a'],1,8.279189777195004,8.278682162970906,8.278682162970906,5.971261839790462,2018-01-06T05:54:37Z,5.209486152841421,Others,13.062734384784614,6.669498089857879,6.55250788703459,4.3694478524670215,30.0,0.0,2019-10-28T20:53:45Z,0,1.0,6.182084906716632,6.931471805599453,5.288267030694535,3.7612001156935624,8.73294952429643,5966,2.51e+17,2.8903717578961645,0.6931471805599453,0,0,1,0,1,0,0,0,0,0,0,0,0,0,0,0,0,1,0,0
265,330,2243,2019-11-11T10:55:27,0,Hours,Intermediate,https://github.com/ethereum/ethereum-org-website/issues/351,vs77bb,https://gitcoin.co/issue/17296,Ethereum,92.59,ethereum,"### Prize Bounty
0.5 ETH

### Challenge Description
As we ramp up contributors on ethereum.org, it's important we establish consistent formatting rules. Please integrate ESLint & Prettier into this project. [This article](https://alligator.io/vuejs/vue-eslint-prettier/) might help.

### Submission Requirements
- Running `yarn lint` should run a lint check on all files
- Running `eslint --fix` should autoformat files with Prettier
- All files conform to the linting rules

### Submission Deadline
The deadline for submissions is November 11, 2019.

### Judging Criteria
The prize will be awarded to the first valid submission.

### Winner Announcement Date
The submission will be reviewed by November 18. Winner announcements and prize payouts will occur before November 31, 2019.",ethereum-org-website,0,0.0,{},ETH,['https://github.com/ethereum/ethereum-org-website/pull/353'],1,8.279189777195004,8.278682162970906,8.278682162970906,5.971261839790462,2018-01-06T05:54:37Z,5.209486152841421,Others,13.062734384784614,6.486160788944089,3.1354942159291497,1.791759469228055,6.0,7.0,2019-10-28T09:54:11Z,2019-11-10T20:22:33Z,1.0,7.229113877793302,6.687108607866515,5.2832037287379885,3.7376696182833684,8.73294952429643,5966,5.02e+17,2.8903717578961645,0.6931471805599453,0,0,1,0,1,0,0,0,0,0,0,0,0,0,0,0,0,1,0,0
266,331,2245,2019-11-11T12:35:04,0,Hours,Intermediate,https://github.com/ethereum/ethereum-org-website/issues/272,vs77bb,https://gitcoin.co/issue/17302,"Ethereum,Design",230.55,ethereum,"### Prize Bounty
1.25 ETH

### Challenge Description

We're having the same issue as https://github.com/reactjs/reactjs.org/issues/1608, which currently creates a bunch of manual effort to search & replace links referencing header anchors for every translation.

As explained [here](https://github.com/reactjs/reactjs.org/issues/1605#issuecomment-458816106), we should stop auto-generating anchor links from the heading text (e.g. `#_2-what-is-eth-and-how-do-i-get-it`, `#_2-qu-est-ce-que-l-eth-et-comment-puis-je-en-obtenir`, `#_2-ethとは？どうやって手に入れるの？`). Auto-generating does more harm than good because: 1) translating one heading means having to search in the entire docs and change multiple files simultaneously, 2) URL encoded CJK anchor names are ugly and unreadable & 3) anchors are part of URLs and thus should not be translated anyway, just as file names should not be translated.

Update the application to support consistent anchor links across languages.

#### Possible Solutions
1. Add support for custom ID markdown syntax (like https://github.com/reactjs/reactjs.org/pull/1636)
2. Use [link anchors in markdown](https://gist.github.com/asabaylus/3071099) & add styling to keep UI the same

### Submission Requirements
- All anchor links of all languages are the English version (e.g. the German link for the ""What is ETH, and how do I get it?"" section should be https://ethereum.org/de/use/#_2-what-is-eth-and-how-do-i-get-it, not what it is currently: https://ethereum.org/de/use/#_2-was-ist-eth-und-wie-bekomme-ich-es)
- The solution is flexible enough to automatically support future translations & header links

### Submission Deadline
The deadline for submissions is November 11, 2019.

### Judging Criteria
The prize will be awarded to the first valid submission.

### Winner Announcement Date
The submission will be reviewed by November 18. Winner announcements and prize payouts will occur before November 31, 2019.",ethereum-org-website,0,0.0,{},ETH,['https://github.com/ethereum/ethereum-org-website/pull/369'],1,8.279189777195004,8.278682162970906,8.278682162970906,5.971261839790462,2018-01-06T05:54:37Z,5.209486152841421,Others,13.062734384784614,6.742880635791903,6.421622267806518,4.02535169073515,15.0,8.0,2019-10-30T18:55:00Z,2019-11-06T04:07:39Z,1.0,5.940171252720432,7.5822291942764615,5.272999558563747,3.7376696182833684,8.73294952429643,5966,1.25e+18,2.8903717578961645,0.6931471805599453,0,0,1,0,1,0,0,0,0,0,0,0,0,0,0,0,0,1,0,0
267,332,2247,2019-11-11T12:48:22,Feature,Hours,Intermediate,https://github.com/ethereum/ethereum-org-website/issues/49,vs77bb,https://gitcoin.co/issue/17303,Ethereum,92.59,ethereum,"### Prize Bounty
0.5 ETH

### Challenge Description
Ethereum.org will be regularly updated with new content. We should add a ""Last updated"" copy to more clearly communicate to users that the site is always evolving.

1. Add a ""Site last updated: "" to the footer (`Footer.vue`)

example:


2. Add a ""Page last updated:"" under the header of every page 

example:


This might be a useful option: https://vuepress.vuejs.org/plugin/official/plugin-last-updated.html

### Submission Requirements
- The timestamps must be dynamically auto-generated from [the config](https://vuepress.vuejs.org/theme/default-theme-config.html#last-updated)
- The additions must consider mobile & desktop layouts

### Submission Deadline
The deadline for submissions is November 11, 2019.

### Judging Criteria
The prize will be awarded to the first valid submission.

### Winner Announcement Date
The submission will be reviewed by November 18. Winner announcements and prize payouts will occur before November 31, 2019.",ethereum-org-website,0,0.0,{},ETH,['https://github.com/ethereum/ethereum-org-website/pull/356'],1,8.279189777195004,8.278682162970906,8.278682162970906,5.971261839790462,2018-01-06T05:54:37Z,5.209486152841421,Others,13.062734384784614,4.189654742026425,2.4849066497880004,1.791759469228055,2.0,2.0,2019-10-28T21:37:09Z,2019-11-04T17:43:08Z,1.0,6.270988431858299,6.934397209928558,5.262690188904886,3.7376696182833684,8.73294952429643,5966,5.02e+17,2.8903717578961645,0.6931471805599453,0,0,1,0,1,0,0,0,0,0,0,1,0,0,0,0,0,1,0,0
268,333,2253,2019-11-15T03:36:14,0,Hours,Intermediate,https://github.com/gitcoinco/web/issues/5379,owocki,https://gitcoin.co/issue/17396,"JavaScript,Python",71.94,gitcoinco,"**Describe the bug**

1) When I create a quest, don't allow negative numbers to be inputed, doing this prevents the user  from receiving negative points( this has happened to me 😂 ) or not having enough time:
![image](https://user-images.githubusercontent.com/50027175/67520361-fb25ae00-f6a8-11e9-971c-06ca205edad1.png)
2) When creating a new question, the question above gets copied with its answers to the new question:
![image](https://user-images.githubusercontent.com/50027175/67520436-1bee0380-f6a9-11e9-9793-ff8dabd12377.png)
3)The same happens when I copy answers, the previous answer gets copied below, I would like to have the field empty when adding new answers:

![image](https://user-images.githubusercontent.com/50027175/67520749-bf3f1880-f6a9-11e9-866c-c8ba5f244184.png)

4-Limit a maximum amount of answers that a quest creator can put, I was able to put more than 15 answers in a question, IMO it's not very good to have that much of answers available


**To Reproduce**

Recreate what I have explained above when creating a new quest

**Expected behavior**


**Screenshots**



**Desktop (please complete the following information):**

- OS:
- Browser:
- Browser Version:

**Smartphone (please complete the following information):**

- Device: 
- OS: 
- Browser:
- Version:

**Additional context**",web,0,0.0,{},ETH,['https://github.com/gitcoinco/web/pull/5433'],1,6.728628613084702,7.396948602621014,7.396948602621014,6.444131256700441,2017-07-10T10:53:45Z,4.532599493153256,JavaScript,13.991201849715411,3.4965075614664802,2.8903717578961645,1.0986122886681098,5.0,10.0,2019-10-30T22:53:09Z,2019-11-13T14:40:14Z,1.0,7.053585727193677,7.210079628170788,7.048386408721883,4.927253685157205,11.673274040953775,117281,4e+17,2.4849066497880004,0.6931471805599453,0,0,1,0,1,0,0,0,0,0,0,0,0,0,0,0,1,0,0,0
269,342,2267,2019-10-24T01:46:13,Other,Hours,Beginner,https://github.com/dapps-dev-club/dapps-dev-club-website/issues/6,bguiz,https://gitcoin.co/issue/16984,JavaScript,1.61,dapps-dev-club,this is not a real issue/ bounty,dapps-dev-club-website,0,0.0,{},ETH,['https://github.com/dapps-dev-club/dapps-dev-club-website/pull/7'],1,1.0986122886681098,0.6931471805599453,0.6931471805599453,3.58351893845611,2019-01-03T06:41:00Z,1.0986122886681098,JavaScript,10.30108848558749,1.3862943611198906,0.6931471805599453,0.6931471805599453,1.0,0.0,2019-10-24T01:38:39Z,0,1.0,7.267525427828172,3.4965075614664802,0.0,0.0,2.70805020110221,4,1e+16,3.4339872044851463,0.6931471805599453,0,1,0,0,1,0,0,0,0,0,0,0,0,1,0,0,1,0,0,0
270,343,2271,2019-12-03T22:48:17,0,Hours,Intermediate,https://github.com/gitcoinco/web/issues/5281,frankchen07,https://gitcoin.co/issue/17703,"JavaScript,Discord,API",69.42,gitcoinco,"### User Story
As a hackathon hacker I want to have a Discord team channel created for me automatically when I ""Start Work"" on a prize.

### Why Is this Needed
Hackathon participants often need a real-time communication channel for coordinating with potential and active teammates, and need a place to ask sponsors project-specific details. 

The Gitcoin team currently uses Discord to provide these communication channels for hackers. However, all channels must be manually created by Gitcoin administrators, since there's no link between ""Start Work"" instances and the Discord server.

### Description

*Type*: Feature

### Current Behavior
Discord servers are manually created by Gitcoin administrators. Administrators periodically check hackathon prize pages for new ""Start Work"" instances, then create a Discord team channel for the user who started work for every new instance. They invite this user to their team channel according to the Discord username they provide in the ""Start Work"" work plan form (a field recently added by @owocki).

Gitcoin administrators make the Discord team channel public by default. This allows hackers to invite collaborators easily. But some hackers prefer private channels; in these cases an administrator will simply convert the public channel to a private channel, allowing Gitcoin administrators/ambassadors and sponsors to see messages but will block other hackers from seeing them.

### Expected Behavior
When a user clicks ""Start Work"" on a hackathon prize bounty a public Discord channel should be automatically created and the user that started work should be invited to/tagged in the channel.

Ideally, the ""Work Plan"" should be automatically pasted to the channel as a message or channel description, so that other hackathon participants/sponsors/administrators can see the project summary/approach within Discord and decide whether to get involved.

### Definition of Done
Discord team channels are automatically created when someone hits ""Start Work"".

Should provide permissions and simple documentation to help Gitcoin administrators use and enable/disable/configure the tool.

### Data Requirements

### Additional Information",web,0,0.0,{},ETH,['https://github.com/Solexplorer/Hackathoner'],1,6.728628613084702,7.396948602621014,7.396948602621014,6.444131256700441,2017-07-10T10:53:45Z,4.532599493153256,JavaScript,13.991201849715411,4.948759890378168,0.6931471805599453,1.791759469228055,3.0,0.0,2019-11-25T15:26:18Z,0,1.0,6.906754778648554,7.701200180857446,7.0431599159883405,4.927253685157205,4.394449154672439,55,4e+17,2.9444389791664403,0.6931471805599453,0,0,1,0,1,0,0,0,0,0,0,0,0,0,0,0,1,0,0,0
271,345,2278,2019-11-12T07:05:02,Feature,Hours,Beginner,https://github.com/notadamking/tensortrade/issues/56,notadamking,https://gitcoin.co/issue/17337,"Python,TensorTrade,ta,trading",42.66,notadamking,"**Funding:**
0.25 ETH (~$50 USD)

**Description:**
Replace `TALibIndicator` component in `/tensortrade/features/indicators` with a component called `TaIndicator`, that uses the [bukosabino/ta](https://github.com/bukosabino/ta) package rather than TA-lib.

**Requirements:**
* Replace the `TALibIndicator` with a `TAIndicator`.
* Remove the `SimpleMovingAverage` indicator, and replace its usage in all examples with the corresponding `TAIndicator` feature.
* Create the necessary parameters and `kwargs` to use all indicators in the `bukosabino/ta` package within a feature pipeline.

[bukosabino/ta GitHub](https://github.com/bukosabino/ta)
[TensorTrade tutorial article](https://towardsdatascience.com/trade-smarter-w-reinforcement-learning-a5e91163f315?source=friends_link&sk=ea3afd0a305141eb9147be4718826dfb)",tensortrade,0,0.0,{},ETH,['https://github.com/notadamking/tensortrade/pull/89'],1,6.895682697747868,8.326274787396764,8.326274787396764,3.9889840465642745,2019-07-30T21:28:32Z,5.484796933490655,Others,11.065669142800257,4.955827057601261,0.0,1.0986122886681098,4.0,0.0,2019-11-04T17:29:05Z,2019-11-05T16:47:37Z,1.0,6.437751649736401,6.715383386334681,2.1972245773362196,2.5649493574615367,0.0,0,2.5e+17,2.1972245773362196,0.6931471805599453,0,1,0,0,1,0,0,0,0,0,0,1,0,0,0,0,0,1,0,0
272,346,2285,2019-10-18T00:23:58,Improvement,Hours,Beginner,https://github.com/notadamking/tensortrade/issues/42,notadamking,https://gitcoin.co/issue/16916,"Python,TensorTrade,Tensorforce",134.98,notadamking,"**Funding:**
0.25 ETH (~$50)

**Description:**
Update all TensorTrade components, documentation, and examples to support the latest version of Tensorforce (0.5.2 as of writing this).

**Requirements:**
* Must update each component using `tensorforce` to be compatible with v0.5.2
* Update all of the documentation to use the updated components
* Update all of the examples to use the updated components",tensortrade,0,0.0,{},ETH,['https://github.com/notadamking/tensortrade/pull/45'],1,6.895682697747868,8.326274787396764,8.326274787396764,3.9889840465642745,2019-07-30T21:28:32Z,5.484796933490655,Others,11.065669142800257,5.1298987149230735,5.293304824724492,2.0794415416798357,11.0,0.0,2019-10-17T22:54:46Z,2019-10-18T00:21:26Z,1.0,7.208600337960199,6.021023349349527,1.791759469228055,2.0794415416798357,0.0,0,7.5e+17,3.4011973816621555,0.6931471805599453,0,1,0,0,1,0,0,0,0,0,0,0,1,0,0,0,0,1,0,0
273,347,2286,2019-11-02T18:06:28,Feature,Hours,Intermediate,https://github.com/notadamking/tensortrade/issues/41,notadamking,https://gitcoin.co/issue/17141,"Python,Tensortrade",359.96,notadamking,"**Funding:** 
2 ETH (~$400 USD)

**Description:**
Create a simple way to manage framework-wide context such as API keys, component defaults, etc. in a single file or dictionary.

**Requirements:**
* Must be able to set context framework-wide via `tensortrade.set_context(context)`.
* The `context` argument can either be a `dict` or a json/yaml file (whichever is easier) of context variables/objects.
* Each component should be able to inject the context into `self.context` by adding a class decorator called `tensortrade.component`.
* All existing components should have the `tensortrade.component` decorator added.
* Unit tests should be created to confirm correct behavior.

[TensorTrade tutorial article](https://towardsdatascience.com/trade-smarter-w-reinforcement-learning-a5e91163f315?source=friends_link&sk=ea3afd0a305141eb9147be4718826dfb)",tensortrade,0,0.0,{},ETH,['https://github.com/notadamking/tensortrade/pull/84'],2,6.895682697747868,8.326274787396764,8.326274787396764,3.9889840465642745,2019-07-30T21:28:32Z,5.484796933490655,Others,11.065669142800257,7.491645473605133,5.365976015021851,4.330733340286331,12.0,0.0,2019-10-31T20:43:29Z,2019-11-02T06:20:19Z,1.0,5.062595033026967,6.761572768804055,1.6094379124341003,1.6094379124341003,0.0,0,2e+18,2.6390573296152584,1.0986122886681098,0,0,1,0,1,0,0,0,0,0,0,1,0,0,0,0,0,1,0,0
274,348,2289,2019-10-17T16:05:54,Other,Hours,Beginner,https://github.com/notadamking/tensortrade/issues/32,notadamking,https://gitcoin.co/issue/16909,"Python,Makefile,Docker,Dockerfile,Pytest,Sphinx,Readthedocs",27.49,notadamking,"**Funding amount:**
0.15 ETH (~$40)

**Description:**
Create the necessary Docker infrastructure for running the full tutorial, running and updating the documentation locally, and running and updating tests locally.

**Requirements:**
* Create a Dockerfile in `/Dockerfile`, which creates the necessary environment to run TensorTrade with all of its features and components. (E.g. Tensorflow, Tensorforce, etc.).
* Add entry to `/Makefile` for running the tutorial Jupyter notebook using Docker.
* Add entry to `/Makefile` for running the documentation locally using Docker.
* Add entry to `/Makefile` for running the tests locally using Pytest and Docker.
* Document how to run the full tutorial, run and update documentation locally, and run and update tests locally using Docker in the `/README.md`.
* Document how to run the full tutorial, run and update documentation locally, and run and update tests locally using Docker in the `/docs` documentation.",tensortrade,0,0.0,{},ETH,['https://github.com/notadamking/tensortrade/pull/43'],1,6.895682697747868,8.326274787396764,8.326274787396764,3.9889840465642745,2019-07-30T21:28:32Z,5.484796933490655,Others,11.065669142800257,4.59511985013459,2.1972245773362196,2.0794415416798357,8.0,7.0,2019-10-16T16:39:29Z,2019-10-17T16:02:23Z,1.0,3.5263605246161616,6.877296071497429,0.6931471805599453,1.0986122886681098,0.0,0,1.5e+17,3.295836866004329,0.6931471805599453,0,1,0,0,1,0,0,0,0,0,0,0,0,1,0,0,0,1,0,0
275,349,2290,2019-11-06T01:05:01,Documentation,Hours,Beginner,https://github.com/notadamking/tensortrade/issues/30,notadamking,https://gitcoin.co/issue/17184,"Python,ML,DL,Tensorflow,Pandas,Keras",367.88,notadamking,"**Funding amount**:
2 ETH (~$400)

**Description**:
Document each component described in the article, as well as each existing feature in the codebase (Each file in the `/tensortrade` directory).

* Write a complete description of each component and file in the `/tensortrade` directory.
* Include example usage of each use case and its possible solutions.
* Briefly define and explain any variables or parameters.
* Documentation must be publishable via Readthedocs.org using the Sphinx framework.
* Documentation should be brief, yet complete. It should be simple and easy to read.

_Use the [TensorTrade tutorial article](https://towardsdatascience.com/trade-smarter-w-reinforcement-learning-a5e91163f315?source=friends_link&sk=ea3afd0a305141eb9147be4718826dfb) as a reference for describing components and defining their usage._",tensortrade,0,0.0,{},ETH,['https://github.com/notadamking/tensortrade/pull/87'],2,6.895682697747868,8.326274787396764,8.326274787396764,3.9889840465642745,2019-07-30T21:28:32Z,5.484796933490655,Others,11.065669142800257,2.5649493574615367,2.995732273553991,2.0794415416798357,8.0,1.0,2019-11-02T07:26:27Z,0,1.0,5.945420608606575,6.739336627357174,0.0,0.0,0.0,0,2e+18,1.9459101490553132,1.0986122886681098,0,1,0,0,1,0,0,0,0,0,1,0,0,0,0,0,0,1,0,0
276,351,2310,2019-10-14T20:28:45,0,Hours,Intermediate,https://github.com/gitcoinco/web/issues/5271,owocki,https://gitcoin.co/issue/16866,"email,design",89.72,gitcoinco,"**Describe the bug**
The email template for 'New Funded Issues' email shows an extra margin on header in mobile displays.

In [template.html](https://github.com/gitcoinco/web/blob/1e1238c24d9dbdabcc16975e30a379c1710f9a75/app/retail/templates/emails/template.html), the `#header` `div` has a css with `height:300px` which causes the header to have an extra height on mobile displays. This looks a little awkward. But it looks good on larger displays.

This is seen both on the Gmail app and in browser.

But the previous emails looked good. This was found with the new design with the purple color.

**To Reproduce**
Receive e-mail, read e-mail

**Expected behavior**
Good layout for the email

**Screenshots**
On Gmail App:

![photo4929495259277273136](https://user-images.githubusercontent.com/36922376/65715231-52405f00-e0ba-11e9-8292-7b43c1fe28cc.jpg)

On Gmail in browser:

![FireShot Capture 001 - ⚡️ 4 New Open Funded Issues worth $64 89 matching your profile - seba_ - mail google com](https://user-images.githubusercontent.com/36922376/65715240-59676d00-e0ba-11e9-8ae9-a066f10bda5a.png)



**Desktop (please complete the following information):**

- OS: macOS
- Browser: Chrome

**Smartphone (please complete the following information):**

- OS: Android
- Browser: Chrome for Android",web,0,0.0,{},ETH,['https://github.com/gitcoinco/web/pull/5309'],1,6.728628613084702,7.396948602621014,7.396948602621014,6.444131256700441,2017-07-10T10:53:45Z,4.532599493153256,JavaScript,13.991201849715411,0.6931471805599453,1.0986122886681098,0.6931471805599453,1.0,1.0,2019-10-10T09:59:22Z,2019-10-14T20:21:16Z,1.0,6.698268054115413,7.189922170745808,7.033506484287697,4.919980925828125,11.673274040953775,117281,5e+17,2.833213344056216,0.6931471805599453,0,0,1,0,1,0,0,0,0,0,0,0,0,0,0,0,1,0,0,0
277,352,2318,2019-09-30T09:54:12,0,Hours,Intermediate,https://github.com/b-mueller/sabre/issues/96,b-mueller,https://gitcoin.co/issue/16616,"JavaScript,MythX",201.73,b-mueller,"Sabre currently only supports a single use-case: Launch an analysis and retrieve the report. The Python [MythX CLI](https://github.com/dmuhs/mythx-cli) command interface allows more comprehensive access to the functionality of MythX. Refactor Sabre to largely implement the same commands as MythX CLI.

## Definition of Done:

Change Sabre command line syntax from:

- `sabre  [contract_name]` 

To:

-  `analyze   [contract_name]` : Analyse the smart contract, same behaviour as calling Sabre without any command.
-  `list`: Get a list of submitted analyses.
-  `report `   Fetch the report for a single or multiple job UUIDs.
-  `status  `   Get the status of an already submitted analysis.
-  `version`  Display API version information.

See also:

https://mythx-cli.readthedocs.io/en/latest/usage.html#the-analysis-functionality
https://docs.mythx.io/en/latest/building-security-tools/index.html
https://api.mythx.io/v1/openapi",sabre,0,0.0,{},ETH,['https://github.com/b-mueller/sabre/pull/97'],1,2.995732273553991,4.0943445622221,4.0943445622221,0.6931471805599453,2018-10-24T04:31:07Z,1.9459101490553132,JavaScript,6.62273632394984,5.3706380281276624,2.995732273553991,2.0794415416798357,8.0,0.0,2019-09-29T22:47:28Z,2019-09-30T09:47:24Z,1.0,6.651571873589727,6.858565034791365,2.995732273553991,1.3862943611198906,3.5553480614894135,30,1.2e+18,11.488345845995838,0.6931471805599453,0,0,1,0,1,0,0,0,0,0,0,0,0,0,0,0,1,0,0,0
278,353,2319,2019-10-03T10:26:32,0,Hours,Intermediate,https://github.com/b-mueller/sabre/issues/95,b-mueller,https://gitcoin.co/issue/16673,"JavaScript,MythX",50.81,b-mueller,"Currently Sabre only supports `MYTHX_ETH_ADDRESS` + `MYTHX_PASSWORD` for authentication. Add support for `MYTHX_ACCESS_TOKEN` and update the documentation to make usage of `MYTHX_ACCESS_TOKEN`  the default option.

## Background

We now recommend using the lower-privileged `MYTHX_ACCESS_TOKEN` with external tools instead of exposing username and password. The tokens are generated on the MythX dashboard and allow access to analysis functionality only.

## Definition of Done

- Sabre is capable of reading `MYTHX_ACCESS_TOKEN` from the environment or from the `--access-token` command line argument and authenticate using the token.
- README is updated with the recommendation of setting the  `MYTHX_ACCESS_TOKEN` environment variable instead of `MYTHX_ETH_ADDRESS` + `MYTHX_PASSWORD`.

The behaviour should be identical to MythX-CLI:

https://mythx-cli.readthedocs.io/en/latest/usage.html#authentication",sabre,0,0.0,{},ETH,['https://github.com/b-mueller/sabre/pull/98'],1,2.995732273553991,4.0943445622221,4.0943445622221,0.6931471805599453,2018-10-24T04:31:07Z,1.9459101490553132,JavaScript,6.62273632394984,3.4965075614664802,2.3978952727983707,1.791759469228055,1.0,0.0,2019-10-02T16:41:00Z,2019-10-03T09:22:35Z,1.0,5.926926025970411,6.825460036255307,2.9444389791664403,1.3862943611198906,3.5553480614894135,30,3e+17,11.48831509899751,0.6931471805599453,0,0,1,0,1,0,0,0,0,0,0,0,0,0,0,0,1,0,0,0
279,354,2320,2019-10-06T00:54:47,Feature,Hours,Beginner,https://github.com/mainnebula/space_tasks/issues/3,mainnebula,https://gitcoin.co/issue/16737,"python,backend",52.07,mainnebula,"# Description
I want a username generator written in python that when called, prints a unique outer-space themed username. 

The python module should source username keywords using [this .txt file](https://github.com/mainnebula/SPACE_TASKS/blob/master/Space%20keyword%20for%20usernames.txt) and combine two of them to create a unique name. 

This username generator is for the 'create-profile' page of our React-based web app. 

## Requirements
The module must be written in python. 

## Definition of Done
The module code should be posted to the linked Github issue.

Example Username outputs: 

1. DarkPhobos
2. LightspeedHati
3. OrbitalAtlas",space_tasks,0,0.0,{},ETH,['https://github.com/mainnebula/SPACE_TASKS/pull/4'],1,1.3862943611198906,0.6931471805599453,0.6931471805599453,1.9459101490553132,2019-09-24T21:15:36Z,0.6931471805599453,Others,7.841099765422119,6.674561391814426,0.0,1.6094379124341003,12.0,5.0,2019-09-30T13:07:31Z,0,1.0,6.597145701886651,6.495265555937008,1.6094379124341003,0.6931471805599453,0.0,0,3e+17,2.302585092994046,0.6931471805599453,0,1,0,0,1,0,0,0,0,0,0,1,0,0,0,0,0,1,0,0
280,356,2323,2019-10-18T14:51:10,Feature,Hours,Intermediate,https://github.com/mainnebula/space_tasks/issues/2,mainnebula,https://gitcoin.co/issue/16919,"python,sql,satellites,space,backend",260.37,mainnebula,"**Description**

I want a script that creates a “**Category**” list for a satellite object, by examining all the TLE file links available at: https://celestrak.com/NORAD/elements/

The category short name is described by the filename of the link. The category description should correspond to the LINK text. 

For example, the object with the NORAD **Catalog Number 25544** would have category labels:

- **stations** 

(https://celestrak.com/NORAD/elements/stations.txt)

- **visual**

(https://celestrak.com/NORAD/elements/visual.txt)

**Requirements**

- The module must be written in Python 3.x.

- The script should initialize a SQL table containing NORAD Object Number / Category pairs for each association.

- The script should update these associations on subsequent calls.

- The association should support nested categories

For example, the category “Scientific Satellites” includes the satellites in the files 

-https://celestrak.com/NORAD/elements/science.txt

-https://celestrak.com/NORAD/elements/geodetic.txt

-https://celestrak.com/NORAD/elements/engineering.txt

-https://celestrak.com/NORAD/elements/education.txt

The script should work with these URL contents in-memory, and not require file storage or file operations.",space_tasks,0,0.0,{},ETH,['https://github.com/mainnebula/SPACE_TASKS/pull/4'],1,1.3862943611198906,0.6931471805599453,0.6931471805599453,1.9459101490553132,2019-09-24T21:15:36Z,0.6931471805599453,Others,7.841099765422119,6.674561391814426,0.0,1.6094379124341003,12.0,5.0,2019-09-30T13:07:31Z,0,1.0,7.198183577101943,7.15305163493748,0.6931471805599453,0.0,0.0,0,1.5e+18,0.0,0.6931471805599453,0,0,1,0,1,0,0,0,0,0,0,1,0,0,0,0,0,1,0,0
281,358,2367,2019-09-19T09:34:15,0,Hours,Intermediate,https://github.com/nateberkopec/speedshop/issues/1,nateberkopec,https://gitcoin.co/issue/16421,"HTML,CSS,Ruby,jekyll",20.15,nateberkopec,0,speedshop,0,0.0,{},ETH,['https://github.com/nateberkopec/speedshop/pull/5'],1,1.791759469228055,1.791759469228055,1.791759469228055,1.791759469228055,2016-10-11T01:42:14Z,1.0986122886681098,Others,10.899605584269837,0.6931471805599453,0.6931471805599453,0.6931471805599453,1.0,0.0,2019-09-18T19:58:17Z,2019-09-19T09:32:11Z,1.0,6.437751649736401,1.3862943611198906,1.0986122886681098,0.0,0.0,0,9.4e+16,11.48845857690216,0.6931471805599453,0,0,1,0,1,0,0,0,0,0,0,0,0,0,0,0,0,1,0,0
282,360,2372,2019-10-03T10:23:12,Documentation,Hours,Intermediate,https://github.com/kauri-io/content/issues/52,ChrisChinchilla,https://gitcoin.co/issue/16672,"cloud,hosting,blog,tutorial,dapp",249.88,kauri-io,"We have an existing tutorial collection that takes new web3 developers from beginning steps to a functioning full stack web3 dapp.

https://kauri.io/collection/5b8e401ee727370001c942e3

We want to add a new tutorial to this collection to show the steps to deploy application side of the dapp to Google cloud. Where the smart contract is deployed is up to you, maybe a test net, maybe Infura, but they front end and smart contract should connect with minimum issues.

Ideally the deployment process is maintainable as code changes, the app should also update.

The article should follow on from earlier parts of the series, use simple technical english and as little passive voice as possible. If you make a PR to this repo it offers advice on your text via a CI process.",content,0,0.0,{},ETH,['https://github.com/kauri-io/Content/pull/86'],1,3.1780538303479458,2.4849066497880004,2.4849066497880004,1.791759469228055,2018-11-22T13:39:57Z,2.1972245773362196,Others,9.271341393533582,5.0106352940962555,0.0,0.6931471805599453,4.0,8.0,2019-09-24T08:20:00Z,2019-10-02T09:02:42Z,1.0,7.183111701743281,6.658011045870748,3.1354942159291497,1.3862943611198906,0.0,0,1.262e+18,4.330733340286331,0.6931471805599453,0,0,1,0,1,0,0,0,0,0,1,0,0,0,0,0,0,1,0,0
283,361,2383,2019-09-12T18:17:45,Feature,Hours,Beginner,https://github.com/gitcoinco/web/issues/5186,oktopustester,https://gitcoin.co/issue/16330,"JavaScript,Python",18.06,gitcoinco,"### User Story

DESIGN - Gitcoin Grants live CLR calculations

### Why Is this Needed

Funders want to know....If I donate to this grant - how much potential scale/match so i know their contribution is counted some how.

### Description





### Current Behavior

paint-drawn mockups

### Expected Behavior

beautiful designs

### Definition of Done
- [ ] one design on the grants page (in the mockup)
- [ ] one design on the fund grant page (in the mockup)",web,0,0.0,{},ETH,['https://github.com/gitcoinco/web/pull/5006'],1,6.728628613084702,7.396948602621014,7.396948602621014,6.444131256700441,2017-07-10T10:53:45Z,4.532599493153256,JavaScript,13.991201849715411,9.07371849443322,8.134760782418645,2.1972245773362196,1.0,3.0,2019-08-13T05:50:59Z,0,1.0,6.542471960506805,6.1779441140506,7.02197642307216,4.919980925828125,1.3862943611198906,2,1e+17,3.4339872044851463,0.6931471805599453,0,1,0,0,1,0,0,0,0,0,0,1,0,0,0,0,1,0,0,0
284,362,2384,2020-02-03T12:55:11,Security,Days,Advanced,https://github.com/gitcoinco/web/issues/5183,danlipert,https://gitcoin.co/issue/18951,"Python,JavaScript",268.39,gitcoinco,"This bounty is to find and fix issues related to XSS and use of GET parameters instead of POST, bypassing CSRF",web,0,0.0,{},ETH,['https://github.com/gitcoinco/web/pull/5207'],1,6.728628613084702,7.396948602621014,7.396948602621014,6.444131256700441,2017-07-10T10:53:45Z,4.532599493153256,JavaScript,13.991201849715411,4.174387269895637,3.58351893845611,2.1972245773362196,4.0,9.0,2019-09-17T16:34:25Z,0,1.0,5.393627546352362,4.709530201312334,7.02108396428914,4.919980925828125,9.286838342948908,10767,1.5e+18,2.1972245773362196,0.6931471805599453,1,0,0,1,0,0,0,0,0,0,0,0,0,0,0,1,1,0,0,0
285,363,2387,2019-10-09T09:10:30,0,Hours,Intermediate,https://github.com/status-im/status-react/issues/8936,StatusSceptre,https://gitcoin.co/issue/16791,"Clojure,reactnative",89.22,status-im,"# Problem

There is a Status icon shown for a stickerpack which was bought with SNT. It is not shown for free stickerpack.

![image](https://user-images.githubusercontent.com/28752642/64429689-39e2b300-d0bf-11e9-874d-293d9b37fb86.png)


Align the icons with statuses using figma:

![image](https://user-images.githubusercontent.com/28752642/64438000-f80e3880-d0cf-11e9-897f-56ed48dc3d5a.png)


## Steps

1. recover `husband rough hotel obey annual you member reopen struggle air evoke taxi`
2. join public chat -> tap Stickers icon

## Build

nightly 6 Sep 2019, device - Samsung S10 Android 9",status-react,0,0.0,{},ETH,['https://github.com/status-im/status-react/pull/8985'],1,6.84587987526405,8.201385955238608,8.201385955238608,6.19644412779452,2016-02-22T21:48:48Z,5.225746673713202,Others,12.436493651814613,3.5553480614894135,2.4849066497880004,2.3978952727983707,1.0,29.0,2019-09-13T05:54:26Z,2019-10-09T06:25:45Z,1.0,7.126087273299125,6.418364935936212,5.153291594497779,4.454347296253507,4.356708826689592,67,4.97e+17,0.6931471805599453,0.6931471805599453,0,0,1,0,1,0,0,0,0,0,0,0,0,0,0,0,0,1,0,0
286,364,2421,2019-09-16T17:59:19,0,Hours,Intermediate,https://github.com/skalenetwork/hackathon/issues/4,xinyunat,https://gitcoin.co/issue/16372,"blockchain,layer2,interchain,tokens,defi,games,sidechain,erc20,erc721,dai,ethereum",511.23,skalenetwork,"# Use SKALE’s ERC20, ERC721, ETH, Dai bridge   500 Dai

## Bounty description:

500 Dai to the best dApp that uses SKALE token bridge (interchain messaging agent) in their dApp 
SKALE is full Solidity, and it takes just a couple lines of code to deploy your smart contracts to highly performant decentralized Ethereum-compatible environment 


## What is SKALE:

SKALE is an Ethereum-compatible network of elastic blockchains. Each chain can have on-chain storage, runs EVM, and can process over 2,000 transactions per second with sub-second blocktimes. 

SKALE is fully interoperable across the entire Ethereum ecosystem, supports your favorite developer tools (Web3.js, Web3.py, Truffle, ...), all key wallets (Portis, Bitsky, Metamask), as well as all major token standards and stablecoins. 


## Challenge Description:
Build a cool dApp, use SKALE’s Decentralized Stack - win this bounty


## Submission Requirements
Your dApps must be deployed to SKALE and use one or more features of SKALE's decentralized stack:
* Smart contract scaling
* FileStorage
* Interchain transfer ( supports: ETH, Dai, ERC20, ERC721)

## To get started with SKALE
1. Get your SKALE chain here: [skalelabs.com/etherealblocks](skalelabs.com/etherealblocks ) 
2. Build anything you like
3. Deploy 
Enjoy instant finality while staying fully decentralized 




## Submission Deadline
11:59pm EST (New York) on September 11th 


## Judging Criteria
All dApps must use one or more features of SKALE's decentralized stack and will be judged based on the quality of ideas and UX. 

## Winner Announcement Date
September 15th

*Apply to bounty [here for Devcon 5 scholarship](https://gitcoin.co/issue/skalenetwork/hackathon/1/3384), or [here for one of the four 500 DAI rewards](https://gitcoin.co/hackathon/ethereal-blocks/). Winners will be announced on September 15.

Feel free to [join us on Discord](http://skale.chat) and visit our [Developer Documentation](https://developers.skalelabs.com/). 
For a deeper dive into SKALE’s technology, check out our [Technical Overview](https://skalelabs.com/blog/the-skale-tech-stack/) and [Consensus Overview](https://skalelabs.com/blog/skale-consensus/).",hackathon,0,0.0,{},ETH,"['https://github.com/komodo-finance/komodo-gitcoin-blocks-submission', 'https://github.com/djrosenbaum/zelda-shop']",2,1.791759469228055,2.3978952727983707,2.3978952727983707,0.0,2019-02-12T20:22:20Z,1.791759469228055,Unknown,1.791759469228055,9.712448105122451,4.30406509320417,3.5263605246161616,15.0,0.0,2019-09-11T13:49:12Z,0,1.0,7.081708586105575,7.7057128238944275,2.0794415416798357,1.791759469228055,0.0,0,2.931e+18,2.9444389791664403,1.0986122886681098,0,0,1,0,1,0,0,0,0,0,0,0,0,0,0,0,0,0,0,1
287,365,2423,2019-09-16T18:01:28,0,Days,Intermediate,https://github.com/skalenetwork/hackathon/issues/3,xinyunat,https://gitcoin.co/issue/16373,"skale,blockchain,ethereum,smartcontracts,layer2,sidechain,dapps,games",511.84,skalenetwork,"# Use SKALE decentralized FileStorage   500 Dai

## Bounty description:

500 Dai to the best dApp that uses SKALE’s decentralized FileStorage
SKALE is full Solidity, and it takes just a couple lines of code to upload your data, files, and objects to highly performant decentralized Ethereum-compatible environment 


## What is SKALE:

SKALE is an Ethereum-compatible network of elastic blockchains. Each chain can have on-chain storage, runs EVM, and can process over 2,000 transactions per second with sub-second blocktimes. 

SKALE is fully interoperable across the entire Ethereum ecosystem, supports your favorite developer tools (Web3.js, Web3.py, Truffle, ...), all key wallets (Portis, Bitsky, Metamask), as well as all major token standards and stablecoins. 


## Challenge Description:
Build a cool dApp, use SKALE’s Decentralized Stack - win this bounty


## Submission Requirements
Your dApps must be deployed to SKALE and use one or more features of SKALE's decentralized stack:
* Smart contract scaling
* FileStorage
* Interchain transfer ( supports: ETH, Dai, ERC20, ERC721)


## To get started with SKALE
1. Get your SKALE chain here: [skalelabs.com/etherealblocks](skalelabs.com/etherealblocks ) 
2. Build anything you like
3. Deploy 
Enjoy instant finality while staying fully decentralized 




## Submission Deadline
11:59pm EST (New York) on September 11th 


## Judging Criteria
All dApps must use one or more features of SKALE's decentralized stack and will be judged based on the quality of ideas and UX. 

## Winner Announcement Date
September 15th

*Apply to bounty [here for Devcon 5 scholarship](https://gitcoin.co/issue/skalenetwork/hackathon/1/3384), or [here for one of the four 500 DAI rewards](https://gitcoin.co/hackathon/ethereal-blocks/). Winners will be announced on September 15.

Feel free to [join us on Discord](http://skale.chat) and visit our [Developer Documentation](https://developers.skalelabs.com/). 
For a deeper dive into SKALE’s technology, check out our [Technical Overview](https://skalelabs.com/blog/the-skale-tech-stack/) and [Consensus Overview](https://skalelabs.com/blog/skale-consensus/).",hackathon,0,0.0,{},ETH,"['https://github.com/komodo-finance/komodo-gitcoin-blocks-submission', 'https://github.com/CometS1/Skale-file-storage', 'https://github.com/hammadtq/dTunes', 'https://github.com/CodeSlip/AnonHero']",4,1.791759469228055,2.3978952727983707,2.3978952727983707,0.0,2019-02-12T20:22:20Z,1.791759469228055,Unknown,1.791759469228055,10.029282848580436,9.811536723788219,3.4011973816621555,30.0,0.0,2019-09-07T04:50:06Z,0,1.0,6.47543271670409,7.694392802629421,1.791759469228055,1.6094379124341003,0.0,0,2.931e+18,2.9444389791664403,1.6094379124341003,0,0,1,1,0,0,0,0,0,0,0,0,0,0,0,0,0,0,0,1
288,366,2434,2019-09-23T00:27:26,Documentation,Days,Beginner,https://github.com/iamdefinitelyahuman/brownie/issues/174,iamdefinitelyahuman,https://gitcoin.co/issue/16473,"Python,Solidity,Brownie,Documentation",59.64,iamdefinitelyahuman,"### The Issue
Brownie can be used to interact with non-local networks, but it isn't properly documented.  See #173 for why this is needed.

This is a sub-issue of #41.

### Completion Goals
Create a new section for the documentation named ""Using Other Networks"" and link it in the table of contents immediately beneath ""The Local RPC Client"".  This section should include content such as:

* obligatory security warnings, don't do anything stupid!
* how to define other networks in the [configuration file](https://eth-brownie.readthedocs.io/en/latest/config.html#network)
* how to connect to other networks
  * using the `--network` flag
  * modifying the default network
  * methods within [brownie.network.main](https://eth-brownie.readthedocs.io/en/latest/api-network.html#brownie-network-main)
* differences in functionality when using non-local networks instead of a local test environment
  * working with local accounts ([add](https://eth-brownie.readthedocs.io/en/latest/api-network.html#Accounts.add), [load](https://eth-brownie.readthedocs.io/en/latest/api-network.html#Accounts.load), [save](https://eth-brownie.readthedocs.io/en/latest/api-network.html#Accounts.load))
  * [unconfirmed transactions](https://eth-brownie.readthedocs.io/en/latest/interaction.html#unconfirmed-transactions)
  * interacting with already deployed contracts ([ContractContainer.at](https://eth-brownie.readthedocs.io/en/latest/api-network.html#ContractContainer.at), [Contract](https://eth-brownie.readthedocs.io/en/latest/api-network.html#contract-and-projectcontract))
* using Infura (Truffle has an [excellent example](https://www.trufflesuite.com/tutorials/using-infura-custom-provider) for this content)
  * obtaining an API token and adding it in the config file
  * inability to call `debug_traceTransaction` and by extension limited access to [debugging functionality](https://eth-brownie.readthedocs.io/en/latest/debug.html#debugging-tools)

### Notes
* Fork from the `master` branch, as this content will be pushed immediately rather than waiting for a new release.
* Linking to other content, external or within the brownie docs, is always a good thing.
* Please review the existing Brownie documentation, the level of detail and quality of english must be up to par with the rest of the docs for the submission to be accepted.
* I am available on gitter if you have any questions.",brownie,0,0.0,{},ETH,['https://github.com/iamdefinitelyahuman/brownie/pull/208'],1,6.2324480165505225,7.779466967458324,7.779466967458324,5.986452005284438,2018-11-02T19:39:26Z,3.8501476017100584,Others,8.852664927703866,5.099866427824199,0.0,1.0986122886681098,22.0,3.0,2019-09-16T19:38:55Z,2019-09-23T18:36:36Z,1.0,7.049254841255837,7.787382026484701,0.6931471805599453,0.0,7.96311205897929,2867,3.37e+17,2.3978952727983707,0.6931471805599453,0,1,0,1,0,0,0,0,0,0,1,0,0,0,0,0,0,1,0,0
289,368,2439,2019-08-31T18:17:34,Feature,Days,Beginner,https://github.com/gitcoinco/web/issues/4834,iamonuwa,https://gitcoin.co/issue/15757,"JavaScript,Python,HTML",0.17,gitcoinco,"### User Story

[comment]: # (As a , I want to  so that .)
As a user, I want to be able to customizing my profile 'theme', so I can further represent my brand to the community.

### Why Is this Needed

[comment]: # (Describe the problem and why this task is needed. Provide description of the current state, what you would like to happen, and what actually happen)
*Summary*:

It's been requested by users.
allowing gitcoin profile customizations == people building their identity on top of gitcoin ==  staked identity =  moat for us

### Description

[comment]: # (Feature or Bug? i.e Type: Bug)
*Type*:
Feature

### Current Behavior
[comment]: # (Describe what actually happened.)
No profile customizations.

### Expected Behavior
[comment]: # (Describe what you expected to happen.)
Users can customize their profiles color theme.  
Theme options will be defined in the database.  Each theme will have background color, sub-background color, and font-color. 

Initial options for these themes:
 
default
background: #FFFFFF, sub-back: #EEEEEE, font-color #000000

dark
background: #000000, sub-back: #111111, font-color #FFFFFF


### Definition of Done
[comment]: # (Any other information that would be useful, bullets are helpful.)
see above

### Data Requirements
[comment]: # (How will we measure the success of this feature? What kind of tracking is needed for this feature (clicks, impressions, flag)?)
number of people returning to the site
number of people returning to the site to manage their profile
number of people who have customized profiles


### Additional Information
[comment]: # (Any other information that would be useful, content, screenshots, etc.)",web,0,0.0,{},ETH,['https://github.com/gitcoinco/web/pull/4605'],1,6.728628613084702,7.396948602621014,7.396948602621014,6.444131256700441,2017-07-10T10:53:45Z,4.532599493153256,JavaScript,13.991201849715411,9.927204079153444,4.394449154672439,3.8066624897703196,13.0,45.0,2019-06-10T10:13:32Z,2019-07-17T15:22:20Z,1.0,6.862757913051401,7.45182223652793,7.001245622069476,4.890349128221754,4.624972813284271,86,1000000000000000.0,3.4339872044851463,0.6931471805599453,0,1,0,1,0,0,0,0,0,0,0,1,0,0,0,0,1,0,0,0
290,369,2440,2019-09-16T19:51:33,Improvement,Hours,Intermediate,https://github.com/facebook/jscodeshift/issues/343,mikob,https://gitcoin.co/issue/16378,"JavaScript,typescript",63.35,facebook,"I use the jquery-like API for transforming outside of the CLI (FWIW I use it in rollup). 

Currently, my hacky workaround (along with some changes in my fork: https://github.com/mikob/jscodeshift) looks like this: 
```
await JSCodeShift('/transforms/split.ts', [`dist/tmp/${pluginName}.joined.mjs`], {
        transform: './transforms/split.ts',
	verbose: 2,
	runInBand: true,

	dry: false,
	print: false,
	babel: true,
	extensions: 'js,mjs',
	ignorePattern: [],
	ignoreConfig: [],
	silent: false,
	parser: 'babel',
	stdin: false
});						
```

This is not ideal because I get CLI output, a pool of workers, filesystem R/W etc. I'm only interested in using the API internally. So I can do something like this:

`const transformedSrc = await JSCodeShift([transformFn: (jscodeshift: JSCodeShift) => string], src: string);`

Currently transforms have a function signature like this:
`module.exports = function (fileInfo: FileInfo, api: JSCodeshift, options) {`

With the separated API, I would expect to be able to call a transform and only pass it the 2nd argument.

Related: https://github.com/facebook/jscodeshift/issues/179",jscodeshift,0,0.0,{},ETH,['https://github.com/igetgames/jscodeshift-demo'],1,6.154858094016418,9.014811987694946,9.014811987694946,4.852030263919617,2015-03-07T00:32:16Z,4.59511985013459,JavaScript,7.319202458767849,8.453187861440325,8.296297112642508,2.1972245773362196,30.0,0.0,2019-09-16T16:54:04Z,0,1.0,7.141245122350491,7.051855622955894,3.7612001156935624,0.0,0.0,0,3.78e+17,0.0,0.6931471805599453,0,0,1,0,1,0,0,0,0,0,0,0,1,0,0,0,1,0,0,0
291,370,2441,2019-09-27T17:25:01,Feature,Days,Intermediate,https://github.com/maticnetwork/matic-bounties/issues/4,Siddharth-J,https://gitcoin.co/issue/16598,"ethereum,blockchain,web3",1991.42,maticnetwork,"**Objective:** Send USD across borders (via the DAI token) using the Matic Network for fast and cheap transactions using Plasma for security; use Moonpay or any similar API for fiat-crypto payments

Basic requirements:

- Simple, elegant UI for transfers
- Should have ‘Add Funds from Ethereum to Matic’ capability
- Should have ‘Withdraw funds from Matic to Ethereum’ capability

**Matic Documentation:**

**Matic.js** : https://github.com/maticnetwork/matic.js
**Quick Start to Matic** - https://docs.matic.network/2-min-guide-to-matic/
**A detailed guide on Matic's Architecture & Fundamentals** - https://docs.matic.network/getting-started/
**Deploying Contracts on Matic Testnet** - https://docs.matic.network/deploy-contracts-remix/
**Configuring Matic Testnet** - https://docs.matic.network/newbies/conf-testnet-metamask/

Learn more by reading the Matic Network Blog: https://blog.matic.network/",matic-bounties,0,0.0,{},ETH,"['https://github.com/Abhimanyu121/Matic-Wallet', 'https://github.com/michaelcohen716/mitty']",2,1.0986122886681098,2.302585092994046,2.302585092994046,3.1354942159291497,2019-08-29T11:26:59Z,1.9459101490553132,Unknown,0.0,9.00859131751613,7.1098794630722715,3.871201010907891,30.0,0.0,2019-09-04T11:20:30Z,0,1.0,6.98100574072173,6.824373670043086,0.6931471805599453,0.0,0.0,0,1.1882e+19,1.0986122886681098,1.0986122886681098,0,0,1,1,0,0,0,0,0,0,0,1,0,0,0,0,0,0,0,1
292,371,2451,2019-09-11T18:07:34,0,Hours,Intermediate,https://github.com/gitcoinco/web/issues/5097,owocki,https://gitcoin.co/issue/16263,JavaScript,50.67,gitcoinco,"go to https://gitcoin.co/profile/writeprovidence
it doesnt work
[screenshot](http://bits.owocki.com/75a190573789/Image%202019-08-29%20at%2011.35.56%20AM.png)

expected - it works",web,0,0.0,{},ETH,['https://github.com/gitcoinco/web/pull/5108'],1,6.728628613084702,7.396948602621014,7.396948602621014,6.444131256700441,2017-07-10T10:53:45Z,4.532599493153256,JavaScript,13.991201849715411,3.2188758248682006,2.0794415416798357,0.6931471805599453,3.0,5.0,2019-08-30T20:21:19Z,2019-09-04T13:40:59Z,1.0,4.897839799950911,5.209486152841421,6.9985096422506015,4.882801922586371,11.673274040953775,117281,3e+17,2.9444389791664403,0.6931471805599453,0,0,1,0,1,0,0,0,0,0,0,0,0,0,0,0,1,0,0,0
293,372,2454,2019-09-22T04:56:37,Other,Days,Intermediate,https://github.com/skalenetwork/hackathon/issues/1,xinyunat,https://gitcoin.co/issue/16471,"blockchain,smartcontracts,layer2,sidechain,skale",1993.07,skalenetwork,"# ❤️Devcon 5 scholarship ❤️ conference ticket + return airfare 


## Bounty description:

* Free ticket to Devcon 5 (approx. $1,000 value)
* Round-trip airfare to Osaka Japan (approx $2,000 value)
* Exclusive SKALE swag (invaluable)


## What is SKALE:

SKALE is an Ethereum-compatible network of elastic blockchains. Each chain can have on-chain storage, runs EVM, and can process over 2,000 transactions per second with sub-second blocktimes. 

SKALE is fully interoperable across the entire Ethereum ecosystem, supports your favorite developer tools (Web3.js, Web3.py, Truffle, ...), all key wallets (Portis, Bitsky, Metamask), as well as all major token standards and stablecoins. 


## Challenge Description:
Build a Killer dApp, use SKALE’s Decentralized Stack - win a Devcon 5 scholarship


## Submission Requirements
Your dApps must be deployed to SKALE and use one or more features of SKALE's decentralized stack:
* Smart contract scaling
* FileStorage
* Interchain transfer ( supports: ETH, Dai, ERC20, ERC721)

## To get started with SKALE
1. Get your SKALE chain here: [skalelabs.com/etherealblocks](skalelabs.com/etherealblocks ) 
2. Build anything you like
3. Deploy 
Enjoy instant finality while staying fully decentralized 




## Submission Deadline
11:59pm EST (New York) on September 11th 


## Judging Criteria
All dApps must use one or more features of SKALE's decentralized stack and will be judged based on the quality of ideas and UX. 

## Winner Announcement Date
September 15th

*Apply to bounty [here for Devcon 5 scholarship](https://gitcoin.co/issue/skalenetwork/hackathon/1/3384), or [here for one of the four 500 DAI rewards](https://gitcoin.co/hackathon/ethereal-blocks/). Winners will be announced on September 15.

Feel free to [join us on Discord](http://skale.chat) and visit our [Developer Documentation](https://developers.skalelabs.com/). 
For a deeper dive into SKALE’s technology, check out our [Technical Overview](https://skalelabs.com/blog/the-skale-tech-stack/) and [Consensus Overview](https://skalelabs.com/blog/skale-consensus/).",hackathon,0,0.0,{},ETH,"['https://github.com/Trellis-Lab/DArdt', 'https://github.com/CodeSlip/AnonHero', 'https://github.com/djrosenbaum/zelda-shop', 'https://github.com/komodo-finance/komodo-gitcoin-blocks-submission', 'https://github.com/Trellis-Lab/DArdt', 'https://github.com/Trellis-Lab/DArdt', 'https://github.com/CometS1/Skale-file-storage', 'https://github.com/AntonioCardenas/SkaleDapp', 'https://github.com/CometS1/Skale-file-storage', 'https://github.com/masaun/skale-bakery-exchange']",10,1.791759469228055,2.3978952727983707,2.3978952727983707,0.0,2019-02-12T20:22:20Z,1.791759469228055,Unknown,1.791759469228055,9.7626725558939,10.469937080050116,4.653960350157523,30.0,0.0,2019-08-30T17:55:36Z,0,1.0,6.658011045870748,7.6624678152002375,0.6931471805599453,0.0,0.0,0,1.1801e+19,2.0794415416798357,2.3978952727983707,0,0,1,1,0,0,0,0,0,0,0,0,0,1,0,0,0,0,0,1
294,373,2458,2019-09-11T16:24:54,0,Hours,Intermediate,https://github.com/gitcoinco/command_line_standardbounties_funder/issues/3,owocki,https://gitcoin.co/issue/16239,"Python,blockchain,solidity",77.89,gitcoinco,"per https://medium.com/gitcoin/a-gitcoin-platform-fee-905a0507961f we are now charging a 10% fee on every bounty.

the gitcoin system will not activate the bounty without it.

the scope of this bounty is to add the 10% fee to the standard bounties funder.   the fee (whether ERC20 or ETH) should be paid to 0x00De4B13153673BCAE2616b67bf822500d325Fc3 when the bounty is posted.",command_line_standardbounties_funder,0,0.0,{},ETH,['https://github.com/gitcoinco/command_line_standardbounties_funder/pull/4'],1,1.6094379124341003,1.0986122886681098,1.0986122886681098,0.6931471805599453,2018-06-01T21:19:06Z,1.0986122886681098,Others,3.9318256327243257,4.477336814478207,2.0794415416798357,2.1972245773362196,3.0,19.0,2019-08-29T05:03:28Z,2019-09-11T16:20:07Z,1.0,6.63200177739563,5.942799375126701,6.9975959829819265,4.875197323201151,11.673274040953775,117281,4.5e+17,2.8903717578961645,0.6931471805599453,0,0,1,0,1,0,0,0,0,0,0,0,0,0,0,0,0,1,0,0
295,374,2463,2019-09-19T17:31:15,Feature,Weeks,Intermediate,https://github.com/bancorprotocol/contracts/issues/301,vs77bb,https://gitcoin.co/issue/16424,"Solidity,Bancor",2515.49,bancorprotocol,"### Prize Title

Challenge 1 — Towards Decentralized Liquidity

### Prize Bounty
Up to $5,000 in USD

### Challenge Description
The decentralized liquidity pool is among the most exciting innovations to emerge in the DeFi ecosystem. Everyday users are now incentivized to store their idle assets in smart contracts designed to algorithmically pool liquidity and perform non-custodial token conversions that generate fees for liquidity providers. 

Liquidity pools fundamentally alter how liquidity is networked and incentivized — but they are still in their early stages of development. 

The Bancor Protocol Foundation challenges developers to build tools that advance and optimize pool-driven liquidity and lower the technical barriers to creating, contributing liquidity to and transacting with Bancor liquidity pools, known as Bancor Relays.
In particular, the Bancor Protocol Foundation is interested in seeing developers build:
Tools for users to track the ROI of every Bancor Relay over time
Tools for users to create new Bancor Relays and contribute liquidity to existing Bancor Relays
Solutions that minimize the gas costs of Bancor Relays
Solutions that mitigate front-running of transactions processed by on-chain liquidity pools
Tools that optimize the profitability of Bancor Relays


### Submission Requirements

Eligible projects must utilize Bancor’s Ethereum smart contracts, as well as Bancor’s Network Token, BNT, or some derivative of it.
Bancor Ethereum Smart Contract Documentation: https://docs.bancorfoundation.org/
Github: https://github.com/bancorprotocol/contracts


### Submission Deadline
11:59pm EST Friday the 13th.

### Judging Criteria

- Meets the tech requirements
- Clean code & tech design
- If applicable - clear UI, easy to use and generally good user experience

### Winner Announcement Date
 Winners will be announced on September 15th.",contracts,0,0.0,{},ETH,['https://github.com/communiteths/app'],1,6.028278520230698,6.690842277418564,6.690842277418564,0.6931471805599453,2017-02-15T17:38:52Z,4.02535169073515,JavaScript,9.839588826685896,11.970268030143032,11.96679971228608,4.532599493153256,30.0,0.0,2019-08-31T16:03:05Z,0,1.0,7.20934025660291,7.557994958530806,1.3862943611198906,0.6931471805599453,8.73294952429643,5966,1.3498e+19,2.302585092994046,0.6931471805599453,0,0,1,0,0,0,1,0,0,0,0,1,0,0,0,0,1,0,0,0
296,375,2477,2019-08-28T06:17:54,Bug,Days,Beginner,https://github.com/gitcoinco/web/issues/5039,oktopustester,https://gitcoin.co/issue/15588,"Python,HTML",16.97,gitcoinco,"### User Story
As an operator of Gitcoin, we'd like to direct hackathon participants from registration right into the Gitcoin onboarding flow.

### What 
We want people to register and then immediately see the prizes and get started.

### Why
Reduce friction. And provide better tracking, as having their Gitcoin profile and other associated info in a usable format (ie not separate from other platform info) will help us target people and track their progress through the hackathon flow so we can diagnose where engagement and drop-offs happen for future improvements.

### Assumptions
Human - We assume that hackers will go through this flow.
Business -We assume that directing hackers into one experience vs. multiple experiences (mailchimp, Discord, Gitcoin, etc) will decrease chance of drop off and provide better tracking.
Tech - Use current onboarding flow

### Definition of Done

- [ ] Create a hackathon flow that follows the flow outlined below
- [ ] This flow is to only apply to hackers that come in from the Hackathon landing page.
- [ ] Review with @alexvotofuture @PixelantDesign 

### Data Tracking
- [ ] Add tracking along each step of the funnel based on clicks to the next screen.

### Additional Information",web,0,0.0,{},ETH,['https://github.com/gitcoinco/web/pull/5074'],1,6.728628613084702,7.396948602621014,7.396948602621014,6.444131256700441,2017-07-10T10:53:45Z,4.532599493153256,JavaScript,13.991201849715411,6.52649485957079,6.159095388491933,2.0794415416798357,7.0,1.0,2019-08-27T04:38:25Z,2019-08-29T13:56:09Z,1.0,7.201170883281678,7.133295954896068,6.9930151229329605,4.875197323201151,1.3862943611198906,2,9e+16,3.4011973816621555,0.6931471805599453,0,1,0,1,0,0,0,1,0,0,0,0,0,0,0,0,1,0,0,0
297,376,2491,2019-09-13T00:04:38,0,Hours,Intermediate,https://github.com/digixglobal/dao-server/issues/70,tymat,https://gitcoin.co/issue/16333,"Ruby,Shell,HTML",192.28,digixglobal,"# Feature
## *What* is the feature?

This feature is covered by two scenarios.

#### Scenario 1 (Handling Dropped Txns)
Whenever a signed transaction is sent to the Ethereum blockchain, it is stored in the ""Mempool"" before getting mined in a future block. There is a limit to the size of the Mempool. In instances where the blockchain is overloaded with a large number of transactions, the Mempool eventually becomes full. This causes some pending transactions to be dropped from the Mempool.

When a transaction is dropped from the Mempool, the user needs to resend the transaction (preferably with a higher gas price). We have faced these scenarios a few times in the last couple of months. Users who are under the assumption that their transaction will be mined after the network settles down, are later surprised to note that their transaction actually cannot be found in the pending transactions as well (because it got dropped out of the Mempool).

#### Scenario 2 (Re-sending txns with higher gas price)
The second scenario also occurs when the blockchain network is congested. In this scenario, a user who sent a transaction with a gas price of say, 5 gwei, would have to wait for long time before their transaction is mined (if the average gas price during that time is say, 20 gwei). In such cases, some users may prefer and afford re-sending the same transaction with a higher gas price of say, 30 gwei, to force their transaction through.

In order to resend a transaction with updated gas price, this new transaction must have the same nonce as the older one. By modifying just the `gas price` of the transaction object, the new transaction can be signed again and sent to the Ethereum node. Both those transactions would now have the same nonce, but the latest one with a higher gas price. Whenever one of them is mined, the other is automatically dropped.

## *How* can it be done?




#### Solution

The solution to both problems is to save the transaction so that it can be resent or reused later.

- When the user signs a transaction, the UI must send the signed and raw transaction to be monitored via `watchTransaction`
- When the user resends a transaction, the UI must send the transaction and send the signed and raw transaction again to update the previous transaction via `resendTransaction`
   - Also the same nonce must be reused for resending the transaction
   - The user is shown the same ""Sign Txn"" modal to update the gas price, and re-sign the txn before it can be sent again
- A 5 minute cron job will check all watched transaction. For each watched transaction, check the status of the transaction by querying the Ethereum Blockchain:
   - If the transaction cannot be fetched, it is considered dropped
   - If the transaction is mined in a past block, delete all transactions with the same `group_id` to unwatch them 
   - If all of the transactions of a group is dropped, resend only the latest raw signed transaction and delete the other transactions in the group.

#### Schema
In `dao-server`, create `watching_transactions` table consisting of the following:

* `id` - Primary key for recording transactions. Prefer UUID over auto-generated integer.
* `user_id`- Id of the user who signed the transaction
* `group_id` - Id of the original transaction to group resent transactions. If this is the original transaction, this is just `id`. If this refers to a resent transaction, this refers to that transaction's `id`. 
* `transaction_object` - `JSON.stringify`-ied transaction object. This stores the transaction parameters to be reused when it needs to be resent with higher gas. Consult https://github.com/ethereum/wiki/wiki/JavaScript-API#web3ethsendtransaction
* `signed_transaction` - Signed transaction object in HEX format. https://github.com/ethereum/wiki/wiki/JavaScript-API#web3ethsendrawtransaction
* `created_at` and `updated_at` - Default timestamp
* `txhash` - Field to index or search a transaction

#### GraphQL

Types:
* `WatchedTransaction`
   * `id` (ID) - UUID of the watched transaction
   * `user`(User)  - Signer of the transaction
   * `transactionObject` (String) - The JSONified transaction data object

Mutations:
* `watchTransaction`
   Given a transaction, save it to the database to be resent.

   * Input
      * `txhash` (String) - The hash of a transaction that is referred by the UI
      * `transactionObject` (String) - The JSONified transaction data object Resend txn & Handle dropped txns bounty
#70 opened on Aug 1 by roynalnaruto
5
[feature] Email Notifications on Comments bounty
#69 opened on Jul 30 by roynalnaruto
6
ProTip! no:milestone will show everything without a milestone.

    © 2019 GitHub, Inc.
    Terms
    Privacy
    Security
    Status
    Help

    Contact GitHub
    Pricing
    API
    Training
    Blog
    About


      * `signedTransaction` (String) - Signed transaction in HEX format
   * Output
      * `watchedTransaction` (WatchedTransaction) - Newly created transaction
* `resendTransaction`
   Given an old transaction, resend it with new parameters or gas prices. 

   - The nonce must be the same as the previous
   - The new transaction should have the same group id as the one being referred or resent.

   * Input
      * `id` (ID) - ID of the transaction to be resent
      * `transactionObject` (String) - The JSONified transaction data object
      * `signedTransaction` (String) - Signed transaction in HEX format
   * Output
      *`watchedTransaction` (WatchedTransaction) - Newly resent transaction

Query:
* `watchedTransaction`
   Given a transaction txhash, find the last watched transaction in the group with that txhash .

   * Input
      * `txhash` (ID) - Txhash of the watched transaction
   * Output
      * `watchedTransaction` (WatchedTransaction) - Found transaction




## Other Comments
The scenario #2 has front-end integration as well. The github issue for that is [here](https://github.com/DigixGlobal/governance-ui-components/issues/366).",dao-server,0,0.0,{},ETH,['https://github.com/DigixGlobal/dao-server/pull/72'],1,1.9459101490553132,1.3862943611198906,1.3862943611198906,2.8903717578961645,2018-10-19T08:52:23Z,2.0794415416798357,Others,10.45544552265826,7.009408932708637,5.3230099791384085,3.044522437723423,1.0,17.0,2019-08-28T15:35:23Z,0,1.0,6.836259277277067,8.714074899541522,1.0986122886681098,1.791759469228055,0.0,0,1.017e+18,11.488520061131474,0.6931471805599453,0,0,1,0,1,0,0,0,0,0,0,0,0,0,0,0,0,1,0,0
298,377,2492,2019-10-09T08:20:00,0,Hours,Intermediate,https://github.com/digixglobal/governance-ui/issues/44,tymat,https://gitcoin.co/issue/16785,"JavaScript,Gherkin,CSS,HTML",240.23,digixglobal,"At present, DigixDAO platform uses a hard-coded value of _10 gwei_ for the default gas price.

We would like to integrate [Ethgasstation API](https://docs.ethgasstation.info/) to:
1. Provide user-friendly clickable options for gas price
2. Provide time estimate for the transaction to be mined

### Details
* Fetch gas price data from the Ethgasstation API
    * fill up the default options with gas price and estimated time
* Transaction Fee
```
transaction fee = gas limit * gas price
```
_Note_: the gas limit can be found out from the `txData` object ([refer](https://github.com/DigixGlobal/governance-ui/blob/6c955ac99473f1df99b888005b5b6b2bae2b7eb3/src/libs/material-ui/components/transactions/transaction_signing_overlay.jsx#L335))
```
gasLimit = txData.gas
```

### API
**Endpoint:** https://ethgasstation.info/json/ethgasAPI.json

_Note_:
* To convert the gas price values to `gwei` unit, divide them by 10
* The wait times are in minutes. Please convert them to `hours and minutes and seconds`
    * 0.4 would be 24 seconds
    * 1.3 would be 1 minutes 18 seconds
    * 61.5 would be 1 hours 1 minutes 30 seconds

If sample response is:
```
{
	""fast"": 40.0,
	""fastest"": 60.0,
	""safeLow"": 10.0,
	""average"": 10.0,
	""block_time"": 12.534883720930232,
	""blockNum"": 8243182,
	""speed"": 0.8315751882176169,
	""safeLowWait"": 3.6,
	""avgWait"": 3.6,
	""fastWait"": 0.5,
	""fastestWait"": 0.4
}
```
Then:
* Gas price for `fast` transaction is 4 gwei
* Gas price for `fastest` transaction is 6 gwei
* Gas price for `safeLow` transaction is 1 gwei
* Gas price for `average` transaction is 1 gwei
* Estimated time for `fast` transaction is 30 seconds
* Estimated time for `fastest` transaction is 24 seconds
* Estimated time for `safeLow` transaction is 3 minutes 36 seconds
* Estimated time for `average` transaction is 3 minutes 36 seconds

### Design
![SmartGasPrice01](https://user-images.githubusercontent.com/5194933/62107477-39921380-b2da-11e9-9f5d-2e504c012211.png)
![SmartGasPrice02](https://user-images.githubusercontent.com/5194933/62107484-3eef5e00-b2da-11e9-971f-bab5de87cd37.png)

### Behaviour
_If `response` is the json response from the API call_
* Default state
    * `fast` option is selected
    * Gas price is `response.fast/10`
    * Estimated wait time is `format(response.fastWait)`
    * The slider under `advanced` section is set to the gas price value
    * The `Transaction Fee` is set to `txData.gas * gasPrice`
* Clicking on any option (safe low/average/fast/fastest) will
    * Deselect the previously selected option
    * Select the clicked option
    * Update the gas price as per `response`
    * Update the estimated wait time `response`
    * Update the slider under `advanced` section, set it to the gas price value
    * Update the `Transaction Fee` based on the newly selected `gasPrice`
* Moving the slider under `advanced` section will
    * Deselect all the gas price options (safe low, average, fast, fastest)
    * Update the gas price as per slider value
    * Remove the estimated wait time for transaction (we show this only in the case of selected options from the API)
    * Update the `Transaction Fee` based on the newly selected `gasPrice`

_Note_: If the [Ethgasstation API](https://ethgasstation.info/json/ethgasAPI.json) is down and returns `null` values:
* Deselect all options
* Set the slider and gas price to a default value of `10 gwei`",governance-ui,0,0.0,{},ETH,['https://github.com/DigixGlobal/governance-ui/pull/46'],1,1.0986122886681098,0.0,0.0,1.0986122886681098,2018-10-05T03:00:03Z,2.0794415416798357,JavaScript,10.972997101616976,4.174387269895637,5.393627546352362,1.0986122886681098,2.0,2.0,2019-09-18T05:06:45Z,2019-09-30T03:22:45Z,1.0,7.1284959456800365,8.151333337900432,0.6931471805599453,1.3862943611198906,0.0,0,1.272e+18,11.488253602164578,0.6931471805599453,0,0,1,0,1,0,0,0,0,0,0,0,0,0,0,0,1,0,0,0
299,378,2512,2019-08-18T18:07:36,Feature,Hours,Intermediate,https://github.com/ark-mod/arkbot/pull/96,jefferson-1,https://gitcoin.co/issue/15420,C#,250.34,ark-mod,"Fix bugs causing slowdowns
Add ability to upload maps",arkbot,0,0.0,{},ETH,['https://github.com/ark-mod/ArkBot/pull/96'],1,3.9512437185814275,4.672828834461906,4.672828834461906,3.6375861597263857,2017-01-30T22:57:05Z,3.2188758248682006,Others,11.288718848802754,6.025865973825314,5.564520407322694,2.8903717578961645,3.0,6.0,2019-07-19T13:52:48Z,0,1.0,7.078341579557671,4.007333185232471,0.6931471805599453,0.6931471805599453,0.0,0,1.14e+18,5.855071922202427,0.6931471805599453,0,0,1,0,1,0,0,0,0,0,0,1,0,0,0,0,0,1,0,0
300,380,2521,2019-08-02T16:54:54,0,Hours,Intermediate,https://github.com/gitcoinco/web/issues/4910,owocki,https://gitcoin.co/issue/15236,JavaScript,63.75,gitcoinco,"**Describe the bug**

tooltips dont show on bounty details page

**To Reproduce**

gitcoin.co/issue/gitcoinco/skunkworks/89/2631
hover

**Expected behavior**


these three elements should have tooltips:

![Screen Recording 2019-07-31 at 03 48 AM](https://user-images.githubusercontent.com/513929/62202199-12712b80-b346-11e9-95b8-38f8608e35b1.gif)

**Desktop (please complete the following information):**

- OS: Mac
- Browser: Chrome
- Browser Version: latest",web,0,0.0,{},ETH,['https://github.com/gitcoinco/web/pull/4930'],1,6.728628613084702,7.396948602621014,7.396948602621014,6.444131256700441,2017-07-10T10:53:45Z,4.532599493153256,JavaScript,13.991201849715411,0.6931471805599453,0.6931471805599453,0.6931471805599453,2.0,6.0,2019-08-01T03:12:21Z,0,1.0,6.42648845745769,6.173786103901937,6.954638864880987,4.844187086458591,11.673274040953775,117281,3e+17,5.8944028342648505,0.6931471805599453,0,0,1,0,1,0,0,0,0,0,0,0,0,0,0,0,1,0,0,0
301,383,2562,2019-08-08T13:43:30,Feature,Hours,Beginner,https://github.com/gitcoinco/web/issues/4870,thelostone-mc,https://gitcoin.co/issue/15311,"JavaScript,Python",88.65,gitcoinco,"#### Description

When funder [creates an issue](http://gitcoin.co/new), we sync the issue with GitHub to populate details. Once an issue has been created successfully, we've got a [cron](https://github.com/gitcoinco/web/blob/master/scripts/crontab#L79) which pulls data and syncs every 24 hours to ensure all updates made to GitHub issue are synced 

#### Issue

Many a time, after creating an issue -> the funder decides to update the description but this gets reflected on the Gitcoin issue only when the cronjob runs the mgmt command.
This can be frustrating to the funder especially if a change needs to be ported asap.

#### Solution 

Introduce a button `Sync Issue` on the bounty detail page which gets rendered only if you are the owner of the issue / the admin.
The funder/admin would be able to click on this and this would pull the latest and update the DB thus allowing an immediate sync

The button is to be added next to the other action buttons aka the black rectangle in the below screenshot 




**NOTE**
- Provide an action plan
- Reach [Contributing guidelines](https://docs.gitcoin.co/mk_contributors/) + [Setup](https://github.com/gitcoinco/web/blob/master/docs/RUNNING_LOCALLY_DOCKER.md)
- Ensure solution is tested + recording is added


Reported on community slack a couple of time !",web,0,0.0,{},ETH,['https://github.com/gitcoinco/web/pull/4899'],1,6.728628613084702,7.396948602621014,7.396948602621014,6.444131256700441,2017-07-10T10:53:45Z,4.532599493153256,JavaScript,13.991201849715411,4.343805421853684,3.5553480614894135,1.3862943611198906,6.0,4.0,2019-07-30T13:03:37Z,2019-08-07T15:36:06Z,1.0,7.244941546337007,7.195937226475569,6.946013991099227,4.820281565605037,4.248495242049359,46,4e+17,5.863631175598097,0.6931471805599453,0,1,0,0,1,0,0,0,0,0,0,1,0,0,0,0,1,0,0,0
302,384,2566,2019-07-23T17:43:18,Project,Hours,Intermediate,https://github.com/gitcoinco/code_fund_ads/issues/572,coderberry,https://gitcoin.co/issue/15017,Ruby,215.96,gitcoinco,"## User Story

As an advertiser, when I click the *clone* button on an existing creative, it will auto-populate the new creative form with the _cloned_ creative contents.

## Acceptance Critera

This functionality will be very similar to the _clone campaign_ functionality. Use the same button position that is used on campaigns (show page)",code_fund_ads,0,0.0,{},ETH,['https://github.com/gitcoinco/code_fund_ads/pull/573'],1,4.812184355372417,5.942799375126701,5.942799375126701,3.6375861597263857,2018-10-18T16:53:17Z,3.044522437723423,Others,12.371205655340878,2.995732273553991,1.3862943611198906,1.0986122886681098,1.0,0.0,2019-07-23T04:50:32Z,2019-07-23T14:39:55Z,1.0,6.504288173536645,5.849324779946859,6.940222469119639,4.820281565605037,3.912023005428146,31,1.002e+18,2.6390573296152584,0.6931471805599453,0,0,1,0,1,0,0,0,0,0,0,0,0,0,1,0,0,1,0,0
303,387,2577,2019-08-02T22:21:22,0,Hours,Intermediate,https://github.com/gitcoinco/web/issues/4648,owocki,https://gitcoin.co/issue/15246,JavaScript,67.25,gitcoinco,"**Describe the bug**

 it doesnt pull down the desc when you paste the URL in top of form


**To Reproduce**

paste url in gitcoin.co/new

**Expected behavior**

the summary of the issue should pull down without pushing 'sync with github'

if you go to https://gitcoin.co/bounty/new?source?=[url], it should pull the github info from [url] upon pageload

**Additional context**

this is the issue that @PixelantDesign @coderberry reported from their pairing session last week",web,0,0.0,{},ETH,['https://github.com/gitcoinco/web/pull/4799'],1,6.728628613084702,7.396948602621014,7.396948602621014,6.444131256700441,2017-07-10T10:53:45Z,4.532599493153256,JavaScript,13.991201849715411,1.3862943611198906,1.3862943611198906,1.0986122886681098,9.0,5.0,2019-07-15T23:48:53Z,2019-07-17T14:23:06Z,1.0,4.477336814478207,6.20050917404269,6.930494765951626,4.804021044733257,11.673274040953775,117281,3e+17,5.849324779946859,0.6931471805599453,0,0,1,0,1,0,0,0,0,0,0,0,0,0,0,0,1,0,0,0
304,389,2581,2019-07-31T15:03:24,0,Hours,Intermediate,https://github.com/gitcoinco/web/issues/4786,owocki,https://gitcoin.co/issue/15195,"JavaScript,bug",68.83,gitcoinco,"**Describe the bug**


When I click ""Edit info"" on my created grant page, nothing happens:

![image](https://user-images.githubusercontent.com/3316532/61139500-68655880-a497-11e9-9aec-7a9453fca8be.png)


**To Reproduce**


Log in. Click ""Edit info"" on grant page.

**Expected behavior**


That I can edit info.

**Screenshots**
<!-- If applicable, add screenshots to help explain your problem.)

**Desktop (please complete the following information):**

- OS: OS X
- Browser: Chrome, Brave (tried both)
- Browser Version: Chrome Version 75.0.3770.100 (Official Build) (64-bit)

**Smartphone (please complete the following information):**

- Device: 
- OS: 
- Browser:
- Version:

**Additional context**",web,0,0.0,{},ETH,['https://github.com/gitcoinco/web/pull/4793'],1,6.728628613084702,7.396948602621014,7.396948602621014,6.444131256700441,2017-07-10T10:53:45Z,4.532599493153256,JavaScript,13.991201849715411,4.0943445622221,4.02535169073515,1.3862943611198906,15.0,16.0,2019-07-13T14:58:50Z,2019-07-31T14:17:33Z,1.0,7.269616749608169,6.602587892189336,6.927557906278317,4.795790545596741,11.673274040953775,117281,2.5e+17,5.849324779946859,0.6931471805599453,0,0,1,0,1,0,0,0,0,0,0,0,0,0,0,0,1,0,0,0
305,390,2595,2019-08-06T15:22:04,0,Hours,Intermediate,https://github.com/ethfinex/community-gateway/issues/94,Benefx,https://gitcoin.co/issue/15281,"JavaScript,CSS,HTML,frontend,Ethfinex,DEX,Blockchain",463.02,ethfinex,"There is a bounty of 1.5 ETH available for this issue on [Gitcoin](https://gitcoin.co/issue/ethfinex/community-gateway/94/3204)

### **Current** 
An API has been created to get a list of all traders and trading volumes in a particular day, if they have used Ethfinex Trustless (https://trustless.ethfinex.com). This API also provides trading volume results sorted by token, as well as overall across all tokens. This is available at the github repository below, which includes additional resources: 

https://github.com/ethfinex/ethfinex-trading-competition

At the moment there is no user interface available to display this information, although the API is deployed at: https://competition.nectar.community/api/v1/results where you can view current results.

### **Wanted** 
A functional and “aesthetical” UI, as a page in nectar.community (https://nectar.community), displaying the top trading addresses for trustless.ethfinex.com with filter functionality across available pairs and time-frames. 

**Feature completeness includes:**

- Ability to display address leaderboard for individual pairs AND overall 
- Ability to display address leaderboard for a selection of pairs, e.g. ETH/USDT AND ZRX/USDT but not others 
- Ability to view leaderboard within a customisable time-frame; hours, days, weeks, months
- Ability to view the changing leaderboard activity in real-time 
- An aesthetically pleasing UI, matching the existing Ethfinex brand colours and theme visible at nectar.community 

### **Definition of Complete**
You have successfully completed this bounty, when:

- All features above are implemented and functional with a satisfactory user-interface, as described above.
- The style/css matches that of the rest of the nectar.community website
- There is a pull-request opened with the feature to https://github.com/ethfinex/community-gateway

### **Submission**
Please submit your work by making a pull request to the Github repository.",community-gateway,0,0.0,{},ETH,"['https://github.com/ethfinex/community-gateway/pull/95', 'https://github.com/ethfinex/community-gateway/pull/95']",2,3.4657359027997265,2.70805020110221,2.70805020110221,0.6931471805599453,2018-02-23T14:48:29Z,1.6094379124341003,JavaScript,10.337410533460776,5.84354441703136,0.6931471805599453,2.5649493574615367,6.0,30.0,2019-07-17T21:57:06Z,2019-08-13T08:49:52Z,1.0,5.981414211254481,7.592366128519796,0.6931471805599453,0.0,0.0,0,1.5e+18,4.110873864173311,1.0986122886681098,0,0,1,0,1,0,0,0,0,0,0,0,0,0,0,0,1,0,0,0
306,391,2598,2019-07-08T16:19:17,0,Hours,Intermediate,https://github.com/openintents/app-center/issues/1,friedger,https://gitcoin.co/issue/14803,"HTML,JavaScript,gatsby,react",77.8,openintents,"Current design:

![Screenshot from 2019-07-05 20-24-43](https://user-images.githubusercontent.com/1449049/60739619-f22a9880-9f62-11e9-8b00-d7e31a085444.png)

New design, something like this:
![Screenshot from 2019-07-05 20-25-12](https://user-images.githubusercontent.com/1449049/60739650-0b334980-9f63-11e9-8da1-610b67fa8efe.png)",app-center,0,0.0,{},ETH,['https://github.com/openintents/app-center/pull/2'],1,1.3862943611198906,2.5649493574615367,2.5649493574615367,2.995732273553991,2019-07-05T18:12:42Z,1.3862943611198906,JavaScript,10.132970964396517,9.809671256331843,2.4849066497880004,5.908082938168931,9.0,1.0,2019-07-08T09:24:28Z,2019-07-08T15:43:38Z,1.0,6.933423025730715,5.817111159963204,0.0,0.0,3.4339872044851463,28,2.7500000000000003e+17,5.8944028342648505,0.6931471805599453,0,0,1,0,1,0,0,0,0,0,0,0,0,0,0,0,1,0,0,0
307,392,2606,2019-08-19T16:31:46,Improvement,Hours,Advanced,https://github.com/aquiladev/remix-mythx-plugin/issues/24,Sharonbyrne,https://gitcoin.co/issue/15426,"MythX,Remix",2014.2,aquiladev,"Close ReMythx Plugin changes logged by Mythx team  # 3 - #19
https://github.com/aquiladev/remix-mythx-plugin/issues/3
https://github.com/aquiladev/remix-mythx-plugin/issues/4
https://github.com/aquiladev/remix-mythx-plugin/issues/4
https://github.com/aquiladev/remix-mythx-plugin/issues/5
https://github.com/aquiladev/remix-mythx-plugin/issues/6
https://github.com/aquiladev/remix-mythx-plugin/issues/7
https://github.com/aquiladev/remix-mythx-plugin/issues/8
https://github.com/aquiladev/remix-mythx-plugin/issues/9
https://github.com/aquiladev/remix-mythx-plugin/issues/10
https://github.com/aquiladev/remix-mythx-plugin/issues/11
https://github.com/aquiladev/remix-mythx-plugin/issues/12
https://github.com/aquiladev/remix-mythx-plugin/issues/13
https://github.com/aquiladev/remix-mythx-plugin/issues/14
https://github.com/aquiladev/remix-mythx-plugin/issues/15
https://github.com/aquiladev/remix-mythx-plugin/issues/16
https://github.com/aquiladev/remix-mythx-plugin/issues/17
https://github.com/aquiladev/remix-mythx-plugin/issues/18
https://github.com/aquiladev/remix-mythx-plugin/issues/19",remix-mythx-plugin,0,0.0,{},ETH,['https://github.com/aquiladev/remix-mythx-plugin/issues/24'],1,2.3978952727983707,2.833213344056216,2.833213344056216,2.70805020110221,2019-05-17T08:56:49Z,1.3862943611198906,JavaScript,10.047587896509885,9.261128538808288,8.604654467186231,1.6094379124341003,30.0,0.0,2019-05-17T08:56:49Z,0,1.0,6.893656354602635,7.016609683894219,0.0,0.0,1.0986122886681098,1,6.816e+18,2.5649493574615367,0.6931471805599453,1,0,0,0,1,0,0,0,0,0,0,0,1,0,0,0,1,0,0,0
308,393,2610,2019-10-01T20:04:22,Feature,Hours,Advanced,https://github.com/gitcoinco/web/issues/4695,octavioamu,https://gitcoin.co/issue/16650,Python,108.02,gitcoinco,"### User Story

[comment]: # (As a , I want to  so that .)
As a contributor using the explorer if nothing is found the ""nothing found"" message should have a link to https://gitcoin.co/requests
### Why Is this Needed

[comment]: # (Describe the problem and why this task is needed. Provide description of the current state, what you would like to happen, and what actually happen)
 
*Summary*:
To increment the number of interesting bounties and be more assertive
### Description

[comment]: # (Feature or Bug? i.e Type: Bug)
*Type*: Feature

### Current Behavior
[comment]: # (Describe what actually happened.)
just a nothing found message 
### Expected Behavior
[comment]: # (Describe what you expected to happen.)
![image](https://user-images.githubusercontent.com/1358093/60196828-6acb7f80-9814-11e9-80a0-38b659d8c49a.png)
People click the button, fill the form and then an email is sent to the organisation with all the data of the request.  

![image](https://user-images.githubusercontent.com/1358093/63968525-5b67ed00-ca76-11e9-853d-7537bc606c37.png)


### Definition of Done
[comment]: # (Any other information that would be useful, bullets are helpful.)

- [ ] Edit empty state to add a the link as the image
- [ ] Create a new field in bounty request ""org email""
- [ ] fetch the organisation issue email (ex: https://api.github.com/orgs/gitcoinco)
- [ ] Send an email to the organisation with the request data (simple email template will be provided for this task) Data to include into the email are: 
user profile, 
link to the issue, 
amount, 
comment,
link to create an issue with parameters (this already works like this with issue url and user id: https://gitcoin.co/bounty/new?invite=USERID&source=ISSUEURL )

### Data Requirements
[comment]: # (How will we measure the success of this feature? What kind of tracking is needed for this feature (clicks, impressions, flag)?)
This will increment the number of funders
This will increment the number of bounties
Bounty will likely get done faster and with better quality.

### Additional Information
[comment]: # (Any other information that would be useful, content, screenshots, etc.)
This feature will be used in the future to be able to request bounties from other sites like organization directory. 

### Security
- Be sure to fill the org email in the server side to prevent abuse of spammers
- Be sure to fill userid checking if the user is logged in
- Be sure the url field coming from the form is actually a valid one (github url)",web,0,0.0,{},ETH,['https://github.com/gitcoinco/web/pull/5250'],1,6.728628613084702,7.396948602621014,7.396948602621014,6.444131256700441,2017-07-10T10:53:45Z,4.532599493153256,JavaScript,13.991201849715411,4.997212273764115,3.091042453358316,2.3978952727983707,2.0,33.0,2019-09-24T21:30:37Z,2019-10-01T18:10:27Z,1.0,4.465908118654584,7.845416036592485,6.911747300251674,4.74493212836325,4.59511985013459,60,3.5e+17,1.791759469228055,0.6931471805599453,1,0,0,0,1,0,0,0,0,0,0,1,0,0,0,0,1,0,0,0
309,394,2614,2019-08-20T12:02:58,Documentation,Hours,Intermediate,https://github.com/kauri-io/content/issues/53,ChrisChinchilla,https://gitcoin.co/issue/15431,"cloud,dapp",307.49,kauri-io,"We have an existing tutorial collection that takes new web3 developers from beginning steps to a functioning full stack web3 dapp.

https://kauri.io/collection/5b8e401ee727370001c942e3

We want to add a new tutorial to this collection to show the steps to deploy application side of the dapp to Azure. In this particular case, also show the reader how to deploy their smart contract to running on an Azure managed blockchain instance.

Ideally the deployment process is maintainable as code changes, the app should also update.

The article should follow on from earlier parts of the series, use simple technical english and as little passive voice as possible. If you make a PR to this repo it offers advice on your text via a CI process.",content,0,0.0,{},ETH,['https://github.com/kauri-io/Content/pull/58'],1,3.1780538303479458,2.4849066497880004,2.4849066497880004,1.791759469228055,2018-11-22T13:39:57Z,2.1972245773362196,Others,9.271341393533582,4.1588830833596715,0.0,0.6931471805599453,2.0,8.0,2019-06-29T19:09:21Z,2019-08-13T11:49:43Z,1.0,6.056784013228625,6.617402977974478,3.044522437723423,1.3862943611198906,0.0,0,9e+17,5.739792912179234,0.6931471805599453,0,0,1,0,1,0,0,0,0,0,1,0,0,0,0,0,0,1,0,0
310,395,2623,2019-07-15T13:15:50,Improvement,Hours,Beginner,https://github.com/portis-project/beyondblockchain2019-hackathon/issues/1,tomteman,https://gitcoin.co/issue/14928,"UX,web3,frontend,design",924.69,portis-project,"### Redefine Blockchain User Experience

### Prize Bounty
3 ETH

### Challenge Description
Did you build an amazing DApp? Does it harness the frictionless experience provided by Portis? Could it be the driving force for mainstream user adaptation? We want to see!

More info in the [repo README](https://github.com/portis-project/beyondblockchain2019-hackathon/blob/master/README.md) 📚

### Submission Requirements
A working, live DApp, as we need to be able to see it running ([deploying for free is super easy nowadays](https://zeit.co/now)) using Portis as its default web3 provider. It has to be a DApp that anybody can use. Your parents, your high school history teacher, anyone. Time to see that killer DApp for the mainstream.

### Submission Deadline
July 10th

### Judging Criteria
We will look for the best submission that has taken our vision to heart. We will focus on the idea and its execution - mainly the UX.

### Winner Announcement Date
July 12th",beyondblockchain2019-hackathon,0,0.0,{},ETH,"['https://github.com/krisc/PoopOutsideTheBox', 'https://github.com/robin-thomas/piper', 'https://github.com/DecentLabs/proof-of-love/']",3,1.791759469228055,1.0986122886681098,1.0986122886681098,0.0,2019-06-24T18:16:28Z,1.0986122886681098,Unknown,2.302585092994046,8.431417414394833,7.57353126274595,2.6390573296152584,30.0,0.0,2018-10-08T11:11:06Z,0,1.0,7.182352111885263,6.892641641172089,3.7612001156935624,0.0,0.0,0,3e+18,2.302585092994046,1.3862943611198906,0,1,0,0,1,0,0,0,0,0,0,0,1,0,0,0,0,0,0,1
311,397,2629,2019-07-23T03:46:30,Documentation,Hours,Beginner,https://github.com/sigillabs/mobidex/issues/236,generalpiston,https://gitcoin.co/issue/15010,react-native,4.62,sigillabs,"# Description

Getting started with Android development and Mobidex is hard. The README should cover all steps necessary to get the emulator up and running. Let's update the README to have the correct steps to get Mobidex running the Android emulator from start to finish.

## Platform

Mac OS X

# Reproduce (Optional)

Follow the steps in the README.",mobidex,0,0.0,{},ETH,['https://github.com/sigillabs/mobidex/pull/244'],1,3.6635616461296463,4.31748811353631,4.31748811353631,4.51085950651685,2018-01-14T02:24:55Z,2.4849066497880004,JavaScript,10.045160710852274,2.0794415416798357,2.0794415416798357,0.6931471805599453,10.0,1.0,2019-07-04T07:06:07Z,2019-07-22T17:53:03Z,1.0,5.298317366548036,5.8944028342648505,1.3862943611198906,0.0,0.0,0,1.5e+16,0.6931471805599453,0.6931471805599453,0,1,0,0,1,0,0,0,0,0,1,0,0,0,0,0,1,0,0,0
312,398,2630,2019-07-02T00:14:46,Documentation,Hours,Beginner,https://github.com/sigillabs/mobidex/issues/235,generalpiston,https://gitcoin.co/issue/14740,react-native,4.62,sigillabs,"# Description

Getting started with XCode development and Mobidex is hard. The README should cover all steps necessary to get the emulator up and running. Let's Update the README to have the correct steps to get Mobidex running the XCode emulator from start to finish.

## Platform

Mac OS X

# Reproduce (Optional)

Follow the steps in the README.",mobidex,0,0.0,{},ETH,['https://github.com/sigillabs/mobidex/pull/241'],1,3.6635616461296463,4.31748811353631,4.31748811353631,4.51085950651685,2018-01-14T02:24:55Z,2.4849066497880004,JavaScript,10.045160710852274,3.6888794541139363,2.5649493574615367,0.6931471805599453,1.0,1.0,2019-06-30T12:53:06Z,2019-07-01T13:43:58Z,1.0,6.63200177739563,5.883322388488279,1.0986122886681098,0.0,0.0,0,1.5e+16,3.1354942159291497,0.6931471805599453,0,1,0,0,1,0,0,0,0,0,1,0,0,0,0,0,1,0,0,0
313,399,2631,2019-07-17T21:13:54,0,Hours,Intermediate,https://github.com/arweaveteam/bounties/issues/5,samcamwilliams,https://gitcoin.co/issue/14954,"web,dweb,arweave,html,js,css,email",762.7,arweaveteam,"### Prize Bounty
$750 in ETH

### Challenge Description

As well as allowing permanent, on-chain storage of large documents, Arweave can also provide cheap, permanent and verifiable timestamping of data that remains private to the user.

For example, [Chronolock](https://arweave.net/6VkUYorRUkLRtBigUWPErwi95SJqeW6Z07sZemDDGiM) is a permaweb app that allows users to timestamp their documents into the Arweave, without revealing their contents to others.

This prize is for the best service that users allows users to CC or FWD an email to an address and have a hash of it permanently stored into the blockweave -- providing a valuable utility for those that wish to prove the contents of messages they have sent or received.

### Submission Requirements

You should aim for a minimal viable product that an end-user could reasonably get started with. This service will inevitably need some centralised component in order to hook into email services, but as much of the system should be decentralised as possible.

### Submission Deadline
July 10th, unless otherwise specified

### Judging Criteria
Best submission that an end-user could reasonably start to use 

### Winner Announcement Date
July 12th, unless otherwise specified",bounties,0,0.0,{},ETH,"['https://github.com/snezanasucurovic042/EmailCrypto1', 'https://github.com/josh-richardson/chainmail', 'https://github.com/snezanasucurovic042/EmailCrypto1', 'https://github.com/IgorShadurin/arweave-provable-emails']",4,3.4339872044851463,4.51085950651685,4.51085950651685,1.791759469228055,2019-04-30T20:49:58Z,2.9444389791664403,Unknown,3.332204510175204,8.348774539791274,3.1354942159291497,2.302585092994046,7.0,0.0,2019-06-25T08:37:39Z,0,1.0,6.52795791762255,7.134093721192866,2.3978952727983707,1.6094379124341003,0.0,0,2.413e+18,1.791759469228055,1.6094379124341003,0,0,1,0,1,0,0,0,0,0,0,0,0,0,0,0,0,0,0,1
314,400,2632,2019-07-17T21:13:24,0,Days,Beginner,https://github.com/arweaveteam/bounties/issues/3,samcamwilliams,https://gitcoin.co/issue/14953,"web,dweb,html,css,js,arweave",744.68,arweaveteam,"### Prize Bounty
$750 in ETH

### Challenge Description

Being able to cite original and reliable resources is more important than ever in the age of fake news. This challenge is to build the most interesting and original knowledge sharing and editing platform built on Arweave’s permanent ledger.

Themes to experiment with:
- Incentivisation of collaboration through mico-tips, rather than up-votes.
- Tracing of ideas through the permaweb’s immutable transaction graphs.
- ‘Forking’ of blog posts/other media, linking back to the original content in a way reminescent of GitHub.

### Submission Requirements
You should aim for a minimal viable product that an end-user could reasonably start to adopt.

### Submission Deadline
July 10th, unless otherwise specified

### Judging Criteria
Best submission that an end-user could reasonably start to use 

### Winner Announcement Date
July 12th, unless otherwise specified",bounties,0,0.0,{},ETH,"['https://github.com/srisankethu/ar-openknowledge', 'https://github.com/niinpatel/expert-advice', 'https://github.com/calchulus/arweave-knowledger']",3,3.4339872044851463,4.51085950651685,4.51085950651685,1.791759469228055,2019-04-30T20:49:58Z,2.9444389791664403,Unknown,3.332204510175204,7.661997558901893,1.3862943611198906,2.302585092994046,4.0,0.0,2019-07-11T00:48:25Z,0,1.0,5.375278407684165,6.8501261661455,2.302585092994046,1.6094379124341003,0.0,0,2.413e+18,1.791759469228055,1.3862943611198906,0,1,0,1,0,0,0,0,0,0,0,0,0,0,0,0,0,0,0,1
315,402,2635,2019-06-29T19:06:47,Documentation,Hours,Beginner,https://github.com/ethhub-io/ethhub/issues/299,sassal,https://gitcoin.co/issue/14723,"ethereum,documentation",117.86,ethhub-io,"## Requirement

List all the companies/enterprises building on top of Ethereum on this [page](https://github.com/ethhub-io/ethhub/blob/master/docs/built-on-ethereum/enterprise/enterprise.md).

## Gather resources for companies:
- Building on public or private Ethereum
- Working on enterprise use-cases (such as EY's Nightfall or JPMs Zether)
- Integrating Ethereum-based products into their own apps in some way (such as Google integrating Chainlink).

## Resources to get you started:
- https://entethalliance.org/
- https://consensys.net/enterprise-ethereum/",ethhub,0,0.0,{},ETH,['https://github.com/ethhub-io/ethhub/pull/300'],1,6.502790045915623,6.774223886357614,6.774223886357614,4.127134385045092,2018-09-14T21:27:36Z,3.828641396489095,Others,11.5941090600457,6.405228458030842,1.9459101490553132,2.8903717578961645,28.0,4.0,2019-06-24T09:42:25Z,2019-06-29T12:50:04Z,1.0,6.775366090936392,6.35088571671474,1.3862943611198906,0.6931471805599453,9.3940775929113,11917,4e+17,5.8805329864007,0.6931471805599453,0,1,0,0,1,0,0,0,0,0,1,0,0,0,0,0,0,1,0,0
316,404,2652,2019-06-25T16:51:43,Documentation,Hours,Intermediate,https://github.com/kauri-io/content/issues/46,ChrisChinchilla,https://gitcoin.co/issue/14661,concepts,422.63,kauri-io,Create post on bonding curves,content,0,0.0,{},ETH,['https://github.com/kauri-io/Content/pull/34'],1,3.1780538303479458,2.4849066497880004,2.4849066497880004,1.791759469228055,2018-11-22T13:39:57Z,2.1972245773362196,Others,9.271341393533582,4.553876891600541,0.0,1.0986122886681098,5.0,11.0,2019-03-29T05:32:28Z,2019-06-20T12:12:37Z,1.0,6.634633357861686,3.4011973816621555,2.70805020110221,0.6931471805599453,0.0,0,1.551e+18,3.091042453358316,0.6931471805599453,0,0,1,0,1,0,0,0,0,0,1,0,0,0,0,0,0,1,0,0
317,405,2653,2019-07-16T18:27:12,0,Hours,Intermediate,https://github.com/ethereum/py-evm/issues/1786,vs77bb,https://gitcoin.co/issue/14944,Python,149.04,ethereum,"### What is wrong?

We are using old-style python3.5 type annotations, like:

```py
class Polygon:
  num_sides  # type: int
```

Now that we have dropped python3.5 (#1785), these are unnecessary and ugly.

### How can it be fixed

Switch to the newer-style annotations, like:

```py
class Polygon:
  num_sides: int
```

There should not be any ""type: X"" comments left (except for `type: ignore`) after this change.",py-evm,0,0.0,{},ETH,['https://github.com/ethereum/py-evm/pull/1792'],1,6.369900982828227,7.578656850594762,7.578656850594762,4.736198448394496,2016-12-27T19:36:00Z,4.584967478670572,Others,9.655282570626547,5.123963979403259,5.298317366548036,3.828641396489095,3.0,8.0,2019-06-17T16:00:41Z,2019-07-08T20:25:22Z,1.0,7.165493475060845,6.075346031088684,5.159055299214529,3.6635616461296463,8.73294952429643,5966,5.4900000000000006e+17,5.817111159963204,0.6931471805599453,0,0,1,0,1,0,0,0,0,0,0,0,0,0,0,0,0,1,0,0
318,406,2660,2019-06-19T13:58:02,Other,Hours,Intermediate,https://github.com/pegasyseng/bountiedwork/issues/17,jrhea,https://gitcoin.co/issue/14533,0,496.22,pegasyseng,"Hobbits is a network protocol for distributed systems meant for simple interactions between peers. Hobbits is used to explore and test interactions between Ethereum 2.0 clients as they firm up network requirements.

This bounty will be awarded to the team or individual implementing hobbits as defined by the specification of the wire protocol and the specification of the gossip protocol in Python 3.

### Acceptance criteria:
- The implementation is delivered under a permissive open source license (MIT and/or ASL)
- The implementation follows Python 3 best practices.
- The implementation has significant test coverage as unit tests.
- The implementation is integrated with continuous integration and test coverage.
- The implementation passes the Hobbits conformance tests, using the Hobbits test client.
- TCP Transport

### Additional Info:
Hobbits specifications: https://github.com/deltap2p/hobbits
Reference Implementation: https://github.com/apache/incubator-tuweni/tree/master/hobbits",bountiedwork,0,0.0,{},ETH,['https://github.com/nanspro/Hobbits.py'],1,2.0794415416798357,2.3978952727983707,2.3978952727983707,0.0,2019-03-14T19:40:01Z,3.6109179126442243,Unknown,2.302585092994046,6.588926477533519,5.267858159063328,3.2188758248682006,7.0,0.0,2019-06-15T19:34:19Z,0,1.0,5.820082930352362,6.918695219020472,3.044522437723423,1.9459101490553132,0.0,0,2e+18,4.430816798843313,0.6931471805599453,0,0,1,0,1,0,0,0,0,0,0,0,0,1,0,0,0,0,0,1
319,407,2662,2019-06-15T19:41:11,Other,Hours,Intermediate,https://github.com/pegasyseng/bountiedwork/issues/9,jrhea,https://gitcoin.co/issue/14473,0,485.12,pegasyseng,"Hobbits is a network protocol for distributed systems meant for simple interactions between peers. Hobbits is used to explore and test interactions between Ethereum 2.0 clients as they firm up network requirements.

This bounty will be awarded to the team or individual implementing hobbits as defined by the specification of the wire protocol and the specification of the gossip protocol in the Golang language.

### Acceptance criteria:
- The implementation is delivered under a permissive open source license (MIT and/or ASL)
- The implementation follows Go best practices.
- The implementation has significant test coverage as unit tests.
- The implementation is integrated with continuous integration and test coverage.
- The implementation passes the [Hobbits conformance tests](https://github.com/deltap2p/hobbits/blob/master/test/conformance/README.md)
- TCP Transport

### Additional Info:
Hobbits specifications: https://github.com/deltap2p/hobbits
Reference Implementation: https://github.com/apache/incubator-tuweni/tree/master/hobbits",bountiedwork,0,0.0,{},ETH,['https://github.com/renaynay/go-hobbits'],1,2.0794415416798357,2.3978952727983707,2.3978952727983707,0.0,2019-03-14T19:40:01Z,3.6109179126442243,Unknown,2.302585092994046,6.437751649736401,6.025865973825314,2.302585092994046,30.0,0.0,2019-06-12T03:57:55Z,0,1.0,6.208590026096629,6.967909201801884,2.5649493574615367,1.6094379124341003,0.0,0,2e+18,4.465908118654584,0.6931471805599453,0,0,1,0,1,0,0,0,0,0,0,0,0,1,0,0,0,0,0,1
320,408,2665,2019-06-13T23:12:35,Other,Hours,Advanced,https://github.com/pegasyseng/bountiedwork/issues/8,jrhea,https://gitcoin.co/issue/14452,0,485.61,pegasyseng,"Hobbits is a network protocol for distributed systems meant for simple interactions between peers. Hobbits is used to explore and test interactions between Ethereum 2.0 clients as they firm up network requirements.

This bounty will be awarded to the team or individual implementing a Hobbits test client defined by the specification of the wire protocol and the specification of the gossip protocol.

### Acceptance criteria:
- The implementation is delivered under a permissive open source license (MIT and/or ASL)
- The test client implements the Hobbits specification.
- The test client can relay messages between two peers.
- The test client reports behaviors from the peers in text format, made to stdout.
- The test client is shown to interoperate with other instances of the test client.
- TCP Transport

**Example:**

Node1 -> Test Client Relay -> Node2

**Node1:** Logs messages sent
**Test Client Relay:** Logs messages received
**Node2:** Logs messages received

> Note: Test suite then compares logs to ensure that they match

### Additional Info
Hobbits specifications: https://github.com/deltap2p/hobbits",bountiedwork,0,0.0,{},ETH,['https://github.com/apache/incubator-tuweni/tree/master/hobbits-relayer'],1,2.0794415416798357,2.3978952727983707,2.3978952727983707,0.0,2019-03-14T19:40:01Z,3.6109179126442243,Unknown,2.302585092994046,5.823045895483019,3.9512437185814275,2.772588722239781,30.0,0.0,2019-03-29T19:02:36Z,0,1.0,7.0825485693553,7.04141166379481,2.4849066497880004,1.6094379124341003,0.0,0,2.002e+18,5.181783550292085,0.6931471805599453,1,0,0,0,1,0,0,0,0,0,0,0,0,1,0,0,0,0,0,1
321,409,2666,2019-06-19T23:00:22,Feature,Hours,Intermediate,https://github.com/gitcoinco/code_fund_ads/issues/483,coderberry,https://gitcoin.co/issue/14557,Ruby,99.95,gitcoinco,"## User Story

As a _publisher_, I want to force using fallback ads locally so that I do not hit real ads during local development.

## Description

Since CodeFund has fallback ads, I was wondering if there was a way to ""force"" CodeFund to server a fallback ad. This would be useful when developing locally.

## Acceptance Critera

Although I cannot find official AdSense docs, there appears to be `var google_adtest = ""on""` for sync and `data-adtest=""on""` for async. 

What if we could pass a query param:

```
https://codefund.app/properties/{id}/funder.js?adtest=true
```

## Related

List any URL's or other issues that provide more context.",code_fund_ads,0,0.0,{},ETH,['https://github.com/gitcoinco/code_fund_ads/pull/544'],1,4.812184355372417,5.942799375126701,5.942799375126701,3.6375861597263857,2018-10-18T16:53:17Z,3.044522437723423,Others,12.371205655340878,3.6888794541139363,1.6094379124341003,1.0986122886681098,2.0,1.0,2019-06-18T17:14:22Z,2019-06-19T22:57:43Z,1.0,6.9985096422506015,6.501289670540389,6.8885724595653635,4.68213122712422,3.912023005428146,31,4.17e+17,3.091042453358316,0.6931471805599453,0,0,1,0,1,0,0,0,0,0,0,1,0,0,0,0,0,1,0,0
322,410,2670,2019-07-03T19:00:17,Improvement,Hours,Intermediate,https://github.com/gitcoinco/web/issues/4544,PixelantDesign,https://gitcoin.co/issue/14754,"HTML,Python,CSS",73.95,gitcoinco,"### User Story
As a Gitcoin contributor I'd like to be able to filter/ see/ work on bounties which no one has worked on yet.

### Defintion of Done
Add a dropdown on the left rail filters .....that allows user to filter by # of applicants.
0 Applicants
1-5 Applicants

- [ ] Please Implement this drop down

![image (4)](https://user-images.githubusercontent.com/238235/59164970-6d269d80-8ae2-11e9-859f-807c3d76ef93.png)
- [ ] Review with @octavioamu @PixelantDesign",web,0,0.0,{},ETH,['https://github.com/gitcoinco/web/pull/4613'],1,6.728628613084702,7.396948602621014,7.396948602621014,6.444131256700441,2017-07-10T10:53:45Z,4.532599493153256,JavaScript,13.991201849715411,3.9889840465642745,1.9459101490553132,1.3862943611198906,5.0,10.0,2019-06-10T21:59:48Z,2019-07-03T13:15:44Z,1.0,5.19295685089021,6.169610732491456,6.88653164253051,4.68213122712422,5.429345628954441,195,3.2e+17,5.834810737062605,0.6931471805599453,0,0,1,0,1,0,0,0,0,0,0,0,1,0,0,0,1,0,0,0
323,411,2671,2019-07-03T19:00:27,Bug,Hours,Intermediate,https://github.com/gitcoinco/web/issues/4398,PixelantDesign,https://gitcoin.co/issue/14755,Python,71.79,gitcoinco,"### User Story
As a funder I'd like to see the only relevant contributors to fulfill my bounty

### Definition of Done
- Display recently worked on your bounties first.
- Update default view (prior to entering a search) sorting to show contributors by leaderboard number
- Review with core team
- Post screenshot of implementation

- BE sort queries based on above
- add conditions when filtering


### Why
- We'd like to help funders easily find the best contributors to work with",web,0,0.0,{},ETH,['https://github.com/gitcoinco/web/pull/4602'],1,6.728628613084702,7.396948602621014,7.396948602621014,6.444131256700441,2017-07-10T10:53:45Z,4.532599493153256,JavaScript,13.991201849715411,2.5649493574615367,1.9459101490553132,0.6931471805599453,4.0,15.0,2019-06-09T21:08:14Z,2019-07-03T13:05:56Z,1.0,4.852030263919617,6.206575926724928,6.884486652042782,4.672828834461906,5.429345628954441,195,2.9e+17,5.8289456176102075,0.6931471805599453,0,0,1,0,1,0,0,1,0,0,0,0,0,0,0,0,1,0,0,0
324,412,2676,2019-06-15T16:46:15,Improvement,Hours,Intermediate,https://github.com/nblockchain/tcpechosharp/issues/2,knocte,https://gitcoin.co/issue/14471,"C#,F#",194.72,nblockchain,"1. In StratumClient.cs, use Newtonsoft.Json API to construct the JSON string instead of hardcoding the json structure. Verify that tests still pass after this change.
2. Convert StratumClient.cs file from C# to F# (creating new project StratumClient.fsproj, compiled as .NETStandard2.0). Glue everything together again making sure that tests still pass after this change.
3. Add a new API on StratumClient.fs to get the information about bitcoin fee rate from electrum servers. Add a unit test around this functionality to Client.Tests project, similar to the existing one.",tcpechosharp,0,0.0,{},ETH,['https://github.com/nblockchain/TcpEchoSharp/pull/3'],1,1.6094379124341003,0.6931471805599453,0.6931471805599453,0.6931471805599453,2019-05-26T07:15:45Z,1.0986122886681098,Others,4.143134726391533,4.912654885736052,3.58351893845611,2.302585092994046,7.0,1.0,2019-06-10T07:18:13Z,2019-06-16T05:57:33Z,1.0,6.77078942390898,6.3561076606958915,0.6931471805599453,0.0,3.091042453358316,19,7.94e+17,5.877735781779639,0.6931471805599453,0,0,1,0,1,0,0,0,0,0,0,0,1,0,0,0,0,1,0,0
325,414,2681,2019-06-03T06:40:09,Feature,Days,Intermediate,https://github.com/acolytec3/nanobitcoin-go/issues/9,acolytec3,https://gitcoin.co/issue/14011,Go,0.26,acolytec3,For someone special,nanobitcoin-go,0,0.0,{},ETH,['https://github.com/acolytec3/nanobitcoin-go/pull/2'],1,0.0,0.0,0.0,2.302585092994046,2019-05-21T19:16:06Z,1.0986122886681098,Others,8.189522110748094,4.852030263919617,3.044522437723423,2.0794415416798357,17.0,0.0,2019-05-21T19:16:06Z,0,1.0,6.628041376179533,2.995732273553991,2.9444389791664403,0.0,4.248495242049359,64,1000000000000000.0,11.65910157512783,0.6931471805599453,0,0,1,1,0,0,0,0,0,0,0,1,0,0,0,0,0,1,0,0
326,415,2682,2019-06-18T13:31:12,Improvement,Hours,Intermediate,https://github.com/gitcoinco/web/issues/4503,danlipert,https://gitcoin.co/issue/14510,"HTML,Python",78.48,gitcoinco,"### User Story

As a marketer, I'd like each bounty URL to have a canonical URL included, so that our SEO is improved and we are not penalized for duplicate content on bounties.

### Why Is this Needed

Currently, each version of each bounty gets a unique URL - often 3 or 4 versions per bounty. Search engines will penalize us for the duplicate content, but adding a canonical URL to each version that points at the latest version will remove this penalty.

### Description

*Type*: Feature

### Current Behavior
No Canonical URL

### Expected Behavior
Added canonical URL that points to the latest version.

### Definition of Done
The template for bounty details is updated to contain a valid canonical URL pointing at the current version of the bounty detail page.

### Data Requirements
This should increase organic search traffic",web,0,0.0,{},ETH,['https://github.com/gitcoinco/web/pull/4579'],1,6.728628613084702,7.396948602621014,7.396948602621014,6.444131256700441,2017-07-10T10:53:45Z,4.532599493153256,JavaScript,13.991201849715411,3.784189633918261,0.0,1.6094379124341003,4.0,6.0,2019-06-05T00:31:12Z,2019-06-18T13:33:15Z,1.0,6.493753839851686,6.75343791859778,6.875232087276577,4.6443908991413725,9.286838342948908,10767,3e+17,5.8522024797744745,0.6931471805599453,0,0,1,0,1,0,0,0,0,0,0,0,1,0,0,0,1,0,0,0
327,416,2684,2019-08-07T15:51:51,0,Hours,Intermediate,https://github.com/gitcoinco/web/issues/4522,owocki,https://gitcoin.co/issue/15299,"Dockerfile,ipfs",46.28,gitcoinco,"**Describe the bug**
web_1      | /code/app/dashboard/utils.py:27: FutureWarning: The `ipfsapi` library is deprecated and will stop receiving updates on the 31.12.2019! If you are on Python 3.5+ please enable and fix all Python deprecation warnings (CPython flag `-Wd`) and switch to the new `ipfshttpclient` library name. Python 2.7 and 3.4 will not be supported by the new library, so please upgrade.
web_1      |   import ipfsapi

**To Reproduce**
start docker

**Expected behavior**
no outdated libraries",web,0,0.0,{},ETH,['https://github.com/gitcoinco/web/pull/4552'],1,6.728628613084702,7.396948602621014,7.396948602621014,6.444131256700441,2017-07-10T10:53:45Z,4.532599493153256,JavaScript,13.991201849715411,3.58351893845611,2.70805020110221,1.791759469228055,13.0,15.0,2019-05-31T16:54:13Z,2019-08-07T12:31:39Z,1.0,4.143134726391533,6.248042874508429,6.873163834212518,4.6443908991413725,11.673274040953775,117281,1.8e+17,5.6937321388027,0.6931471805599453,0,0,1,0,1,0,0,0,0,0,0,0,0,0,0,0,1,0,0,0
328,417,2687,2019-08-30T07:06:24,Documentation,Days,Intermediate,https://github.com/kauri-io/content/issues/45,ChrisChinchilla,https://gitcoin.co/issue/15728,vyper,1004.9,kauri-io,"We currently have this series - https://kauri.io/collection/5b8e401ee727370001c942e3

And we would like someone to convert certain posts to use Vyper code instead of Solidity. This may mean just swapping out code examples and changing a little explanation, or it may require some significant rewriting to explain different concepts, we leave that up to your judgement.

Here are the specific posts.

- https://kauri.io/article/7a27a1c1fbdc428b8058f14db1a227aa/v1/tools-for-working-with-solidity
- https://kauri.io/article/124b7db1d0cf4f47b414f8b13c9d66e2/v9/remix-ide-your-first-smart-contract
- https://kauri.io/article/973c5f54c4434bb1b0160cff8c695369/v6/understanding-smart-contract-compilation-and-deployment
- https://kauri.io/article/cbc38bf09088426fbefcbe7d42ac679f/v6/truffle:-smart-contract-compilation-and-deployment
- https://kauri.io/article/f95f956261494090be1aaa8227464773/v8/truffle:-testing-your-smart-contract

Plus relevant elements of the example app repo - https://github.com/kauri-io/kauri-fullstack-dapp-tutorial-series",content,0,0.0,{},ETH,['https://github.com/kauri-io/Content/pull/57'],1,3.1780538303479458,2.4849066497880004,2.4849066497880004,1.791759469228055,2018-11-22T13:39:57Z,2.1972245773362196,Others,9.271341393533582,7.1853870155804165,0.0,1.791759469228055,13.0,23.0,2019-06-28T15:36:36Z,2019-08-23T14:17:06Z,1.0,6.236369590203704,6.960347729101308,2.6390573296152584,0.6931471805599453,0.0,0,3.934e+18,5.616771097666572,0.6931471805599453,0,0,1,1,0,0,0,0,0,0,1,0,0,0,0,0,0,1,0,0
329,418,2695,2019-07-31T21:29:46,0,Hours,Intermediate,https://github.com/gitcoinco/web/issues/4395,owocki,https://gitcoin.co/issue/15210,"JavaScript,HTML,Python",68.09,gitcoinco,"### User Story
As a funder of a bounty, when selecting reserve bounty I'd like to not have to approve a bounty for a contributor I trust and have worked with before.

### Definition of Done
- Implement a fix to this so that when a funder selects reserve approval is not required.
- Uncheck auto approve after 72 hours when reserve bounty is selected.

### Why
- This will make the experience more intuitive, and creates less processing time for a funder to understand all of the inputs on the funder form, increasing number of funded bounties.",web,0,0.0,{},ETH,['https://github.com/gitcoinco/web/pull/4716#issuecomment-513587082'],1,6.728628613084702,7.396948602621014,7.396948602621014,6.444131256700441,2017-07-10T10:53:45Z,4.532599493153256,JavaScript,13.991201849715411,4.30406509320417,1.0986122886681098,1.6094379124341003,8.0,6.0,2019-06-29T13:55:20Z,2019-07-24T14:24:23Z,1.0,6.893656354602635,6.313548046277095,6.860663671448287,4.624972813284271,11.673274040953775,117281,2.5e+17,5.707110264748875,0.6931471805599453,0,0,1,0,1,0,0,0,0,0,0,0,0,0,0,0,1,0,0,0
330,419,2697,2019-06-09T08:06:43,Improvement,Hours,Intermediate,https://github.com/ssteiger/vyper-contract-gui/issues/7,ssteiger,https://gitcoin.co/issue/14182,"JavaScript,redux,electron",106.03,ssteiger,"Right now when the app is packaged redux actions stop working.

Maybe we should integrate electron-redux?

Related:

https://github.com/electron-react-boilerplate/electron-react-boilerplate/pull/1615

https://github.com/hardchor/electron-redux",vyper-contract-gui,0,0.0,{},ETH,['https://github.com/ssteiger/Vyper-Contract-GUI/pull/11'],1,2.0794415416798357,3.6888794541139363,3.6888794541139363,3.7376696182833684,2019-03-20T16:51:10Z,1.3862943611198906,JavaScript,9.51044496442652,2.995732273553991,2.9444389791664403,0.6931471805599453,1.0,0.0,2019-06-08T10:47:37Z,2019-06-08T11:04:55Z,1.0,5.081404364984463,5.529429087511423,0.0,0.0,1.791759469228055,3,4e+17,5.863631175598097,0.6931471805599453,0,0,1,0,1,0,0,0,0,0,0,0,1,0,0,0,1,0,0,0
331,420,2698,2019-06-04T11:55:41,Feature,Hours,Intermediate,https://github.com/nblockchain/tcpechosharp/issues/1,knocte,https://gitcoin.co/issue/14033,"C#,sockets,.net,stratum,electrum",202.44,nblockchain,"Task: modify TcpEcho to call an electrum server with the `blockchain.transaction.get` method (docs: http://docs.electrum.org/en/latest/protocol.html#blockchain-transaction-get) using this argument: `2f309ef555110ab4e9c920faa2d43e64f195aa027e80ec28e1d243bd8929a2fc`.

Deliverables:
- Modification of SystemIOPipelines client code to launch a single StratumProtocol query to a server. Server list can be extracted from https://1209k.com/bitcoin-eye/ele.php and copy+pasted in the code.
- Unit test that tries to launch the aforementioned query to all servers in the list (not in parallel), and succeeds as soon as one server replies (printing the result with `Console.WriteLine` and asserting about the string content of its reply).

Notes: you can test the stratum protocol by hand with the command line using the echo and nc commands together, as shown in this example: https://github.com/kyuupichan/electrumx/issues/419#issuecomment-374069789",tcpechosharp,0,0.0,{},ETH,['https://github.com/knocte/TcpEcho/pull/2'],1,1.6094379124341003,0.6931471805599453,0.6931471805599453,0.6931471805599453,2019-05-26T07:15:45Z,1.0986122886681098,Others,4.143134726391533,7.071573364211532,5.8289456176102075,3.044522437723423,30.0,0.0,2019-05-16T03:56:57Z,0,1.0,6.8690144506657065,6.856461984594587,0.0,0.0,3.091042453358316,19,8.1e+17,3.044522437723423,0.6931471805599453,0,0,1,0,1,0,0,0,0,0,0,1,0,0,0,0,0,1,0,0
332,421,2700,2019-05-31T09:19:13,0,Hours,Intermediate,https://github.com/b-mueller/sabre/issues/62,b-mueller,https://gitcoin.co/issue/13862,0,49.76,b-mueller,"Add an extra optional argument that allows the user to specify a contract name for analysis. I.e.:

```
$ sabre [options]  [contract_name]
```

**Expected behavior:** 

1. If the user omits the contract name, behave as usual: Analyze the contract with the largest bytecode, or the only contract if only one is returned.
2. If a contract name is specified, attempt to submit the bytecode of that contract for analysis. Exit with an error message if no contract of that name exists.",sabre,0,0.0,{},ETH,['https://github.com/b-mueller/sabre/pull/63'],1,2.995732273553991,4.0943445622221,4.0943445622221,0.6931471805599453,2018-10-24T04:31:07Z,1.9459101490553132,JavaScript,6.62273632394984,3.1354942159291497,2.8903717578961645,1.0986122886681098,1.0,0.0,2019-05-25T14:13:03Z,2019-05-25T18:14:31Z,1.0,5.683579767338681,6.194405391104672,2.8903717578961645,1.3862943611198906,3.5553480614894135,30,2e+17,5.883322388488279,0.6931471805599453,0,0,1,0,1,0,0,0,0,0,0,0,0,0,0,0,1,0,0,0
333,422,2728,2019-05-31T07:11:02,Documentation,Hours,Intermediate,https://github.com/kauri-io/content/issues/42,ChrisChinchilla,https://gitcoin.co/issue/13849,"remix,solidity,translation",152.23,kauri-io,"We would like this post - https://kauri.io/article/124b7db1d0cf4f47b414f8b13c9d66e2/v8/remix-ide-your-first-smart-contract

translated into Russian.",content,0,0.0,{},ETH,['https://github.com/kauri-io/Content/pull/44'],1,3.1780538303479458,2.4849066497880004,2.4849066497880004,1.791759469228055,2018-11-22T13:39:57Z,2.1972245773362196,Others,9.271341393533582,7.193685818395112,0.0,1.791759469228055,28.0,0.0,2019-05-18T13:37:13Z,2019-05-31T16:39:22Z,1.0,5.958424693029782,5.017279836814924,2.5649493574615367,0.6931471805599453,0.0,0,6.5e+17,5.10594547390058,0.6931471805599453,0,0,1,0,1,0,0,0,0,0,1,0,0,0,0,0,0,1,0,0
334,423,2729,2019-05-31T07:07:09,Documentation,Hours,Beginner,https://github.com/kauri-io/content/issues/41,ChrisChinchilla,https://gitcoin.co/issue/13847,"Ethereum,Translation",152.23,kauri-io,"We would like to translate this post - https://kauri.io/article/67a81d8746ee4b49ba19447e8e2a983e/v7/ethereum-101-part-1-what-is-ethereum

into Russian.",content,0,0.0,{},ETH,['https://github.com/random-char/Content/commits/ethereum-101-translation-ru'],1,3.1780538303479458,2.4849066497880004,2.4849066497880004,1.791759469228055,2018-11-22T13:39:57Z,2.1972245773362196,Others,9.271341393533582,7.2115567333138015,6.3835066348840055,3.5263605246161616,30.0,0.0,2019-05-17T09:53:55Z,0,1.0,5.117993812416755,5.0369526024136295,2.4849066497880004,0.6931471805599453,0.0,0,6.5e+17,5.10594547390058,0.6931471805599453,0,1,0,0,1,0,0,0,0,0,1,0,0,0,0,0,0,1,0,0
335,424,2730,2019-05-20T04:37:13,Other,Hours,Beginner,https://github.com/vexycats/gitcoin_bounties/issues/1,VexyCats,https://gitcoin.co/issue/13467,"aws,json,s3,cloudfront",44.13,vexycats,"Please help answer this question on Stackoverflow for this gitcoin bounty. 

https://stackoverflow.com/questions/56087853/how-do-i-return-a-json-file-from-s3-to-a-specific-url-but-only-that-url

If you have answered it, please reply here with your username or proof that it was you answering. 

If you answer doesn't provide a solution, sadly you won't be funded. 


If you have additional questions - please ask them here.",gitcoin_bounties,0,0.0,{},ETH,['https://github.com/VexyCats/Gitcoin_Bounties/pull/2'],2,0.0,0.0,0.0,0.0,2019-05-15T05:28:38Z,1.0986122886681098,Unknown,0.0,2.302585092994046,0.0,0.6931471805599453,1.0,1.0,2019-05-15T18:57:42Z,0,1.0,6.7580945044277305,6.07073772800249,0.0,0.0,0.0,0,2e+17,5.8888779583328805,1.0986122886681098,0,1,0,0,1,0,0,0,0,0,0,0,0,1,0,0,0,0,0,1
336,425,2732,2019-11-05T20:24:32,Improvement,Days,Intermediate,https://github.com/metamask/metamask-extension/issues/5524,Arachnid,https://gitcoin.co/issue/17173,JavaScript,195.27,metamask,"## Current behavior:

If you enter an ENS name that is valid, it is instantly replaced with the actual address.

## Expected behavior:

Correct names should be detected & resolved, but should not replace the displayed typed name, the same way the URL bar doesn't replace the domain with the IP address.

## Reproduction:

- Enter a valid ENS name like `dinodan.eth`.
- Notice that it is instantly replaced with the resolved address, and you can't easily see what name you had entered.

- Try entering a name like `dan.eth.myspecialaddress.eth`. You can't, because it eager-resolves at the first `.eth`.

## Desired results:

- Like in old-UI, correct resolution should indicate correct resolution, and should make the resolved address available to the user (either visually or via copy).
- The user entered text should be left alone.",metamask-extension,0,0.0,{},ETH,['https://github.com/MetaMask/metamask-extension/pull/6606'],1,8.242493153187626,9.16837188715368,9.16837188715368,7.531552381407289,2015-09-06T16:34:48Z,6.16541785423142,JavaScript,12.572665246520964,4.1588830833596715,2.3978952727983707,1.3862943611198906,1.0,5.0,2019-05-14T19:02:37Z,2019-05-15T20:57:25Z,1.0,7.214504414151143,6.747586526829315,4.1588830833596715,2.3978952727983707,2.6390573296152584,13,1e+18,5.247024072160486,0.6931471805599453,0,0,1,1,0,0,0,0,0,0,0,0,1,0,0,0,1,0,0,0
337,426,2744,2019-05-28T13:44:35,Documentation,Hours,Intermediate,https://github.com/chainstack/docs/issues/19,easeev,https://gitcoin.co/issue/13678,"tutorial,ethereum,truffle,solidity",255.66,chainstack,"## Introduction

Chainstack is multi-cloud, multi-protocol Platform-as-a-Service. It automates DevOps process for public and consortium blockchain development. You can configure and deploy Ethereum, Quorum or MultiChain node using any cloud provider of your choice just with a few clicks.

You can try Chainstack for free [here](https://console.chainstack.com).

## What needs to be done?

Your goal is to create a tutorial for new and existing Chainstack users that outlines the process of launching an application for public Ethereum. On a high level this tutorial should include 3 parts:
1) Deploying and connecting to the node
2) Writing and compiling a DApp
3) Interacting with the smart contract

### General requirements

- 1000-2000 words tutorial with pictures and Markdown formatting
- Incorporated into the VuePress website under the Tutorials section which should come after Guides
- Open-sourced code including Solidity smart contracts
- Has to be working with Chainstack in production 

### DApp requirements

Smart contract in this tutorial should be a simplified version of a typical blockchain notarization application with the following functionality:
- Issue academic certificate
    - Can be called by particular accounts
    - Returns a hash of data (two strings: student name, credential details)
    - Stores hashed information on the blockchain
- Verify a certificate
    - Can be called by anyone
    - Checks if the credential is indeed correct provided a cryptographic certificate and original data

The tutorial has to use [Truffle](https://truffleframework.com) and Solidity for smart contracts.

You can use [this example](https://github.com/CoinCircle/docstamp.it) for the smart contract logic. [Platform documentation](https://docs.chainstack.com) can be used for the reference.",docs,0,0.0,{},ETH,['https://github.com/nanspro/Simple-Certificates-on-ethereum'],1,5.996452088619021,3.9889840465642745,3.9889840465642745,1.0986122886681098,2019-02-26T22:04:03Z,3.044522437723423,Others,9.08421009483197,8.783242963740905,8.711772645605693,2.772588722239781,3.0,0.0,2019-05-17T19:10:10Z,0,1.0,5.786897381366708,7.519692404116539,0.0,0.0,0.6931471805599453,0,1.5e+18,5.846438775057725,0.6931471805599453,0,0,1,0,1,0,0,0,0,0,1,0,0,0,0,0,0,1,0,0
338,427,2745,2019-05-22T18:16:55,0,Hours,Intermediate,https://github.com/gitcoinco/web/issues/3232,SaptakS,https://gitcoin.co/issue/13540,0,0.17,gitcoinco,"### User Story

As a potential worker, I would like to know the reason why I was rejected for a bounty, so I can improve myself
### Why Is this Needed

[comment]: # (Describe the problem and why this task is needed. Provide description of the current state, what you would like to happen, and what actually happen)
*Summary*: I want to know why I was rejected

### Description

[comment]: # (Feature or Bug? i.e Type: Bug)
*Type*: Feature

### Current Behavior
[comment]: # (Describe what actually happened.)
When a funder rejects a potential worker on a bounty, there is currently no information provided.

### Expected Behavior

[comment]: # (Describe what you expected to happen.)
When a funder rejects a potential worker on a bounty, a modal should pop up (#3231), and an email should be sent to the rejected worker describing the reason.

It should look something like this: 

![work rejected email](https://user-images.githubusercontent.com/19514207/50100202-d4157900-025a-11e9-8af6-ee1babbdce9f.jpg)

- [ ] The email should be sent to the specific rejected worker.
- [ ] The email should show the issue logo and title.
- [ ] The email should provide one of the reasons below:

- You did not meet the desired qualifications.
- You did not provide sufficient information on the action plan.
- The bounty was available only under special circumstances (e.g. hackathon).
- The bounty was reserved for another person.
- The bounty was cancelled.
- (If 'Other' is selected on the modal, the free text provided by the funder should be displayed)

### Additional Information
[comment]: # (Any other information that would be useful, content, screenshots, etc.)
This build ticket is only for the **email** part. The modal itself is taken care of in #3231 .

Design ticket: #2773 
Sketch file: https://drive.google.com/open?id=14CpcEhilvDWlXG9lBuYSggaOe9zBNcdM",web,0,0.0,{},ETH,['https://github.com/gitcoinco/web/pull/1853'],1,6.728628613084702,7.396948602621014,7.396948602621014,6.444131256700441,2017-07-10T10:53:45Z,4.532599493153256,JavaScript,13.991201849715411,4.477336814478207,3.6375861597263857,1.3862943611198906,8.0,25.0,2018-07-30T18:59:13Z,2018-08-17T13:17:08Z,1.0,3.7612001156935624,7.549609165154532,6.838405200847344,4.624972813284271,2.302585092994046,8,1000000000000000.0,5.860786223465865,0.6931471805599453,0,0,1,0,1,0,0,0,0,0,0,0,0,0,0,0,1,0,0,0
339,428,2749,2019-06-20T09:25:21,Feature,Hours,Advanced,https://github.com/trustwallet/wallet-core/issues/260,eminogrande,https://gitcoin.co/issue/14559,0,1312.56,trustwallet,"Name: aeternity

HD Derivation Scheme: [457](https://github.com/satoshilabs/slips/blob/master/slip-0044.md)

Symbol: AE

Documentation:
https://aeternity.com/
https://github.com/aeternity

Reason:

## Checklist

- [ ] Implement functionality in C++. Put it in a subfolder of `src/`.
    - [ ] Address (if necessary)
    - [ ] Transaction (if necessary)
    - [ ] Signer
- [ ] Write unit tests. Put them in a subfolder of `tests/`.
    [ ] `Mnemonic phrase - > Address` derivation test. Put this test in the `CoinTests.cpp` file
- [ ] Add relevant constants in `TWCoinType`, `TWP2SHPrefix`, `TWEthereymChainID`, `TWHRP`, etc., as necessary.
- [ ] Return correct curve and purpose in `src/Coin.cpp`.
- [ ] Implement address validation and derivation in `src/Coin.cpp`.
- [ ] Implement coin configuration `src/include/TWCoinTypeConfiguration.cpp`.
- [ ] Write interface header in `include/TrustWalletCore` and implement the interface in `src/interface`.
    - [ ] Address interface (if necessary).
    - [ ] Signing interface.
- [ ] Validate generated code in Android an iOS projects. Write integration tests for each.
- [ ] Add a coin icon to ""Supported Blockchains"" section in `README.md`
    - [ ] Upload coin icon to [TrustWallet/tokens](https://github.com/TrustWallet/tokens) if necessary",wallet-core,0,0.0,{},ETH,['https://github.com/TrustWallet/wallet-core/pull/420/files'],1,7.195187320178709,7.687080155783135,7.687080155783135,2.9444389791664403,2019-02-14T18:25:54Z,4.709530201312334,Others,10.065521364383361,9.070388411548738,8.182000136293405,6.363028103540465,30.0,0.0,2019-02-14T18:25:54Z,0,1.0,6.293419278846481,7.1853870155804165,2.3978952727983707,0.6931471805599453,0.0,0,8e+18,5.771441123130016,0.6931471805599453,1,0,0,0,1,0,0,0,0,0,0,1,0,0,0,0,0,1,0,0
340,429,2752,2019-07-22T22:21:10,Bug,Hours,Beginner,https://github.com/gitcoinco/web/issues/4186,frankchen07,https://gitcoin.co/issue/15005,0,60.46,gitcoinco,"**Describe the bug**

Teck funded $5k in BNB but it displays 2625 DAI: https://gitcoin.co/grants/87/kitsune-wallet

**To Reproduce**

Try funding any grant in BNB.

The root cause for this (and its going to keep happening) is that CryptoCompare lists the BNB => USDT conversion rate as $9 not $19.

**Expected behavior**

A similar price to the one found on Coinmarketcap should be used for BNB and other tokens. This might require introducing a price feed that has another non-USDT trading pair for BNB or, if CryptoCompare has one, using that pair instead (e.g. ETH-BNB then converting the ETH value).",web,0,0.0,{},ETH,['https://github.com/gitcoinco/web/pull/4792#issuecomment-511405832'],1,6.728628613084702,7.396948602621014,7.396948602621014,6.444131256700441,2017-07-10T10:53:45Z,4.532599493153256,JavaScript,13.991201849715411,2.4849066497880004,1.6094379124341003,1.0986122886681098,2.0,6.0,2019-07-13T00:06:33Z,2019-07-17T14:16:55Z,1.0,4.663439094112067,6.423246963533519,6.831953565565855,4.624972813284271,4.394449154672439,55,3.7e+17,5.662960480135946,0.6931471805599453,0,1,0,0,1,0,0,1,0,0,0,0,0,0,0,0,1,0,0,0
341,430,2753,2019-11-18T18:47:15,0,Hours,Beginner,https://github.com/gitcoinco/web/issues/4264,frankchen07,https://gitcoin.co/issue/17465,0,40.8,gitcoinco,"### User Story

As a Gitcoin Grant contributor, I would like to have an invoice for my contribution

### Why Is this Needed

When one contributes to a Gitcoin Grant, it would be nice to have an official invoice for the amount that they contributed, when they contributed, and who / what / the address that they contributed to.

Requested from web3 foundation.

### Description

1. Provide invoice template (previous work here: https://github.com/gitcoinco/web/pull/2059)
2. Hook it up to Gitcoin Grants

### Current Behavior

No invoice generator for Gitcoin Grants.

### Expected Behavior

Invoice generator for Gitcoin Grants.

### Definition of Done
- [ ] when a contribution is made to a Gitcoin Grant, an invoice is created using the Gitcoin Bounties template.",web,0,0.0,{},ETH,['https://github.com/gitcoinco/web/pull/5331'],1,6.728628613084702,7.396948602621014,7.396948602621014,6.444131256700441,2017-07-10T10:53:45Z,4.532599493153256,JavaScript,13.991201849715411,5.5134287461649825,1.791759469228055,1.791759469228055,7.0,5.0,2019-10-18T08:47:44Z,2019-11-13T14:41:55Z,1.0,6.734591659972948,6.672032945461067,6.8308742346461795,4.624972813284271,4.394449154672439,55,2.5e+17,5.1298987149230735,0.6931471805599453,0,1,0,0,1,0,0,0,0,0,0,0,0,0,0,0,1,0,0,0
342,431,2755,2019-05-06T00:51:49,Feature,Hours,Beginner,https://github.com/chriscates/commoncrawler/issues/10,ChrisCates,https://gitcoin.co/issue/13119,Docker,184.53,chriscates,"### Summary

A Docker Container that works effectively in Linux, Unix and Windows systems.

### Requirements

- Must update the .travis.yml file with passing build configurations for Linux, Unix, and Windows environments. *Please remove:* `go test -v -race ./...` and simply have the program download one `.wet` file instead. 

- The shell commands `clean.sh` and `extract.sh` are tested in the continuous integration suite as Docker containers.

### Payment

- 1 ETH to someone who can meet the following requirements.

- Related to #5 which will have a 2.5 bounty for the CLI tool upon completion of the Docker Container.",commoncrawler,0,0.0,{},ETH,['https://github.com/ChrisCates/CommonCrawler/pull/11'],1,2.5649493574615367,3.4965075614664802,3.4965075614664802,2.302585092994046,2017-05-02T19:47:44Z,2.4849066497880004,Others,7.837948916025283,3.7612001156935624,1.6094379124341003,1.0986122886681098,7.0,12.0,2019-05-05T01:02:14Z,2019-05-06T00:07:22Z,1.0,2.3978952727983707,6.45833828334479,0.6931471805599453,0.0,0.0,0,1.1e+18,5.8971538676367405,0.6931471805599453,0,1,0,0,1,0,0,0,0,0,0,1,0,0,0,0,0,1,0,0
343,432,2756,2019-05-10T18:16:13,0,Hours,Intermediate,https://github.com/gitcoinco/skunkworks/issues/111,owocki,https://gitcoin.co/issue/13259,0,118.4,gitcoinco,"Finish compling a list of hackathon bounty submissions

Source the list by going to https://gitcoin.co/hackathon/ethereal-virtual-hackathon/ and finding the submission for each hackathon entry and listing them in this MD file: https://github.com/gitcoinco/skunkworks/blob/master/etherealhackathon2019.md

Must be completed by Sunday May 5th.",skunkworks,0,0.0,{},ETH,['https://github.com/gitcoinco/skunkworks/pull/116'],1,3.58351893845611,4.1588830833596715,4.1588830833596715,5.3981627015177525,2017-12-08T16:11:36Z,3.2188758248682006,JavaScript,7.0326242610280065,4.382026634673881,0.0,0.6931471805599453,1.0,0.0,2019-05-03T17:56:15Z,2019-05-03T19:37:51Z,1.0,7.259116128097101,5.846438775057725,6.827629234502852,4.61512051684126,11.673274040953775,117281,7e+17,5.8805329864007,0.6931471805599453,0,0,1,0,1,0,0,0,0,0,0,0,0,0,0,0,1,0,0,0
344,433,2768,2019-05-21T23:19:16,0,Hours,Intermediate,https://github.com/gitcoinco/web/issues/4315,owocki,https://gitcoin.co/issue/13527,0,39.13,gitcoinco,"**Describe the bug**

bug - 'fund issue' button on gitcoin.co/new is always greyed out on submit

**To Reproduce**

1. go to gitcoin.co/new
2. fill out the form
3. the 'fund issue' button stays greyed out.

**Expected behavior**

3. the fund issue button should not be greyed out as soon as validation passes

**Screenshots**

http://bits.owocki.com/cac7582eba71/Image%202019-04-29%20at%205.33.45%20PM.png

**Desktop (please complete the following information):**
Chrome, Mac OS X",web,0,0.0,{},ETH,['https://github.com/gitcoinco/web/pull/4337'],1,6.728628613084702,7.396948602621014,7.396948602621014,6.444131256700441,2017-07-10T10:53:45Z,4.532599493153256,JavaScript,13.991201849715411,0.6931471805599453,1.6094379124341003,1.0986122886681098,1.0,9.0,2019-04-30T18:53:19Z,2019-05-06T13:47:10Z,1.0,7.069023426578259,6.214608098422191,6.823286122355687,4.605170185988092,11.673274040953775,117281,2.5e+17,5.840641657373398,0.6931471805599453,0,0,1,0,1,0,0,0,0,0,0,0,0,0,0,0,1,0,0,0
345,434,2769,2019-06-24T16:27:47,0,Hours,Intermediate,https://github.com/gitcoinco/web/issues/4267,owocki,https://gitcoin.co/issue/14625,"JavaScript,Python",230.58,gitcoinco,"##### Description 

Grant Activity now shows up on the user's profile for newly created grants + subscriptions.
This was introduced in https://github.com/gitcoinco/web/pull/3859

However the activity before this PR went live also needs to be captured and displayed on the profile (which does not do at the moment)

cc @e18r , @gitcoinco/engineer",web,0,0.0,{},ETH,['https://github.com/gitcoinco/web/pull/4317'],1,6.728628613084702,7.396948602621014,7.396948602621014,6.444131256700441,2017-07-10T10:53:45Z,4.532599493153256,JavaScript,13.991201849715411,6.139884552226255,1.791759469228055,1.791759469228055,2.0,18.0,2019-04-30T01:34:59Z,2019-06-20T08:47:16Z,1.0,6.306275286948016,5.8664680569332965,6.82001636467413,4.605170185988092,11.673274040953775,117281,1.5e+18,5.736572297479192,0.6931471805599453,0,0,1,0,1,0,0,0,0,0,0,0,0,0,0,0,1,0,0,0
346,435,2771,2019-12-21T10:05:28,0,Hours,Intermediate,https://github.com/gitcoinco/web/issues/4292,danlipert,https://gitcoin.co/issue/17988,"Python,django,backend",188.12,gitcoinco,"### User Story

As a Gitcoin contributor, I want better and updated data fixtures, so that QAing my changes and getting started is easier.

### Why Is this Needed

There are currently some fixtures which help bootstrap the process of creating test data when running Gitcoin locally. These fixtures are automatically added when you run Gitcoin via docker, and include things like creating users and adding tokens. Adding fixtures to include newer features like Grants, and updating the current fixtures will make developers' lives easier.

More info: https://docs.djangoproject.com/en/2.2/howto/initial-data/

### Description

*Type*: Feature

### Current Behavior
 Booting the Gitcoin app via docker for the first time adds some initial data.

### Expected Behavior
Booting the Gitcoin app via docker should add more data to cover the new features that have been integrated into the app. 

### Definition of Done
Additional fixtures are present when booting the app for the first time. Every feature in the app contains a variety of data on a fresh build, including Bounties. For each feature, there should be different model instances that demonstrate the variations of models we see in the production app. For example: in Grants, there should be grants that are set to various funding levels, which grant contributions already in place from various test users. For Bounties, there should be a combination of both public and private bounties, a demonstration Hackathon event set up, etc. For users, there should be a variety of test users already set up that have initiated various activities, such as applying to work on bounties, setting up their profile, sending Kudos, etc. These are just examples and are in no way comprehensive. All test data should be on the Rinkeby testnet if applicable.

### Data Requirements
The success of the new fixture data can be measured in how many more community contributions we receive, as well as decreasing the amount of bugs in PRs and deploy regressions.",web,0,0.0,{},ETH,['https://github.com/gitcoinco/web/pull/4601'],1,6.728628613084702,7.396948602621014,7.396948602621014,6.444131256700441,2017-07-10T10:53:45Z,4.532599493153256,JavaScript,13.991201849715411,10.425490476892245,5.541263545158426,2.6390573296152584,22.0,40.0,2019-06-09T18:20:29Z,2019-12-17T14:47:49Z,1.0,6.206575926724928,7.611842399580417,6.81783057145415,4.59511985013459,9.286838342948908,10767,1.2e+18,4.844187086458591,0.6931471805599453,0,0,1,0,1,0,0,0,0,0,0,0,0,0,0,0,1,0,0,0
347,437,2808,2019-05-07T14:38:56,Improvement,Hours,Intermediate,https://github.com/makerdao/pyexchange/issues/42,0,https://gitcoin.co/issue/13146,"Python,Trading,web3,DEX",197.18,makerdao,"# Ethfinex Trustless - Order Placement Update

There is a bounty of 1.2 ETH available for this issue on [Gitcoin](https://gitcoin.co/issue/makerdao/pyexchange/42/2854)

## Current behaviour
An initial implemention for interaction with Ethfinex Trustless was added to this library, but the order placement format is now out of date, as Trustless has updated to use 0x v2. The current python implementation can be found here.
https://github.com/makerdao/pyexchange/blob/master/pyexchange/tethfinex.py

## Wanted behaviour
The implementation should be updated so that calls to all APIs work.
Feature completeness includes:
1. Read: Ethfinex Trustless configuration.
2. Write: Order placement.
3. Wrote: Order cancelation.
4. Read: Get order history.
5. Read: Get trade history.

A working reference implementation is available in Ethfinex's javascript client library:
https://github.com/ethfinex/efx-api-node

Javascript creation of order:
https://github.com/ethfinex/efx-api-node/blob/master/src/api/contract/create_order.js
Javascript submission of order:
https://github.com/ethfinex/efx-api-node/blob/master/src/api/submit_order.js

## Definition of done
You have successfully completed this bounty, when:
1. All functions implemented in the javascript library are also implemented fully in python so that order placement is successful to Ethfinex Trustless.

## Submission
Please submit your work by making a pull request to the Github repository.",pyexchange,0,0.0,{},ETH,['https://github.com/makerdao/pyexchange/pull/43'],1,4.174387269895637,4.330733340286331,4.330733340286331,2.4849066497880004,2018-01-18T10:51:37Z,3.1354942159291497,Others,6.826545223556594,5.170483995038151,4.394449154672439,1.6094379124341003,5.0,4.0,2019-04-21T21:32:59Z,2019-05-07T14:20:40Z,1.0,6.028278520230698,7.2991214627108,1.6094379124341003,0.0,0.0,0,1.2e+18,4.248495242049359,0.6931471805599453,0,0,1,0,1,0,0,0,0,0,0,0,1,0,0,0,0,1,0,0
348,439,2810,2019-05-17T10:40:19,Design,Hours,Beginner,https://github.com/witnet/research/issues/33,aesedepece,https://gitcoin.co/issue/13431,"design,graphic,image,svg,png,aesthetics,visual,Witnet,oracles,UI,UX",32.96,witnet,"The README for the Witnet Research repository has been created in such a way that it will automatically load `header.png` from the `.github` folder in the repository itself. However, the image does not exist, so we need someone to design it and put the file in place.

Here's some reference of two other repositories in the Witnet project which already have a header image:
- [Sheikah desktop client](https://github.com/witnet/sheikah)
- [Witnet-rust full node implementation](https://github.com/witnet/witnet-rust)

Ideally, the new header should resemble those, but feel free to come with something new (we are even open to rework the existing ones).

In addition to the `header.png`, we would need the `SVG` file, which does not need to be in the commit but can be shared on the comments of the pull request or in this issue.",research,0,0.0,{},ETH,"['https://github.com/witnet/research/pull/35', 'https://github.com/witnet/research/pull/37', 'https://github.com/witnet/research/pull/39', 'https://github.com/witnet/research/pull/38', 'https://github.com/witnet/research/pull/36']",5,2.3978952727983707,2.1972245773362196,2.1972245773362196,1.6094379124341003,2019-02-06T11:28:02Z,2.0794415416798357,Others,8.679141958402255,5.459585514144159,0.0,1.0986122886681098,5.0,1.0,2019-04-18T02:15:37Z,0,1.0,6.841615476477592,6.729824070489475,1.791759469228055,0.0,0.0,0,2.02e+17,2.4849066497880004,1.791759469228055,0,1,0,0,1,0,0,0,0,1,0,0,0,0,0,0,0,1,0,0
349,441,2843,2019-05-17T05:43:57,Documentation,Hours,Intermediate,https://github.com/ensdomains/docs/issues/10,ChrisChinchilla,https://gitcoin.co/issue/13425,"ENS,Documentation,Ethereum",374.81,ensdomains,"As discussed with @Arachnid 

**Submission Deadline**: April 30th
**Judging Criteria**: Best submission
**Judging Date**: Week following submission date
**Bounty**: 2.25 ETH

**Guidelines and details**

The tutorial aims to get someone started with the following about ENS (minimum, feel free to add more):

- What is ENS, and why would a developer want to use it?
- How to add ENS to an application 
- Configure an application to use ENS
- ENS Interfaces
- Looking up an address
- Looking up a balance

Alongside the tutorial should be a full code example that a reader can follow and create, resulting in a functional application at the end of the tutorial.

Text should be written in clear technical English and follow a similar style to the existing ENS documentation. Preferably using as little unnecessary passive voice, future tense and weasel words as possible.

I can also help review the tutorial from a written and explanatory side and the ENS team from a technical side. The ENS documentation currently uses DocBook, which is Markdown with a few extensions.",docs,0,0.0,{},ETH,['https://github.com/ensdomains/docs/pull/15'],1,4.8283137373023015,3.8501476017100584,3.8501476017100584,3.4339872044851463,2019-02-24T21:31:43Z,2.0794415416798357,Unknown,8.125039097367745,5.82600010738045,0.0,0.6931471805599453,5.0,8.0,2019-04-30T18:09:01Z,0,1.0,6.61472560020376,6.9957661563048505,0.0,0.0,0.0,0,2.2480000000000005e+18,2.4849066497880004,0.6931471805599453,0,0,1,0,1,0,0,0,0,0,1,0,0,0,0,0,0,0,0,1
350,442,2850,2019-04-30T23:13:21,0,Hours,Intermediate,https://github.com/gitcoinco/browser-extension/issues/69,owocki,https://gitcoin.co/issue/12990,0,73.19,gitcoinco,"on master branch (the version thats in the chrome store), extension no longer shows 'fund issue' button on github issue .

i'm using Chrome Version 73.0.3683.103 (Official Build) (64-bit).

the expected behaviour looks like this:

![1_cm0UEfYsQo0t9LOjD2XZzw](https://user-images.githubusercontent.com/513929/56057737-d6757480-5d1c-11e9-9218-4f9ad71b6f9a.png)

scope of this is to fix this issue on the master branch",browser-extension,0,0.0,{},ETH,['https://github.com/gitcoinco/browser-extension/pull/70'],1,3.4339872044851463,3.871201010907891,3.871201010907891,3.9889840465642745,2017-07-10T11:33:11Z,3.1354942159291497,JavaScript,8.533263371593732,9.018089684104343,2.0794415416798357,1.0986122886681098,4.0,12.0,2019-04-14T05:27:17Z,2019-04-29T21:06:10Z,1.0,5.924255797414532,6.049733455231958,6.755768921984255,4.574710978503383,11.673274040953775,117281,4.5e+17,5.849324779946859,0.6931471805599453,0,0,1,0,1,0,0,0,0,0,0,0,0,0,0,0,1,0,0,0
351,443,2853,2019-05-03T19:11:23,0,Hours,Intermediate,https://github.com/arweaveteam/weavemail/issues/2,samcamwilliams,https://gitcoin.co/issue/13047,0,120.49,arweaveteam,"We should add support for showing message subject lines, rather than transaction identifiers for messages on the message 'view' page.

I propose that we use a simple JSON structure to describe messages:
`{""subject"":""SUBJECT_LINE"",""body"":""MESSAGE_BODY""}`

This format should be extensible with extra fields (an attachments list, for example) at some later point.

In order to implement this we need to:
1. Bump the `App-Version` tag (to `0.0.2`) or add a specific `Message-Format` tag (starting from 2). See [here](https://github.com/ArweaveTeam/weavemail/blob/91373d7de129fb9bd910b836e552a473c71ea7bf/compose.js#L41).
2. Add parsing code to [crypto.js](https://github.com/ArweaveTeam/weavemail/blob/91373d7de129fb9bd910b836e552a473c71ea7bf/crypto.js#L25) converting old-style messages into JSON of the new format (`{""subject"": ""[TXID_HERE]"", ""body"":""[OLD_MESSAGE_CONTENTS_HERE]""}`). Return new message format transactions as JSON objects.
3. Add rendering code to [view.js](https://github.com/ArweaveTeam/weavemail/blob/91373d7de129fb9bd910b836e552a473c71ea7bf/view.js#L21) that takes the new JSON object and puts the title and text body in the appropriate places.",weavemail,0,0.0,{},ETH,['https://github.com/ArweaveTeam/weavemail/pull/8'],1,3.044522437723423,3.912023005428146,3.912023005428146,1.791759469228055,2019-04-09T10:55:54Z,1.9459101490553132,JavaScript,4.174387269895637,3.6375861597263857,2.0794415416798357,1.6094379124341003,6.0,5.0,2019-04-28T11:20:52Z,2019-05-03T16:52:40Z,1.0,6.877296071497429,7.069023426578259,1.0986122886681098,0.6931471805599453,0.0,0,7.3e+17,5.840641657373398,0.6931471805599453,0,0,1,0,1,0,0,0,0,0,0,0,0,0,0,0,1,0,0,0
352,444,2854,2019-05-10T18:03:57,Improvement,Hours,Beginner,https://github.com/witnet/witnet-rust/issues/567,aesedepece,https://gitcoin.co/issue/13240,"Rust,Logging,Witnet,Oracle",7.43,witnet,"`witnet_node::actors::json_rpc::server` is too spammy when synchronizing for the first time, as it prints this same line over and over for every block being consolidated:
```
INFO  witnet_node::actors::json_rpc::server] Got NewBlock message, sending notifications...
```
I think we may log this as `debug`, not an `info`.

### Contributing

- All your commits need to be [verified with your PGP signature](https://help.github.com/en/articles/signing-commits).
- Commit messages need to abide by the [conventional commits specification](https://www.conventionalcommits.org/en/v1.0.0-beta.2/), and references to the original issue are not needed as we use use ZenHub for that. A example for this issue could be:
  ```
  fix(json_rpc): change logging level for NewBlock messages
  ```

Btw, feel free to drop by the [Witnet community on Discord](https://discord.gg/X4uurfP) at any time to discuss any future contributions and learn more about the project :D",witnet-rust,0,0.0,{},ETH,['https://github.com/witnet/witnet-rust/pull/580'],1,3.9889840465642745,5.093750200806762,5.093750200806762,4.61512051684126,2018-02-04T17:59:46Z,2.6390573296152584,Others,9.623773649733524,0.6931471805599453,0.6931471805599453,0.6931471805599453,1.0,4.0,2019-04-12T18:18:06Z,0,1.0,2.70805020110221,6.876264611890766,1.3862943611198906,0.0,0.0,0,4.5e+16,0.6931471805599453,0.6931471805599453,0,1,0,0,1,0,0,0,0,0,0,0,1,0,0,0,0,1,0,0
353,445,2855,2019-05-10T18:03:43,0,Hours,Beginner,https://github.com/arweaveteam/weavemail/issues/1,samcamwilliams,https://gitcoin.co/issue/13239,0,100.52,arweaveteam,"We need to add a tag to each of the mail transactions with the current Unix timestamp at the moment of signing, then order the messages on the inbox screen by these timestamps.

The transaction creation code, where the timestamp tag needs to be added, can be found [here](/ArweaveTeam/weavemail/blob/master/inbox.js#L40).

The inbox rendering code, where the `txs` need to be ordered, can be found [here](/ArweaveTeam/weavemail/blob/master/inbox.js#L41).",weavemail,0,0.0,{},ETH,['https://github.com/ArweaveTeam/weavemail/pull/7/commits/a86043719ae927a3c9ac44cc05f03ad60344de14'],1,3.044522437723423,3.912023005428146,3.912023005428146,1.791759469228055,2019-04-09T10:55:54Z,1.9459101490553132,JavaScript,4.174387269895637,8.307212626628308,6.0844994130751715,2.5649493574615367,24.0,0.0,2019-04-09T10:55:54Z,0,1.0,6.920671504248683,6.129050210060545,0.6931471805599453,0.0,0.0,0,6.09e+17,5.820082930352362,0.6931471805599453,0,1,0,0,1,0,0,0,0,0,0,0,0,0,0,0,1,0,0,0
354,446,2856,2019-05-14T19:47:41,Feature,Hours,Beginner,https://github.com/arweaveteam/weavemail/issues/3,samcamwilliams,https://gitcoin.co/issue/13323,0,82.56,arweaveteam,"When pressing the 'reply' button on the message view page we should include the contents of the previous message in the compose pain as so:

```
[USER CURSOR STARTS HERE]

---
From: [PREVIOUS MESSAGE SENDER ADDRESS]
Signed at: [TIMESTAMP (if available)]

[PREVIOUS MESSAGE HERE]
```

This should be a fairly simple change around [here](https://github.com/ArweaveTeam/weavemail/blob/91373d7de129fb9bd910b836e552a473c71ea7bf/view.js#L16).

We should also increase the default vertical size of the compose pain in order to accommodate the increased amount of text it will typically show.",weavemail,0,0.0,{},ETH,['https://github.com/ArweaveTeam/weavemail/pull/7/commits/a32ee9154a8bfa4220354ef65199a1c658c24845'],1,3.044522437723423,3.912023005428146,3.912023005428146,1.791759469228055,2019-04-09T10:55:54Z,1.9459101490553132,JavaScript,4.174387269895637,8.307212626628308,6.0844994130751715,2.5649493574615367,24.0,0.0,2019-04-09T10:55:54Z,0,1.0,6.812345094177479,6.395261598115449,0.0,0.0,0.0,0,5e+17,5.808142489980444,0.6931471805599453,0,1,0,0,1,0,0,0,0,0,0,1,0,0,0,0,1,0,0,0
355,448,2879,2019-10-14T20:07:41,0,Hours,Intermediate,https://github.com/gitcoinco/web/issues/4150,owocki,https://gitcoin.co/issue/16865,"Python,web3",97.54,gitcoinco,"### User Story

[comment]: # (As a , I want to  so that .)
As a Gitcoin administrator, I would like any ERC20 tokens in my FEE_ADDRESS converted to ETH so I don't have to manage a complex tax situation

### Why Is this Needed
because john chard advised us taxes can be a pain in the arse.

[comment]: # (Describe the problem and why this task is needed. Provide description of the current state, what you would like to happen, and what actually happen)
*Summary*:

### Description

[comment]: # (Feature or Bug? i.e Type: Bug)
*Type*:
feature

### Current Behavior
[comment]: # (Describe what actually happened.)
no management of ERC20 tokens in FEE_ADDRESS

### Expected Behavior
[comment]: # (Describe what you expected to happen.)
a new django management command that is scheduled to run every hour.
two new entries into `.env` and `settings.py` which manage the following vars
- FEE_ADDRESS -- the web3 address where fees exist
- FEE_ADDRESS_PRIVATE_KEY -- the private key to the above address.

the management command will, when run, check for any ERC20 tokens and use uniswap to transfer them into ETH.

### Definition of Done
[comment]: # (Any other information that would be useful, bullets are helpful.)
see above ^^

### Data Requirements
[comment]: # (How will we measure the success of this feature? What kind of tracking is needed for this feature (clicks, impressions, flag)?)

### Additional Information
[comment]: # (Any other information that would be useful, content, screenshots, etc.)",web,0,0.0,{},ETH,['https://github.com/gitcoinco/web/pull/4229'],1,6.728628613084702,7.396948602621014,7.396948602621014,6.444131256700441,2017-07-10T10:53:45Z,4.532599493153256,JavaScript,13.991201849715411,5.924255797414532,0.0,2.8903717578961645,94.0,21.0,2019-04-18T10:24:58Z,0,1.0,6.754604099487962,7.341483852363161,6.744059186311348,4.5217885770490405,11.673274040953775,117281,5.5000000000000006e+17,5.176149732573829,0.6931471805599453,0,0,1,0,1,0,0,0,0,0,0,0,0,0,0,0,1,0,0,0
356,449,2880,2019-04-11T06:38:52,Improvement,Hours,Beginner,https://github.com/gitcoinco/web/issues/4132,frankchen07,https://gitcoin.co/issue/11817,0,10.74,gitcoinco,"### User Story

We recently did a interview piece with Hosting Advice about Gitcoin. They've released a great article about us, and we want to ensure their logo and article are up on the homepage. 

### Why Is this Needed

Media and marketing relationships for both sides!

### Current Behavior

Hosting Advice is currently not up on the homepage.

### Expected Behavior

Add Hosting Advice's logo and article link to the homepage.
### Definition of Done
- [ ] logo added to the homepage with similar styles as the others
- [ ] logo is linked to the article

### Additional Information

![ha-logo-stacked-full](https://user-images.githubusercontent.com/7516920/55648851-453f5480-5796-11e9-8ebe-a44b8c67a3da.png)

![ha-logo-full](https://user-images.githubusercontent.com/7516920/55648869-4d978f80-5796-11e9-8f70-74c1c089febd.png)

Article link: https://www.hostingadvice.com/blog/grow-open-source-projects-with-gitcoin/",web,0,0.0,{},ETH,['https://github.com/gitcoinco/web/pull/4160'],1,6.728628613084702,7.396948602621014,7.396948602621014,6.444131256700441,2017-07-10T10:53:45Z,4.532599493153256,JavaScript,13.991201849715411,1.6094379124341003,0.0,1.0986122886681098,4.0,3.0,2019-04-09T10:01:26Z,2019-04-09T10:41:22Z,1.0,5.313205979041787,6.851184927493743,6.741700694652055,4.5217885770490405,4.394449154672439,55,6e+16,5.8944028342648505,0.6931471805599453,0,1,0,0,1,0,0,0,0,0,0,0,1,0,0,0,1,0,0,0
357,450,2881,2019-05-13T09:43:27,0,Hours,Intermediate,https://github.com/b-mueller/sabre/issues/41,b-mueller,https://gitcoin.co/issue/13290,0,45.94,b-mueller,It seems like currently ASTs are not passed to the API as part of the request. Maru will soon require this and it would be great if Sabre supported this (see corresponding changes in Mythos at https://github.com/cleanunicorn/mythos/pull/34).,sabre,0,0.0,{},ETH,['https://github.com/b-mueller/sabre/pull/42'],1,2.995732273553991,4.0943445622221,4.0943445622221,0.6931471805599453,2018-10-24T04:31:07Z,1.9459101490553132,JavaScript,6.62273632394984,4.110873864173311,3.4965075614664802,1.0986122886681098,2.0,2.0,2019-04-07T18:11:32Z,2019-04-08T07:51:27Z,1.0,6.2324480165505225,5.488937726156687,2.70805020110221,1.3862943611198906,3.5553480614894135,30,2.5e+17,5.799092654460526,0.6931471805599453,0,0,1,0,1,0,0,0,0,0,0,0,0,0,0,0,1,0,0,0
358,451,2882,2019-04-12T00:36:29,0,Hours,Intermediate,https://github.com/unlock-protocol/unlock/issues/1689,julien51,https://gitcoin.co/issue/11844,0,260.83,unlock-protocol,"In the same vein as #1250, the transaction log page needs a message to show that no transactions have taken place yet.

@smombartz can you cook up an icon to use in this message?",unlock,0,0.0,{},ETH,['https://github.com/unlock-protocol/unlock/pull/2538'],1,5.262690188904886,6.61472560020376,6.61472560020376,5.288267030694535,2017-12-01T02:08:01Z,3.5553480614894135,Others,13.173527863496448,5.752572638825633,5.438079308923196,2.0794415416798357,6.0,5.0,2019-04-07T21:17:29Z,2019-04-10T13:58:12Z,1.0,7.124478262493424,5.198497031265826,2.70805020110221,2.302585092994046,0.0,0,1.5e+18,1.3862943611198906,0.6931471805599453,0,0,1,0,1,0,0,0,0,0,0,0,0,0,0,0,0,1,0,0
359,452,2887,2020-03-16T15:57:19,0,Hours,Intermediate,https://github.com/gitcoinco/web/issues/4122,owocki,https://gitcoin.co/issue/20628,Python,80.64,gitcoinco,"### User Story

[comment]: # (As a , I want to  so that .)
As a Gitcoin team member, I want kudos purchases tracked, so I can book that revenue in the database.

### Why Is this Needed

[comment]: # (Describe the problem and why this task is needed. Provide description of the current state, what you would like to happen, and what actually happen)
*Summary*:
So we can track the revenue in the DB.

### Description

[comment]: # (Feature or Bug? i.e Type: Bug)
*Type*:
Feature

### Current Behavior
[comment]: # (Describe what actually happened.)
No tacking of ETH sent to 0xdb282cee382244e05dd226c8809d2405b76fbdc9

### Expected Behavior
[comment]: # (Describe what you expected to happen.)
Please setup a management command that looks at incoming ETH / token transfers to 0xdb282cee382244e05dd226c8809d2405b76fbdc9 and then stores a corresponding entry into the `revenue.models.DigitalGoodPurchase` table in the DB.  P
- Please schedule said management command in the crontab to run once an hour.

### Definition of Done
[comment]: # (Any other information that would be useful, bullets are helpful.)
See above 

### Data Requirements
[comment]: # (How will we measure the success of this feature? What kind of tracking is needed for this feature (clicks, impressions, flag)?)

### Additional Information
[comment]: # (Any other information that would be useful, content, screenshots, etc.)",web,0,0.0,{},ETH,['https://github.com/gitcoinco/web/pull/4198'],1,6.728628613084702,7.396948602621014,7.396948602621014,6.444131256700441,2017-07-10T10:53:45Z,4.532599493153256,JavaScript,13.991201849715411,6.169610732491456,0.0,2.302585092994046,2.0,13.0,2019-04-13T05:11:43Z,2020-03-04T15:02:44Z,1.0,6.678342114654332,7.2640301428995295,6.7357800142423265,4.5217885770490405,11.673274040953775,117281,5e+17,2.9444389791664403,0.6931471805599453,0,0,1,0,1,0,0,0,0,0,0,0,0,0,0,0,1,0,0,0
360,453,2890,2019-04-30T15:21:38,0,Hours,Intermediate,https://github.com/b-mueller/sabre/issues/39,b-mueller,https://gitcoin.co/issue/12960,JavaScript,564.48,b-mueller,"Sabre was written as a proof-of-concept. Improve the code to fulfill professional standard, including:

- Fix linter errors
- Re-architect code if necessary (move stuff into libraries, etc.)
- Add tests for all functionality (100% coverage if possible)
- Set up integration tests with CircleCI
- Set up automatic publishing of new releases to npm
- Handle user errors and provide informative error messages
- Document all available command line arguments in the README",sabre,0,0.0,{},ETH,['https://github.com/b-mueller/sabre/pull/58'],1,2.995732273553991,4.0943445622221,4.0943445622221,0.6931471805599453,2018-10-24T04:31:07Z,1.9459101490553132,JavaScript,6.62273632394984,6.576469569048224,5.958424693029782,3.2188758248682006,3.0,0.0,2019-04-28T17:10:46Z,2019-04-30T14:55:41Z,1.0,4.700480365792417,6.1675164908883415,2.6390573296152584,1.0986122886681098,3.5553480614894135,30,3.5e+18,5.82600010738045,0.6931471805599453,0,0,1,0,1,0,0,0,0,0,0,0,0,0,0,0,1,0,0,0
361,454,2893,2019-05-21T17:01:36,0,Hours,Intermediate,https://github.com/gitcoinco/web/issues/4111,owocki,https://gitcoin.co/issue/13525,"Python,twitter,gitcoin",167.56,gitcoinco,"### User Story

[comment]: # (As a , I want to  so that .)
As a kudos airdrop user, i want to be able to login with twitter instead of github, so I dont have to craete a github account 

### Why Is this Needed
Our ethereal partner requested it.

[comment]: # (Describe the problem and why this task is needed. Provide description of the current state, what you would like to happen, and what actually happen)
*Summary*:

### Description

[comment]: # (Feature or Bug? i.e Type: Bug)
*Type*:
Feature

### Current Behavior
[comment]: # (Describe what actually happened.)
- can only login with github to claim kudos

### Expected Behavior
[comment]: # (Describe what you expected to happen.)
- on the following airdrop link (https://gitcoin.co/kudos/redeem/rainbow_ethereum_20190329), there will be a link to 'login with twiter' next to 'login with github')  Then the user will be prompted to login with `django social auth` and claim their kudos.
- when the user has claimed their kudos via twitter, the system will tweet to them that they've claimed a kudos (we already have infrastructure for this, checkout the `maybe_market_to_twitter()` function).
- namespace collisions between github usernames and twitter usernames can/should be prevented by making the django users for each twitter account ""twitter-[handle]""

### Definition of Done
[comment]: # (Any other information that would be useful, bullets are helpful.)
- see above
- pls allow 2-3 iterations
- must be done by last week in april

### Data Requirements
[comment]: # (How will we measure the success of this feature? What kind of tracking is needed for this feature (clicks, impressions, flag)?)

### Additional Information
[comment]: # (Any other information that would be useful, content, screenshots, etc.)",web,0,0.0,{},ETH,['https://github.com/gitcoinco/web/pull/4279'],1,6.728628613084702,7.396948602621014,7.396948602621014,6.444131256700441,2017-07-10T10:53:45Z,4.532599493153256,JavaScript,13.991201849715411,5.545177444479562,3.4657359027997265,3.091042453358316,57.0,16.0,2019-04-25T04:00:18Z,0,1.0,6.490723534502507,7.502186486602924,6.723832440821209,4.48863636973214,11.673274040953775,117281,1e+18,5.762051382780177,0.6931471805599453,0,0,1,0,1,0,0,0,0,0,0,0,0,0,0,0,1,0,0,0
362,455,2904,2019-03-31T16:12:03,0,Hours,Advanced,https://github.com/clesaege/hacksmartcontract/issues/3,clesaege,https://gitcoin.co/issue/11617,0,14.27,clesaege,dd an exercise there: https://github.com/clesaege/HackSmartContract/blob/master/contracts/SolidityHackingWorkshop.sol,hacksmartcontract,0,0.0,{},ETH,['https://github.com/clesaege/HackSmartContract/pull/5'],1,4.248495242049359,4.406719247264253,4.406719247264253,0.6931471805599453,2017-04-17T21:12:51Z,2.0794415416798357,Others,5.356586274672012,3.4965075614664802,0.6931471805599453,0.6931471805599453,1.0,0.0,2019-03-31T15:49:27Z,2019-03-31T15:55:23Z,1.0,7.257002707092073,4.770684624465665,0.6931471805599453,0.0,3.332204510175204,17,1e+17,1.0986122886681098,0.6931471805599453,1,0,0,0,1,0,0,0,0,0,0,0,0,0,0,0,0,1,0,0
363,456,2905,2019-04-24T04:21:59,Bug,Hours,Intermediate,https://github.com/xamarin/xamarin.forms/issues/5533,knocte,https://gitcoin.co/issue/12800,"C#,xamarin,xamarin.forms,gtk,linux,.net",51.05,xamarin,"### Description

There are several issues with Padding/Margin in XF.Gtk

### Steps to Reproduce

1. Use provided xaml
2. Run GTK app
3. Run iOS app
4. Compare (iOS works fine, Padding/Margin works as expected)

### Expected Behavior

Padding/Margin should be applied to all sides.

### Actual Behavior

Padding/Margin is applied only to right and bottom sides.

### Basic Information

- Version with issue: 3.6.0.220655
- Last known good version: N/A
- IDE: VS For Mac
- Platform Target Frameworks: 
  - GTK (Other works fine)

### Screenshots
**IOS** (WORKS FINE):

PADDING:


MARGIN:



**GTK** (HAS ISSUES):

PADDING:



MARGIN:




### Reproduction Link

PADDING SCENARIO:
```xaml


    
        
            
            
            
        
    

```

MARGIN SCENARIO:
```xaml

    
        

            

        
    

```",xamarin.forms,0,0.0,{},ETH,['https://github.com/xamarin/Xamarin.Forms/pull/5764'],1,7.562161631225652,8.638879709672837,8.638879709672837,7.836764783264067,2016-03-18T15:52:03Z,6.068425588244111,Others,11.617933918661512,1.3862943611198906,1.0986122886681098,0.6931471805599453,1.0,0.0,2019-03-30T14:44:13Z,2019-04-24T00:58:12Z,1.0,6.434546518787453,6.812345094177479,0.6931471805599453,0.0,3.091042453358316,19,3.52e+17,5.831882477283517,0.6931471805599453,0,0,1,0,1,0,0,1,0,0,0,0,0,0,0,0,0,1,0,0
364,457,2918,2019-04-10T06:17:24,0,Hours,Intermediate,https://github.com/gitcoinco/web/issues/3985,SaptakS,https://gitcoin.co/issue/11763,Python,0.14,gitcoinco,"Design Scrub Codefund Wordpress Template.

- [ ] Make it on brand
- [ ] Make icons match topics
- [ ] Review with Eric",web,0,0.0,{},ETH,['https://github.com/gitcoinco/web/pull/1853'],1,6.728628613084702,7.396948602621014,7.396948602621014,6.444131256700441,2017-07-10T10:53:45Z,4.532599493153256,JavaScript,13.991201849715411,4.477336814478207,3.6375861597263857,1.3862943611198906,8.0,25.0,2018-07-30T18:59:13Z,2018-08-17T13:17:08Z,1.0,6.635946555686647,4.812184355372417,6.706862336602747,4.48863636973214,2.302585092994046,8,1000000000000000.0,5.8664680569332965,0.6931471805599453,0,0,1,0,1,0,0,0,0,0,0,0,0,0,0,0,1,0,0,0
365,458,2919,2019-03-29T07:15:28,0,Hours,Intermediate,https://github.com/b-mueller/sabre/issues/25,b-mueller,https://gitcoin.co/issue/11588,JavaScript,139.64,b-mueller,"Currently, sabre re-downloads the required compiler version with every run. Instead, each version should be downloaded at most once. Either:

- Find a way of caching compiler versions so that already downloaded versions can be re-used
- Add the latest minor releases to dependencies and always use 0.4.25 for 0.4.x / 0.5.7 for 0.5.x. This is easier but less precise and requires updating whenever a new solc version is released.",sabre,0,0.0,{},ETH,['https://github.com/b-mueller/sabre/pull/31'],1,2.995732273553991,4.0943445622221,4.0943445622221,0.6931471805599453,2018-10-24T04:31:07Z,1.9459101490553132,JavaScript,6.62273632394984,4.248495242049359,2.9444389791664403,1.6094379124341003,2.0,2.0,2019-03-28T13:49:11Z,2019-03-29T06:44:03Z,1.0,5.976350909297934,6.068425588244111,2.302585092994046,0.6931471805599453,3.5553480614894135,30,1e+18,5.8971538676367405,0.6931471805599453,0,0,1,0,1,0,0,0,0,0,0,0,0,0,0,0,1,0,0,0
366,459,2923,2019-04-11T20:11:42,Feature,Hours,Intermediate,https://github.com/cryptolandtech/moonlet/issues/123,theporpoise,https://gitcoin.co/issue/11838,HTML,275.86,cryptolandtech,"### Summary

Add Unstoppable Domains Tooling to resolve ENS, RNS and ZNS today. As well as
future proofing blockchain naming service support.

### Description

The core future set we are looking for is:

- Instead of ""**To**"" address simply being address fields. They need to accept
  both addresses and names. When a name is entered into the UI, the form either
  adds a recipient field like [MyCrypto](https://mycrypto.com) or replaces the
  name inline like [Metamask](https://metamask.io).
- Any query on a wallet also supports names i.e. searching for stats on an
  account.

If you or anyone else has an additional feature they want implemented like
reverse lookup on all addresses inside the app. Contact us directly at
contact@unstoppabledomains.com and we will look into funding an issue.

#### Requirements

You must use the Unstoppable Domains API or the `namicorn` javascript library.
The API is easier to integrate, but `namicorn` is more flexible.

The Unstoppable Domains Team will approve payments for these issues on
completion.

### Resources

- [Unstoppable Domains Reference](https://docs.unstoppabledomains.com/) - A REST
  api with OpenAPI documentation. Guide coming soon.
- [What is ENS?](https://ens.domains)
- [What is RNS?](https://docs.rns.rsk.co)
- [What is ZNS?](https://testnet.unstoppabledomains.com)
- [Gitcoin](https://gitcoin.co)
- The Unstoppable Domains Team at contact@unstoppabledomains.com.

#### More on Gitcoin

This issue is funded by using a [Gitcoin](https://gitcoin.co) contest bounty.
For more info on how Gitcoin bounties and what this means, check out their
[contributor documentation](https://gitcoin.co/how/contributor).",moonlet,0,0.0,{},ETH,['https://github.com/cryptolandtech/moonlet/pull/125'],1,1.6094379124341003,2.833213344056216,2.833213344056216,3.4965075614664802,2018-08-08T23:19:53Z,2.1972245773362196,TypeScript,7.289610521451167,3.6109179126442243,1.0986122886681098,1.3862943611198906,1.0,2.0,2019-03-31T20:17:36Z,0,1.0,1.791759469228055,7.446585099157725,0.6931471805599453,0.0,0.0,0,2e+18,2.70805020110221,0.6931471805599453,0,0,1,0,1,0,0,0,0,0,0,1,0,0,0,0,0,0,1,0
367,461,2927,2019-04-02T16:44:12,Other,Hours,Beginner,https://github.com/odyssy-automaton/od-gittron-web/issues/138,dekanbro,https://gitcoin.co/issue/11647,HTML,16.02,odyssy-automaton,"Register and verify a public GitHub repo on https://gittron.me/ 
We did the Opera pwa bounty for 50dai and want to put that back into a bounty of our own. BTW the new Opera is awesome, worth a try.
We want to use this bounty to get some use and feedback on the NFT app, Gittron.
Gittron is a way to deploy an autonomous fundraising nft for your open-source project.

Managers of an open-source repo can generate a unique Prime Bot. The DNA of the Prime Bot is based on the repo's codebase.

With a Prime Bot generated, it can be cloned and sold as Support Bots. Earning money for the prime bot and the registered repo.

Read more here:
https://gittron.me/about

You will need a public GitHub repo to do this bounty

### Definition of Done:
Register and verify a public GitHub repo and claim free prime bot nft @ gittron.me
Requirements

### A correct submission will:

- provide link to hatched prime bot
- verify prime bot by adding a .gittron file to repos default branch with public key of the owner
- add gittron markdown snippet to readme file of repo.
- 30 words of feedback

.04 for each bounty hunter that completes this",od-gittron-web,0,0.0,{},ETH,"['https://gittron.me/bots/0x178b1cb25cc2eecb4d3ad2ac558c1695', 'https://github.com/odyssy-automaton/od-gittron-web/issues/138#issuecomment-477273974']",3,1.3862943611198906,0.6931471805599453,0.6931471805599453,1.9459101490553132,2019-01-31T23:57:08Z,1.6094379124341003,JavaScript,7.983781068977451,7.671360923190644,6.647688373563329,3.6109179126442243,30.0,0.0,2019-01-31T23:57:08Z,0,1.0,6.07073772800249,7.050989447068045,0.6931471805599453,0.6931471805599453,5.293304824724492,188,1.2e+17,2.0794415416798357,1.3862943611198906,0,1,0,0,1,0,0,0,0,0,0,0,0,1,0,0,1,0,0,0
368,462,2929,2019-08-01T13:59:02,Documentation,Hours,Intermediate,https://github.com/kauri-io/content/issues/31,ChrisChinchilla,https://gitcoin.co/issue/15221,ethereum,502.27,kauri-io,As laid out here - https://github.com/kauri-io/Content/blob/master/Outlines/ERC998.md,content,0,0.0,{},ETH,['https://github.com/kauri-io/Content/pull/64'],1,3.1780538303479458,2.4849066497880004,2.4849066497880004,1.791759469228055,2018-11-22T13:39:57Z,2.1972245773362196,Others,9.271341393533582,6.405228458030842,0.0,1.6094379124341003,9.0,1.0,2019-07-22T08:40:06Z,2019-08-13T11:50:43Z,1.0,7.022868086082641,4.454347296253507,2.1972245773362196,0.6931471805599453,0.0,0,3.75e+18,3.091042453358316,0.6931471805599453,0,0,1,0,1,0,0,0,0,0,1,0,0,0,0,0,0,1,0,0
369,463,2933,2019-04-18T14:41:54,0,Hours,Intermediate,https://github.com/consensys/mythxjs/issues/1,b-mueller,https://gitcoin.co/issue/12514,0,339.83,consensys,Create the base architecture with ~60% test coverage and bare docs. Use [PythX](https://github.com/dmuhs/PythX) for inspiration.,mythxjs,0,0.0,{},ETH,['https://github.com/ConsenSys/mythxjs/pull/6'],1,2.0794415416798357,3.1780538303479458,3.1780538303479458,3.044522437723423,2019-03-25T12:07:51Z,2.70805020110221,TypeScript,7.529943370601589,8.38206051742474,9.520761931397454,3.6635616461296463,6.0,0.0,2019-04-07T20:51:50Z,0,1.0,5.91350300563827,4.859812404361672,3.5263605246161616,2.0794415416798357,3.5553480614894135,30,2.5e+18,5.831882477283517,0.6931471805599453,0,0,1,0,1,0,0,0,0,0,0,0,0,0,0,0,0,0,1,0
370,465,2954,2019-04-11T21:05:00,Bug,Hours,Advanced,https://github.com/thelastpickle/cassandra-reaper/issues/630,michaelsembwever,https://gitcoin.co/issue/11841,Classloaders,137.47,thelastpickle,"It should be possible to run:

`mvn -Pintegration-upgrade-tests -Dtest=ReaperCassandraIT`

but trying to start the jetty/jersey server via reflection ( https://github.com/thelastpickle/cassandra-reaper/blob/master/src/server/src/test/java/io/cassandrareaper/acceptance/ReaperTestJettyRunner.java#L171 ) throws a class cast exception (around jboss' AutoDiscoverable).

When this is fixed then the upgrade integration tests can be uncommented and run again in both travis and circleCI.

The requirement to the upgrade integration tests is that the previous versions of `ReaperApplication` (inside a `DropwizardTestSupport`) is run via separated classloaders. The classloaders need to be child-first, as opposed to parent-first, for this to work. The upgrade integration tests run the cucumber scenarios against the past version of a `ReaperApplication` test server, and then mid-scenario replaces the `ReaperApplication` test server with once from the test classpath. The upgrade integration tests ensure all normal Reaper operations complete successfully while Reaper is upgraded.



┆Issue is synchronized with this [Jira Task](https://k8ssandra.atlassian.net/browse/K8SSAND-384) by [Unito](https://www.unito.io)
┆Issue Number: K8SSAND-384",cassandra-reaper,0,0.0,{},ETH,['https://github.com/thelastpickle/cassandra-reaper/pull/641'],1,5.272999558563747,6.100318952020064,6.100318952020064,4.997212273764115,2016-10-13T23:25:17Z,3.713572066704308,Others,10.902684580406032,3.784189633918261,4.0943445622221,1.6094379124341003,21.0,3.0,2019-04-04T11:00:57Z,0,1.0,6.728628613084702,7.122866658599083,0.0,0.0,0.0,0,9.98e+17,2.0794415416798357,0.6931471805599453,1,0,0,0,1,0,0,1,0,0,0,0,0,0,0,0,0,1,0,0
371,466,2956,2019-03-19T16:20:55,0,Hours,Intermediate,https://github.com/gitcoinco/web/issues/3999,owocki,https://gitcoin.co/issue/11388,Smarty,27.53,gitcoinco,"conversion rate on this bounty email is wrong 

http://bits.owocki.com/dc69b750161a/Gitcoin%20Core%20Mail%20-%20You've%20successfully%20funded%20a%20bounty!.pdf

25 DAI == $25",web,0,0.0,{},ETH,['https://github.com/gitcoinco/web/pull/4003'],1,6.728628613084702,7.396948602621014,7.396948602621014,6.444131256700441,2017-07-10T10:53:45Z,4.532599493153256,JavaScript,13.991201849715411,0.6931471805599453,0.6931471805599453,0.6931471805599453,2.0,2.0,2019-03-19T14:25:51Z,2019-03-19T16:19:13Z,1.0,7.1891677384203225,5.19295685089021,6.665683717782408,4.430816798843313,11.673274040953775,117281,2e+17,5.8998973535824915,0.6931471805599453,0,0,1,0,1,0,0,0,0,0,0,0,0,0,0,0,1,0,0,0
372,468,2967,2019-03-17T16:35:03,0,Hours,Intermediate,https://github.com/cleanunicorn/mythos/issues/12,b-mueller,https://gitcoin.co/issue/11356,JavaScript,38.39,cleanunicorn,"*Description*

Consider this contract

```solidity
pragma solidity >=0.4.20 <0.4.22;

contract A {}
```

Running mythos will not correctly identify the Solidity version and will pick latest which will fail at compilation time

```sh-session
$ mythos analyze ./a.sol A                                                                 
Reading contract ./a.sol... done
Downloading Solidity version latest
./a.sol:3:1: ParserError: Source file requires different compiler version (current compiler is 0.5.5+commit.47a71e8f.Emscripten.clang - note that nightly builds are considered to be strictly less than the released version
contract A {}
^------^

Compiling contract ./a.sol... failed
```

*Remediation*

Pick the correct Solidity version when an interval is specified.",mythos,0,0.0,{},ETH,['https://github.com/cleanunicorn/mythos/pull/19'],1,1.791759469228055,3.044522437723423,3.044522437723423,2.772588722239781,2019-02-22T15:39:42Z,0.6931471805599453,TypeScript,7.062191632286556,3.4011973816621555,1.3862943611198906,1.0986122886681098,1.0,4.0,2019-03-16T13:52:23Z,2019-03-16T15:22:07Z,1.0,7.15305163493748,6.678342114654332,1.3862943611198906,0.0,3.5553480614894135,30,2.8000000000000003e+17,5.8971538676367405,0.6931471805599453,0,0,1,0,1,0,0,0,0,0,0,0,0,0,0,0,0,0,1,0
373,469,2968,2019-03-26T02:46:55,0,Hours,Intermediate,https://github.com/cleanunicorn/mythos/issues/13,b-mueller,https://gitcoin.co/issue/11507,JavaScript,98.73,cleanunicorn,"Should handle 

```solidity
import ""./contract.sol"";
```",mythos,0,0.0,{},ETH,['https://github.com/cleanunicorn/mythos/pull/25'],1,1.791759469228055,3.044522437723423,3.044522437723423,2.772588722239781,2019-02-22T15:39:42Z,0.6931471805599453,TypeScript,7.062191632286556,3.332204510175204,2.0794415416798357,1.0986122886681098,1.0,1.0,2019-03-21T01:38:34Z,2019-03-25T16:46:18Z,1.0,7.22402480828583,4.110873864173311,1.0986122886681098,0.0,3.5553480614894135,30,7.2e+17,5.87493073085203,0.6931471805599453,0,0,1,0,1,0,0,0,0,0,0,0,0,0,0,0,0,0,1,0
374,470,2969,2019-03-18T02:15:32,0,Hours,Intermediate,https://github.com/cleanunicorn/mythos/issues/16,b-mueller,https://gitcoin.co/issue/11361,Batchfile,40.84,cleanunicorn,"When the analysis times out, currenly the only options are to retry it with an increased timeout, or manually call the API to get the results. It would be nice to have a command for that, e.g. `mythos analysis-results `, that would display the results in the same format as `analyze`.",mythos,0,0.0,{},ETH,['https://github.com/cleanunicorn/mythos/pull/22'],1,1.791759469228055,3.044522437723423,3.044522437723423,2.772588722239781,2019-02-22T15:39:42Z,0.6931471805599453,TypeScript,7.062191632286556,4.477336814478207,0.0,0.6931471805599453,2.0,4.0,2019-03-17T11:27:45Z,2019-03-17T18:52:41Z,1.0,6.315358001522335,5.652489180268651,0.6931471805599453,0.0,3.5553480614894135,30,3e+17,5.8971538676367405,0.6931471805599453,0,0,1,0,1,0,0,0,0,0,0,0,0,0,0,0,0,0,1,0
375,471,2971,2019-03-20T04:56:55,Improvement,Hours,Beginner,https://github.com/consensys/truffle-security/issues/118,b-mueller,https://gitcoin.co/issue/11400,Dockerfile,13.2,consensys,"This should also assist calling shell scripts that might be used in Ci testing. 

A possibly slick idea is to add one for every reported errors. So if there is one warning and two errors the return code might be three. If however we've decided not to report warnings, then the return codee would be 2. Note that the maximum value of a return code is 255.",truffle-security,0,0.0,{},ETH,['https://github.com/ConsenSys/truffle-security/pull/132'],1,3.332204510175204,4.820281565605037,4.820281565605037,3.295836866004329,2018-10-08T01:19:17Z,3.2188758248682006,JavaScript,8.22282213081366,5.814130531825066,2.833213344056216,1.791759469228055,2.0,4.0,2019-03-17T07:02:18Z,2019-03-20T05:28:12Z,1.0,4.836281906951478,5.877735781779639,3.4965075614664802,1.9459101490553132,3.5553480614894135,30,1e+17,5.8888779583328805,0.6931471805599453,0,1,0,0,1,0,0,0,0,0,0,0,1,0,0,0,1,0,0,0
376,472,2972,2019-04-06T06:42:48,Improvement,Hours,Intermediate,https://github.com/consensys/truffle-security/issues/116,b-mueller,https://gitcoin.co/issue/11702,Dockerfile,59.41,consensys,"It would be nice to have both a per-project and global configuration file to customize truffle-security behavior. 

Personally, I prefer YAML over JSON, although javscript (which is what truffle uses) is fine too. 

The kinds of things that this file could include: 

* ignoring specific SWC's or SWC's to some degree of specificity (file, contract, location)
* ignoring below a specific severity level
* default eslint style

This configuration file may also be useful for CI.",truffle-security,0,0.0,{},ETH,['https://github.com/ConsenSys/truffle-security/pull/139'],1,3.332204510175204,4.820281565605037,4.820281565605037,3.295836866004329,2018-10-08T01:19:17Z,3.2188758248682006,JavaScript,8.22282213081366,5.0106352940962555,2.302585092994046,1.791759469228055,27.0,6.0,2019-03-22T01:43:30Z,2019-04-05T14:22:05Z,1.0,7.039660349862076,6.1903154058531475,3.4657359027997265,1.791759469228055,3.5553480614894135,30,4.5e+17,5.840641657373398,0.6931471805599453,0,0,1,0,1,0,0,0,0,0,0,0,1,0,0,0,1,0,0,0
377,473,2992,2019-03-13T18:21:29,Improvement,Hours,Intermediate,https://github.com/ethereum-ts/typechain/issues/135,AntonioJuliano,https://gitcoin.co/issue/11278,JavaScript,136.14,ethereum-ts,"As of 1.0.0-beta.38, web3 ships directly with typescript typings (they seem to no longer be published through @types/web3 as of now). Ideally these typings would be used.

After this version of web3, typechain now throws a bunch of errors with the web3-1.0 target:

```
build/wrappers/A.d.ts:4:58 - error TS2307: Cannot find module 'web3/eth/contract'.

4 import Contract, { CustomOptions, contractOptions } from ""web3/eth/contract"";
                                                           ~~~~~~~~~~~~~~~~~~~

build/wrappers/A.d.ts:5:46 - error TS2307: Cannot find module 'web3/eth/types'.

5 import { TransactionObject, BlockType } from ""web3/eth/types"";
                                               ~~~~~~~~~~~~~~~~

build/wrappers/A.d.ts:6:10 - error TS2305: Module '""web3/types""' has no exported member 'Callback'.

6 import { Callback, EventLog } from ""web3/types"";
           ~~~~~~~~

build/wrappers/A.d.ts:6:20 - error TS2305: Module '""/web3/types""' has no exported member 'EventLog'.

6 import { Callback, EventLog } from ""web3/types"";
                     ~~~~~~~~

build/wrappers/A.d.ts:8:26 - error TS2307: Cannot find module 'web3/providers'.

8 import { Provider } from ""web3/providers"";
```",typechain,0,0.0,{},ETH,['https://github.com/ethereum-ts/TypeChain/pull/141'],1,5.7745515455444085,7.81156848934518,7.81156848934518,4.709530201312334,2017-09-02T16:42:54Z,3.4657359027997265,TypeScript,8.799360083179907,6.061456918928017,6.077642243349034,2.302585092994046,3.0,17.0,2019-03-11T22:00:53Z,2019-03-13T08:57:53Z,1.0,5.393627546352362,7.122866658599083,1.791759469228055,1.3862943611198906,0.0,0,1e+18,5.8888779583328805,0.6931471805599453,0,0,1,0,1,0,0,0,0,0,0,0,1,0,0,0,0,0,1,0
378,474,2993,2019-04-01T16:05:48,Feature,Days,Intermediate,https://github.com/gitcoinco/web/issues/3937,PixelantDesign,https://gitcoin.co/issue/11627,CSS,163.37,gitcoinco,"### As a user of Gitcoin I'd like to know when I have notifications in Gitcoin that I need to act upon.

### This task requires front-end and back-end knowledge.

### Turnaround Time 10 Days, please only apply if you can complete this within the time frame specified.

### Definition of Done
- [ ] Use current Gitcoin email template
- [ ] The name of the person should be **dynamic** based on who it's sent to.
- [ ] Build a simple email that sends users a **weekly** reminder of notifications that they need to read in Gitcoin. Schedule the weekly trigger for all users
- [ ] Use cron
- [ ] The backend endpoint is located at `/inbox/notifications/`
https://github.com/gitcoinco/web/blob/master/scripts/crontab (edited) 
- [ ] Clicking on the button takes the user to the notification page.
- [ ] Email must be responsive.
- [ ] All tests must pass before code is merged
- [ ] Review with Gitcoin core team

### Reference





[Notification Email 2.zip](https://github.com/gitcoinco/web/files/2947118/Notification.Email.2.zip)",web,0,0.0,{},ETH,['https://github.com/gitcoinco/web/pull/3959'],1,6.728628613084702,7.396948602621014,7.396948602621014,6.444131256700441,2017-07-10T10:53:45Z,4.532599493153256,JavaScript,13.991201849715411,6.173786103901937,1.6094379124341003,2.3978952727983707,9.0,14.0,2019-03-12T20:47:49Z,2019-04-01T14:44:25Z,1.0,5.645446897643238,6.9584483932976555,6.628041376179533,4.394449154672439,5.429345628954441,195,1.2e+18,1.9459101490553132,0.6931471805599453,0,0,1,1,0,0,0,0,0,0,0,1,0,0,0,0,1,0,0,0
379,475,2996,2019-03-24T04:04:48,0,Hours,Intermediate,https://github.com/b-mueller/sabre/issues/14,b-mueller,https://gitcoin.co/issue/11481,JavaScript,150.27,b-mueller,Resolve imports before the compilation step and flatten the contract to a single chunk of source code that contains the important code.,sabre,0,0.0,{},ETH,['https://github.com/b-mueller/sabre/pull/16'],1,2.995732273553991,4.0943445622221,4.0943445622221,0.6931471805599453,2018-10-24T04:31:07Z,1.9459101490553132,JavaScript,6.62273632394984,5.327876168789581,3.784189633918261,1.791759469228055,1.0,0.0,2019-03-20T20:56:11Z,2019-03-21T01:01:44Z,1.0,6.919683849847411,4.912654885736052,1.6094379124341003,0.6931471805599453,3.5553480614894135,30,1.1e+18,5.857933154483459,0.6931471805599453,0,0,1,0,1,0,0,0,0,0,0,0,0,0,0,0,1,0,0,0
380,476,3004,2019-03-29T05:15:09,Documentation,Hours,Intermediate,https://github.com/mybitfoundation/mybit-documentation.website/issues/7,mybit-coordinator,https://gitcoin.co/issue/11583,documentation,497.27,mybitfoundation,"## Introduction
At MyBit we are focused on the decentralisation of wealth, which we had been working on through our many applications. By the end of the year, we plan on decentralising the company itself, which means also opening the knowledge that we use for developing our apps. 

One of the core ways we are planning to achieve so is by creating a standard baseline for the documentation required for developing applications on top of the MyBit ecosystem. We believe that solid kick-off documentation takes a product long ways within an agile lifecycle, and helps developers have a product scope and goals in check.

The goal of this task is to create a new brand PRD template that we can use across our applications taking in consideration the current DApp ecosystem, thus considering, for example, non-functional features like a proper user experience with Metamask. The document is meant to target web applications that perform interactions with Ethereum contracts and provide a baseline for Product Owners to describe the functionality, scope, and other expectations about the application to be developed.

## Requirements
1. Read [Atlassian PRD template](https://www.atlassian.com/software/confluence/templates/product-requirements-document) and [breakdown of a PRD document](https://www.atlassian.com/agile/product-management/requirements).
2. Via Google Doc, create a draft of a template for a PRD document that requests the following items:

- **Team member definition**. Create a section that describes who will be the Product Owner and a Product Manager of the project, as well as a small introduction on what they are supposed to do. The Product Owner (PO) is the person focused in defining the product vision, scope, and general focus of the product, whereas the Product Manager (PM) is the person focused in ensuring the product success, delivery, and milestones of the product defined by its PO. Alongside, define who other individuals are involved in the project and a section for them to add contact information, role and core skills.

- **User Stories and Technical Requirements (Functional and Non-functional)**. Create a section that allows PO/PMs to define all user stories required and expected from the product/application to work. You can base yourself in the general [IEEE SRS guidelines](https://cse.msu.edu/~cse870/IEEEXplore-SRS-template.pdf) for inspiration on what to cover, yet make sure to keep the section lean.

- **Design Brief**. Create a section within the PRD that includes insertion of Wireframes, Styleguides (Brand, Color, Typography) and High-End Mocks describing the look and feel of the product.

- **Roadmap** Add a section in PRD for adding a general Roadmap the product. The Roadmap is defined by a PO and PM, and is supported by everyone involved in the making of the PRD. The Roadmap includes a set of Tasks or Milestones expected to be delivered every week, so it should be in the forms of deliverables, and not dates.

The document needs to be extensive but not exhausting. It should work as a brief that you as a developer would like to receive in order to know how to develop an app that is requested from you. If you don't know whether a section should be included, chances are that it should, so please ensure you go back and forward with the team to get a decision.

## To Submit
1. Send a comment to this repository with your Google Doc, and await revision. We'll iterate a couple times on the content and structure until it's complete.
2. After the content is ready, translate it from Google Doc to a Markdown file(s), and send a PR with the changes. The content will show up in develop.mybit.io, so might take some extra time to iterate that as well.

## Additional information
Here are a couple guides on inspirations for creating a PRD
https://www.uxpin.com/studio/blog/write-good-product-requirements-document/
https://www.aha.io/roadmapping/guide/requirements-management/what-is-a-good-product-requirements-document-template
https://confluence.atlassian.com/confcloud/product-requirements-blueprint-937893675.html

If you have any questions, please don't hesitate to comment on the task. For faster interaction, you can reach the team at our [Gitter](https://gitter.im/Mybit-Foundation/DDF) channel.

## Disclaimer
All work completed via the MyBit Decentralised Development Fund is property of the MyBit Foundation (CHE-177.186.963) and may be used, re-used, and/or distributed, re-distributed by the MyBit Foundation for financial gain. The contributor holds no warrant nor claims for any future payments resulting from monetisation schemes originating from the MyBit Foundation or any of its affiliates. Where law permits outside of open source regulations, the contributor is not permitted to distribute any work completed via the MyBit Decentralised Development Fund (DDF) for personal gain.",mybit-documentation.website,0,0.0,{},ETH,['https://github.com/MyBitFoundation/MyBit-Documentation.website/pull/8'],1,1.6094379124341003,0.6931471805599453,0.6931471805599453,0.6931471805599453,2018-10-17T23:23:45Z,1.791759469228055,Unknown,3.970291913552122,4.882801922586371,0.0,1.3862943611198906,1.0,1.0,2019-03-29T00:24:53Z,2019-03-29T05:13:35Z,1.0,7.047517221357296,8.49596955496461,3.5553480614894135,2.833213344056216,0.0,0,3.626e+18,5.840641657373398,0.6931471805599453,0,0,1,0,1,0,0,0,0,0,1,0,0,0,0,0,0,0,0,1
381,478,3011,2019-05-28T21:51:58,0,Hours,Intermediate,https://github.com/fembusinessmodelsring/web3_revenue_primitives/issues/32,owocki,https://gitcoin.co/issue/13691,0,136.14,fembusinessmodelsring,"There are pieces of infrastructure that have bene been to be widely useful + reusable, that people can leverage to rapidly prototype their projects.

I'm thinking:

* Wyre
* Portis
* Open Zeppelin
* 0x Protocol
* etc

We should debate the list of these components, what they are useful for, what they uniquely solve, and then add it to the business models list.

This bounty is for PRs that add this to a section at the end called ""Accelerants"".  I will drop some DAI / Kudos on people in the thread / comments who are adding value.  At least 10 DAI per PR, up to 35 DAI -- value judgement is up to me.",web3_revenue_primitives,0,0.0,{},ETH,['https://github.com/FEMBusinessModelsRing/web3_revenue_primitives/pull/53'],1,3.4339872044851463,5.1647859739235145,5.1647859739235145,3.091042453358316,2018-10-29T14:34:25Z,2.995732273553991,Unknown,6.037870919922137,3.7376696182833684,0.6931471805599453,0.6931471805599453,6.0,2.0,2019-05-28T04:54:25Z,2019-05-28T21:50:36Z,1.0,6.0473721790462776,6.421622267806518,2.6390573296152584,1.3862943611198906,11.673274040953775,117281,1e+18,5.641907070938114,0.6931471805599453,0,0,1,0,1,0,0,0,0,0,0,0,0,0,0,0,0,0,0,1
382,479,3012,2019-07-18T19:03:03,0,Hours,Intermediate,https://github.com/gitcoinco/web/issues/3907,owocki,https://gitcoin.co/issue/14965,Smarty,149.75,gitcoinco,"### User Story

[comment]: # (As a , I want to  so that .)
As a user, I want to be able to update my profile header, to further customize my profile 'when I look in the mirror'.

### Why Is this Needed

Further allowing users to customize their profile and MAKE IT LOOK GOOD will allow them to think of their gitcoin profile as their web3 job hunting identity, further increasing their stickiness on the platform.

[comment]: # (Describe the problem and why this task is needed. Provide description of the current state, what you would like to happen, and what actually happen)
*Summary*:

### Description

[comment]: # (Feature or Bug? i.e Type: Bug)
*Type*:

### Current Behavior
[comment]: # (Describe what actually happened.)
No profile header upload

### Expected Behavior
[comment]: # (Describe what you expected to happen.)

Your task for this bounty is to design a profile header uploader to replace the default profile header on the Gitcoin profile



This beahviour is modeled after the UX on twitter 

![Screen Recording 2019-03-12 at 10 52 AM](https://user-images.githubusercontent.com/513929/54219590-6f626700-44b5-11e9-8ce8-9a1361e6eded.gif)

I would like for the person who is building this functionality to add the 'change your header photo' functionality on Gitcoin.

There are two options to profile header uploads:
1. Upload a new image. In this case, you may store the image in S3.  
2. Select an image from a list of preselected profile headers.    Those profile headers are already created, and they are uploaded to [this ticket](https://github.com/gitcoinco/web/issues/3912).

- UI should be as minimial as possible, such that it is not needed to have a designer work on this.
- users should only be able to change the profile header on their OWN profile.

### Definition of Done
[comment]: # (Any other information that would be useful, bullets are helpful.)
See above",web,0,0.0,{},ETH,"['https://github.com/gitcoinco/web/pull/4605', 'https://github.com/gitcoinco/web/pull/4605']",2,6.728628613084702,7.396948602621014,7.396948602621014,6.444131256700441,2017-07-10T10:53:45Z,4.532599493153256,JavaScript,13.991201849715411,9.927204079153444,4.394449154672439,3.8066624897703196,13.0,45.0,2019-06-10T10:13:32Z,2019-07-17T15:22:20Z,1.0,6.814542897259958,7.568379267836522,6.602587892189336,4.356708826689592,11.673274040953775,117281,1.1e+18,5.44673737166631,1.0986122886681098,0,0,1,0,1,0,0,0,0,0,0,0,0,0,0,0,1,0,0,0
383,480,3015,2019-03-08T07:11:28,0,Hours,Intermediate,https://github.com/b-mueller/sabre/issues/7,b-mueller,https://gitcoin.co/issue/9583,JavaScript,163.37,b-mueller,"### Description
`sabre` should be able to detect the compiler version of the Solidity based on the `pragma` in the selected contract",sabre,0,0.0,{},ETH,['https://github.com/b-mueller/sabre/pull/10'],1,2.995732273553991,4.0943445622221,4.0943445622221,0.6931471805599453,2018-10-24T04:31:07Z,1.9459101490553132,JavaScript,6.62273632394984,4.8283137373023015,3.912023005428146,1.3862943611198906,1.0,1.0,2019-03-07T09:40:48Z,2019-03-07T10:21:34Z,1.0,5.0106352940962555,4.897839799950911,1.3862943611198906,0.0,3.5553480614894135,30,1.2e+18,5.8944028342648505,0.6931471805599453,0,0,1,0,1,0,0,0,0,0,0,0,0,0,0,0,1,0,0,0
384,481,3016,2019-03-08T02:49:11,0,Hours,Intermediate,https://github.com/b-mueller/sabre/issues/8,b-mueller,https://gitcoin.co/issue/9577,JavaScript,163.37,b-mueller,"### Description
Figure out how `solc-js` and `sabre` handle different cases like below:
- Multiple separate contracts in a single file
- Base contract and inherited contract in the same file
- Base contract in an imported file",sabre,0,0.0,{},ETH,['https://github.com/b-mueller/sabre/pull/12'],1,2.995732273553991,4.0943445622221,4.0943445622221,0.6931471805599453,2018-10-24T04:31:07Z,1.9459101490553132,JavaScript,6.62273632394984,4.127134385045092,3.713572066704308,1.6094379124341003,1.0,0.0,2019-03-07T17:32:15Z,2019-03-08T02:39:01Z,1.0,6.784457062637643,5.442417710521793,1.0986122886681098,0.0,3.5553480614894135,30,1.2e+18,5.8971538676367405,0.6931471805599453,0,0,1,0,1,0,0,0,0,0,0,0,0,0,0,0,1,0,0,0
385,482,3019,2019-03-15T16:53:19,0,Hours,Intermediate,https://github.com/fembusinessmodelsring/web3_revenue_primitives/issues/27,owocki,https://gitcoin.co/issue/11335,0,50.26,fembusinessmodelsring,"I would like for the worker on this bounty to do research on the larger crypto exchanges in the space.  IF you can pull an overview of their business models / fee models, and estimates for revenues in both bull and bear market, that would be YUGE!",web3_revenue_primitives,0,0.0,{},ETH,['https://github.com/FEMBusinessModelsRing/web3_revenue_primitives/pull/41'],1,3.4339872044851463,5.1647859739235145,5.1647859739235145,3.091042453358316,2018-10-29T14:34:25Z,2.995732273553991,Unknown,6.037870919922137,4.189654742026425,0.0,1.6094379124341003,3.0,1.0,2019-03-14T23:39:26Z,2019-03-15T16:50:20Z,1.0,6.008813185442595,5.5134287461649825,2.5649493574615367,1.3862943611198906,11.673274040953775,117281,4e+17,5.872117789475416,0.6931471805599453,0,0,1,0,1,0,0,0,0,0,0,0,0,0,0,0,0,0,0,1
386,483,3020,2019-05-21T02:04:09,0,Hours,Intermediate,https://github.com/fembusinessmodelsring/web3_revenue_primitives/issues/28,owocki,https://gitcoin.co/issue/13492,0,50.26,fembusinessmodelsring,"I would like for the person who takes this bounty to write about different crypto trading strategies.  A basic 1 paragraph overview of each of the following is fine:

* Algorithmic Trading
* Machine Learning Trading Techniques
* Arbitrage
* any other suggested trading models I should place another bounty on",web3_revenue_primitives,0,0.0,{},ETH,['https://github.com/FEMBusinessModelsRing/web3_revenue_primitives/pull/39'],1,3.4339872044851463,5.1647859739235145,5.1647859739235145,3.091042453358316,2018-10-29T14:34:25Z,2.995732273553991,Unknown,6.037870919922137,2.302585092994046,0.0,0.6931471805599453,2.0,1.0,2019-03-13T21:39:36Z,2019-05-06T17:16:05Z,1.0,7.069874128458572,5.749392985908253,2.4849066497880004,1.3862943611198906,11.673274040953775,117281,4e+17,5.666426688112432,0.6931471805599453,0,0,1,0,1,0,0,0,0,0,0,0,0,0,0,0,0,0,0,1
387,484,3022,2019-03-09T01:09:39,0,Hours,Intermediate,https://github.com/fembusinessmodelsring/web3_revenue_primitives/issues/25,owocki,https://gitcoin.co/issue/9618,0,37.7,fembusinessmodelsring,"The scope of this task is to add a paragraph each of the following Radical Markets ( http://radicalmarkets.com/ ) concepts:

* All the ones listed on the homepage.
* Constrained capital Liberal Radicalism",web3_revenue_primitives,0,0.0,{},ETH,['https://github.com/FEMBusinessModelsRing/web3_revenue_primitives/pull/36'],1,3.4339872044851463,5.1647859739235145,5.1647859739235145,3.091042453358316,2018-10-29T14:34:25Z,2.995732273553991,Unknown,6.037870919922137,3.295836866004329,0.0,0.6931471805599453,1.0,0.0,2019-03-08T20:40:27Z,2019-03-08T20:53:37Z,1.0,7.065613363597717,5.337538079701318,2.302585092994046,1.3862943611198906,11.673274040953775,117281,3e+17,5.8916442118257715,0.6931471805599453,0,0,1,0,1,0,0,0,0,0,0,0,0,0,0,0,0,0,0,1
388,485,3023,2019-03-14T23:07:20,0,Hours,Intermediate,https://github.com/fembusinessmodelsring/web3_revenue_primitives/issues/24,owocki,https://gitcoin.co/issue/11298,0,37.7,fembusinessmodelsring,"The scope of this task is to research on both Curved Bonding Models, and Continuous Organizations.. and to provide a summary of both in the README on this repo.

Make edits here => https://github.com/FEMBusinessModelsRing/web3_revenue_primitives#continous-funding-models",web3_revenue_primitives,0,0.0,{},ETH,['https://github.com/FEMBusinessModelsRing/web3_revenue_primitives/pull/40'],1,3.4339872044851463,5.1647859739235145,5.1647859739235145,3.091042453358316,2018-10-29T14:34:25Z,2.995732273553991,Unknown,6.037870919922137,3.2188758248682006,1.6094379124341003,0.6931471805599453,2.0,0.0,2019-03-13T23:19:13Z,2019-03-14T14:30:58Z,1.0,2.4849066497880004,5.60947179518496,2.1972245773362196,1.3862943611198906,11.673274040953775,117281,3e+17,5.87493073085203,0.6931471805599453,0,0,1,0,1,0,0,0,0,0,0,0,0,0,0,0,0,0,0,1
389,486,3026,2019-03-07T19:29:30,Improvement,Hours,Intermediate,https://github.com/wanseob/npm-truffle-box/issues/3,wanseob,https://gitcoin.co/issue/9330,Windows,39.12,wanseob,"Because it uses UNIX commands in the npm scripts, this truffle box is not compatible for developers who are working on Windows OS. Due to the lack of Windows experience, I'm not sure what kind of issues will be there. 

It'll be greatly thankful if anyone helps this issue.",npm-truffle-box,0,0.0,{},ETH,['https://github.com/wanseob/npm-truffle-box/pull/4'],1,0.6931471805599453,0.0,0.0,0.0,2019-02-27T15:13:20Z,1.0986122886681098,JavaScript,4.6443908991413725,1.9459101490553132,1.9459101490553132,0.6931471805599453,1.0,1.0,2019-03-04T20:50:48Z,2019-03-05T14:33:03Z,1.0,4.406719247264253,5.62040086571715,1.791759469228055,0.0,0.0,0,3e+17,4.465908118654584,0.6931471805599453,0,0,1,0,1,0,0,0,0,0,0,0,1,0,0,0,1,0,0,0
390,487,3028,2019-03-07T19:29:04,0,Hours,Intermediate,https://github.com/gitcoinco/web/issues/3850,owocki,https://gitcoin.co/issue/9327,Smarty,92.76,gitcoinco,"### User Story

[comment]: # (As a , I want to  so that .)

### Why Is this Needed

[comment]: # (Describe the problem and why this task is needed. Provide description of the current state, what you would like to happen, and what actually happen)
*Summary*:

### Description

[comment]: # (Feature or Bug? i.e Type: Bug)
*Type*:
Feature
### Current Behavior
[comment]: # (Describe what actually happened.)
MatchPledge object in database

### Expected Behavior
[comment]: # (Describe what you expected to happen.)
We should have two tabs on the grants landing page for Matching partners.
- Current matching partners
- Past matching partners.

The module should be such as it was designed below.

### Additional Information
[comment]: # (Any other information that would be useful, content, screenshots, etc.)

OG Thread on this: https://gitcoincore.slack.com/archives/CBDTKB59A/p1551112349057100

![matching2](https://user-images.githubusercontent.com/513929/53437353-859efc00-39ba-11e9-840a-f44218a568bc.jpg)",web,0,0.0,{},ETH,['https://github.com/gitcoinco/web/pull/3870'],1,6.728628613084702,7.396948602621014,7.396948602621014,6.444131256700441,2017-07-10T10:53:45Z,4.532599493153256,JavaScript,13.991201849715411,4.31748811353631,2.4849066497880004,1.791759469228055,3.0,7.0,2019-02-28T21:17:40Z,2019-03-07T12:30:18Z,1.0,4.6913478822291435,6.946975992135418,6.595780513961311,4.356708826689592,11.673274040953775,117281,7e+17,5.8888779583328805,0.6931471805599453,0,0,1,0,1,0,0,0,0,0,0,0,0,0,0,0,1,0,0,0
391,488,3029,2019-03-07T19:28:58,0,Hours,Intermediate,https://github.com/gitcoinco/kudos721contract/issues/3,owocki,https://gitcoin.co/issue/9326,CSS,39.76,gitcoinco,"When I installed latest truffle from `npm install -g truffle ganache-cli` and running test, then I got compile errors.

```
hyundp:Kudos721Contract daehyun$ truffle test --network test
No secrets.json found. If you are trying to publish EPM this will fail. Otherwise, you can ignore this message!

Compiling your contracts...
===========================
> Compiling ./contracts/Kudos.sol
> Compiling ./contracts/Migrations.sol
> Compiling openzeppelin-solidity/contracts/AddressUtils.sol
> Compiling openzeppelin-solidity/contracts/introspection/ERC165.sol
> Compiling openzeppelin-solidity/contracts/introspection/SupportsInterfaceWithLookup.sol
> Compiling openzeppelin-solidity/contracts/math/SafeMath.sol
> Compiling openzeppelin-solidity/contracts/ownership/Ownable.sol
> Compiling openzeppelin-solidity/contracts/token/ERC721/ERC721.sol
> Compiling openzeppelin-solidity/contracts/token/ERC721/ERC721Basic.sol
> Compiling openzeppelin-solidity/contracts/token/ERC721/ERC721BasicToken.sol
> Compiling openzeppelin-solidity/contracts/token/ERC721/ERC721Receiver.sol
> Compiling openzeppelin-solidity/contracts/token/ERC721/ERC721Token.sol

openzeppelin-solidity/contracts/introspection/ERC165.sol:1:1: SyntaxError: Source file requires different compiler version (current compiler is 0.5.0+commit.1d4f565a.Emscripten.clang - note that nightly builds are considered to be strictly less than the released version
pragma solidity ^0.4.24;
^----------------------^
,openzeppelin-solidity/contracts/token/ERC721/ERC721Basic.sol:1:1: SyntaxError: Source file requires different compiler version (current compiler is 0.5.0+commit.1d4f565a.Emscripten.clang - note that nightly builds are considered to be strictly less than the released version
pragma solidity ^0.4.24;
^----------------------^
,openzeppelin-solidity/contracts/token/ERC721/ERC721.sol:1:1: SyntaxError: Source file requires different compiler version (current compiler is 0.5.0+commit.1d4f565a.Emscripten.clang - note that nightly builds are considered to be strictly less than the released version
pragma solidity ^0.4.24;
^----------------------^
,openzeppelin-solidity/contracts/token/ERC721/ERC721Receiver.sol:1:1: SyntaxError: Source file requires different compiler version (current compiler is 0.5.0+commit.1d4f565a.Emscripten.clang - note that nightly builds are considered to be strictly less than the released version
pragma solidity ^0.4.24;
^----------------------^
,openzeppelin-solidity/contracts/math/SafeMath.sol:1:1: SyntaxError: Source file requires different compiler version (current compiler is 0.5.0+commit.1d4f565a.Emscripten.clang - note that nightly builds are considered to be strictly less than the released version
pragma solidity ^0.4.24;
^----------------------^
,openzeppelin-solidity/contracts/AddressUtils.sol:1:1: SyntaxError: Source file requires different compiler version (current compiler is 0.5.0+commit.1d4f565a.Emscripten.clang - note that nightly builds are considered to be strictly less than the released version
pragma solidity ^0.4.24;
^----------------------^
,openzeppelin-solidity/contracts/introspection/SupportsInterfaceWithLookup.sol:1:1: SyntaxError: Source file requires different compiler version (current compiler is 0.5.0+commit.1d4f565a.Emscripten.clang - note that nightly builds are considered to be strictly less than the released version
pragma solidity ^0.4.24;
^----------------------^
,openzeppelin-solidity/contracts/token/ERC721/ERC721BasicToken.sol:1:1: SyntaxError: Source file requires different compiler version (current compiler is 0.5.0+commit.1d4f565a.Emscripten.clang - note that nightly builds are considered to be strictly less than the released version
pragma solidity ^0.4.24;
^----------------------^
,openzeppelin-solidity/contracts/token/ERC721/ERC721Token.sol:1:1: SyntaxError: Source file requires different compiler version (current compiler is 0.5.0+commit.1d4f565a.Emscripten.clang - note that nightly builds are considered to be strictly less than the released version
pragma solidity ^0.4.24;
^----------------------^
,openzeppelin-solidity/contracts/ownership/Ownable.sol:1:1: SyntaxError: Source file requires different compiler version (current compiler is 0.5.0+commit.1d4f565a.Emscripten.clang - note that nightly builds are considered to be strictly less than the released version
pragma solidity ^0.4.24;
^----------------------^
,/Users/daehyun/Documents/Workspace/references/Kudos721Contract/contracts/Kudos.sol:1:1: SyntaxError: Source file requires different compiler version (current compiler is 0.5.0+commit.1d4f565a.Emscripten.clang - note that nightly builds are considered to be strictly less than the released version
pragma solidity ^0.4.24;
^----------------------^
,/Users/daehyun/Documents/Workspace/references/Kudos721Contract/contracts/Migrations.sol:1:1: SyntaxError: Source file requires different compiler version (current compiler is 0.5.0+commit.1d4f565a.Emscripten.clang - note that nightly builds are considered to be strictly less than the released version
pragma solidity ^0.4.23;
^----------------------^
,openzeppelin-solidity/contracts/token/ERC721/ERC721Basic.sol:84:5: TypeError: Data location must be ""memory"" for parameter in function, but none was given.
    bytes _data
    ^---------^
Compilation failed. See above.
Truffle v5.0.6 (core: 5.0.6)
Node v10.4.1
```",kudos721contract,0,0.0,{},ETH,['https://github.com/gitcoinco/Kudos721Contract/pull/5'],1,3.044522437723423,3.4339872044851463,3.4339872044851463,1.6094379124341003,2018-10-30T07:41:26Z,1.6094379124341003,JavaScript,9.187276432377631,1.791759469228055,0.0,0.6931471805599453,1.0,0.0,2019-03-03T18:07:01Z,2019-03-04T23:32:09Z,1.0,7.214504414151143,8.597666575566114,6.594413459749778,4.356708826689592,11.673274040953775,117281,3e+17,5.8888779583328805,0.6931471805599453,0,0,1,0,1,0,0,0,0,0,0,0,0,0,0,0,1,0,0,0
392,490,3036,2019-05-13T19:20:46,Bug,Hours,Beginner,https://github.com/gitcoinco/web/issues/3762,frankchen07,https://gitcoin.co/issue/13297,Smarty,44.54,gitcoinco,"**Describe the bug**

A grant page (example https://gitcoin.co/grants/48/uniswap ) has a list of canceled subscriptions.  This  list is not accurate in two ways:

- failed cancellations still listed as actual cancellations
- cancel txs that were overridden with a higher gas cost still listed as actual cancellations




- tx failed: https://etherscan.io/tx/0xb582e4a7d64a323fec84c59cd28ac6f9666a0e989e90f54a2565dd809bd6266d
- tx overridden: bottom link points to https://etherscan.io/tx/0x0

**Expected behavior**

- failed and overridden cancellations should not be listed under actual cancellations


**Screenshots**

- see attached",web,0,0.0,{},ETH,['https://github.com/gitcoinco/web/pull/4288'],1,6.728628613084702,7.396948602621014,7.396948602621014,6.444131256700441,2017-07-10T10:53:45Z,4.532599493153256,JavaScript,13.991201849715411,0.6931471805599453,0.6931471805599453,0.6931471805599453,2.0,4.0,2019-04-25T22:57:21Z,2019-05-08T12:13:02Z,1.0,5.37989735354046,6.486160788944089,6.583409222158765,4.330733340286331,4.394449154672439,55,3.3e+17,5.673323267171493,0.6931471805599453,0,1,0,0,1,0,0,1,0,0,0,0,0,0,0,0,1,0,0,0
393,491,3046,2019-03-07T21:22:40,0,Hours,Intermediate,https://github.com/gitcoinco/web/issues/3849,SaptakS,https://gitcoin.co/issue/9484,Smarty,0.13,gitcoinco,"Alisa's QA

UX Clean Up
- [ ] Github Repo Type - Change text to Select a Repo Type
- [ ]  Put Public/ Private Option Side by Side to save space?
- [ ]  Copy change: Important Notes on Private Repo Bounties
- [ ]  Gitcoin will Not have access to your private repo (Bold Not)
- [ ]  Prior to a contributor starting work, you’ll need to approve and provide repository access to each contributor.
- [ ] Add text - Have NDA handy to tips area before starting
- [ ] We should start with the normal issue and put the NDA at the end…NDA at the top kinda breaks the flow of what we just told users…
- [ ] Should we hide featured bounties? I think yes
- [ ] Alignment Hiring right now",web,0,0.0,{},ETH,"['https://github.com/gitcoinco/web/pull/1853', 'https://github.com/gitcoinco/web/pull/1853', 'https://github.com/gitcoinco/web/pull/1853']",4,6.728628613084702,7.396948602621014,7.396948602621014,6.444131256700441,2017-07-10T10:53:45Z,4.532599493153256,JavaScript,13.991201849715411,4.477336814478207,3.6375861597263857,1.3862943611198906,8.0,25.0,2018-07-30T18:59:13Z,2018-08-17T13:17:08Z,1.0,7.167809184316444,6.530877627725885,6.5638555265321274,4.31748811353631,2.302585092994046,8,1000000000000000.0,5.877735781779639,1.6094379124341003,0,0,1,0,1,0,0,0,0,0,0,0,0,0,0,0,1,0,0,0
394,493,3048,2019-03-07T21:22:35,0,Hours,Intermediate,https://github.com/gitcoinco/web/pull/3709/files,SaptakS,https://gitcoin.co/issue/9483,Smarty,0.14,gitcoinco,Pickup of https://github.com/gitcoinco/web/pull/3424,web,0,0.0,{},ETH,['https://github.com/gitcoinco/web/pull/3424'],1,6.728628613084702,7.396948602621014,7.396948602621014,6.444131256700441,2017-07-10T10:53:45Z,4.532599493153256,JavaScript,13.991201849715411,5.739792912179234,2.4849066497880004,2.772588722239781,18.0,11.0,2019-01-05T14:35:08Z,0,1.0,6.940222469119639,3.970291913552122,6.56244409369372,4.31748811353631,2.302585092994046,8,1000000000000000.0,5.87493073085203,0.6931471805599453,0,0,1,0,1,0,0,0,0,0,0,0,0,0,0,0,1,0,0,0
395,494,3049,2019-03-07T21:22:28,0,Hours,Intermediate,https://github.com/llaske/sugarizer-server/issues/18,usman,https://gitcoin.co/issue/9481,0,2.46,llaske,"npm install fail with error:

```
npm WARN deprecated connect@2.30.2: connect 2.x series is deprecated

> fibers@1.0.15 install /Users/lionel/src/olpc/sugarizer-server/node_modules/fibers
> node build.js || nodejs build.js

  CXX(target) Release/obj.target/fibers/src/fibers.o
../src/fibers.cc:122:64: error: too few arguments to function call, expected at least 3, have 2
                return String::NewFromOneByte(isolate, (const uint8_t*)string);
                       ~~~~~~~~~~~~~~~~~~~~~~                                ^
/Users/lionel/.node-gyp/10.15.0/include/node/v8.h:2802:3: note: 'NewFromOneByte' declared here
  static V8_WARN_UNUSED_RESULT MaybeLocal NewFromOneByte(
  ^
../src/fibers.cc:126:64: error: too few arguments to function call, expected at least 3, have 2
                return String::NewFromOneByte(isolate, (const uint8_t*)string);
                       ~~~~~~~~~~~~~~~~~~~~~~                                ^
/Users/lionel/.node-gyp/10.15.0/include/node/v8.h:2802:3: note: 'NewFromOneByte' declared here
  static V8_WARN_UNUSED_RESULT MaybeLocal NewFromOneByte(
  ^
../src/fibers.cc:406:24: warning: 'Utf8Value' is deprecated [-Wdeprecated-declarations]
                                        String::Utf8Value stack(uni::Deref(that.isolate, fatal_stack));
                                                          ^
/Users/lionel/.node-gyp/10.15.0/include/node/v8.h:2891:5: note: 'Utf8Value' has been explicitly marked deprecated here
    V8_DEPRECATED(""Use Isolate version"",
    ^
/Users/lionel/.node-gyp/10.15.0/include/node/v8config.h:327:29: note: expanded from macro 'V8_DEPRECATED'
  declarator __attribute__((deprecated))
                            ^
../src/fibers.cc:433:80: error: no matching member function for call to 'NewInstance'
                                return uni::Return(uni::Deref(Isolate::GetCurrent(), tmpl)->GetFunction()->NewInstance(1, argv), args);
                                                   ~~~~~~~~~~~~~~~~~~~~~~~~~~~~~~~~~~~~~~~~~~~~~~~~~~~~~~~~^~~~~~~~~~~
/Users/lionel/.node-gyp/10.15.0/include/node/v8.h:3996:44: note: candidate function not viable: requires single argument 'context', but 2
      arguments were provided
  V8_WARN_UNUSED_RESULT MaybeLocal NewInstance(
                                           ^
/Users/lionel/.node-gyp/10.15.0/include/node/v8.h:3993:44: note: candidate function not viable: requires 3 arguments, but 2 were provided
  V8_WARN_UNUSED_RESULT MaybeLocal NewInstance(
                                           ^
../src/fibers.cc:621:14: error: no matching constructor for initialization of 'v8::TryCatch'
                                TryCatch try_catch;
                                         ^
/Users/lionel/.node-gyp/10.15.0/include/node/v8.h:8536:12: note: candidate constructor not viable: requires single argument 'isolate', but no
      arguments were provided
  explicit TryCatch(Isolate* isolate);
           ^
/Users/lionel/.node-gyp/10.15.0/include/node/v8.h:8656:3: note: candidate constructor not viable: requires 1 argument, but 0 were provided
  TryCatch(const TryCatch&) = delete;
  ^
../src/fibers.cc:628:13: warning: 'Compile' is deprecated [-Wdeprecated-declarations]
                                Script::Compile(uni::NewLatin1String(that.isolate, ""void 0;""));
                                        ^
/Users/lionel/.node-gyp/10.15.0/include/node/v8.h:1255:10: note: 'Compile' has been explicitly marked deprecated here
  static V8_DEPRECATED(""Use maybe version"",
         ^
/Users/lionel/.node-gyp/10.15.0/include/node/v8config.h:327:29: note: expanded from macro 'V8_DEPRECATED'
  declarator __attribute__((deprecated))
                            ^
../src/fibers.cc:741:34: error: no matching member function for call to 'ToNumber'
                        Coroutine::pool_size = value->ToNumber()->Value();
                                               ~~~~~~~^~~~~~~~
/Users/lionel/.node-gyp/10.15.0/include/node/v8.h:2425:44: note: candidate function not viable: requires single argument 'context', but no
      arguments were provided
  V8_WARN_UNUSED_RESULT MaybeLocal ToNumber(
                                           ^
/Users/lionel/.node-gyp/10.15.0/include/node/v8.h:2442:31: note: candidate function not viable: requires single argument 'isolate', but no
      arguments were provided
                Local ToNumber(Isolate* isolate) const);
                              ^
../src/fibers.cc:793:72: error: too few arguments to function call, expected at least 3, have 2
                        fn->SetAccessor(uni::NewLatin1Symbol(isolate, ""current""), GetCurrent);
                        ~~~~~~~~~~~~~~~                                                     ^
/Users/lionel/.node-gyp/10.15.0/include/node/v8.h:3348:3: note: 'SetAccessor' declared here
  V8_WARN_UNUSED_RESULT Maybe SetAccessor(
  ^
/Users/lionel/.node-gyp/10.15.0/include/node/v8config.h:416:31: note: expanded from macro 'V8_WARN_UNUSED_RESULT'
#define V8_WARN_UNUSED_RESULT __attribute__((warn_unused_result))
                              ^
../src/fibers.cc:794:63: error: no viable conversion from 'uni::FunctionType (Local, const uni::GetterCallbackInfo &)' (aka 'void
      (Local, const PropertyCallbackInfo &)') to 'Local'
                        fn->SetAccessor(uni::NewLatin1Symbol(isolate, ""poolSize""), GetPoolSize, SetPoolSize);
                                                                                   ^~~~~~~~~~~
/Users/lionel/.node-gyp/10.15.0/include/node/v8.h:204:7: note: candidate constructor (the implicit copy constructor) not viable: no known
      conversion from 'uni::FunctionType (Local, const uni::GetterCallbackInfo &)' (aka 'void (Local, const
      PropertyCallbackInfo &)') to 'const v8::Local &' for 1st argument
class Local {
      ^
/Users/lionel/.node-gyp/10.15.0/include/node/v8.h:204:7: note: candidate constructor (the implicit move constructor) not viable: no known
      conversion from 'uni::FunctionType (Local, const uni::GetterCallbackInfo &)' (aka 'void (Local, const
      PropertyCallbackInfo &)') to 'v8::Local &&' for 1st argument
/Users/lionel/.node-gyp/10.15.0/include/node/v8.h:208:13: note: candidate template ignored: could not match 'Local' against
      'void (*)(v8::Local, const v8::PropertyCallbackInfo &)'
  V8_INLINE Local(Local that)
            ^
/Users/lionel/.node-gyp/10.15.0/include/node/v8.h:3349:43: note: passing argument to parameter 'name' here
      Local context, Local name,
                                          ^
../src/fibers.cc:795:84: error: too few arguments to function call, expected at least 3, have 2
                        fn->SetAccessor(uni::NewLatin1Symbol(isolate, ""fibersCreated""), GetFibersCreated);
                        ~~~~~~~~~~~~~~~                                                                 ^
/Users/lionel/.node-gyp/10.15.0/include/node/v8.h:3348:3: note: 'SetAccessor' declared here
  V8_WARN_UNUSED_RESULT Maybe SetAccessor(
  ^
/Users/lionel/.node-gyp/10.15.0/include/node/v8config.h:416:31: note: expanded from macro 'V8_WARN_UNUSED_RESULT'
#define V8_WARN_UNUSED_RESULT __attribute__((warn_unused_result))
                              ^
In file included from ../src/fibers.cc:1:
In file included from ../src/coroutine.h:1:
In file included from /Users/lionel/.node-gyp/10.15.0/include/node/node.h:63:
/Users/lionel/.node-gyp/10.15.0/include/node/v8.h:215:5: error: assigning to 'v8::Context *' from incompatible type 'v8::String *'
    TYPE_CHECK(T, S);
    ^~~~~~~~~~~~~~~~
/Users/lionel/.node-gyp/10.15.0/include/node/v8.h:169:39: note: expanded from macro 'TYPE_CHECK'
    *(static_cast(0)) = static_cast(0);      \
                                      ^~~~~~~~~~~~~~~~~~
../src/fibers.cc:794:20: note: in instantiation of function template specialization 'v8::Local::Local' requested here
                        fn->SetAccessor(uni::NewLatin1Symbol(isolate, ""poolSize""), GetPoolSize, SetPoolSize);
                                        ^
2 warnings and 9 errors generated.
make: *** [Release/obj.target/fibers/src/fibers.o] Error 1
gyp ERR! build error 
gyp ERR! stack Error: `make` failed with exit code: 2
gyp ERR! stack     at ChildProcess.onExit (/usr/local/Cellar/node@10/10.15.0/lib/node_modules/npm/node_modules/node-gyp/lib/build.js:262:23)
gyp ERR! stack     at ChildProcess.emit (events.js:182:13)
gyp ERR! stack     at Process.ChildProcess._handle.onexit (internal/child_process.js:240:12)
gyp ERR! System Darwin 18.2.0
gyp ERR! command ""/usr/local/Cellar/node@10/10.15.0/bin/node"" ""/usr/local/Cellar/node@10/10.15.0/lib/node_modules/npm/node_modules/node-gyp/bin/node-gyp.js"" ""rebuild"" ""--release""
gyp ERR! cwd /Users/lionel/src/olpc/sugarizer-server/node_modules/fibers
gyp ERR! node -v v10.15.0
gyp ERR! node-gyp -v v3.8.0
gyp ERR! not ok 
node-gyp exited with code: 1
Please make sure you are using a supported platform and node version. If you
would like to compile fibers on this machine please make sure you have setup your
build environment--
Windows + OS X instructions here: https://github.com/nodejs/node-gyp
Ubuntu users please run: `sudo apt-get install g++ build-essential`
Alpine users please run: `sudo apk add python make g++`
sh: nodejs: command not found
npm WARN The package nodemon is included as both a dev and production dependency.

npm ERR! file sh
npm ERR! code ELIFECYCLE
npm ERR! errno ENOENT
npm ERR! syscall spawn
npm ERR! fibers@1.0.15 install: `node build.js || nodejs build.js`
npm ERR! spawn ENOENT
npm ERR! 
npm ERR! Failed at the fibers@1.0.15 install script.
npm ERR! This is probably not a problem with npm. There is likely additional logging output above.

npm ERR! A complete log of this run can be found in:
npm ERR!     /Users/lionel/.npm/_logs/2019-01-17T10_34_09_662Z-debug.log
```",sugarizer-server,0,0.0,{},ETH,['https://github.com/llaske/sugarizer-server/pull/30'],1,4.51085950651685,3.6375861597263857,3.6375861597263857,3.5263605246161616,2017-05-31T15:50:54Z,2.302585092994046,JavaScript,8.756839814829462,4.127134385045092,2.5649493574615367,1.3862943611198906,1.0,2.0,2019-02-24T04:58:57Z,2019-02-28T04:41:21Z,1.0,6.124683390894205,9.205428327615163,1.791759469228055,0.0,0.0,0,1.7999999999999998e+16,5.87493073085203,0.6931471805599453,0,0,1,0,1,0,0,0,0,0,0,0,0,0,0,0,1,0,0,0
396,495,3054,2019-04-24T17:22:56,0,Hours,Intermediate,https://github.com/gitcoinco/web/issues/3316,owocki,https://gitcoin.co/issue/12803,Smarty,137.51,gitcoinco,"### User Story

[comment]: # (As a , I want to  so that .)
as a gitcoin user, i want my grant contributions to show up on my gitcoin profile, becauze i want credit

### Why Is this Needed

[comment]: # (Describe the problem and why this task is needed. Provide description of the current state, what you would like to happen, and what actually happen)
*Summary*:
because the profile is the catchall summary of what a user has done
### Description

[comment]: # (Feature or Bug? i.e Type: Bug)
*Type*:
feature

### Current Behavior
[comment]: # (Describe what actually happened.)
no grant activity feed items

### Expected Behavior
[comment]: # (Describe what you expected to happen.)
grant activity feed items for 'new subscription', 'new contribution', and 'cancel subscription' on gitcoin profile

### Definition of Done
[comment]: # (Any other information that would be useful, bullets are helpful.)
see above ^^

### Additional Information
user request:

[comment]: # (Any other information that would be useful, content, screenshots, etc.)
https://twitter.com/DeanEigenmann/status/1078033355768250370",web,0,0.0,{},ETH,['https://github.com/gitcoinco/web/pull/3859'],1,6.728628613084702,7.396948602621014,7.396948602621014,6.444131256700441,2017-07-10T10:53:45Z,4.532599493153256,JavaScript,13.991201849715411,5.780743515792329,2.70805020110221,2.1972245773362196,26.0,36.0,2019-02-27T19:26:04Z,2019-04-24T11:53:24Z,1.0,4.820281565605037,7.037027614686276,6.559615237493242,4.30406509320417,11.673274040953775,117281,1e+18,5.730099782973574,0.6931471805599453,0,0,1,0,1,0,0,0,0,0,0,0,0,0,0,0,1,0,0,0
397,496,3055,2019-03-07T19:22:59,0,Hours,Intermediate,https://github.com/fembusinessmodelsring/web3_revenue_primitives/issues/14,owocki,https://gitcoin.co/issue/9294,0,41.25,fembusinessmodelsring,"The scope of this task is to read this article and add a TLDR summary about stablecoin business models and how they work to the README.

Please apply only if you have strong english written skills. And can submit a PR within 3 days of committing to the task.

https://medium.com/blockchain-capital-blog/business-models-behind-stablecoins-cae801533798?utm_campaign=The%20Control&utm_medium=email&utm_source=Revue%20newsletter",web3_revenue_primitives,0,0.0,{},ETH,['https://github.com/FEMBusinessModelsRing/web3_revenue_primitives/pull/22/files'],1,3.4339872044851463,5.1647859739235145,5.1647859739235145,3.091042453358316,2018-10-29T14:34:25Z,2.995732273553991,Unknown,6.037870919922137,6.212606095751519,4.23410650459726,0.6931471805599453,30.0,0.0,2018-10-29T14:34:25Z,0,1.0,7.049254841255837,6.061456918928017,2.0794415416798357,1.0986122886681098,11.673274040953775,117281,3e+17,5.87493073085203,0.6931471805599453,0,0,1,0,1,0,0,0,0,0,0,0,0,0,0,0,0,0,0,1
398,497,3056,2019-03-07T19:22:53,0,Hours,Intermediate,https://github.com/fembusinessmodelsring/web3_revenue_primitives/issues/13,owocki,https://gitcoin.co/issue/9293,0,40.53,fembusinessmodelsring,"The scope of this task is to read about personal tokens (some sample links below) and add a TLDR summary about them and how they work to the README.

Please apply only if you have strong english written skills. And can submit a PR within 3 days of committing to the task.

https://dappboi.com/",web3_revenue_primitives,0,0.0,{},ETH,['https://github.com/FEMBusinessModelsRing/web3_revenue_primitives/pull/16'],1,3.4339872044851463,5.1647859739235145,5.1647859739235145,3.091042453358316,2018-10-29T14:34:25Z,2.995732273553991,Unknown,6.037870919922137,2.5649493574615367,0.0,0.6931471805599453,2.0,0.0,2019-02-26T00:46:08Z,2019-02-27T17:35:41Z,1.0,5.780743515792329,5.697093486505405,1.9459101490553132,0.6931471805599453,11.673274040953775,117281,2.99e+17,5.87493073085203,0.6931471805599453,0,0,1,0,1,0,0,0,0,0,0,0,0,0,0,0,0,0,0,1
399,498,3057,2019-03-07T19:22:46,0,Hours,Intermediate,https://github.com/fembusinessmodelsring/web3_revenue_primitives/issues/12,owocki,https://gitcoin.co/issue/9292,0,41.26,fembusinessmodelsring,"The scope of this task is to read this article and PR to this repo a summary, to the README.

Please apply only if you have strong english written skills. And can submit a PR within 3 days of committing to the task.


https://ethereum-magicians.org/t/funding-taxonomy-issues-for-ethereum-ecosystem/2014",web3_revenue_primitives,0,0.0,{},ETH,['https://github.com/FEMBusinessModelsRing/web3_revenue_primitives/pull/19'],1,3.4339872044851463,5.1647859739235145,5.1647859739235145,3.091042453358316,2018-10-29T14:34:25Z,2.995732273553991,Unknown,6.037870919922137,2.4849066497880004,0.0,0.6931471805599453,3.0,2.0,2019-02-26T22:33:48Z,2019-02-27T20:49:54Z,1.0,5.2574953720277815,5.730099782973574,1.791759469228055,0.6931471805599453,11.673274040953775,117281,3e+17,5.87493073085203,0.6931471805599453,0,0,1,0,1,0,0,0,0,0,0,0,0,0,0,0,0,0,0,1
400,499,3058,2019-03-07T19:22:41,0,Hours,Intermediate,https://github.com/fembusinessmodelsring/web3_revenue_primitives/issues/9,owocki,https://gitcoin.co/issue/9291,0,41.25,fembusinessmodelsring,"The scope of this task is to read this article and PR to this repo a summary, to the README.

Please apply only if you have strong english written skills. And can submit a PR within 3 days of committing to the task.


https://ethereum-magicians.org/t/discussing-long-term-cashflow-and-budgets-for-ethereum-projects-teams-and-individuals/1849",web3_revenue_primitives,0,0.0,{},ETH,['https://github.com/FEMBusinessModelsRing/web3_revenue_primitives/pull/21'],1,3.4339872044851463,5.1647859739235145,5.1647859739235145,3.091042453358316,2018-10-29T14:34:25Z,2.995732273553991,Unknown,6.037870919922137,2.995732273553991,0.0,0.6931471805599453,1.0,0.0,2019-03-01T03:54:25Z,2019-03-05T02:21:13Z,1.0,6.238324625039508,5.849324779946859,1.6094379124341003,0.6931471805599453,11.673274040953775,117281,3e+17,5.87493073085203,0.6931471805599453,0,0,1,0,1,0,0,0,0,0,0,0,0,0,0,0,0,0,0,1
401,500,3059,2019-03-08T07:08:30,0,Hours,Intermediate,https://github.com/fembusinessmodelsring/web3_revenue_primitives/issues/8,owocki,https://gitcoin.co/issue/9582,0,41.25,fembusinessmodelsring,"The scope of this task is to read this article and PR to this repo a summary, to the README.

Please apply only if you have strong english written skills. And can submit a PR within 3 days of committing to the task.


https://blog.licensezero.com/2018/10/17/mapping-models.html",web3_revenue_primitives,0,0.0,{},ETH,['https://github.com/FEMBusinessModelsRing/web3_revenue_primitives/pull/34'],1,3.4339872044851463,5.1647859739235145,5.1647859739235145,3.091042453358316,2018-10-29T14:34:25Z,2.995732273553991,Unknown,6.037870919922137,3.6888794541139363,0.0,0.6931471805599453,1.0,0.0,2019-03-07T21:28:32Z,2019-03-08T02:30:13Z,1.0,6.7580945044277305,5.645446897643238,1.3862943611198906,0.6931471805599453,11.673274040953775,117281,3e+17,5.872117789475416,0.6931471805599453,0,0,1,0,1,0,0,0,0,0,0,0,0,0,0,0,0,0,0,1
402,502,3062,2019-03-07T19:22:23,0,Hours,Intermediate,https://github.com/fembusinessmodelsring/web3_revenue_primitives/issues/2,owocki,https://gitcoin.co/issue/9288,0,41.57,fembusinessmodelsring,"The scope of this task is to read this article, and do some research on web2 business models, and PR to this repo a summary, to the README.

Please apply only if you have strong english written skills. And can submit a PR within 3 days of committing to the task.


https://avc.com/2012/12/mba-mondays-revenue-models/",web3_revenue_primitives,0,0.0,{},ETH,['https://github.com/FEMBusinessModelsRing/web3_revenue_primitives/pull/18'],1,3.4339872044851463,5.1647859739235145,5.1647859739235145,3.091042453358316,2018-10-29T14:34:25Z,2.995732273553991,Unknown,6.037870919922137,4.2626798770413155,1.791759469228055,1.0986122886681098,5.0,0.0,2019-02-26T08:24:19Z,2019-02-27T17:37:05Z,1.0,6.661854740545311,5.7745515455444085,0.0,0.0,11.673274040953775,117281,3e+17,5.87493073085203,0.6931471805599453,0,0,1,0,1,0,0,0,0,0,0,0,0,0,0,0,0,0,0,1
403,505,3084,2019-03-07T19:19:05,Feature,Days,Intermediate,https://github.com/mybitfoundation/mydax/issues/1,mybit-coordinator,https://gitcoin.co/issue/9267,css,1976.2,mybitfoundation,"## Introduction
MyBit is working developing our latest product, MYDAX. Before we can release further details on the application, infrastructure and technology, we want to have a landing page showcasing the functionality we want to deliver and the uses cases we want to tackle.

## Requirements
- See the [sample design](https://www.figma.com/file/PZdnneI8qviUj84m7oK02ViT/MYDAX?node-id=0%3A1) for the landing website of MYDAX.
- Implement it as a single HTML application that can be displayed through a simple HTTP Server. Using frameworks like React/Vue are valid as long as we can SSR it through a export like a command that shows the compiled HTML files.
- Showcase a preview of the site through a live URL that we can use to review it on different browsers. Surge.sh, Netlify and Now.sh have great free options.

## To Submit
- A pull request to this repository with all the code required to preview and deploy our website.
- An updated README showcasing the project architecture, steps for local testing and deployment.

## Additional information
If you have any questions, please don't hesitate to comment on the task. For faster interaction, you can reach the team at our [Gitter channel](https://gitter.im/Mybit-Foundation/DDF?utm_source=share-link&utm_medium=link&utm_campaign=share-link).

## Disclaimer
All work completed via the MyBit Decentralised Development Fund is property of the MyBit Foundation (CHE-177.186.963) and may be used, re-used, and/or distributed, re-distributed by the MyBit Foundation for financial gain. The contributor holds no warrant nor claims for any future payments resulting from monetisation schemes originating from the MyBit Foundation or any of its affiliates. Where law permits outside of open source regulations, the contributor is not permitted to distribute any work completed via the MyBit Decentralised Development Fund (DDF) for personal gain.",mydax,0,0.0,{},ETH,['https://github.com/MyBitFoundation/MYDAX/pull/2'],1,1.6094379124341003,0.6931471805599453,0.6931471805599453,3.2188758248682006,2019-02-20T15:29:45Z,0.6931471805599453,TypeScript,7.711548979629146,9.254739959272866,0.0,4.04305126783455,1.0,1.0,2019-02-20T17:04:57Z,2019-02-28T00:16:30Z,1.0,7.174724309836376,7.555381944240273,3.4657359027997265,2.833213344056216,0.0,0,1.3494e+19,5.857933154483459,0.6931471805599453,0,0,1,1,0,0,0,0,0,0,0,1,0,0,0,0,0,0,1,0
404,506,3088,2019-03-07T19:18:35,Improvement,Hours,Beginner,https://github.com/mybitfoundation/mybit-dropzone.tech/issues/6,mybit-coordinator,https://gitcoin.co/issue/9264,CSS,25.45,mybitfoundation,"## Introduction
MyBit is developing wealth focused, ethereum-based, decentralised applications. This one, alongside a few ones, showcases some of the functionality that MyBit is targeting with its SDK. Currently, its code has been done by community members and not official team members. Thus, we want to clarify this by adding a quick banner at the bottom of this app to showcase this.

## Requirements
- See the [sample design](https://www.figma.com/proto/XllTctl2NnVIEAx20M4Jn0kg/Micro-dApp-DropZone?node-id=0%3A1&viewport=1399%2C974%2C0.590898&scaling=min-zoom) for seeing the message we want to showcase at the bottom of our applications.
- Implement it as a simple React component and add it to our app.
- Showcase a preview of the site through a live URL that we can use to review it on different browsers. Surge.sh, Netlify and Now.sh have great free options.

## To Submit
- A pull request to this repository with all the code required to update our app.

## Additional information
If you have any questions, please don't hesitate to comment on the task. For faster interaction, you can reach the team at our [Gitter channel](https://gitter.im/Mybit-Foundation/DDF?utm_source=share-link&utm_medium=link&utm_campaign=share-link).

## Disclaimer
All work completed via the MyBit Decentralised Development Fund is property of the MyBit Foundation (CHE-177.186.963) and may be used, re-used, and/or distributed, re-distributed by the MyBit Foundation for financial gain. The contributor holds no warrant nor claims for any future payments resulting from monetisation schemes originating from the MyBit Foundation or any of its affiliates. Where law permits outside of open source regulations, the contributor is not permitted to distribute any work completed via the MyBit Decentralised Development Fund (DDF) for personal gain.",mybit-dropzone.tech,0,0.0,{},ETH,['https://github.com/MyBitFoundation/MyBit-Dropzone.tech/pull/7'],1,1.9459101490553132,0.6931471805599453,0.6931471805599453,0.6931471805599453,2018-08-21T18:10:25Z,2.0794415416798357,JavaScript,6.490723534502507,9.551586907757695,0.0,1.3862943611198906,1.0,0.0,2019-02-20T18:27:34Z,2019-02-21T22:25:11Z,1.0,7.236339342754344,7.522400231387125,3.4339872044851463,2.833213344056216,0.0,0,1.77e+17,5.857933154483459,0.6931471805599453,0,1,0,0,1,0,0,0,0,0,0,0,1,0,0,0,1,0,0,0
405,507,3089,2019-03-07T19:18:14,Improvement,Hours,Beginner,https://github.com/mybitfoundation/mybit-fork.tech/issues/3,mybit-coordinator,https://gitcoin.co/issue/9262,CSS,25.16,mybitfoundation,"## Introduction
MyBit is developing wealth focused, ethereum-based, decentralised applications. This one, alongside a few ones, showcases some of the functionality that MyBit is targeting with its SDK. Currently, its code has been done by community members and not official team members. Thus, we want to clarify this by adding a quick banner at the bottom of this app to showcase this.

## Requirements
- See the [sample design](https://www.figma.com/proto/XllTctl2NnVIEAx20M4Jn0kg/Micro-dApp-DropZone?node-id=0%3A1&viewport=1399%2C974%2C0.590898&scaling=min-zoom) for seeing the message we want to showcase at the bottom of our applications.
- Implement it as a simple React component and add it to our app.
- Showcase a preview of the site through a live URL that we can use to review it on different browsers. Surge.sh, Netlify and Now.sh have great free options.

## To Submit
- A pull request to this repository with all the code required to update our app.

## Additional information
If you have any questions, please don't hesitate to comment on the task. For faster interaction, you can reach the team at our [Gitter channel](https://gitter.im/Mybit-Foundation/DDF?utm_source=share-link&utm_medium=link&utm_campaign=share-link).

## Disclaimer
All work completed via the MyBit Decentralised Development Fund is property of the MyBit Foundation (CHE-177.186.963) and may be used, re-used, and/or distributed, re-distributed by the MyBit Foundation for financial gain. The contributor holds no warrant nor claims for any future payments resulting from monetisation schemes originating from the MyBit Foundation or any of its affiliates. Where law permits outside of open source regulations, the contributor is not permitted to distribute any work completed via the MyBit Decentralised Development Fund (DDF) for personal gain.",mybit-fork.tech,0,0.0,{},ETH,['https://github.com/MyBitFoundation/MyBit-Fork.tech/pull/5'],1,1.791759469228055,0.6931471805599453,0.6931471805599453,1.0986122886681098,2018-08-21T18:08:26Z,1.9459101490553132,JavaScript,7.199678345691172,5.056245805348308,1.0986122886681098,1.3862943611198906,1.0,1.0,2019-02-27T06:50:23Z,2019-02-28T15:08:31Z,1.0,6.541029999189903,7.522400231387125,3.4011973816621555,2.833213344056216,0.0,0,1.77e+17,5.857933154483459,0.6931471805599453,0,1,0,0,1,0,0,0,0,0,0,0,1,0,0,0,1,0,0,0
406,508,3090,2019-03-07T19:18:26,Improvement,Hours,Beginner,https://github.com/mybitfoundation/mybit-payroll.tech/issues/6,mybit-coordinator,https://gitcoin.co/issue/9263,HTML,25.45,mybitfoundation,"## Introduction
MyBit is developing wealth focused, ethereum-based, decentralised applications. This one, alongside a few ones, showcases some of the functionality that MyBit is targeting with its SDK. Currently, its code has been done by community members and not official team members. Thus, we want to clarify this by adding a quick banner at the bottom of this app to showcase this.

## Requirements
- See the [sample design](https://www.figma.com/proto/XllTctl2NnVIEAx20M4Jn0kg/Micro-dApp-DropZone?node-id=0%3A1&viewport=1399%2C974%2C0.590898&scaling=min-zoom) for seeing the message we want to showcase at the bottom of our applications.
- Implement it as a simple React component and add it to our app.
- Showcase a preview of the site through a live URL that we can use to review it on different browsers. Surge.sh, Netlify and Now.sh have great free options.

## To Submit
- A pull request to this repository with all the code required to update our app.

## Additional information
If you have any questions, please don't hesitate to comment on the task. For faster interaction, you can reach the team at our [Gitter channel](https://gitter.im/Mybit-Foundation/DDF?utm_source=share-link&utm_medium=link&utm_campaign=share-link).

## Disclaimer
All work completed via the MyBit Decentralised Development Fund is property of the MyBit Foundation (CHE-177.186.963) and may be used, re-used, and/or distributed, re-distributed by the MyBit Foundation for financial gain. The contributor holds no warrant nor claims for any future payments resulting from monetisation schemes originating from the MyBit Foundation or any of its affiliates. Where law permits outside of open source regulations, the contributor is not permitted to distribute any work completed via the MyBit Decentralised Development Fund (DDF) for personal gain.",mybit-payroll.tech,0,0.0,{},ETH,['https://github.com/MyBitFoundation/MyBit-Payroll.tech/pull/7'],1,1.9459101490553132,0.6931471805599453,0.6931471805599453,0.0,2018-08-21T18:08:52Z,1.9459101490553132,JavaScript,9.640042704448392,1.3862943611198906,0.0,1.0986122886681098,1.0,1.0,2019-02-27T08:35:44Z,2019-02-28T15:18:24Z,1.0,6.682108597449809,7.522400231387125,3.367295829986474,2.833213344056216,0.0,0,1.77e+17,5.857933154483459,0.6931471805599453,0,1,0,0,1,0,0,0,0,0,0,0,1,0,0,0,1,0,0,0
407,509,3091,2019-03-07T19:18:03,Improvement,Hours,Beginner,https://github.com/mybitfoundation/mybit-will.app/issues/7,mybit-coordinator,https://gitcoin.co/issue/9261,HTML,25.16,mybitfoundation,"## Introduction
MyBit is developing wealth focused, ethereum-based, decentralised applications. This one, alongside a few ones, showcases some of the functionality that MyBit is targeting with its SDK. Currently, its code has been done by community members and not official team members. Thus, we want to clarify this by adding a quick banner at the bottom of this app to showcase this.

## Requirements
- See the [sample design](https://www.figma.com/proto/XllTctl2NnVIEAx20M4Jn0kg/Micro-dApp-DropZone?node-id=0%3A1&viewport=1399%2C974%2C0.590898&scaling=min-zoom) for seeing the message we want to showcase at the bottom of our applications.
- Implement it as a simple React component and add it to our app.
- Showcase a preview of the site through a live URL that we can use to review it on different browsers. Surge.sh, Netlify and Now.sh have great free options.

## To Submit
- A pull request to this repository with all the code required to update our app.

## Additional information
If you have any questions, please don't hesitate to comment on the task. For faster interaction, you can reach the team at our [Gitter channel](https://gitter.im/Mybit-Foundation/DDF?utm_source=share-link&utm_medium=link&utm_campaign=share-link).

## Disclaimer
All work completed via the MyBit Decentralised Development Fund is property of the MyBit Foundation (CHE-177.186.963) and may be used, re-used, and/or distributed, re-distributed by the MyBit Foundation for financial gain. The contributor holds no warrant nor claims for any future payments resulting from monetisation schemes originating from the MyBit Foundation or any of its affiliates. Where law permits outside of open source regulations, the contributor is not permitted to distribute any work completed via the MyBit Decentralised Development Fund (DDF) for personal gain.",mybit-will.app,0,0.0,{},ETH,['https://github.com/MyBitFoundation/MyBit-Will.app/pull/8'],1,2.302585092994046,0.6931471805599453,0.6931471805599453,0.6931471805599453,2018-11-14T21:50:09Z,1.9459101490553132,JavaScript,7.292337176173877,2.8903717578961645,0.0,1.3862943611198906,1.0,0.0,2019-02-27T07:58:02Z,2019-03-04T16:43:49Z,1.0,6.633318433280377,7.522400231387125,3.332204510175204,2.833213344056216,0.0,0,1.77e+17,5.857933154483459,0.6931471805599453,0,1,0,0,1,0,0,0,0,0,0,0,1,0,0,0,1,0,0,0
408,510,3101,2019-03-07T19:11:44,0,Hours,Intermediate,https://github.com/friedger/oi-calendar/issues/75,kar2905,https://gitcoin.co/issue/9246,Shell,48.33,friedger,"This issue is about adding a section in the settings view with advanced settings for notifications:

- [x] add a switch button to enable enriched notifications (using springrole), the value is stored in preferences
- [x] add an edit field with label ""Excluded guests"", the value is stored in preferences
- [x] change the label of Notification to ""Enriched Notification"" in the the event details if the preferences is set and if the guest list contains other guests than those excluded in the settings. Update the label as soon as a guests is added accordingly",oi-calendar,0,0.0,{},ETH,['https://github.com/friedger/oi-calendar/pull/87'],1,2.3978952727983707,2.995732273553991,2.995732273553991,3.091042453358316,2019-01-22T05:47:38Z,1.6094379124341003,JavaScript,8.831127635012084,5.220355825078324,1.0986122886681098,2.1972245773362196,1.0,2.0,2019-02-18T01:25:28Z,2019-02-18T12:15:07Z,1.0,5.924255797414532,6.335054251498059,2.3978952727983707,0.0,0.0,0,4e+17,5.84354441703136,0.6931471805599453,0,0,1,0,1,0,0,0,0,0,0,0,0,0,0,0,1,0,0,0
409,514,3108,2019-03-07T19:02:58,0,Hours,Intermediate,https://github.com/friedger/oi-calendar/issues/41,friedger,https://gitcoin.co/issue/9235,React,24.93,friedger,"![screenshot from 2019-02-05 11-06-35](https://user-images.githubusercontent.com/1449049/52266227-28250b80-2936-11e9-94ed-ab6ed0653613.png)

This issue is about investigating why this columns in the agenda view are not aligned and provide a solution how to fix that. The example code of react-big-calendar is aligned (http://intljusticemission.github.io/react-big-calendar/examples/index.html)

The solution should be pushed against the `develop` branch",oi-calendar,0,0.0,{},ETH,['https://github.com/friedger/oi-calendar/pull/66'],1,2.3978952727983707,2.995732273553991,2.995732273553991,3.091042453358316,2019-01-22T05:47:38Z,1.6094379124341003,JavaScript,8.831127635012084,1.0986122886681098,2.0794415416798357,1.0986122886681098,4.0,5.0,2019-02-13T22:53:32Z,2019-02-14T18:11:21Z,1.0,5.442417710521793,6.126869184114185,1.9459101490553132,0.0,3.4339872044851463,28,2.05e+17,5.840641657373398,0.6931471805599453,0,0,1,0,1,0,0,0,0,0,0,0,0,0,0,0,1,0,0,0
410,518,3123,2019-03-10T12:10:05,Documentation,Hours,Intermediate,https://github.com/kauri-io/content/issues/17,ChrisChinchilla,https://gitcoin.co/issue/11169,Shell,510.17,kauri-io,0,content,0,0.0,{},ETH,['https://github.com/kauri-io/Content/pull/13'],1,3.1780538303479458,2.4849066497880004,2.4849066497880004,1.791759469228055,2018-11-22T13:39:57Z,2.1972245773362196,Others,9.271341393533582,7.298445101508147,0.0,2.70805020110221,7.0,9.0,2019-01-14T20:18:18Z,2019-01-29T17:27:39Z,1.0,6.192362489474872,1.3862943611198906,0.0,0.0,0.0,0,4.2e+18,5.82600010738045,0.6931471805599453,0,0,1,0,1,0,0,0,0,0,1,0,0,0,0,0,0,1,0,0
411,522,3152,2019-03-10T12:02:49,0,Hours,Intermediate,https://github.com/openkudos/openkudos/issues/4,owocki,https://gitcoin.co/issue/11129,0,106.95,openkudos,"The scope of this ticket is to Create an example Kudos Library using Python.

Ref: https://github.com/gitcoinco/Kudos721Contract

In order to accomplish this task, we would like you to create a python script that uses web3py to, when run: 
1. Scrape all of the kudos on the mainnet Kudos Contract.
2. Output their IDs, name, description, and art URL to the console.
3. This script should be object oriented such that someone who wants to integrate Kudos in the future can do so with your code ; please shy away from unreadable code or spaghetti code for your final submission.
4. Create a README.md 
5. Submit your submission as a PR to https://github.com/OpenKudos/python_client
...

That's it.",openkudos,0,0.0,{},ETH,"['https://github.com/zoek1/kudos_python_client', 'https://github.com/zoek1/kudos_python_client']",2,2.1972245773362196,2.9444389791664403,2.9444389791664403,2.1972245773362196,2018-10-10T16:16:48Z,1.0986122886681098,Others,1.3862943611198906,9.556621486730899,1.791759469228055,1.9459101490553132,5.0,0.0,2019-02-13T08:24:29Z,0,1.0,7.108244139731541,6.56244409369372,0.0,0.0,11.673274040953775,117281,1e+18,5.796057750765372,1.0986122886681098,0,0,1,0,1,0,0,0,0,0,0,0,0,0,0,0,0,1,0,0
412,523,3154,2019-03-10T12:02:20,Feature,Days,Intermediate,https://github.com/gitcoinco/web/issues/3651,PixelantDesign,https://gitcoin.co/issue/11126,email,164.64,gitcoinco,"When I found a bounty, I don't receive an email confirmation that my bounty was successfully funded.

### Description

Build the email so that funders know their bounty has been funded.

### Definition of Done

- [ ] This is a front-end and backend task, at completion this should be a working email.
- [ ] The email should look like the attached design
- [ ] The email should support be able to be dynamic and not display the featured bounty section when he funder does not pay extra for featured bounty.
- [ ] The featured bounty section should show when the funder has selected and paid for the featured bounty on the funder form.
- [ ] Email should be responsive
- [ ] Review with Gitcoin Core team members.

Design:
![bounty success email](https://user-images.githubusercontent.com/19514207/51857035-2ffc1300-236c-11e9-9de9-07154ef47958.png)",web,0,0.0,{},ETH,['https://github.com/gitcoinco/web/pull/3738'],1,6.728628613084702,7.396948602621014,7.396948602621014,6.444131256700441,2017-07-10T10:53:45Z,4.532599493153256,JavaScript,13.991201849715411,5.030437921392435,3.8918202981106265,2.5649493574615367,21.0,14.0,2019-02-13T14:55:34Z,2019-02-26T12:48:48Z,1.0,5.159055299214529,6.760414691083428,6.490723534502507,4.2626798770413155,5.429345628954441,195,1.5e+18,1.9459101490553132,0.6931471805599453,0,0,1,1,0,0,0,0,0,0,0,1,0,0,0,0,1,0,0,0
413,526,3182,2019-03-10T11:56:39,Bug,Hours,Intermediate,https://github.com/acekyd/display-medium-posts/issues/25,SCBuergel,https://gitcoin.co/issue/11085,CSS,9.87,acekyd,"I tried with two publications and both dont show the latest posts. The publication names are `validitylabs` (last 2 posts missing) and `makergrower` - compare to the corresponding publication pages on Medium. The code is literally copy pasted from the documentation with adjusted publication name only:

    [display_medium_posts handle=""makergrower"" publication=true default_image=""https://makergrower.space/wp-content/uploads/2019/01/MG-profile.png"" display=4 offset=2 total=10 list=false title_tag=""h2""]

EDIT: I'm on Version 4.0, WordPress version 5.0.3",display-medium-posts,0,0.0,{},ETH,['https://github.com/acekyd/display-medium-posts/pull/26'],1,2.9444389791664403,4.430816798843313,4.430816798843313,2.70805020110221,2016-10-18T13:54:10Z,1.0986122886681098,Others,6.674561391814426,2.0794415416798357,1.3862943611198906,0.6931471805599453,1.0,0.0,2019-01-28T08:45:18Z,0,1.0,7.130098510125578,6.331501849893691,0.0,0.0,4.584967478670572,95,8.8e+16,3.8918202981106265,0.6931471805599453,0,0,1,0,1,0,0,1,0,0,0,0,0,0,0,0,0,1,0,0
414,529,3198,2019-03-10T11:53:15,Improvement,Hours,Intermediate,https://github.com/thierryx96/rediscache/issues/22,thierryx96,https://gitcoin.co/issue/11059,C#,0.12,thierryx96,"Currently PEL.Framework.Redis.Configuration, rename the namespace to RedisCache",rediscache,0,0.0,{},ETH,['https://github.com/thierryx96/RedisCache/pull/23'],1,1.6094379124341003,1.3862943611198906,1.3862943611198906,2.5649493574615367,2017-01-18T08:50:42Z,1.3862943611198906,Others,8.206037762778815,0.6931471805599453,0.6931471805599453,0.6931471805599453,2.0,0.0,2019-01-22T11:22:17Z,2019-01-22T11:27:04Z,1.0,7.251344983372214,4.382026634673881,0.0,0.0,0.0,0,1000000000000000.0,5.762051382780177,0.6931471805599453,0,0,1,0,1,0,0,0,0,0,0,0,1,0,0,0,0,1,0,0
415,532,3220,2019-03-10T11:46:29,0,Hours,Intermediate,https://github.com/spacemeshos/go-spacemesh/issues/410,avive,https://gitcoin.co/issue/11029,"Go, Assembly, p2p, blockchain",35.85,spacemeshos,"# Overview / Motivation
using common package is not recommended, currently we have a common package which contains functions and data structures relates to our account and hash representation. this needs to be moved to anm ""address"" package 
# The Task
move common address to address.address
# Time Estimation
4 hours
# Implementation Notes
Re run UT and make sure it works. Talk to us before committing to make sure you don't have any conflicts

# Contribution Guidelines
Important: Issue assignment to developers will be by the order of their application and proficiency level according to the tasks complexity. We will not assign tasks to developers who have'nt introduced themselves on our Gitter [dev channel](https://gitter.im/spacemesh-os/Lobby)

1. Introduce yourself on go-spacemesh [dev chat channel](https://gitter.im/spacemesh-os/Lobby) - ask our team any question you may have about this task
2. Fork branch `develop` to your own repo and work in your repo
3. You must document all methods, enums and types with [godoc comments](https://blog.golang.org/godoc-documenting-go-code)
4. You must write go unit tests for all types and methods when submitting a component, and integration tests if you submit a feature
5. When ready for code review, submit a PR from your repo back to branch `develop`
6. Attach relevant issue to PR",go-spacemesh,0,0.0,{},ETH,['https://github.com/spacemeshos/go-spacemesh/pull/495'],1,5.0369526024136295,6.396929655216146,6.396929655216146,5.529429087511423,2017-10-26T06:43:09Z,3.6635616461296463,Others,11.815101983572461,4.605170185988092,4.51085950651685,2.833213344056216,3.0,2.0,2019-01-29T20:13:09Z,2019-02-04T14:46:36Z,1.0,6.2285110035911835,7.213031659834869,3.044522437723423,1.0986122886681098,4.51085950651685,93,3e+17,5.746203190540153,0.6931471805599453,0,0,1,0,1,0,0,0,0,0,0,0,0,0,0,0,0,1,0,0
416,533,3221,2019-03-10T11:46:15,Improvement,Hours,Beginner,https://github.com/spacemeshos/go-spacemesh/issues/441,avive,https://gitcoin.co/issue/11026,"Go, Assembly, Shell, Batchfile, Makefile, Dockerfile",35.85,spacemeshos,"# Overview / Motivation
We shouldn't use any persistent parts in our unit tests
# The Task
Currently, we use database.NewLevelDbStore to create the DB for meshDB in the unit tests,
We should use only MemoryDB for unit tests.
Replace all occurrences of database.NewLevelDbStore in out unit tests to MemDatabase

# Time Estimation
4 hours

# Implementation Notes
check out block_listener_test.go 

# Contribution Guidelines
Important: Issue assignment to developers will be by the order of their application and proficiency level according to the tasks complexity. We will not assign tasks to developers who have'nt introduced themselves on our Gitter [dev channel](https://gitter.im/spacemesh-os/Lobby)

1. Introduce yourself on go-spacemesh [dev chat channel](https://gitter.im/spacemesh-os/Lobby) - ask our team any question you may have about this task
2. Fork branch `develop` to your own repo and work in your repo
3. You must document all methods, enums and types with [godoc comments](https://blog.golang.org/godoc-documenting-go-code)
4. You must write go unit tests for all types and methods when submitting a component, and integration tests if you submit a feature
5. When ready for code review, submit a PR from your repo back to branch `develop`
6. Attach relevant issue to PR",go-spacemesh,0,0.0,{},ETH,['https://github.com/spacemeshos/go-spacemesh/pull/469'],1,5.0369526024136295,6.396929655216146,6.396929655216146,5.529429087511423,2017-10-26T06:43:09Z,3.6635616461296463,Others,11.815101983572461,5.220355825078324,3.2188758248682006,2.1972245773362196,6.0,3.0,2019-01-22T01:27:47Z,2019-01-27T13:53:58Z,1.0,6.71174039505618,7.177782416195197,2.8903717578961645,1.0986122886681098,4.51085950651685,93,3e+17,5.746203190540153,0.6931471805599453,0,1,0,0,1,0,0,0,0,0,0,0,1,0,0,0,0,1,0,0
417,534,3222,2019-03-08T06:14:52,Bug,Days,Intermediate,https://github.com/kyubey-network/kyubey-dex-eos/issues/1,qinxiaowen,https://gitcoin.co/issue/9581,"JavaScript, HTML, C#, CSS, C++, CMake",119.5,kyubey-network,"Some token may not work in this case.
E.g.: IQ.

https://kyubey.net/exchange/IQ
https://newdex.io/trade/everipediaiq-iq-eos",kyubey-dex-eos,0,0.0,{},ETH,['https://github.com/kyubey-network/kyubey-dex-eos/pull/3'],1,1.791759469228055,0.6931471805599453,0.6931471805599453,1.6094379124341003,2019-01-06T17:52:05Z,1.3862943611198906,JavaScript,8.852950887099581,1.6094379124341003,0.0,1.0986122886681098,1.0,0.0,2019-01-24T03:23:23Z,2019-04-01T02:17:30Z,1.0,7.1459844677143876,4.852030263919617,1.0986122886681098,0.6931471805599453,0.0,0,1e+18,5.762051382780177,0.6931471805599453,0,0,1,1,0,0,0,1,0,0,0,0,0,0,0,0,1,0,0,0
418,536,3230,2019-03-07T21:12:23,0,Hours,Intermediate,https://github.com/saptaks/test-repo/issues/5,SaptakS,https://gitcoin.co/issue/9348,0,0.13,saptaks,lkjlj,test-repo,0,0.0,{},ETH,['https://github.com/gitcoinco/web/pull/3709/files'],1,0.0,0.0,0.0,2.8903717578961645,2018-09-17T16:53:07Z,1.0986122886681098,Unknown,0.0,6.555356891810665,5.924255797414532,3.6635616461296463,30.0,0.0,2017-07-10T10:53:45Z,0,1.0,6.71174039505618,1.791759469228055,3.7376696182833684,0.0,2.302585092994046,8,1000000000000000.0,5.749392985908253,0.6931471805599453,0,0,1,0,1,0,0,0,0,0,0,0,0,0,0,0,0,0,0,1
419,537,3232,2020-01-13T02:52:37,Feature,Hours,Beginner,https://github.com/gitcoinco/web/issues/3472,owocki,https://gitcoin.co/issue/18193,"JavaScript, Python, HTML, CSS, Shell, Makefile, Dockerfile, Smarty",22.9,gitcoinco,"Currently a user can enter 0 num_periods in grants/fund, which results in a 0 approval and a revert. We need to add validatoin for this so that a user must enter at least one. Just add `min` to input. super easy fix.",web,0,0.0,{},ETH,['https://github.com/gitcoinco/web/pull/3542'],1,6.728628613084702,7.396948602621014,7.396948602621014,6.444131256700441,2017-07-10T10:53:45Z,4.532599493153256,JavaScript,13.991201849715411,2.0794415416798357,0.6931471805599453,1.0986122886681098,2.0,2.0,2019-01-16T00:15:57Z,2019-02-21T09:48:31Z,1.0,7.157735484249907,5.37989735354046,6.416732282512326,4.189654742026425,11.673274040953775,117281,2e+17,0.6931471805599453,0.6931471805599453,0,1,0,0,1,0,0,0,0,0,0,1,0,0,0,0,1,0,0,0
420,541,3264,2019-03-10T11:40:03,Improvement,Hours,Intermediate,https://github.com/spacemeshos/go-spacemesh/issues/371,avive,https://gitcoin.co/issue/10967,"Go, p2p, blockchain",72.8,spacemeshos,"# Overview / Motivation
TODO: as part of the integration between p2p and sync 
Peers.go was added to the sync package to supply an easier api to Peers over p2p 

# The Task
TODO: move peers.go and peers_test.go from the sync package to the p2p package where it belongs  

# Contribution Guidelines
Important: Issue assignment to developers will be by the order of their application and proficiency level according to the tasks complexity. We will not assign tasks to developers who have'nt introduced themselves on our Gitter [dev channel](https://gitter.im/spacemesh-os/Lobby) 

1. Introduce yourself on go-spacemesh [dev chat channel](https://gitter.im/spacemesh-os/Lobby) - ask our team any question you may have about this task
2. Fork branch `develop` to your own repo and work in your repo
3. You must document all methods, enums and types with [godoc comments](https://blog.golang.org/godoc-documenting-go-code)
4. You must write go unit tests for all types and methods when submitting a component, and integration tests if you submit a feature
5. When ready for code review, submit a PR from your repo back to branch `develop`
6. Attach relevant issue to PR",go-spacemesh,0,0.0,{},ETH,['https://github.com/spacemeshos/go-spacemesh/pull/422'],1,5.0369526024136295,6.396929655216146,6.396929655216146,5.529429087511423,2017-10-26T06:43:09Z,3.6635616461296463,Others,11.815101983572461,3.828641396489095,3.6109179126442243,1.9459101490553132,3.0,0.0,2019-01-11T06:56:31Z,2019-01-14T10:31:28Z,1.0,7.053585727193677,7.061334366910438,2.772588722239781,0.6931471805599453,4.51085950651685,93,5e+17,5.700443573390687,0.6931471805599453,0,0,1,0,1,0,0,0,0,0,0,0,1,0,0,0,0,1,0,0
421,542,3265,2019-03-10T11:39:57,Feature,Hours,Intermediate,https://github.com/spacemeshos/go-spacemesh/issues/374,avive,https://gitcoin.co/issue/10966,"Go, Blockchain, p2p, consensus protocol",73.25,spacemeshos,"# Overview / Motivation
Unit tests should have as higher coverage as possible. Currently, the hare's implementation has some files with low coverage.

# The Task
The task is to add more unit tests to the following files:
1. algorithm_test.go
2. statustracker_test.go
3. proposaltracker_test.go
4. preroundtracker_test.go
5. committracker_test.go
Each listed file should obtain at least 85% coverage (to check for coverage right click hare package and click run with coverage).
This assignment includes only adding unit tests, no need to fix the tests that fail.

# Implementation Notes
All files already have the matching _test.go file. One should simply add more unit tests to the existing files.

# Contribution Guidelines
Important: Issue assignment to developers will be by the order of their application and proficiency level according to the tasks complexity. We will not assign tasks to developers who have'nt introduced themselves on our Gitter [dev channel](https://gitter.im/spacemesh-os/Lobby) 

1. Introduce yourself on go-spacemesh [dev chat channel](https://gitter.im/spacemesh-os/Lobby) - ask our team any question you may have about this task
2. Fork branch `develop` to your own repo and work in your repo
3. You must document all methods, enums and types with [godoc comments](https://blog.golang.org/godoc-documenting-go-code)
4. You must write go unit tests for all types and methods when submitting a component, and integration tests if you submit a feature
5. When ready for code review, submit a PR from your repo back to branch `develop`
6. Attach relevant issue to PR",go-spacemesh,0,0.0,{},ETH,"['https://github.com/spacemeshos/go-spacemesh/pull/415', 'https://github.com/spacemeshos/go-spacemesh/pull/415']",2,5.0369526024136295,6.396929655216146,6.396929655216146,5.529429087511423,2017-10-26T06:43:09Z,3.6635616461296463,Others,11.815101983572461,6.126869184114185,2.0794415416798357,1.791759469228055,15.0,6.0,2019-01-09T14:26:27Z,0,1.0,5.117993812416755,7.373374309910049,2.70805020110221,0.6931471805599453,4.51085950651685,93,5e+17,5.700443573390687,1.0986122886681098,0,0,1,0,1,0,0,0,0,0,0,1,0,0,0,0,0,1,0,0
422,544,3279,2019-03-10T11:38:04,0,Hours,Intermediate,https://github.com/spacemeshos/go-spacemesh/issues/290,avive,https://gitcoin.co/issue/10947,"Go, p2p, blockchain, spacemesh, tests",122.08,spacemeshos,"# Overview / Motivation
Our CI tests and even local tests fail from time to time without any real error from our logic. gRPC is only minimally implemented  and yet fails frequently. this makes our tests flaky.

# The Task
find the root of the problem and solve. it seems like its easy to reproduce the test failing in travis-CI or other linux environments. though it also happens on macs from time to time.

the error we get is : `all SubConns are in TransientFailure`
also a more long description of the issue is mentioned in the comment below.

# Implementation Notes
the tests we run are under `api/api_test.go`

# Time Estimate

4 hours

# Contribution Guidelines
1. Introduce yourself on go-spacemesh [dev chat channel](https://gitter.im/spacemesh-os/Lobby) - ask our team any question you may have about this task
2. Fork branch `develop` to your own repo and work in your repo
3. You must document all methods, enums and types with [godoc comments](https://blog.golang.org/godoc-documenting-go-code)
4. You must write go unit tests for all types and methods when submitting a component, and integration tests if you submit a feature
5. When ready for code review, submit a PR from your repo back to branch `develop`",go-spacemesh,0,0.0,{},ETH,['https://github.com/spacemeshos/go-spacemesh/pull/359'],1,5.0369526024136295,6.396929655216146,6.396929655216146,5.529429087511423,2017-10-26T06:43:09Z,3.6635616461296463,Others,11.815101983572461,1.6094379124341003,0.6931471805599453,0.6931471805599453,2.0,1.0,2018-12-24T08:36:27Z,2018-12-27T12:28:44Z,1.0,7.138073034044347,7.126087273299125,2.6390573296152584,0.0,4.51085950651685,93,9.99e+17,5.666426688112432,0.6931471805599453,0,0,1,0,1,0,0,0,0,0,0,0,0,0,0,0,0,1,0,0
423,545,3280,2019-03-10T11:37:57,Feature,Days,Intermediate,https://github.com/julienbrg/fraktal/issues/3,julienbrg,https://gitcoin.co/issue/10946,reactjs react js fraktal dapp iexec,181.2,julienbrg,"The user: 

(1) Sets the input values with a slider bar
(2) Goes to the iExec marketplace to buy an order with pre-filled parameters
(3) Gets notified when the result is ready to be downloaded",fraktal,0,0.0,{},ETH,['https://github.com/julienbrg/fraktal/pull/2/'],1,0.6931471805599453,0.0,0.0,0.6931471805599453,2018-12-16T08:22:06Z,1.0986122886681098,JavaScript,7.352441100243583,10.470050580986621,9.249272581977971,3.295836866004329,30.0,0.0,2018-12-16T08:22:06Z,0,1.0,7.126890808898808,5.2832037287379885,0.6931471805599453,0.6931471805599453,3.295836866004329,22,1.6e+18,5.666426688112432,0.6931471805599453,0,0,1,1,0,0,0,0,0,0,0,1,0,0,0,0,1,0,0,0
424,546,3283,2019-03-10T11:35:32,Feature,Hours,Intermediate,https://github.com/spacemeshos/go-spacemesh/issues/308,avive,https://gitcoin.co/issue/10943,"Go, blockchain, windows, p2p, env, setup",431.41,spacemeshos,"## Feature description
Support setting up the local environment on Windows by running `make prepare`. The current implementation is to execute `./setup_env.sh`.

We should determine that we're on Windows and then run `setup_env.bat` (needs to be developed).

## Main Reason for adding this feature
Support contributors running Windows.

## Deliverables
- [ ] modify the Makefile to allow compiling version for windows
- [ ] Create setup script for windows that will replicate the installation performed in setup_env.sh 

#### Time estimation
1 Day
## Contribution Guidelines
1. Introduce yourself on go-spacemesh [dev chat channel](https://gitter.im/spacemesh-os/Lobby) - ask our team any question you may have about this task
2. Fork branch `develop` to your own repo and work in your repo
3. You must document all methods, enums and types with [godoc comments](https://blog.golang.org/godoc-documenting-go-code)
4. You must write go unit tests for all types and methods when submitting a component, and integration tests if you submit a feature
5. When ready for code review, submit a PR from your repo back to branch `develop`",go-spacemesh,0,0.0,{},ETH,['https://github.com/spacemeshos/go-spacemesh/pull/363'],1,5.0369526024136295,6.396929655216146,6.396929655216146,5.529429087511423,2017-10-26T06:43:09Z,3.6635616461296463,Others,11.815101983572461,4.276666119016055,0.0,1.9459101490553132,1.0,11.0,2018-12-26T00:04:13Z,2019-01-03T13:45:06Z,1.0,6.618738983517219,7.046647277848756,2.4849066497880004,0.0,4.51085950651685,93,3.996e+18,5.659482215759621,0.6931471805599453,0,0,1,0,1,0,0,0,0,0,0,1,0,0,0,0,0,1,0,0
425,548,3302,2019-03-10T11:28:07,Feature,Hours,Beginner,https://github.com/julienbrg/fraktal/issues/1,julienbrg,https://gitcoin.co/issue/10921,reactjs,208.98,julienbrg,"Provide a frontend hosted on Heroku that would do the following: 

- user click on the run button, 
- a loader is displayed on the page, 
- after 3 minutes, an image is displayed on the page

App description: 
[https://docs.google.com/document/d/1Oi0UljP-DlPfw09bmUTED1PF1zHyiRkonWmTp5deACE ](https://docs.google.com/document/d/1Oi0UljP-DlPfw09bmUTED1PF1zHyiRkonWmTp5deACE )",fraktal,0,0.0,{},ETH,['https://github.com/julienbrg/fraktal/pull/2'],1,0.6931471805599453,0.0,0.0,0.6931471805599453,2018-12-16T08:22:06Z,1.0986122886681098,JavaScript,7.352441100243583,9.777867638611477,0.0,3.2188758248682006,38.0,0.0,2018-12-16T12:40:13Z,2018-12-31T10:19:14Z,1.0,4.290459441148391,5.945420608606575,0.0,0.0,3.295836866004329,22,2.5e+18,5.638354669333745,0.6931471805599453,0,1,0,0,1,0,0,0,0,0,0,1,0,0,0,0,1,0,0,0
426,549,3308,2019-03-10T11:27:09,Improvement,Weeks,Advanced,https://github.com/adexnetwork/adex-validator-stack-js/issues/1,Ivshti,https://gitcoin.co/issue/10914,"JavaScript, Shell",3447.6,adexnetwork,"Create an integration test suite for the AdEx validator stack

Protocol spec: https://github.com/AdExNetwork/adex-protocol

Validator stack implementation: https://github.com/AdExNetwork/adex-validator-stack-js

OUTPACE: https://github.com/AdExNetwork/adex-protocol/blob/master/OUTPACE.md

----

a bunch of integration tests need to be written, including a group that tests inter-validator relationships and possible attacks: e.g. leader signs an invalid state, and followers should detect and not sign

other ones:

- follower should mark unhealthy, but not if the difference is too little
- try denial of service attack vector

Testing the regular code paths should work in the following way:

* create two environments (dockerized?) where each connects to it's own MongoDB database (could be connected to the same server, but at a different DB)
* both DBs will be seeded: example in `test/prep-db`
* each environment will run a validator stack: a sentry and a validator worker, initially with the dummy adapter
* in the test data (in the DB), there should be a channel that appoints the first validator worker as a leader, and the other as a follower
* start sending events to both sentries (example in `test/send-events`) and see how the system reacts
* run integration tests for the sentry methods (e.g. getting info for a channel, detailed info for a channel, etc)

later, we'd like to have larger coverage, including the ethereum adapter and watcher

furthermore, integration tests of the adapters, individually, are important as well


------

**Important note regarding Gitcoin:** there is a gitcoin bounty for this issue: https://gitcoin.co/issue/AdExNetwork/adex-validator-stack-js/1/1996

This test suite is supposed to test one of the most critical components in AdEx (the validator stack), so we believe in creating our own in-house implementation *as well as* posting a bounty for a third-party implementation. Ideally, we will end up with two independent test suites for this critical component.",adex-validator-stack-js,0,0.0,{},ETH,['https://github.com/samparsky/adex-validator-stack-test'],1,2.302585092994046,2.1972245773362196,2.1972245773362196,3.091042453358316,2018-11-22T06:46:59Z,1.791759469228055,JavaScript,8.162801353492073,6.406879986069314,6.091309882077698,2.772588722239781,30.0,0.0,2019-01-05T14:18:21Z,0,1.0,5.147494476813453,7.624130585661289,0.0,0.0,0.0,0,4e+19,1.6094379124341003,0.6931471805599453,1,0,0,0,0,0,1,0,0,0,0,0,1,0,0,0,1,0,0,0
427,550,3309,2019-03-10T11:23:33,Feature,Days,Intermediate,https://github.com/gitcoinco/web/issues/3196,owocki,https://gitcoin.co/issue/10913,"JavaScript, Python, HTML, CSS, Shell, Makefile, Dockerfile, Smarty",133.91,gitcoinco,"### User Story

[comment]: # (As a , I want to  so that .)
As a user, I want an avatar history, so I can quickly toggle back and forth between different avatars.

### Why Is this Needed

[comment]: # (Describe the problem and why this task is needed. Provide description of the current state, what you would like to happen, and what actually happen)
*Summary*:
Right now it's not easy to toggle back and forth between different avatars using the avatar builder.
Right now it's not easy to see 'suggested' avatar configurations.

### Description

[comment]: # (Feature or Bug? i.e Type: Bug)
*Type*:
Feature

### Current Behavior
[comment]: # (Describe what actually happened.)
No toggling back and forth to different avatars

### Expected Behavior
[comment]: # (Describe what you expected to happen.)
A new field on the model 'Avatar' called 'recommended_by_staff'

A new tab on [avatar builder](https://gitcoin.co/onboard/profile/?steps=avatar) called 'My Avatars'.

On this tab (which can be loaded AJAXily), a user can see the previous avatars they've saved, and can with one click, set it as their current avatar.
If a user ever saves a new avatar, it will get added to their My avatars

A new tab on [avatar builder](https://gitcoin.co/onboard/profile/?steps=avatar) called 'Preset Avatars'.
This area will show all avatars marked 'recommended_by_staff'.
On this tab (which can be loaded AJAXily), a user can see the previous avatars they've saved, and can with one click, set it as their current avatar.

In order to accomplish all of the above, you may have to change an Avatar to be 1 to many with Profile (its currently 1:1), and you may have to add a bool field called `primary_avatar` to it.

### Definition of Done
[comment]: # (Any other information that would be useful, bullets are helpful.)

See above.

### Additional Information
[comment]: # (Any other information that would be useful, content, screenshots, etc.)

I'm not providing any designs for this because I think theres enough components on the page that we can be re-used.  Let me know if you think this is a mistake.",web,0,0.0,{},ETH,['https://github.com/gitcoinco/web/pull/3249'],1,6.728628613084702,7.396948602621014,7.396948602621014,6.444131256700441,2017-07-10T10:53:45Z,4.532599493153256,JavaScript,13.991201849715411,6.871091294610546,6.20050917404269,3.5553480614894135,2.0,40.0,2018-12-18T23:03:57Z,2019-01-25T08:47:01Z,1.0,6.55250788703459,7.668561108015897,6.364750756851911,4.007333185232471,11.673274040953775,117281,1.5e+18,5.627621113690637,0.6931471805599453,0,0,1,1,0,0,0,0,0,0,0,1,0,0,0,0,1,0,0,0
428,555,3349,2019-03-10T11:17:46,Feature,Hours,Beginner,https://github.com/gitcoinco/web/issues/3062,owocki,https://gitcoin.co/issue/10850,"JavaScript, Python, HTML, CSS, Shell, Makefile, Dockerfile, Smarty",44.24,gitcoinco,"**Describe the bug**

Should be USD not ETH 

![image](https://user-images.githubusercontent.com/1358093/49445096-2e70fd00-f7b8-11e8-91c8-96fcaeea6296.png)

https://gitcoin.co/issue/gitcoinco/web/2404/1415",web,0,0.0,{},ETH,['https://github.com/gitcoinco/web/pull/3082'],1,6.728628613084702,7.396948602621014,7.396948602621014,6.444131256700441,2017-07-10T10:53:45Z,4.532599493153256,JavaScript,13.991201849715411,0.6931471805599453,0.6931471805599453,0.6931471805599453,1.0,2.0,2018-12-05T05:57:33Z,2018-12-05T12:14:17Z,1.0,7.02108396428914,5.356586274672012,6.352629396319567,3.9889840465642745,11.673274040953775,117281,4e+17,5.598421958998375,0.6931471805599453,0,1,0,0,1,0,0,0,0,0,0,1,0,0,0,0,1,0,0,0
429,556,3350,2019-03-10T11:17:41,0,Weeks,Intermediate,https://github.com/trailofbits/slither/issues/85,dguido,https://gitcoin.co/issue/10849,"Python, Solidity, Shell, Dockerfile",1028.67,trailofbits,"Remix integrates now by default a plugin to run slither: https://medium.com/remix-ide/remix-ide-v0-7-5-released-a386ed6faf38

The current plugin is https://github.com/mul1sh/remix-analysis-plugin (it was built from this issue: https://github.com/ethereum/remix-ide/issues/1500)

The plugin does not give a good user experience:
![image](https://user-images.githubusercontent.com/13798342/49150057-a5634d00-f303-11e8-8d27-1d0ede2dc229.png)

We should either improve the current plugin through PR (see https://github.com/mul1sh/remix-analysis-plugin/issues/1), or create a new plugin

Among others the plugin should:
- Be up to date with the latest slither release
- Don't show compiler warnings
- Use colors 
- Prevent the text to be hidden outside the visible windows 
- Allow the user to select / disable some of the detectors",slither,0,0.0,{},ETH,"['https://github.com/samparsky/remix-plugin-slither', 'https://github.com/samparsky/remix-plugin-slither']",2,6.595780513961311,8.291295851905407,8.291295851905407,5.908082938168931,2018-09-05T21:56:35Z,4.110873864173311,Others,10.857401568506724,6.835184586147301,6.573680166960646,2.772588722239781,30.0,0.0,2018-12-07T00:03:17Z,0,1.0,6.641182169740591,6.7357800142423265,3.4339872044851463,2.8903717578961645,0.0,0,9.3e+18,4.442651256490317,1.0986122886681098,0,0,1,0,0,0,1,0,0,0,0,0,0,0,0,0,0,1,0,0
430,557,3355,2019-03-10T11:17:10,Feature,Hours,Intermediate,https://github.com/spacemeshos/poet/issues/20,avive,https://gitcoin.co/issue/10842,"go, security, cryptography, proofs of sequential work, poet, spacemesh, proofs of space time, research, server, consensus protocol, blockchain, blockmesh",545.94,spacemeshos,At the moment for every membership proof request the merkle tree is being entirely re-constructed.,poet,0,0.0,{},ETH,['https://github.com/spacemeshos/POET/pull/28'],1,2.1972245773362196,2.9444389791664403,2.9444389791664403,2.772588722239781,2018-10-18T12:17:39Z,2.9444389791664403,Others,7.02108396428914,6.577861357721047,5.834810737062605,2.5649493574615367,1.0,0.0,2019-03-27T11:54:16Z,2019-03-27T14:39:43Z,1.0,3.6375861597263857,4.59511985013459,2.1972245773362196,0.0,4.51085950651685,93,5.004e+18,5.594711379601839,0.6931471805599453,0,0,1,0,1,0,0,0,0,0,0,1,0,0,0,0,0,1,0,0
431,563,3395,2019-03-10T11:10:24,Improvement,Hours,Beginner,https://github.com/gitcoinco/web/issues/2947,owocki,https://gitcoin.co/issue/10801,"JavaScript, Python, HTML, CSS, Shell, Makefile, Dockerfile, Smarty",111.45,gitcoinco,"### User Story

[comment]: # (As a , I want to  so that .)
As a user, I want gitcoin.co/labs so i can see all of the great works being done in Labs
### Why Is this Needed

### Description

[comment]: # (Feature or Bug? i.e Type: Bug)
*Type*:
feature 

### Current Behavior
[comment]: # (Describe what actually happened.)
no labs homepage 
### Expected Behavior
[comment]: # (Describe what you expected to happen.)

1. take the existing PR https://github.com/gitcoinco/web/pull/2801 and extend it such that
2. gitcoin.co/labs shows this design



3. 'Latest Research' must be database - driven.  It must be populated from a list of `Labs_Research` objects (each of which have an image, title, description, and link).  This database table must be available in teh django admin.
4. Tools must be populated from the `tools` table in reverse chronological order.  The tools DB object already exists.

For team page,  Austin info is posted at https://github.com/gitcoinco/web/issues/2864

Links at bottom
- Github -> https://github.com/gitcoinco/labs/
- Slack -> gitcoin.co/slack
- contaact -> founders@gitcoin.co

### Definition of Done
[comment]: # (Any other information that would be useful, bullets are helpful.)

- design must be responsive
- design must be performant
- pls allow for 1-2 revisions of the design.

### Additional Information
[comment]: # (Any other information that would be useful, content, screenshots, etc.)
designs: https://github.com/gitcoinco/web/issues/2821#issuecomment-441715027
design ticket: https://github.com/gitcoinco/web/issues/2821#issuecomment-440731513",web,0,0.0,{},ETH,['https://github.com/gitcoinco/web/pull/3048#event-2028819814'],1,6.728628613084702,7.396948602621014,7.396948602621014,6.444131256700441,2017-07-10T10:53:45Z,4.532599493153256,JavaScript,13.991201849715411,6.272877006546167,3.7612001156935624,3.1354942159291497,5.0,34.0,2018-12-01T19:32:46Z,2018-12-16T11:40:28Z,1.0,6.220590170099739,7.396948602621014,6.3080984415095305,3.970291913552122,11.673274040953775,117281,1e+18,5.568344503761097,0.6931471805599453,0,1,0,0,1,0,0,0,0,0,0,0,1,0,0,0,1,0,0,0
432,570,3438,2019-11-06T05:36:45,Feature,Hours,Beginner,https://github.com/gitcoinco/web/issues/2808,frankchen07,https://gitcoin.co/issue/17189,"JavaScript, Python, HTML, CSS, Shell, Makefile, Dockerfile, Smarty",52.58,gitcoinco,"### User Story

As an admin, I want to be notified if a funder funds a bounty with an extremely low price because setting reasonable and fair hourly rates is one of many ways that OSS is sustained. 

### Why Is this Needed

OSS sustainability is only possible if we pay developers a fair price for the value they put forth. Certain prices (e.g < $1) for any type of task is considered lowballing the developer / bounty hunter. Warning Gitcoin admins of an extremely low bounty price and giving the admins the option to manually follow up with the funder is necessary to prevent publishing of lowball bounties.

### Current Behavior

Currently, there are no warnings or emails triggered when a bounty is funded below a certain threshold.

### Expected Behavior

An email is automatically sent to Gitcoin administrators when a bounty is funded that is below $X. 

### Definition of Done

1. When a funder hits ""submit an issue,"" a threshold check (if else logic) on the bounty value is performed.
2. If the bounty value is below the threshold, an automatic email to Gitcoin admins is triggered with the issue link, funder, and funder information.
3. Being below a $X threshold should not prevent the bounty from being published, but an automatic email should be triggered.",web,0,0.0,{},ETH,['https://github.com/gitcoinco/web/pull/3219'],1,6.728628613084702,7.396948602621014,7.396948602621014,6.444131256700441,2017-07-10T10:53:45Z,4.532599493153256,JavaScript,13.991201849715411,4.04305126783455,1.0986122886681098,1.6094379124341003,5.0,14.0,2018-12-14T20:59:16Z,2019-11-06T02:17:08Z,1.0,6.827629234502852,7.1631723908466425,6.2878585601617845,3.9318256327243257,4.394449154672439,55,2.5e+17,5.627621113690637,0.6931471805599453,0,1,0,0,1,0,0,0,0,0,0,1,0,0,0,0,1,0,0,0
433,572,3454,2019-03-10T10:53:07,0,Hours,Intermediate,https://github.com/consensys/mythril-classic/issues/675,b-mueller,https://gitcoin.co/issue/10711,"Python, HTML, Shell, Dockerfile, JavaScript",533.07,consensys,"## Description

As described in #674, Mythril currently doesn't support the delegatecall proxy pattern where the original calldata is passed through. This is because we don't support calldata with a symbolic offset or length.

I suppose that we could add a special case for `offset = 0` and `length = calldatasize` where we provide the original calldata to the callee.",mythril-classic,0,0.0,{},ETH,['https://github.com/ConsenSys/mythril-classic/pull/739'],1,6.431331081933479,8.03689677268507,8.03689677268507,4.543294782270004,2017-09-18T04:14:20Z,4.290459441148391,Others,10.80675383328753,3.6375861597263857,3.044522437723423,0.6931471805599453,6.0,2.0,2018-11-21T08:17:38Z,0,1.0,7.158513997329321,5.921578419643816,3.258096538021482,1.791759469228055,3.5553480614894135,30,2.5e+18,5.501258210544727,0.6931471805599453,0,0,1,0,1,0,0,0,0,0,0,0,0,0,0,0,0,1,0,0
434,573,3464,2019-03-10T10:47:47,0,Hours,Intermediate,https://github.com/smartcontractsecurity/swc-registry/issues/115,thec00n,https://gitcoin.co/issue/10700,swc,87.56,smartcontractsecurity,"## About the SWC

We are working on the [SWC-registry](
https://github.com/SmartContractSecurity/SWC-registry); a smart contract specific software weakness classification scheme. Help us establish a common language around security related bugs in smart contracts and create useful test cases for them.

## User Story

Import benchmarks from https://github.com/ConsenSys/evm-analyzer-benchmark-suite/tree/master/benchmarks to the SWC-registry. Make sure to:

- add only test cases that do not exist already or that do add a new variant to the registry
- reference all benchmarks in the header of the new test case
- add fixed versions of a test case

## Communication

Find us on Discord and in any case just drop your questions here.",swc-registry,0,0.0,{},ETH,['https://github.com/SmartContractSecurity/SWC-registry/pull/129'],1,4.969813299576001,6.57507584059962,6.57507584059962,3.5553480614894135,2018-08-23T00:09:08Z,3.828641396489095,Others,7.8868329989550565,8.833025307284364,1.3862943611198906,3.6109179126442243,3.0,2.0,2018-11-20T00:49:18Z,2018-11-21T01:00:22Z,1.0,6.7357800142423265,6.618738983517219,1.9459101490553132,0.0,0.0,0,4e+17,5.493061443340548,0.6931471805599453,0,0,1,0,1,0,0,0,0,0,0,0,0,0,0,0,0,1,0,0
435,574,3465,2019-03-10T10:47:42,0,Hours,Intermediate,https://github.com/smartcontractsecurity/swc-registry/issues/113,thec00n,https://gitcoin.co/issue/10699,"JavaScript, Shell",65.67,smartcontractsecurity,"## About the SWC

We are working on the [SWC-registry](
https://github.com/SmartContractSecurity/SWC-registry); a smart contract specific software weakness classification scheme. Help us establish a common language around security related bugs in smart contracts and create useful test cases for them.

## User Story

Create new test cases based on another version of the test case that has a weakness specified. The new test case should be the same except that it fixes the weakness specified in the other version. An examples where this has been done already is simple-dao.sol

Fixed Version:
https://smartcontractsecurity.github.io/SWC-registry/docs/SWC-107#simple-dao-fixedsol

Vulnerable Version:
https://smartcontractsecurity.github.io/SWC-registry/docs/SWC-107#simple-daosol

Find more test cases where this has not been done already and fix them! 

## Communication

Find us on Discord and in any case just drop your questions here.",swc-registry,0,0.0,{},ETH,['https://github.com/SmartContractSecurity/SWC-registry/pull/114'],1,4.969813299576001,6.57507584059962,6.57507584059962,3.5553480614894135,2018-08-23T00:09:08Z,3.828641396489095,Others,7.8868329989550565,9.76428295481558,0.6931471805599453,3.8501476017100584,10.0,1.0,2018-11-07T17:45:02Z,0,1.0,6.035481432524756,6.866933284461882,1.791759469228055,0.0,0.0,0,3e+17,5.493061443340548,0.6931471805599453,0,0,1,0,1,0,0,0,0,0,0,0,0,0,0,0,0,1,0,0
436,576,3467,2018-11-07T21:20:04,Bug,Weeks,Intermediate,https://github.com/pwaygames/pway.contracts/issues/8,adamskrodzki,https://gitcoin.co/issue/6976,"JavaScript, Solidity",549.83,pwaygames,12,pway.contracts,0,0.0,{},ETH,['https://github.com/PwayGames/PWay.Contracts/pull/7'],2,1.9459101490553132,0.6931471805599453,0.6931471805599453,1.0986122886681098,2018-11-02T21:09:42Z,1.0986122886681098,JavaScript,4.59511985013459,0.6931471805599453,0.6931471805599453,0.6931471805599453,1.0,0.0,2018-11-07T20:23:12Z,0,1.0,7.232733136177615,1.0986122886681098,1.791759469228055,0.0,0.0,0,2.5e+18,5.8998973535824915,1.0986122886681098,0,0,1,0,0,0,1,1,0,0,0,0,0,0,0,0,1,0,0,0
437,577,3468,2018-11-08T01:19:47,Bug,Days,Intermediate,https://github.com/pwaygames/pway.contracts/issues/6,lukaszGrynasz,https://gitcoin.co/issue/6987,"JavaScript, Solidity",219.93,pwaygames,0,pway.contracts,0,0.0,{},ETH,['https://github.com/PwayGames/PWay.Contracts/pull/7'],1,1.9459101490553132,0.6931471805599453,0.6931471805599453,1.0986122886681098,2018-11-02T21:09:42Z,1.0986122886681098,JavaScript,4.59511985013459,0.6931471805599453,0.6931471805599453,0.6931471805599453,1.0,0.0,2018-11-07T20:23:12Z,0,1.0,7.042286171939743,1.3862943611198906,1.6094379124341003,0.0,0.0,0,1e+18,4.499809670330265,0.6931471805599453,0,0,1,1,0,0,0,1,0,0,0,0,0,0,0,0,1,0,0,0
438,579,3481,2019-03-10T10:45:31,0,Hours,Intermediate,https://github.com/diadata-org/diadata/issues/133,diamw,https://gitcoin.co/issue/10673,"Go, JavaScript, Vue, CSS, Shell, HTML",159.05,diadata-org,"1. Develop an algorithm that implements the described distributions in line with ""A Statistical Analysis of Cryptocurrencies"", https://www.mdpi.com/1911-8074/10/2/12 
- P. 7 (Formulas)
- P.11 (Check for backtesting)

2. Integrate it with [our filter service](../../internal/pkg/filtersBlockService).

3. Backtest the documentation, submit respective documentation as pull request.",diadata,0,0.0,{},ETH,['https://github.com/diadata-org/diadata/pull/139'],1,4.875197323201151,5.356586274672012,5.356586274672012,2.5649493574615367,2018-08-08T13:21:11Z,3.295836866004329,Others,11.619139616177534,6.745236349484363,1.791759469228055,2.4849066497880004,15.0,4.0,2018-11-09T05:46:33Z,0,1.0,7.040536390215956,5.958424693029782,3.4011973816621555,2.1972245773362196,0.0,0,7.5e+17,5.480638923341991,0.6931471805599453,0,0,1,0,1,0,0,0,0,0,0,0,0,0,0,0,0,1,0,0
439,580,3489,2018-10-30T14:20:31,0,Hours,Intermediate,https://github.com/gitcoinco/web/issues/2557,usmanmuhd,https://gitcoin.co/issue/6835,"JavaScript, Python, HTML, CSS, Shell, Makefile, Dockerfile, Smarty",59.08,gitcoinco,"https://sentry.gitcoin.co/gitcoin/gitcoin-prod-backend/issues/1631/

```
IncompleteReadError: 0 bytes read on a total of 2 expected bytes
(1 additional frame(s) were not displayed)
...
  File ""websockets/protocol.py"", line 580, in read_message
    frame = yield from self.read_data_frame(max_size=self.max_size)
  File ""websockets/protocol.py"", line 645, in read_data_frame
    frame = yield from self.read_frame(max_size)
  File ""websockets/protocol.py"", line 710, in read_frame
    extensions=self.extensions,
  File ""websockets/framing.py"", line 100, in read
    data = yield from reader(2)
  File ""asyncio/streams.py"", line 677, in readexactly
    raise IncompleteReadError(incomplete, n)

ConnectionClosed: WebSocket connection is closed: code = 1006 (connection closed abnormally [internal]), no reason
(27 additional frame(s) were not displayed)
...
  File ""kudos/management/commands/sync_kudos.py"", line 222, in handle
    self.opensea_sync(kudos_contract, int(start_id))
  File ""kudos/management/commands/sync_kudos.py"", line 85, in opensea_sync
    kudos_contract.sync_db(kudos_id=int(asset_token_id), txid=transaction_hash)
  File ""kudos/utils.py"", line 306, in sync_db
    kudos = self.getKudosById(kudos_id, to_dict=True)
  File ""kudos/utils.py"", line 557, in getKudosById
    tokenURI = self._contract.functions.tokenURI(args[0]).call()

ConnectionClosed: WebSocket connection is closed: code = 1006 (connection closed abnormally [internal]), no reason
```",web,0,0.0,{},ETH,['https://github.com/gitcoinco/web/pull/2548'],1,6.728628613084702,7.396948602621014,7.396948602621014,6.444131256700441,2017-07-10T10:53:45Z,4.532599493153256,JavaScript,13.991201849715411,5.303304908059076,3.5553480614894135,2.995732273553991,19.0,24.0,2018-10-27T15:14:07Z,2018-11-10T00:50:56Z,1.0,3.9889840465642745,7.293697720601438,6.238324625039508,3.8501476017100584,2.4849066497880004,9,3e+17,5.8998973535824915,0.6931471805599453,0,0,1,0,1,0,0,0,0,0,0,0,0,0,0,0,1,0,0,0
440,586,3513,2019-03-10T10:33:27,0,Hours,Intermediate,https://github.com/consensys/mythril-ctf-public/issues/3,b-mueller,https://gitcoin.co/issue/10637,0,698.7,consensys,"Create a CTF challenge that incorporates self-modifying code.

Upon completion, submit a PR with a short description of the challenge (the code and full description will be hosted in a private repo before public launch).",mythril-ctf-public,0,0.0,{},ETH,['https://github.com/ConsenSys/mythril-ctf-public/pull/5'],1,1.3862943611198906,0.0,0.0,1.791759469228055,2018-10-23T02:28:40Z,2.3978952727983707,Unknown,0.6931471805599453,0.6931471805599453,0.0,0.6931471805599453,2.0,0.0,2018-10-25T17:03:03Z,0,1.0,5.966146739123692,5.407171771460119,3.2188758248682006,1.791759469228055,3.5553480614894135,30,3.4e+18,5.43372200355424,0.6931471805599453,0,0,1,0,1,0,0,0,0,0,0,0,0,0,0,0,0,0,0,1
441,587,3514,2019-03-10T10:33:22,0,Hours,Intermediate,https://github.com/consensys/mythril-ctf-public/issues/2,b-mueller,https://gitcoin.co/issue/10636,0,678.15,consensys,"Create a CTF challenge that incorporates an Ethereum sandbox.

Upon completion, submit a PR with a short description of the challenge (the code and full description will be hosted in a private repo before public launch).",mythril-ctf-public,0,0.0,{},ETH,['https://github.com/ConsenSys/mythril-ctf-public/pull/4'],1,1.3862943611198906,0.0,0.0,1.791759469228055,2018-10-23T02:28:40Z,2.3978952727983707,Unknown,0.6931471805599453,1.0986122886681098,0.0,1.0986122886681098,1.0,0.0,2018-10-25T13:07:42Z,0,1.0,5.043425116919247,5.407171771460119,3.1780538303479458,1.791759469228055,3.5553480614894135,30,3.3e+18,5.43372200355424,0.6931471805599453,0,0,1,0,1,0,0,0,0,0,0,0,0,0,0,0,0,0,0,1
442,588,3515,2019-03-10T10:33:17,0,Hours,Intermediate,https://github.com/consensys/mythril-ctf-public/issues/1,b-mueller,https://gitcoin.co/issue/10635,0,678.15,consensys,"Create a smart contract that can be self-destructed using a ROP-style exploit.

Upon completion, submit a PR with a short description of the challenge (the code and full description will be hosted in a private repo before public launch).",mythril-ctf-public,0,0.0,{},ETH,['https://github.com/ConsenSys/mythril-ctf-public/pull/4'],1,1.3862943611198906,0.0,0.0,1.791759469228055,2018-10-23T02:28:40Z,2.3978952727983707,Unknown,0.6931471805599453,1.0986122886681098,0.0,1.0986122886681098,1.0,0.0,2018-10-25T13:07:42Z,0,1.0,5.043425116919247,5.480638923341991,3.1354942159291497,1.791759469228055,3.5553480614894135,30,3.3e+18,5.43372200355424,0.6931471805599453,0,0,1,0,1,0,0,0,0,0,0,0,0,0,0,0,0,0,0,1
443,590,3528,2019-03-10T10:30:38,Feature,Hours,Intermediate,https://github.com/diadata-org/diadata/issues/112,frranck,https://gitcoin.co/issue/10620,"Go, JavaScript, Vue, CSS, Shell, HTML",165.43,diadata-org,Implement a Tezos Blockchain scraper reporting the amount of circulating XTZ coins using our Go framework. Detailed documentation and examples can be found at https://github.com/diadata-org/diadata/blob/master/documentation/methodology/SupplyNumbers.md,diadata,0,0.0,{},ETH,['https://github.com/diadata-org/diadata/pull/115'],1,4.875197323201151,5.356586274672012,5.356586274672012,2.5649493574615367,2018-08-08T13:21:11Z,3.295836866004329,Others,11.619139616177534,5.0238805208462765,0.0,1.3862943611198906,8.0,3.0,2018-10-23T16:36:04Z,2018-10-26T12:31:42Z,1.0,5.902633333401366,5.53338948872752,3.332204510175204,2.0794415416798357,0.0,0,8e+17,5.429345628954441,0.6931471805599453,0,0,1,0,1,0,0,0,0,0,0,1,0,0,0,0,0,1,0,0
444,594,3584,2019-03-10T10:18:33,0,Hours,Intermediate,https://github.com/smartcontractsecurity/swc-registry/issues/107,thec00n,https://gitcoin.co/issue/10556,"JavaScript, Shell",85.9,smartcontractsecurity,"## About the SWC

We are working on the SWC-registry; a smart contract specific software weakness classification scheme. Help us establish a common language around security related bugs in smart contracts and create useful test cases for them.

## User Story

Create test cases (5 in total) for SWC definitions that have less than 3 test cases currently e.g. [SWC-104](https://smartcontractsecurity.github.io/SWC-registry/docs/SWC-104) The new test cases should include edge cases that might be difficult to detect and potentially lead to false negatives or false positives in security analysis tools.

## Communication

Find us on Discord and in any case just drop your questions here.",swc-registry,0,0.0,{},ETH,['https://github.com/SmartContractSecurity/SWC-registry/pull/111'],1,4.969813299576001,6.57507584059962,6.57507584059962,3.5553480614894135,2018-08-23T00:09:08Z,3.828641396489095,Others,7.8868329989550565,8.822616945344176,0.0,2.772588722239781,5.0,0.0,2018-10-24T01:51:30Z,2018-10-30T04:27:06Z,1.0,6.838405200847344,6.546785410760524,1.6094379124341003,0.0,0.0,0,4e+17,5.3981627015177525,0.6931471805599453,0,0,1,0,1,0,0,0,0,0,0,0,0,0,0,0,0,1,0,0
445,599,3610,2019-03-10T10:13:42,Feature,Days,Intermediate,https://github.com/bounties-network/bounties.network/issues/13,mbeylin,https://gitcoin.co/issue/10523,"CSS, JavaScript, HTML, Bounties Network",146.13,bounties-network,"# Description
We need to build a new version of the Bounties Network [getting started page](https://bounties.network/gettingStarted.html)!

Here is a picture of the design itself:
*Desktop:*
![getting_started_guidelines](https://user-images.githubusercontent.com/6082639/46317714-35bb3500-c5d4-11e8-93fd-b939079b9f7d.jpg)

Here is a zip folder of the various SVG files found in the design:

[gettingstarted.zip](https://github.com/Bounties-Network/bounties.network/files/2435872/gettingstarted.zip)


This new site should follow the attached design as closely as possible, and should reuse as many elements (css, HTML) from the new site that's found on the `new-design` branch of this repo

# Requirements
A correct submission for this bounty will:
- BE RESPONSIVE : it should either follow the above design to the letter, or should adjust the visual components to react to changes in screen sizes (i.e. mobile responsive)
- Use flexbox grid (fleboxgrid.com) to organize the visual components in a way that appropriately responds to changes in content or screen resolution
- Build off of the `new-design` branch, using all of the same methods for the new page as is used on the `index.html`
- Once you're finished, please open a PR to the `new-design` branch with your changes


# Revisions
We will require at most 4 revisions for submitted work, and expect whoever completes this bounty to come to us with intermediate questions (especially regarding mobile responsiveness) rather than making assumptions on one's own.",bounties.network,0,0.0,{},ETH,"['https://github.com/Bounties-Network/bounties.network/pull/14', 'https://github.com/Bounties-Network/bounties.network/pull/14']",2,1.0986122886681098,0.0,0.0,0.0,2020-05-12T01:28:19Z,0.6931471805599453,Others,10.585245116968599,10.637656707618994,10.637056647594989,5.717027701406222,30.0,0.0,2020-05-12T01:28:19Z,0,1.0,6.818924065275521,7.341483852363161,3.295836866004329,0.6931471805599453,4.0943445622221,58,7.5e+17,5.37989735354046,1.0986122886681098,0,0,1,1,0,0,0,0,0,0,0,1,0,0,0,0,0,1,0,0
446,602,3626,2019-03-10T10:11:21,Feature,Hours,Intermediate,https://github.com/mbeylin/enslistener/issues/1,mbeylin,https://gitcoin.co/issue/10500,0,180.95,mbeylin,"I want a command line application that I can run, which automatically listens to any actions relating to a given ENS name. This includes whether a name has a bid deposited on it, is traded, is withdrawn, or has any other actions occurring related to it.

The email should have the subject `ENS DOMAIN LISTENER: `, and the body of the email should be a meaningful description of what happened (in plain text is fine).

# Requirements
- I would like to call this script by simply calling it in the command line, passing in the ENS name and my email, i.e. `./ENSListener markbeylin.eth mark.beylin@consensys.net`.
- As long as that script is running, it should listen for any events relating to that ENS name I supplied, and send me an email every time something happens relating to it. 
- The email should have the subject `ENS DOMAIN LISTENER: `
- The body of the email should be a meaningful description of what happened (in plain text is fine).


# Communication
- [Join our slack community](https://join.slack.com/t/bountiesnetwork/shared_invite/enQtMzA2Mjk3MzAzODQwLTZjN2UxMmU5MWYxZTVmMmM4OGNjZDRiMDgwYTVhOTIwYmQ4MjVlMjNkZjYzOTE4MWI4OTFhOWE4ZTUzN2MyNWY) and message in our community-dev channel for questions
- Put a PR up directly into this repo",enslistener,0,0.0,{},ETH,['https://github.com/mbeylin/ENSListener/pull/2'],1,0.6931471805599453,0.6931471805599453,0.6931471805599453,1.0986122886681098,2018-10-10T23:18:32Z,1.0986122886681098,Unknown,0.0,7.589841512182657,0.0,2.302585092994046,1.0,1.0,2018-10-18T19:39:21Z,0,1.0,6.343880434126331,7.141245122350491,0.0,0.0,4.0943445622221,58,8.8e+17,5.3706380281276624,0.6931471805599453,0,0,1,0,1,0,0,0,0,0,0,1,0,0,0,0,0,0,0,1
447,603,3639,2019-03-10T10:08:34,0,Hours,Intermediate,https://github.com/econoar/ethhub/issues/17,owocki,https://gitcoin.co/issue/10485,CSS,68.79,econoar,"# What

We'd really love to get some work done on running a node detailed here => (https://github.com/econoar/ethhub/tree/master/using-ethereum/running-a-node).

There are a few starter questions in there but we'd like to see a condensed version of this: https://github.com/ethereumbook/ethereumbook/blob/develop/clients.asciidoc

Please only apply if you have a history of writing good documentation. Submissions that do not have good grammer and thought put into them will not be accepted.",ethhub,0,0.0,{},ETH,['https://github.com/econoar/ethhub/pull/18'],1,0.0,0.6931471805599453,0.6931471805599453,0.0,2019-01-17T00:42:56Z,0.6931471805599453,Unknown,9.159888828480085,6.9985096422506015,6.343880434126331,4.882801922586371,30.0,0.0,2019-01-17T00:42:56Z,0,1.0,6.774223886357614,6.210600077024653,0.0,0.0,11.673274040953775,117281,3e+17,5.365976015021851,0.6931471805599453,0,0,1,0,1,0,0,0,0,0,0,0,0,0,0,0,0,0,0,1
448,604,3644,2019-03-10T10:06:05,0,Hours,Intermediate,https://github.com/consensys/mythril/issues/528,b-mueller,https://gitcoin.co/issue/10482,"Python, HTML, Shell, Dockerfile, JavaScript",504.48,consensys,"Currently calldataload creates a symbol called ```calldata[index]``` while what it should create is a concatination of ```calldata[index] ... calldata[index + 31]``` according to the yellowpaper.

This can cause false positives when mythril can't recognize that msg.data[37] is the second byte in the result from calldataload(36).

### Good first issue
This issue is labeled as a good first issue ( not super simple though). Hop by on our discord server if you'd like to contribute!",mythril,0,0.0,{},ETH,['https://github.com/ConsenSys/mythril-classic/pull/615'],1,6.431331081933479,8.03689677268507,8.03689677268507,4.543294782270004,2017-09-18T04:14:20Z,4.290459441148391,Others,10.80675383328753,5.648974238161206,4.77912349311153,2.70805020110221,32.0,0.0,2018-10-24T19:20:16Z,2018-10-25T18:15:51Z,1.0,6.318968113746434,6.1903154058531475,2.995732273553991,1.6094379124341003,3.5553480614894135,30,2.2000000000000005e+18,5.3612921657094255,0.6931471805599453,0,0,1,0,1,0,0,0,0,0,0,0,0,0,0,0,0,1,0,0
449,605,3645,2019-03-10T10:05:57,0,Hours,Intermediate,https://github.com/consensys/mythril/issues/527,b-mueller,https://gitcoin.co/issue/10480,"Python, HTML, Shell, Dockerfile, JavaScript",137.59,consensys,"When there is a constraint on some ```calldata[x] != 0``` then there should be a constraint that the ```calldatasize > x```

Take the example by Chofhe from discord( @nbanmp ):
```
contract Suicide {
  uint256 isAllowed = 0;

  function kill(address addr, uint256 isAllowed) {
    require(isAllowed == 42);
    require(msg.data.length == 4);
    selfdestruct(addr);
  }
}
```

Where mythril now reports a false positive

## Proposed solution
Add the following constraint on calldataload:
```
# given variables: index, caldataload[index], calldatasize
Or(calldataload[index] == 0, index < calldatasize)
```

### Good first issue
This issue is labeled as a good first issue. Hop by on our discord server if you'd like to contribute!",mythril,0,0.0,{},ETH,['https://github.com/ConsenSys/mythril-classic/pull/615'],1,6.431331081933479,8.03689677268507,8.03689677268507,4.543294782270004,2017-09-18T04:14:20Z,4.290459441148391,Others,10.80675383328753,5.648974238161206,4.77912349311153,2.70805020110221,32.0,0.0,2018-10-24T19:20:16Z,2018-10-25T18:15:51Z,1.0,6.318968113746434,6.628041376179533,2.9444389791664403,1.6094379124341003,3.5553480614894135,30,6e+17,5.3612921657094255,0.6931471805599453,0,0,1,0,1,0,0,0,0,0,0,0,0,0,0,0,0,1,0,0
450,606,3646,2019-03-10T10:05:53,0,Hours,Intermediate,https://github.com/consensys/mythril/issues/523,b-mueller,https://gitcoin.co/issue/10479,"Python, HTML, Shell, Dockerfile, JavaScript",504.48,consensys,"## Description

Add an option that outputs the transactions for reaching each vulnerable state.

## Background

We already have all the data we need from the solver. It should be trivial to reformat this output for various purposes:

- As a Truffle test;
- As an executable exploit;
- As a script that deploys the contract to Ganache and attempts to exploit the issue.

## Scope

Compose the call data for each message call in the transaction sequence. For example, running an assert test on the following example should produce three transactions:

```
contract Token{

    mapping(address => uint) public balances;
    function airdrop() public{
        balances[msg.sender] = 1000;
    }

    function consume() public{ 
        require(balances[msg.sender]>0);
        balances[msg.sender] -= 1;
    }

    function backdoor() public{
        balances[msg.sender] += 1;
    }
 
   function test_invariants() {
      assert(balances[msg.sender] <= 1000);
  }
}
```",mythril,0,0.0,{},ETH,['https://github.com/ConsenSys/mythril-classic/pull/619'],1,6.431331081933479,8.03689677268507,8.03689677268507,4.543294782270004,2017-09-18T04:14:20Z,4.290459441148391,Others,10.80675383328753,4.499809670330265,1.0986122886681098,1.0986122886681098,8.0,10.0,2018-10-25T20:18:15Z,2018-10-28T13:52:48Z,1.0,6.418364935936212,6.912742820493176,2.8903717578961645,1.6094379124341003,3.5553480614894135,30,2.2000000000000005e+18,5.3612921657094255,0.6931471805599453,0,0,1,0,1,0,0,0,0,0,0,0,0,0,0,0,0,1,0,0
451,607,3650,2019-03-10T10:05:23,0,Hours,Intermediate,https://github.com/gitcoinco/web/issues/2381,owocki,https://gitcoin.co/issue/10472,"JavaScript, Python, HTML, CSS, Shell, Makefile, Dockerfile",89.91,gitcoinco,"```
curl https://gitcoin.co/profile/pelsasser  
0.03s user 0.04s system 3% cpu 2.080 total
```

the above prettymuch says it all :) 

this ticket is to optimize the loading of the profile.  success criteria: it should not take more than 0.5s to load this page.

some ideas:
- for users with lots of activity, cache activity feed items and warm them up via `./manage.py warm_cache`
- paginate the activity feed
- performance profile the view and figure out something else",web,0,0.0,{},ETH,['https://github.com/gitcoinco/web/pull/2409'],1,6.728628613084702,7.396948602621014,7.396948602621014,6.444131256700441,2017-07-10T10:53:45Z,4.532599493153256,JavaScript,13.991201849715411,6.131226489483141,5.8888779583328805,2.4849066497880004,1.0,38.0,2018-10-10T14:30:00Z,2018-11-26T18:15:13Z,1.0,5.579729825986222,6.180016653652572,6.16541785423142,3.6888794541139363,11.673274040953775,117281,4e+17,5.3612921657094255,0.6931471805599453,0,0,1,0,1,0,0,0,0,0,0,0,0,0,0,0,1,0,0,0
452,611,3665,2019-03-10T10:02:51,0,Hours,Intermediate,https://github.com/matterinc/web3swift/issues/36,vs77bb,https://gitcoin.co/issue/10454,"Swift, Ruby, Objective-C, C",133.01,matterinc,"_From @tiantianyuan on September 11, 2018 10:13_

hello,
Is there any functions to get pending transactions list likes https://web3py.readthedocs.io/en/stable/web3.txpool.html

_Copied from original issue: BANKEX/web3swift#222_",web3swift,0,0.0,{},ETH,['https://github.com/matterinc/web3swift/pull/64'],1,5.872117789475416,6.542471960506805,6.542471960506805,3.912023005428146,2018-08-13T15:12:05Z,3.1780538303479458,JavaScript,11.00421427088809,5.298317366548036,1.6094379124341003,2.0794415416798357,1.0,2.0,2018-10-12T20:19:23Z,2018-10-18T10:03:08Z,1.0,6.424869023905388,5.43372200355424,1.0986122886681098,1.0986122886681098,8.73294952429643,5966,6e+17,5.3471075307174685,0.6931471805599453,0,0,1,0,1,0,0,0,0,0,0,0,0,0,0,0,1,0,0,0
453,612,3684,2019-03-10T09:58:49,0,Hours,Beginner,https://github.com/unlock-protocol/unlock/issues/219,julien51,https://gitcoin.co/issue/10426,"JavaScript, CSS, SVG",69.32,unlock-protocol,"In order to get more unique lock icons we should also position (x, y and z) the inner circles

---

https://github.com/unlock-protocol/unlock/blob/b31941ac3a2a778f2c755951c838e0048ab181a2/unlock-app/src/components/lock/Icon.js#L9-L14

---

###### This issue was generated by [todo](https://todo.jasonet.co) based on a `@todo` comment in b31941ac3a2a778f2c755951c838e0048ab181a2 when #216 was merged. cc @unlock-protocol.",unlock,0,0.0,{},ETH,['https://github.com/unlock-protocol/unlock/pull/663'],1,5.262690188904886,6.61472560020376,6.61472560020376,5.288267030694535,2017-12-01T02:08:01Z,3.5553480614894135,Others,13.173527863496448,4.584967478670572,3.332204510175204,1.0986122886681098,3.0,2.0,2018-12-05T01:15:21Z,2018-12-05T15:13:16Z,1.0,6.821107472256465,6.042632833682381,1.0986122886681098,0.0,0.0,0,3e+17,5.327876168789581,0.6931471805599453,0,1,0,0,1,0,0,0,0,0,0,0,0,0,0,0,0,1,0,0
454,616,3722,2019-03-10T09:54:48,Improvement,Hours,Beginner,https://github.com/metamask/metamask-extension/issues/3514,bdresser,https://gitcoin.co/issue/10390,"JavaScript, CSS, HTML, Shell, Dockerfile",53.32,metamask,"Bounty: make all instances of account addresses in MetaMask compliant with EIP-55. Many instances of account addresses already are compliant, and successful completion of this bounty will require finding and updating all non-compliant addresses throughout the extension.

---
The correct mixed-case address is shown (truncated, but shown) on the main MetaMask screen.

But the address shown on the QR screen is all lower case.",metamask-extension,0,0.0,{},ETH,['https://github.com/MetaMask/metamask-extension/pull/5379'],1,8.242493153187626,9.16837188715368,9.16837188715368,7.531552381407289,2015-09-06T16:34:48Z,6.16541785423142,JavaScript,12.572665246520964,2.772588722239781,2.302585092994046,1.6094379124341003,2.0,7.0,2018-09-27T04:15:24Z,2018-10-10T13:20:38Z,1.0,7.00397413672268,6.068425588244111,3.9889840465642745,2.3978952727983707,2.302585092994046,7,2.5e+17,5.303304908059076,0.6931471805599453,0,1,0,0,1,0,0,0,0,0,0,0,1,0,0,0,1,0,0,0
455,617,3723,2019-03-10T09:54:43,Improvement,Hours,Beginner,https://github.com/metamask/metamask-extension/issues/3461,bdresser,https://gitcoin.co/issue/10389,"JavaScript, CSS, HTML",74.64,metamask,"Bounty: update the home screen to include a new drop down menu with options for account navigation

![image](https://user-images.githubusercontent.com/1016190/46102121-71906d80-c182-11e8-8684-705d280ad8d0.png)

More details in the comments below

---

Should receive usual design consideration, but we received a tweet complaining that viewing etherscan requires more clicks on the new UI:

https://twitter.com/mattgcondon/status/971104022689062912",metamask-extension,0,0.0,{},ETH,['https://github.com/MetaMask/metamask-extension/pull/5415'],1,8.242493153187626,9.16837188715368,9.16837188715368,7.531552381407289,2015-09-06T16:34:48Z,6.16541785423142,JavaScript,12.572665246520964,5.342334251964811,1.6094379124341003,2.3978952727983707,2.0,2.0,2018-10-03T01:49:06Z,2018-10-10T02:43:42Z,1.0,6.86171134048073,6.129050210060545,3.970291913552122,2.3978952727983707,2.302585092994046,7,3.5e+17,5.303304908059076,0.6931471805599453,0,1,0,0,1,0,0,0,0,0,0,0,1,0,0,0,1,0,0,0
456,620,3757,2019-03-10T09:47:24,Improvement,Hours,Intermediate,https://github.com/metamask/metamask-extension/issues/3425,bdresser,https://gitcoin.co/issue/10344,"JavaScript, CSS, HTML, Shell, Dockerfile",94.4,metamask,"Bounty: improve MetaMask's support for transactions sent with the `batch` web3 method, and improve support for standard transactions proposed in quick sequence. Specifically, MetaMask should:
* Stack transactions in a single popup in the order they're proposed
* Support batch transactions: stack transactions in a single popup in the order they're added to the batch
* Display N of M UI element in new UI to communicate when the user has multiple transactions waiting for confirmation ([shown in this comment](https://github.com/MetaMask/metamask-extension/issues/3425#issuecomment-420777986))
* Make sure transactions are queued in the same order in the standalone popup & in the extension view (when opening MetaMask from the top-right extension icon)

For questions or clarifications, ping @bdresser 

--

see image attached, this is the first view I see when sending 2 transactions to metamask, looks like the order is reversed, (the 2nd transaction displays first) 

Edit: I am using Promise.all to batch the transactions together.
Edit2: just to be clear, it was working as excepted few days ago, looks like a recent version caused that issue",metamask-extension,0,0.0,{},ETH,['https://github.com/MetaMask/metamask-extension/pull/5437'],1,8.242493153187626,9.16837188715368,9.16837188715368,7.531552381407289,2015-09-06T16:34:48Z,6.16541785423142,JavaScript,12.572665246520964,6.679599185844383,2.995732273553991,2.995732273553991,13.0,9.0,2018-10-05T17:27:05Z,2018-11-13T17:19:13Z,1.0,6.131226489483141,7.0587581525186645,3.8918202981106265,2.1972245773362196,2.302585092994046,7,4.4e+17,5.2574953720277815,0.6931471805599453,0,0,1,0,1,0,0,0,0,0,0,0,1,0,0,0,1,0,0,0
457,621,3758,2019-03-10T09:47:13,0,Hours,Intermediate,https://github.com/gitcoinco/web/issues/2211,owocki,https://gitcoin.co/issue/10342,"JavaScript, Python, HTML, CSS, Shell, Makefile, Dockerfile",85.82,gitcoinco,"### User Story

[comment]: # (As a , I want to  so that .)
As a funder, I want example bounties that I can copy, so I know I'm scoping my bounty correctly.

### Why Is this Needed

[comment]: # (Describe the problem and why this task is needed. Provide description of the current state, what you would like to happen, and what actually happen)
*Summary*:
People don't already read the documentation about what makes a great bounty.  By giving them examples we can just copy, they are able to just follow in the foot steps of those bounty hunters

### Description

[comment]: # (Feature or Bug? i.e Type: Bug)
*Type*:
Feature

### Current Behavior
[comment]: # (Describe what actually happened.)
No Examples Listed

### Expected Behavior
[comment]: # (Describe what you expected to happen.)
a DESIGN that shows off  3 Example bounties in each of the following categories:

1. Feature Request
2. Bug Bounty
3. Design Request
4. Security Bounty",web,0,0.0,{},ETH,['https://github.com/Anish-Agnihotri/Gitcoin-Exemplars'],1,6.728628613084702,7.396948602621014,7.396948602621014,6.444131256700441,2017-07-10T10:53:45Z,4.532599493153256,JavaScript,13.991201849715411,6.626717749249025,4.61512051684126,2.833213344056216,30.0,0.0,2018-09-18T03:14:00Z,0,1.0,6.953684210870537,6.877296071497429,6.07993319509559,3.4657359027997265,11.673274040953775,117281,4e+17,5.2574953720277815,0.6931471805599453,0,0,1,0,1,0,0,0,0,0,0,0,0,0,0,0,1,0,0,0
458,622,3767,2019-03-10T09:44:04,0,Hours,Intermediate,https://github.com/diadata-org/api-golang/issues/46,diamw,https://gitcoin.co/issue/10330,Go,87.61,diadata-org,"We are looking for a Go developer that can provide a scraper for the zb.com exchange. Your contribution will be part of our open source project. We work with Go and expect that the scrapers will work concurrently and efficiently.

We would like you to use and evaluate this library in the process:
https://github.com/nntaoli-project/GoEx

We will provide the necessary documentation for the task and introduce you to our framework.
Set-up instruction for the task can be found under: http://docs.diadata.org/scraper.html",api-golang,0,0.0,{},ETH,['https://github.com/diadata-org/api-golang/pull/48'],1,4.875197323201151,5.356586274672012,5.356586274672012,2.5649493574615367,2018-08-08T13:21:11Z,3.295836866004329,Others,11.619139616177534,7.130098510125578,0.6931471805599453,1.6094379124341003,2.0,2.0,2018-09-17T15:16:05Z,2018-09-19T06:19:18Z,1.0,5.808142489980444,6.267200548541362,2.9444389791664403,0.6931471805599453,0.0,0,4e+17,5.241747015059643,0.6931471805599453,0,0,1,0,1,0,0,0,0,0,0,0,0,0,0,0,0,1,0,0
459,623,3768,2019-03-10T09:43:58,0,Hours,Intermediate,https://github.com/diadata-org/api-golang/issues/45,diamw,https://gitcoin.co/issue/10329,Go,87.61,diadata-org,"We are looking for a Go developer that can provide scrapers of a websocket API. If our collaboration is productive we also offer tasks that include scraping of REST APIs. We reliably want to get trades in realtime from cryptocurrency exchanges. This trade information is then written into our databases using a specific format. We have an existing framework for this which allows us to parametrize the scraper. We work with Go and expect that the scrapers will work concurrently and efficiently.

We will provide the necessary documentation for the task and introduce you to our framework. 
https://www.gate.io/api2

Set-up instruction for the task can be found under: http://docs.diadata.org/scraper.html
Documentation",api-golang,0,0.0,{},ETH,['https://github.com/diadata-org/api-golang/pull/47'],1,4.875197323201151,5.356586274672012,5.356586274672012,2.5649493574615367,2018-08-08T13:21:11Z,3.295836866004329,Others,11.619139616177534,5.8998973535824915,0.0,1.6094379124341003,1.0,0.0,2018-09-14T18:57:17Z,2018-09-17T09:00:38Z,1.0,6.317164686747284,6.587550014824796,2.8903717578961645,0.6931471805599453,0.0,0,4e+17,5.241747015059643,0.6931471805599453,0,0,1,0,1,0,0,0,0,0,0,0,0,0,0,0,0,1,0,0
460,624,3771,2019-03-10T09:43:32,0,Hours,Intermediate,https://github.com/gitcoinco/web/issues/2213,owocki,https://gitcoin.co/issue/10327,"JavaScript, Python, HTML, CSS, Shell, Makefile, Dockerfile",62.01,gitcoinco,"The scope of this issue is to turnaround the remaining comments on this PR : 
https://github.com/gitcoinco/web/pull/2091#discussion_r215738328 , such that we can ship this to production.

Some of the things that need done:
* New `Location` relation
* Optimizing `assemble_leaderboard` job
* Fixing tests failures",web,0,0.0,{},ETH,['https://github.com/gitcoinco/web/pull/2268'],1,6.728628613084702,7.396948602621014,7.396948602621014,6.444131256700441,2017-07-10T10:53:45Z,4.532599493153256,JavaScript,13.991201849715411,6.008813185442595,5.170483995038151,1.791759469228055,15.0,11.0,2018-09-24T14:00:54Z,2018-10-03T20:41:14Z,1.0,5.552959584921617,5.765191102784844,6.066108090103747,3.4657359027997265,11.673274040953775,117281,3e+17,5.236441962829949,0.6931471805599453,0,0,1,0,1,0,0,0,0,0,0,0,0,0,0,0,1,0,0,0
461,628,3812,2019-03-10T09:34:18,Documentation,Hours,Intermediate,https://github.com/w3f/web3-collaboration/issues/34,jplatts12,https://gitcoin.co/issue/10277,"polkadot, polkadot network, documentation, wallet, api, wallet api",293.16,w3f,"Documentation: Polkadot UI

Create documentation for Polkadot APIs used by the Polkadot-js UI!

**Description**
There is a clear need for better documentation around the Polkadot platform. One area that would be a good first place to start is around the APIs for the Polkadot user interface, and in particular how this pertains to enabling integration with wallet products.

In addition to documentation, we are looking to collaborate with teams on building wallets:
[#10](https://github.com/w3f/Web3-collaboration/issues/10). 

Requirements: a correct submission will:
- provide examples
- write a tutorial that makes use of a meaningful number of API methods

## Gitcoin
We have put up a bounty on Gitcoin. This is a cooperative bounty, and we will reward up to 3 quality submissions with Ether.

Please see:

 * If you would like to work on this issue you can 'start work' [on the Gitcoin Issue Details page](https://gitcoin.co/issue/w3f/Web3-collaboration/34/1129).
* Want to chip in? Add your own contribution [here](https://gitcoin.co/issue/w3f/Web3-collaboration/34/1129).

__This issue now has a funding of 1.28 ETH (293.72 USD @ $229.47/ETH)  attached to it.__",web3-collaboration,0,0.0,{},ETH,['https://github.com/polkadot-js/api/pull/145'],1,6.255750041753367,6.3784261836515865,6.3784261836515865,0.0,2018-07-09T16:21:42Z,4.74493212836325,Unknown,7.660114319173928,5.247024072160486,0.0,0.6931471805599453,2.0,1.0,2019-07-19T06:52:44Z,0,1.0,7.153833801578843,7.083387847625295,0.0,0.0,0.0,0,1.28e+18,5.198497031265826,0.6931471805599453,0,0,1,0,1,0,0,0,0,0,1,0,0,0,0,0,0,0,0,1
462,630,3847,2019-03-10T09:24:09,0,Hours,Intermediate,https://github.com/gitcoinco/web/issues/2147,owocki,https://gitcoin.co/issue/10226,"JavaScript, Python, HTML, CSS, Shell, Makefile, Dockerfile",58.05,gitcoinco,"### User Story
For better Seach optimization and discovery of Gitcoin, we need to improve on the meta tags and canonical links in the various different pages of gitcoin. The aim of this issue is to add/modify `` tags and `` tags to various different links to improve the SEO of those links and pages.

Following is a list of links with their expected title and meta description: [Spreadsheet](https://docs.google.com/spreadsheets/d/1k5t3f8dKa20Zv7O43L0nHoJNJe57D9H6vFdjJxGW4_Q/edit?usp=sharing)
Please add or modify accordingly

### Why Is this Needed
To improve the SEO of the pages.

[comment]: # (Feature or Bug? i.e Type: Bug)
*Type*: Feature

### Expected Behavior
[comment]: # (Describe what you expected to happen.)
All the pages and links mentioned in the above mentioned spreadsheet should have proper titles and meta descriptions based on the given data. The blocks mentioned in red are dynamically generated pages. So for a page like `https://gitcoin.co/funding/details?url=a` the title should be ` + ""Bug Bounty | Gitcoin"">`

### Definition of Done
[comment]: # (Any other information that would be useful, bullets are helpful.)
- All the static and dynamically generated pages should have the titles and descriptions as mentioned in the spreadsheet.
- Some of the pages where only canonical link is said to be needed, add canonical links for the same based on the information provided.
- For dynamically generated pages, check for all the different conditions that the title and desciption appear based on the given format for different values.",web,0,0.0,{},ETH,['https://github.com/gitcoinco/web/pull/2231'],1,6.728628613084702,7.396948602621014,7.396948602621014,6.444131256700441,2017-07-10T10:53:45Z,4.532599493153256,JavaScript,13.991201849715411,4.31748811353631,2.833213344056216,3.1780538303479458,4.0,9.0,2018-09-17T19:47:50Z,2018-10-05T21:59:41Z,1.0,6.436150368369428,7.363913501405819,6.028278520230698,3.1354942159291497,11.673274040953775,117281,2e+17,5.181783550292085,0.6931471805599453,0,0,1,0,1,0,0,0,0,0,0,0,0,0,0,0,1,0,0,0
463,632,3862,2019-03-10T09:21:35,0,Hours,Intermediate,https://github.com/gitcoinco/web/issues/2103,owocki,https://gitcoin.co/issue/10206,"JavaScript, Python, HTML, CSS, Shell, Makefile, Dockerfile",55.61,gitcoinco,"**Describe the bug**

The cookie banner displayed on https://gitcoin.co on a user's first visit doesn't render correctly on iOS / Safari mobile.  This causes the banner to take up 85% of the page and you can't accept the cookie agreement, rendering the site unusable for iOS Safari users.

users also reported not being able to click the 'i agree' button on iOS safari

**To Reproduce**
Visit https://gitcoin.co incognito on iOS with Safari.


**Expected behavior**
Display the banner in a small portion at the bottom of the screen and ensure `I agree` works.

users can click the 'i agree' button on iOS safari",web,0,0.0,{},ETH,['https://github.com/gitcoinco/web/pull/2207'],1,6.728628613084702,7.396948602621014,7.396948602621014,6.444131256700441,2017-07-10T10:53:45Z,4.532599493153256,JavaScript,13.991201849715411,3.9318256327243257,1.791759469228055,1.0986122886681098,3.0,2.0,2018-09-12T18:14:19Z,2018-09-13T09:04:50Z,1.0,6.278521424165844,6.437751649736401,6.021023349349527,3.1354942159291497,11.673274040953775,117281,2e+17,5.14166355650266,0.6931471805599453,0,0,1,0,1,0,0,0,0,0,0,0,0,0,0,0,1,0,0,0
464,633,3865,2019-03-10T09:21:19,Improvement,Hours,Beginner,https://github.com/cybercongress/cyber-search/issues/185,hleb-albau,https://gitcoin.co/issue/10203,"Kotlin, Dockerfile, Shell",68.8,cybercongress,"#### Overview
[Here](https://github.com/cybercongress/cyber-search/blob/master/README.md) you can explore our project

---
#### Task description

Right now, in Ethereum Pump we use [self written inflation function](https://github.com/cybercongress/cyber-search/blob/master/common/src/main/kotlin/fund/cyber/search/model/ethereum/Block.kt#L38) to calculate miners rewards. If inflation changes, we should fix code. But, there is better solution exists:
We already call parity method 'block_traces' for transactions, which also returns miners and uncles rewards calls. Ethereum pump should calculate mining rewards using this  calls.

---
#### Required knowledge

- Parity rpc api
- Kotlin
- JUnit
---
#### Contribution rules

[Here](https://github.com/cybercongress/cyber-search/blob/master/docs/contributing/contributing.md) you can learn how to contribute to our project

---
#### Definition of done

Start point: `ParityToEthereumBundleConverter:convert(rawData: BundleRawData): EthereumBlockBundle`. `BundleRawData` contains required traces.

- [ ]  Mining and uncles rewards calculated via parity block trace calls.
- [ ]  JUnit tests covers uncles rewards calculated via parity block trace calls.
---
#### Extra information

Bounty amount | 0.1 ETH
------------ | -------------
Experience level | beginner 
Project length | 4 hours
Expires in | 1 month
Bounty type | enchansment",cyber-search,0,0.0,{},ETH,['https://github.com/cybercongress/cyber-search/pull/256'],1,2.70805020110221,3.5553480614894135,3.5553480614894135,3.6109179126442243,2017-08-14T18:19:49Z,3.044522437723423,Others,10.103075844228801,5.926926025970411,4.727387818712341,2.833213344056216,6.0,16.0,2018-08-13T18:21:38Z,2018-08-26T12:54:25Z,1.0,6.293419278846481,7.257707677160043,2.302585092994046,1.3862943611198906,0.0,0,2.5e+17,5.135798437050262,0.6931471805599453,0,1,0,0,1,0,0,0,0,0,0,0,1,0,0,0,0,1,0,0
465,640,3894,2019-03-10T09:17:09,0,Hours,Intermediate,https://github.com/unlock-protocol/unlock/issues/172,julien51,https://gitcoin.co/issue/10160,"JavaScript, CSS, HTML, Ruby, Shell, Dockerfile",563.54,unlock-protocol,"The Unlock smart contract needs to be upgradable, without changing its address and its data (balances of Unlock points or deployed Locks).

The [Unlock.sol smart contract](https://github.com/unlock-protocol/unlock/blob/master/smart-contracts/contracts/Unlock.sol) has 3 main purposes:
 * Deploy locks and keep track of them
 * Keep track of the the Discount Token supply: grant them upon referrals.
 * Grant corresponding discounts on key purchases

A lot of the logic will be implemented later and will be adjusted as we make progress in understanding how the Unlock network is functioning. For that reason, it is important that we use an `Upgradeable` approach so that we can incrementally add and update the functionality of that smart contract.

For this we want to use the ""Unstructured Storage Proxy"" described by @leanthebean in [this article ](https://blog.zeppelinos.org/proxy-patterns/)",unlock,0,0.0,{},ETH,['https://github.com/unlock-protocol/unlock/pull/190'],1,5.262690188904886,6.61472560020376,6.61472560020376,5.288267030694535,2017-12-01T02:08:01Z,3.5553480614894135,Others,13.173527863496448,8.54849804124465,6.855408798609928,3.091042453358316,17.0,9.0,2018-08-23T00:11:51Z,2018-08-24T19:16:40Z,1.0,6.796823718274855,6.80903930604298,0.0,0.0,0.0,0,2e+18,5.10594547390058,0.6931471805599453,0,0,1,0,1,0,0,0,0,0,0,0,0,0,0,0,0,1,0,0
466,641,3897,2018-08-22T01:36:40,Documentation,Hours,Intermediate,https://github.com/rayonprotocol/rayonprotocol-admin/issues/3,knilnissim,https://gitcoin.co/issue/5014,"CSS, TypeScript, JavaScript, HTML, Shell",0.28,rayonprotocol,"Add '## Bounty' to README.md
Note this issue is to test funding and submitting work",rayonprotocol-admin,0,0.0,{},ETH,['https://github.com/rayonprotocol/rayonprotocol-admin/pull/4'],1,0.0,0.0,0.0,0.0,2018-07-06T03:05:35Z,1.791759469228055,TypeScript,7.358830898342354,0.6931471805599453,0.0,0.6931471805599453,1.0,0.0,2018-08-22T01:30:06Z,2018-08-22T01:34:15Z,1.0,7.2682230211595655,4.442651256490317,1.3862943611198906,0.0,0.0,0,1000000000000000.0,1.0986122886681098,0.6931471805599453,0,0,1,0,1,0,0,0,0,0,1,0,0,0,0,0,0,0,1,0
467,645,3924,2019-03-10T09:13:16,Bug,Hours,Beginner,https://github.com/metamask/metamask-extension/issues/4498,bdresser,https://gitcoin.co/issue/10126,"JavaScript, CSS, HTML, Shell, Dockerfile",78.95,metamask,"Bounty: Fix a regression where we're no longer persisting the most recent couple custom RPC networks in the extension's network drop down. When I add a custom RPC, it should stay in the drop down even when I'm not connected. We should keep 3-5 around, then start to remove oldest first as the user adds more. 

--

Using the new MetaMask UI, no matter how many Custom RPCs I add, it only remembers the very first one I added a long time ago.  Even though I never use that Custom RPC endpoint anymore, it is still retained and the ones I actually use aren't.  I can't figure out any way to reset this other than re-installing MetaMask.

Note the two custom RPCs in this screenshot:
![image](https://user-images.githubusercontent.com/886059/40971468-4d4a6e52-68f0-11e8-9910-4d4002b353b2.png)

As soon as I switch to main network I get this (note that the custom RPC I was _just_ using is gone):
![image](https://user-images.githubusercontent.com/886059/40971493-685423d2-68f0-11e8-9f2c-954f95ae1669.png)",metamask-extension,0,0.0,{},ETH,['https://github.com/MetaMask/metamask-extension/pull/5096'],1,8.242493153187626,9.16837188715368,9.16837188715368,7.531552381407289,2015-09-06T16:34:48Z,6.16541785423142,JavaScript,12.572665246520964,4.343805421853684,2.4849066497880004,1.6094379124341003,3.0,5.0,2018-08-19T17:35:28Z,2018-08-23T11:43:19Z,1.0,6.220590170099739,6.919683849847411,3.8066624897703196,2.0794415416798357,2.302585092994046,7,3e+17,5.062595033026967,0.6931471805599453,0,1,0,0,1,0,0,1,0,0,0,0,0,0,0,0,1,0,0,0
468,646,3926,2019-03-10T09:11:30,0,Hours,Intermediate,https://github.com/ikunetwork/alpha/issues/102,ikuteer,https://gitcoin.co/issue/10122,"ethereum, smart contracts, open zeppelin, zeppelinOS, ERC20, javascript",575.52,ikunetwork,"We need to improve our smart contracts to use ZeppelinOS so we can make use of smart contract upgradeability utilizing Proxy Patterns: https://blog.zeppelinos.org/proxy-patterns/


### The Smart Contracts
- [IKU token](https://github.com/ikunetwork/alpha/blob/develop/contracts/IkuToken.sol) - Main token of the IKU platform (ERC20)
- [RSTCrowdsale](https://github.com/ikunetwork/alpha/blob/develop/contracts/RSTCrowdsale.sol) - Smart contract that handles the crowdsale of a research target
- [ResearchSpecificTarget](https://github.com/ikunetwork/alpha/blob/develop/contracts/ResearchSpecificToken.sol) - It's the token that contributors of the RSTCrowdsale will receive in exchange of their contributions. (ERC20)

These smart contracts have been fully tested as you can see [here](https://github.com/ikunetwork/alpha/tree/develop/test), so we expect that the new version to have the corresponding tests.

### Acceptance criteria:
- Pull request containing the smart contract code (solidity) utilizing the ZeppelinOS library
- Tests (written in JavasScript)
- Update references in the dApp to make use of the new version of the smart contracts.",alpha,0,0.0,{},ETH,['https://github.com/ikunetwork/alpha/pull/118'],1,2.0794415416798357,1.791759469228055,1.791759469228055,4.672828834461906,2018-05-15T03:05:31Z,1.791759469228055,JavaScript,9.187174093944343,6.942156705699469,4.30406509320417,2.833213344056216,4.0,6.0,2018-09-08T19:08:07Z,0,1.0,6.391917113392602,7.057036981697891,0.0,0.0,0.0,0,2e+18,5.056245805348308,0.6931471805599453,0,0,1,0,1,0,0,0,0,0,0,0,0,0,0,0,1,0,0,0
469,650,3941,2018-08-15T20:17:17,Bug,Hours,Intermediate,https://github.com/kaythxbye/dotfiles/issues/2,kaythxbye,https://gitcoin.co/issue/4866,0,363.21,kaythxbye,Some test issue,dotfiles,0,0.0,{},ETH,['http://github.com/kaythxbye/dotfiles/pr/2'],2,0.0,0.6931471805599453,0.6931471805599453,0.6931471805599453,2017-12-18T14:23:51Z,0.6931471805599453,Others,1.9459101490553132,5.638354669333745,0.0,2.5649493574615367,10.0,0.0,2017-12-18T14:23:51Z,0,1.0,6.99117688712121,2.772588722239781,1.0986122886681098,0.0,0.0,0,1e+18,5.883322388488279,1.0986122886681098,0,0,1,0,1,0,0,1,0,0,0,0,0,0,0,0,0,1,0,0
470,662,4030,2019-03-10T08:55:27,Bug,Hours,Beginner,https://github.com/metamask/metamask-extension/issues/4773,bdresser,https://gitcoin.co/issue/10013,"metamask-extension, MetaMask, JavaScript, CSS, Other",31.04,metamask,"Bounty: rather than redirect users to our website to show the phishing warning, we should bundle [the phishing page](https://metamask.io/phishing.html) with the extension and show it full-page when the user hits a flagged site.

This prevents the small privacy leak for users hitting our site and also removes `phishing.html` as a target of attack.",metamask-extension,0,0.0,{},ETH,['https://github.com/MetaMask/metamask-extension/pull/4893'],1,8.242493153187626,9.16837188715368,9.16837188715368,7.531552381407289,2015-09-06T16:34:48Z,6.16541785423142,JavaScript,12.572665246520964,4.189654742026425,1.3862943611198906,1.6094379124341003,2.0,5.0,2018-07-26T16:06:12Z,2018-07-27T19:23:32Z,1.0,6.066108090103747,5.860786223465865,3.6109179126442243,0.6931471805599453,2.302585092994046,7,6.5e+16,4.867534450455582,0.6931471805599453,0,1,0,0,1,0,0,1,0,0,0,0,0,0,0,0,1,0,0,0
471,663,4031,2019-03-10T08:55:23,Bug,Hours,Beginner,https://github.com/metamask/metamask-extension/issues/4253,bdresser,https://gitcoin.co/issue/10012,"metamask-extension, MetaMask, JavaScript, RPC, Other",40.59,metamask,"Bounty: MetaMask should connect to Ganache (or any custom RPC) reliably whether the user inputs `HTTP` or `http`. 

---
I found this bug while testing on a private network with Ganache.
If you start Ganache and copy-paste the RPC Server address ""HTTP://127.0.0.1:7545"" (note the uppercase HTTP) then you will get a balance of 0 in Metamask for the accounts.
Change the server address to **lowercase** http://127.0.0.1:7545 then it works.",metamask-extension,0,0.0,{},ETH,['https://github.com/MetaMask/metamask-extension/pull/4855'],1,8.242493153187626,9.16837188715368,9.16837188715368,7.531552381407289,2015-09-06T16:34:48Z,6.16541785423142,JavaScript,12.572665246520964,1.6094379124341003,0.0,1.0986122886681098,1.0,2.0,2018-07-23T13:02:07Z,2018-07-24T22:03:36Z,1.0,5.5093883366279774,6.093569770045136,3.58351893845611,0.6931471805599453,2.302585092994046,7,8.5e+16,4.867534450455582,0.6931471805599453,0,1,0,0,1,0,0,1,0,0,0,0,0,0,0,0,1,0,0,0
472,679,4086,2019-03-10T08:44:44,Feature,Days,Advanced,https://github.com/livepeer/merkle-mine/issues/14,dob,https://gitcoin.co/issue/9937,"Solidity, livepeer, JavaScript, SmartContract",236.04,livepeer,"Currently, the MerkleMine smart contract allows the caller to generate a single proof for a single recipient in the `generate()` transaction. This issue is about creating a new convenience smart contract called the `MultiMerkleMine` which allows a caller to submit many proofs for many accounts in a single transaction. This allows a MerkleMiner to more efficiently generate token on unclaimed accounts while saving on gas.

## Description
The MultiMerkleMine contract is purely a convenience wrapper around an existing MerkleMine contract deployed on the blockchain. 

* It contains no state of its own, and purely provides convenience methods for invoking the `generate()` function on an existing MerkleMine contract. 
* It receives as input an existing MerkleMine contract, an array of recipient addresses, and an array of MerkleProofs.
* It generates token by calling the `generate()` function on the MerkleMine contract once for each unclaimed input recipient address/proof pair.
* It transfers generated token to the caller.

## MultiMerkleMine Spec

### Constructor

`function MultiMerkleMine() public`

takes no arguments, as the contract stores no state

### Public functions

```
function multiGenerate(address _merkleMineContract, address[] _recipients, bytes[] _merkleProofs) external

/**
 * 1. Perform validations:
 *   - length of _recipients == length of _merkleProofs
 *   
 * 2. The input _merkleMineContract address is the MerkleMine contract that this function will be interacting with. Record the MerkleMine token balance for this contract at the start of this function. During this function's execution, this contract's token balance will increase as it generates token, so we'll want to observe how much we generated later, so it can be transferred to the caller.
 * 
 * 3. For each input _recipient and _merkleProof pair (by given index i):
 * .    - check if MerkleMine contract generated[_recipients[i] == false. If so, call MerkleMine.generate(_recipients[i], _merkleProofs[i])
 * 
 * 4. At the completion of all the calls to generate, check the new balance of the MerkleMine token for this contract. This new balance minus the original balance is equal to the total newly generated token that the caller deserves. Transfer this balance to msg.sender.
 * 
 */
```

## Tests

Please write tests to cover the following cases:

* Transaction should throw if _recipients length is not equal to the _merkleProofs length.
* msg.sender's new token balance is correct after passing in a full set of valid recipients and proofs.
* msg.sender's new token balance is correct after passing in a set of recipients and proofs that contain some recipients where generated[recipient] returns true. (Essentially this function should be resilient to generate token for the valid recipients where possible without failing the entire transaction).
* If there is an existing token balance for this contract, the msg.sender can only receive what they generated, and not steal any existing token from the contract.
* transaction throws if called before the MerkleMine.callerAllocationStartBlock (should happen transparently via the MerkleMine contract). 

## Additional implementation details

* Please use SafeMath library when performing arithmetic operations.
* Look at the existing tests for use of the `MerkleTree` library to easily generate the data for test accounts and accompanying root + proofs.
* Note that this txn will only work after the `MerkleMine.callerAllocationStartBlock`. It is debateable whether this validation should be included or not, since the MerkleMine contract will just throw anyway early on if this time period has not begun. But keep in mind during testing that the current block needs to exceed the callerAllocationStartBlock for the submited proofs to actually validate.",merkle-mine,0,0.0,{},ETH,"['https://github.com/livepeer/merkle-mine/pull/15', 'https://github.com/livepeer/merkle-mine/pull/15']",2,2.302585092994046,3.4011973816621555,3.4011973816621555,1.0986122886681098,2018-04-09T23:05:52Z,1.9459101490553132,JavaScript,5.402677381872279,7.490529402060711,7.274479558773871,1.9459101490553132,4.0,4.0,2018-07-11T11:45:07Z,2018-07-17T13:43:34Z,1.0,5.198497031265826,8.258681496264236,3.044522437723423,0.6931471805599453,0.0,0,5e+17,4.770684624465665,1.0986122886681098,1,0,0,1,0,0,0,0,0,0,0,1,0,0,0,0,1,0,0,0
473,681,4092,2018-07-03T06:23:50,Improvement,Hours,Intermediate,https://github.com/darkdarkdragon/gctest/issues/16,darkdarkdragon,https://gitcoin.co/issue/4044,"gctest, darkdarkdragon",4.55,darkdarkdragon,0,gctest,0,0.0,{},ETH,['https://github.com/darkdarkdragon/gctest/pull/17'],1,0.6931471805599453,0.0,0.0,3.4965075614664802,2018-04-20T20:33:06Z,0.6931471805599453,Unknown,0.0,1.3862943611198906,0.0,0.6931471805599453,2.0,0.0,2018-06-30T21:41:09Z,0,1.0,6.822197390620491,1.3862943611198906,2.0794415416798357,0.0,0.0,0,1e+16,5.8944028342648505,0.6931471805599453,0,0,1,0,1,0,0,0,0,0,0,0,1,0,0,0,0,0,0,1
474,682,4103,2018-07-03T06:23:35,Improvement,Hours,Intermediate,https://github.com/darkdarkdragon/gctest/issues/9,darkdarkdragon,https://gitcoin.co/issue/4040,"gctest, darkdarkdragon",5.06,darkdarkdragon,try again,gctest,0,0.0,{},ETH,"['https://github.com/darkdarkdragon/gctest/pull/11', 'https://github.com/darkdarkdragon/gctest/pull/10']",2,0.6931471805599453,0.0,0.0,3.4965075614664802,2018-04-20T20:33:06Z,0.6931471805599453,Unknown,0.0,1.3862943611198906,0.0,0.6931471805599453,2.0,0.0,2018-06-28T01:55:06Z,0,1.0,7.066466970136958,2.302585092994046,1.3862943611198906,0.0,0.0,0,1.2e+16,5.886104031450156,1.0986122886681098,0,0,1,0,1,0,0,0,0,0,0,0,1,0,0,0,0,0,0,1
475,683,4109,2018-07-03T06:23:31,Improvement,Hours,Intermediate,https://github.com/darkdarkdragon/gctest/issues/5,darkdarkdragon,https://gitcoin.co/issue/4038,"gctest, darkdarkdragon",36.69,darkdarkdragon,do again,gctest,0,0.0,{},ETH,"['https://github.com/darkdarkdragon/gctest/pull/6', 'https://github.com/darkdarkdragon/gctest/pull/8', 'https://github.com/darkdarkdragon/gctest/pull/7']",3,0.6931471805599453,0.0,0.0,3.4965075614664802,2018-04-20T20:33:06Z,0.6931471805599453,Unknown,0.0,0.6931471805599453,0.0,0.6931471805599453,1.0,0.0,2018-06-28T01:11:56Z,0,1.0,7.029087564149662,2.1972245773362196,1.0986122886681098,0.0,0.0,0,8.3e+16,5.883322388488279,1.3862943611198906,0,0,1,0,1,0,0,0,0,0,0,0,1,0,0,0,0,0,0,1
476,685,4117,2018-07-03T06:23:15,0,Hours,Intermediate,https://github.com/darkdarkdragon/gctest/issues/3,darkdarkdragon,https://gitcoin.co/issue/4036,"gctest, darkdarkdragon",9.09,darkdarkdragon,test gitcoin activities,gctest,0,0.0,{},ETH,"['https://github.com/darkdarkdragon/gctest/pull/4', 'https://github.com/darkdarkdragon/gctest/pull/4', 'https://github.com/darkdarkdragon/gctest/pull/4']",3,0.6931471805599453,0.0,0.0,3.4965075614664802,2018-04-20T20:33:06Z,0.6931471805599453,Unknown,0.0,0.6931471805599453,0.0,0.6931471805599453,1.0,0.0,2018-06-25T22:43:17Z,0,1.0,6.8885724595653635,3.1780538303479458,0.6931471805599453,0.0,0.0,0,2e+16,5.877735781779639,1.3862943611198906,0,0,1,0,1,0,0,0,0,0,0,0,0,0,0,0,0,0,0,1
477,695,4147,2019-03-10T08:37:14,Feature,Hours,Intermediate,https://github.com/metamask/metamask-extension/issues/4440,bdresser,https://gitcoin.co/issue/9856,"metamask-extension, MetaMask, JavaScript, CSS, Other",103.15,metamask,"Unless I'm missing something, its impossible to view the address of an already added token unless you have made a previous transaction to that token. There should absolutely be some way of viewing/copying or opening the address in etherscan. This was a feature before the redesign.",metamask-extension,0,0.0,{},ETH,['https://github.com/MetaMask/metamask-extension/pull/4591'],1,8.242493153187626,9.16837188715368,9.16837188715368,7.531552381407289,2015-09-06T16:34:48Z,6.16541785423142,JavaScript,12.572665246520964,3.784189633918261,3.1354942159291497,1.3862943611198906,2.0,7.0,2018-06-16T12:16:43Z,2018-06-18T17:29:10Z,1.0,5.393627546352362,5.641907070938114,3.4965075614664802,0.0,2.302585092994046,7,2e+17,4.584967478670572,0.6931471805599453,0,0,1,0,1,0,0,0,0,0,0,1,0,0,0,0,1,0,0,0
478,697,4149,2019-03-10T08:37:04,Bug,Hours,Intermediate,https://github.com/metamask/metamask-extension/issues/4553,bdresser,https://gitcoin.co/issue/9854,"metamask-extension, MetaMask, JavaScript, CSS, Other",77.37,metamask,"On [this line](https://github.com/MetaMask/metamask-extension/blob/develop/app/scripts/lib/notification-manager.js#L96)

We should ensure that the popup we return is a MetaMask popup. This will ensure the other functions behave correctly.",metamask-extension,0,0.0,{},ETH,['https://github.com/MetaMask/metamask-extension/pull/4597'],1,8.242493153187626,9.16837188715368,9.16837188715368,7.531552381407289,2015-09-06T16:34:48Z,6.16541785423142,JavaScript,12.572665246520964,2.70805020110221,2.0794415416798357,0.6931471805599453,4.0,6.0,2018-06-17T12:41:03Z,0,1.0,5.497168225293202,5.484796933490655,3.4657359027997265,0.0,2.302585092994046,7,1.5e+17,4.584967478670572,0.6931471805599453,0,0,1,0,1,0,0,1,0,0,0,0,0,0,0,0,1,0,0,0
479,728,4224,2019-03-10T08:27:23,Bug,Hours,Beginner,https://github.com/gitcoinco/web/issues/1315,mbeacom,https://gitcoin.co/issue/9756,"web, gitcoinco, JavaScript, Python, HTML, CSS, Other",10.37,gitcoinco,"### User Story

As a user, I don't want the tip form to be pre-populated with my last sent tip field data


### Why Is this Needed?

*Summary*:  The current behavior can have undesired results since: to email, to github username, and comments are restored from the last sent tip.
If a user doesn't opt to expand the form to: advanced, they might submit the form with unwanted field entries from their last sent tip.

### Description

*Type*: Enhancement


### Current Behavior



### Expected Behavior
Don't pre-populate the form with the last sent tip information.


### Reproduction
Send a tip.

### Solution

*Summary*: Remove the default field values from the .html template.


### Definition of Done

The updated tip form no longer pre-populates previously sent tip information like the recipient email, github username, public and private comments, etc.


### Additional Information

If necessary, feel free to ping me or another team member on slack or in this thread for additional guidance.",web,0,0.0,{},ETH,['https://github.com/gitcoinco/web/pull/1318'],1,6.728628613084702,7.396948602621014,7.396948602621014,6.444131256700441,2017-07-10T10:53:45Z,4.532599493153256,JavaScript,13.991201849715411,3.8501476017100584,3.258096538021482,0.6931471805599453,4.0,4.0,2018-05-30T17:25:20Z,2018-06-25T17:53:55Z,1.0,6.2878585601617845,6.945051063725834,5.438079308923196,1.3862943611198906,0.0,0,1.9e+16,4.406719247264253,0.6931471805599453,0,1,0,0,1,0,0,1,0,0,0,0,0,0,0,0,1,0,0,0
480,745,4253,2019-03-10T08:23:25,Feature,Days,Intermediate,https://github.com/trustwallet/trustsdk-android/issues/1,vikmeup,https://gitcoin.co/issue/9712,"TrustSDK-Android, TrustWallet",382.88,trustwallet,"In three word: port TrustSDK-iOS into Android, use best practices.

Original repo: https://github.com/TrustWallet/TrustSDK-iOS

We need to port iOS implementation of [TrustSDK-iOS](https://github.com/TrustWallet/TrustSDK-iOS) into Android (should be written in Kotlin)

TrustSDK allows any application to sign transactions and message via Trust app.
Let's assume you would like to sign `hey Viktor`. 

- You would call `trustSDK.signMessage(""hey Viktor"")`, 
- Check if Trust app installed: `trust://`, then it would call `trust://sign-message?message=base64(""hey Viktor"")`
- Confirm message in the Trust App and return signed message to the requester app.

Implementation on the the side of the wallet: https://github.com/TrustWallet/trust-wallet-ios/blob/master/Trust/Core/Coordinators/LocalSchemeCoordinator.swift

Demo iOS:

Signing message:

![2018-05-23 17_23_24](https://user-images.githubusercontent.com/1641795/40457936-117643ac-5eae-11e8-9a3a-ed0114f69448.gif)

Signing transaction:

![2018-05-23 17_22_54](https://user-images.githubusercontent.com/1641795/40457935-115f07aa-5eae-11e8-9991-bdf808e07682.gif)",trustsdk-android,0,0.0,{},ETH,['https://github.com/TrustWallet/TrustSDK-Android/pull/2'],1,4.7535901911063645,4.969813299576001,4.969813299576001,0.0,2018-05-24T00:14:50Z,3.1780538303479458,Others,10.12966649239386,7.65728279297819,0.0,4.406719247264253,11.0,6.0,2018-05-28T07:17:49Z,0,1.0,7.226209010100671,7.038783541388542,1.791759469228055,0.0,0.0,0,6.5e+17,4.31748811353631,0.6931471805599453,0,0,1,1,0,0,0,0,0,0,0,1,0,0,0,0,0,1,0,0
481,767,4297,2019-03-10T08:16:59,0,Hours,Intermediate,https://github.com/livepeer/livepeerjs/issues/40,vs77bb,https://gitcoin.co/issue/9648,"livepeerjs, livepeer, JavaScript, HTML, CSS",69.11,livepeer,"### Is there an existing issue for this?

- [X] I have searched the existing issues

### Package Version

0.4.0

### Current Behavior

On the example demo, when a video upload completes, the spinner inside the upload button persists.

### Expected Behavior

The spinner should disappear and the button should be re-enabled when the video asset upload is complete.

### Steps To Reproduce

1. Upload a video
2. Wait for the video to finish uploading
3. Notice the spinner persists



### Link to Minimal Reproducible Example (CodeSandbox, StackBlitz, etc.)

_No response_

### Anything else?

_No response_",livepeerjs,0,0.0,{},ETH,['https://github.com/livepeer/livepeerjs/pull/80'],1,2.8903717578961645,3.871201010907891,3.871201010907891,2.833213344056216,2022-08-09T16:10:17Z,1.0986122886681098,TypeScript,10.200661930171254,3.4011973816621555,2.995732273553991,2.3978952727983707,2.0,1.0,2022-09-30T21:00:31Z,2022-09-30T21:05:51Z,1.0,6.638567789166521,6.455198563340122,1.3862943611198906,0.0,8.73294952429643,5966,1e+17,4.143134726391533,0.6931471805599453,0,0,1,0,1,0,0,0,0,0,0,0,0,0,0,0,0,0,1,0
482,768,4299,2019-03-10T08:16:48,0,Hours,Intermediate,https://github.com/livepeer/livepeerjs/issues/71,vs77bb,https://gitcoin.co/issue/9646,"livepeerjs, livepeer, JavaScript, HTML, CSS",103.66,livepeer,We should add landscape/portrait mode for the player to adapt to the device.,livepeerjs,0,0.0,{},ETH,['https://github.com/livepeer/livepeerjs/pull/85'],1,2.8903717578961645,3.871201010907891,3.871201010907891,2.833213344056216,2022-08-09T16:10:17Z,1.0986122886681098,TypeScript,10.200661930171254,2.0794415416798357,0.0,1.0986122886681098,1.0,1.0,2022-10-05T17:33:53Z,2022-10-05T17:47:02Z,1.0,6.324358962381311,4.343805421853684,0.6931471805599453,0.0,8.73294952429643,5966,1.5e+17,4.143134726391533,0.6931471805599453,0,0,1,0,1,0,0,0,0,0,0,0,0,0,0,0,0,0,1,0
483,769,4300,2019-03-10T08:16:43,0,Hours,Intermediate,https://github.com/livepeer/go-livepeer/issues/417,vs77bb,https://gitcoin.co/issue/9645,"go-livepeer, livepeer, Go, Shell",138.21,livepeer,"Right now our wizard CLI options are individually enumerated and handled: https://github.com/livepeer/go-livepeer/blob/87d39b67b40ffab1224e666cff4b033447a5094d/cmd/livepeer_cli/livepeer_cli.go#L98-L201

This has a few consequences: it is difficult to add/remove/reorder items in the CLI list, and it is easy to make a mistake in matching or invoking an action on the selected option.

To fix this, we could store wizard options in a structured list, something like `[]WizardOpts{ desc: String, invoke: func() }` . Then we can build the list of options based on the state (transcoder/rinkeby), and display/invoke using that list.

By decoupling the data from the processing, the maintenance burden is lifted: all we need to do is modify the list itself, without changing the code for how it is displayed or invoked.",go-livepeer,0,0.0,{},ETH,['https://github.com/livepeer/go-livepeer/pull/426'],1,5.003946305945459,6.210600077024653,6.210600077024653,5.5254529391317835,2017-06-19T02:36:09Z,3.713572066704308,Others,12.111943268304005,4.0943445622221,4.564348191467836,0.6931471805599453,1.0,1.0,2018-05-11T21:17:52Z,2018-05-12T16:22:27Z,1.0,6.661854740545311,6.710523109452428,0.0,0.0,8.73294952429643,5966,2e+17,4.143134726391533,0.6931471805599453,0,0,1,0,1,0,0,0,0,0,0,0,0,0,0,0,0,1,0,0
484,771,4307,2018-05-10T12:57:01,Feature,Hours,Beginner,https://github.com/timvanmourik/giraffetools/issues/33,TimVanMourik,https://gitcoin.co/issue/3093,"GiraffeTools, TimVanMourik, JavaScript, Python, CSS, HTML, Shell",52.02,timvanmourik,"What the says. The core of this issue is easy: copy the zoom click-buttons from fabrik into the porcupine application. Only please don't use [ and ] as zoom in/out, but just respond to + and - key presses. Additionally, when a workflow is loaded, the zoom level needs to be automatically adjusted.

* [ ] Introduce zoom buttons to porcupine, equivalent (not necessarily identical) to fabrik's.
  * [ ] They need to be pressable
  * [ ] They need to respond to + and - key presses
* [ ] When a workflow is loaded, adjust the zoom level. At this moment, the nodes are shifted in an ugly hard-coded manner (content.js:93:95) to make it fit  within the displayed canvas. Instead, make this dynamic:
  * [ ] remove the (content.js:93:95) shift
  * [ ] after the node loading section, adjust the canvas zoom and its translation to fit all the nodes
  * you can try this out with [this link](http://www.giraffe.tools/gh/Timvanmourik/somegiraffeexample/master/porcupine), or rather its localhost:8000 version of it.
* [ ] Stretch goal, for if the above changes are trivial: add  ^ v buttons to the sides to make it easier to move through the canvas.",giraffetools,0,0.0,{},ETH,['https://github.com/TimVanMourik/GiraffeTools/pull/45'],1,0.0,0.0,0.0,0.0,2019-06-19T14:37:39Z,0.0,JavaScript,9.650013651414085,8.818038250394299,8.810459642161918,4.2626798770413155,30.0,0.0,2019-06-19T14:37:39Z,0,1.0,4.61512051684126,7.048386408721883,3.044522437723423,0.0,0.0,0,6.5e+16,3.4011973816621555,0.6931471805599453,0,1,0,0,1,0,0,0,0,0,0,1,0,0,0,0,1,0,0,0
485,772,4310,2018-05-25T17:10:46,Feature,Hours,Intermediate,https://github.com/gitcoinco/web/issues/1020,owocki,https://gitcoin.co/issue/3312,"web, gitcoinco, JavaScript, Python, HTML, CSS, Other",115.32,gitcoinco,"### User Story

[comment]: # (As a , I want to  so that .)
as a community member, i want a gitcoin.co/results page, so I can show off that the system is working

### Why Is this Needed?

[comment]: # (Describe the problem and why this task is needed. Provide description of the current state, what you would like to happen, and what actually happen)
*Summary*:
https://twitter.com/paul_ferguson/status/990819150472691713
https://twitter.com/ummjackson/status/990785869836517376

there are a lot of  tweets like this, where people kind of say ""this is great, but only IFF it works"".

We can / should have a page thats designed to 
* Allow the community to see 'at a glance' how its working
* Allow the community to track the same OKRs that the team does.

Stats I think are relevant:

Platform health:
* median issue pickup time (hours)
* issue abandonment rate
* hourly rate distriubtion

Platform Velocity:
* Total work done in $$ through platform
* Open work in $$$ through platform
* Started/Submitted work on the platform in $$$
* Slack/Twitter community over time
* How $$ much CodeFund is giving out

Repo Owner Traction
- currennt number of repos with issues in progress
- currennt number of repos with > 3 issues in progress
- turnaround time
- percentage of bounties that finish

Visualization of the community
* [Graph Viz](https://github.com/gitcoinco/creative/blob/master/dataviz/gitcoin.gif)
* number alumni (ppl who have found jobs bc of gitcoin)


### Description

[comment]: # (Feature or Bug? i.e Type: Bug)
*Type*:  Feature

## See Also

[Techstars Results page](https://www.techstars.com/companies/)

## Design Bounty

* Please follow Gitcoin's Brand/UI standards https://github.com/gitcoinco/creative
* Please post your portfolio before you start work.
* Please take care that your design could be made responsive.
* Please allow for 2-3 revisions",web,0,0.0,{},ETH,['https://github.com/gitcoinco/creative/pull/8'],1,6.728628613084702,7.396948602621014,7.396948602621014,6.444131256700441,2017-07-10T10:53:45Z,4.532599493153256,JavaScript,13.991201849715411,5.017279836814924,3.912023005428146,2.772588722239781,30.0,0.0,2018-01-09T15:56:27Z,0,1.0,7.2196420401307355,7.562681246721884,5.365976015021851,0.6931471805599453,11.673274040953775,117281,1.55e+17,2.6390573296152584,0.6931471805599453,0,0,1,0,1,0,0,0,0,0,0,1,0,0,0,0,1,0,0,0
486,773,4311,2018-05-17T15:10:49,Feature,Hours,Intermediate,https://github.com/gitcoinco/web/issues/1030,owocki,https://gitcoin.co/issue/3202,"web, gitcoinco, JavaScript, Python, HTML, CSS, Other",11.16,gitcoinco,"### User Story

As a Funder, I want to know the top funding options (ETH, DAI) so that I can fund my bounties in the currency which is most easily consumed by the developer community.

### Description

[comment]: # (Feature or Bug? i.e Type: Bug)
*Type*: Feature

[comment]: # (Describe the problem and why this task is needed. Provide description of the current state, what you would like to happen, and what actually happen)
*Summary*: Make ETH and DAI the top two currencies on the Funder drop-down, and then roll alphabetically from there with all other accepted ERC-20 tokens. 

### Actual behavior
Currently, fully alphabetical order. 

### Expected behavior
ETH, DAI, then alphabetical order.",web,0,0.0,{},ETH,['https://github.com/gitcoinco/web/pull/1115'],1,6.728628613084702,7.396948602621014,7.396948602621014,6.444131256700441,2017-07-10T10:53:45Z,4.532599493153256,JavaScript,13.991201849715411,5.225746673713202,5.153291594497779,1.0986122886681098,5.0,11.0,2018-05-09T03:02:38Z,2018-05-17T12:44:27Z,1.0,6.568077911411976,6.573680166960646,5.3612921657094255,0.6931471805599453,11.673274040953775,117281,1.5e+16,3.091042453358316,0.6931471805599453,0,0,1,0,1,0,0,0,0,0,0,1,0,0,0,0,1,0,0,0
487,775,4318,2018-05-18T14:10:36,Feature,Hours,Beginner,https://github.com/timvanmourik/giraffetools/issues/35,TimVanMourik,https://gitcoin.co/issue/3232,"GiraffeTools, TimVanMourik, JavaScript, Python, CSS, HTML, Shell",74.4,timvanmourik,"I would like to click on a node and see a parameter pane that displays all parameters. This is almost identical to the implementation in Fabrik and the larger part of the implementation can likely be copy-pasted. This issue is for:

* [x] Copying in the useful bits of the parameter pane. (`/fabrik/js/setParams.js`), but please call it `parameterPane.js` instead
  * [x] Please rename fabrik's concept of 'layer' to 'node'
  * [x] In the fabrik code, you may find some train/test structure. It's irrelevant, so remove it.
* [x] The parameter pane will set parameters for the node. The way in which this is stored needs to be coordinated with #37. Mind you, the parameters are specific to each instance of a node, not to nodes in general.
* [x] All parameters can be strings, for the moment. 
* [x] Stretch goal, only implement if the rest is not too difficult: for each parameter give it a checkbox for 'visible' that allows ports to hide/show it from the node in the editor.",giraffetools,0,0.0,{},ETH,['https://github.com/TimVanMourik/GiraffeTools/pull/42'],1,0.0,0.0,0.0,0.0,2019-06-19T14:37:39Z,0.0,JavaScript,9.650013651414085,8.818038250394299,8.810459642161918,4.2626798770413155,30.0,0.0,2019-06-19T14:37:39Z,0,1.0,3.332204510175204,6.891625897052253,2.995732273553991,0.0,0.0,0,1e+17,2.995732273553991,0.6931471805599453,0,1,0,0,1,0,0,0,0,0,0,1,0,0,0,0,1,0,0,0
488,776,4319,2018-05-18T14:10:31,Feature,Hours,Beginner,https://github.com/timvanmourik/giraffetools/issues/37,TimVanMourik,https://gitcoin.co/issue/3231,"GiraffeTools, TimVanMourik, JavaScript, Python, CSS, HTML, Shell",74.4,timvanmourik,"In the porcupine section of this app, all the modules (nodes) that can be dragged into the editor don't really do much yet. The plan is to have nodes look like the following:
* A name
* A list of parameters
* A surrounding box that scales with the parameters
* Dots on the left or the right, depending on the parameter being input or output. These dots need to be connected, but that's a job for #36.

This will be equivalent in function (not necessary in looks) to the nodes in the [porcupine gallery](https://timvanmourik.github.io/Porcupine/examples/). Mind you, the parameters are specific to each instance of a node, not to nodes in general.

This issue is for implementing this structure. 
* [ ] The parameters (ports) need to be loaded and displayed. I placed a #TODO comment in the code (canvas.js:92) for more specifics of the data structure.
  * [x] From the parameter list, show all ports with visible ==true
    * [ ] This behaviour needs to allow for toggling visibility for parameters
  * [x] For each port, show a port on the left  if input  == true
  * [x] For each port, show a port on the right if output == true
  * [ ] Make sure the node 'knows' about its parameter values. Fabrik also has a way of storing this that you may want to copy
* [x] The name is already there. The font might need to be decreased somewhat to fit well when parameters are introduced. 
* [x] The box needs to scale with the parameters
* [x] The dots on the left and/or right can probably taken from the fabrik app.",giraffetools,0,0.0,{},ETH,['https://github.com/TimVanMourik/GiraffeTools/pull/50'],1,0.0,0.0,0.0,0.0,2019-06-19T14:37:39Z,0.0,JavaScript,9.650013651414085,8.818038250394299,8.810459642161918,4.2626798770413155,30.0,0.0,2019-06-19T14:37:39Z,0,1.0,3.332204510175204,7.3310603052186325,2.9444389791664403,0.0,0.0,0,1e+17,2.995732273553991,0.6931471805599453,0,1,0,0,1,0,0,0,0,0,0,1,0,0,0,0,1,0,0,0
489,777,4320,2018-06-05T03:06:06,Feature,Weeks,Intermediate,https://github.com/gitcoinco/web/issues/1104,PixelantDesign,https://gitcoin.co/issue/3478,"web, landing page, JavaScript, HTML, CSS",148.8,gitcoinco,"**Extra 10% Tip for completion by May 18th!**

As potential funder or contributor, I want to know what Gitcoin is and understand the problems it can solve for my scenario.

# Description
The current Gitcoin.co landing page needs updating with new content and allow for more information to entice our funders.

# Assumptions
Build this page from scratch (please do not retrofit any styles or functionality from the current landing page).

# Definition of Done

- [ ] Build new landing page from scratch (it's ok to start a new css style sheet).
- [ ] Update all fonts to Muli except the top banner (please check sizing on all fonts).

- [ ] This page should have a few parallax elements (please work with @pixelantdesign).
- [ ] Gitcoin tree and blue box
- [ ] Big Robot and smoke

- [ ] The top nav should follow a user down the page so that fund issue is persistent during the entire 
experience.

- [ ] Use font awesome [Ethereum icon](https://cdn.worldvectorlogo.com/logos/ethereum-cash.svg) here for the fund button - please make white (vs, the one provided in the design).

This page should be built using SVG animations (small animations)
- [ ] slowly animate windmil blades to spin
- [ ] animate movement on the lines on the globe
- [ ] make the leaves in the pot rotate slightly to the right

How it works module
- [ ] Allow for toggling between Funder and Contributor
- [ ] Supporting content should display according to the button selected.
In the mockup the Contributor toggle and content is shown.

Videos
- [ ] How to use Gitcoin in 30 seconds should play in a lightbox
- [ ] Gitcoin in 30 seconds should play in a lightbox

Case Studies
- [ ] Each case study will link to an article to be provided
- [ ] See all case studies will link to a case studies page (part of another ticket)

Who's Using Gitcoin?
Clicking on the icon below the photo will change the content above it (Photo and testimonial).

Press
- [ ] Each logo should hover in color, clicking on the logo should link to each article (please reference the current landing page.

Footer
- [ ] Format of the footer has been updated.
- [ ] Please animate the saturn planet to hover and slightly move (nice to have if there is time at the end).
- [ ] Reference footer links in the current landing page.

Support Responsive Views

- [ ] - Leverage type and button styles defined in the sketch file included

Work with @PixelantDesign on any outstanding questions

# Reviewers
@PixelantDesign @owocki @mbeacom

# References
![gitcoin landing final](https://user-images.githubusercontent.com/238235/39750920-8de39920-5284-11e8-93a5-9b1c91cac9ec.png)

Nave Follow State
![follow nav](https://user-images.githubusercontent.com/238235/39750935-99afc008-5284-11e8-83a7-efac4ff5094d.png)

Sketch File
[Gitcoin Landing Final.zip](https://github.com/gitcoinco/web/files/1983346/Gitcoin.Landing.Final.zip)",web,0,0.0,{},ETH,['https://github.com/gitcoinco/web/pull/1256'],1,6.728628613084702,7.396948602621014,7.396948602621014,6.444131256700441,2017-07-10T10:53:45Z,4.532599493153256,JavaScript,13.991201849715411,7.111512116496157,6.810142450115136,3.5263605246161616,31.0,9.0,2018-05-24T21:35:06Z,0,1.0,7.01211529430638,7.984462732262196,5.337538079701318,0.0,5.429345628954441,195,2e+17,1.0986122886681098,0.6931471805599453,0,0,1,0,0,0,1,0,0,0,0,1,0,0,0,0,1,0,0,0
490,778,4321,2018-05-13T19:10:25,Feature,Hours,Beginner,https://github.com/timvanmourik/giraffetools/issues/39,TimVanMourik,https://gitcoin.co/issue/3128,"GiraffeTools, TimVanMourik, JavaScript, Python, CSS, HTML, Shell",37.81,timvanmourik,"The main thing that I would like is to have the nav bar visible also in the porcupine React app. Now I'm expecting that's not terribly difficult, so while we're at it, let's do some general clean-up. I'd like to do some html template inheritance and apply good ol' DRY principle (Don't Repeat Yourself). In this issue, I'd like the following:

* [x] Make sure this is also works in nav bar visible in React app. This probably involves:
  * [x] including the nav in the template
  * [x] making sure the React app stay below it 
* [x] In /app/giraffe/templates, make a base.html that covers the most general aspects of the website: header, footer, analytics tag, maybe other scripts
  * for reference, you may look at/largely copy gitcoins /retail/templates/base.html
* [x] Make sure that all html pages extends base.html
  * for reference, you may look at/largely copy gitcoins /retail/templates/slack.html 
* [x] You may further separate components (e.g., scripts, body, ...) for re-use 

In #32, @iamonuwa showed interest in this issue. For the first 24 hours after posting, it's reserved for him.",giraffetools,0,0.0,{},ETH,['https://github.com/TimVanMourik/GiraffeTools/pull/47'],1,0.0,0.0,0.0,0.0,2019-06-19T14:37:39Z,0.0,JavaScript,9.650013651414085,8.818038250394299,8.810459642161918,4.2626798770413155,30.0,0.0,2019-06-19T14:37:39Z,0,1.0,7.0630481633881725,7.01211529430638,2.8903717578961645,0.0,0.0,0,5e+16,3.1780538303479458,0.6931471805599453,0,1,0,0,1,0,0,0,0,0,0,1,0,0,0,0,1,0,0,0
491,780,4330,2018-05-04T14:09:47,Feature,Hours,Beginner,https://github.com/timvanmourik/giraffetools/issues/28,TimVanMourik,https://gitcoin.co/issue/2996,"GiraffeTools, TimVanMourik, Python, JavaScript, CSS, HTML, Shell",62.31,timvanmourik,"As noted by @agni21, the ReadMe says ""Join us on Slack!"", but this doesn't really work yet. The thing is, Slack doesn't do publicly available links, and online allows invites by email. This can be automated though. This issue is for doing so. 
_Suggestion_: start from GitCoin's Slack page (thanks @owocki! 😄 )

* [x] Make a basic page that sends an invite to the Slack group: https://giraffetools.slack.com
  * [x] add `url(r'^slack/?',     giraffe.views.slack,       name='slack'),` to the urls.py
  * [x] copy/write code that asks for an input email address. 
  * [x] Send a slack invite to an input email address (check for basic validity)
  * [x] If copied from somewhere else remove all redundant code
  * [x] In case a Slack API token is required, let's discuss this privately on Slack. #Catch22. 

Up until then, please let me know in a PM if you want to join the channel!",giraffetools,0,0.0,{},ETH,['https://github.com/TimVanMourik/GiraffeTools/pull/29'],1,0.0,0.0,0.0,0.0,2019-06-19T14:37:39Z,0.0,JavaScript,9.650013651414085,8.818038250394299,8.810459642161918,4.2626798770413155,30.0,0.0,2019-06-19T14:37:39Z,0,1.0,3.332204510175204,6.792344427470809,2.772588722239781,0.0,0.0,0,8e+16,3.4011973816621555,0.6931471805599453,0,1,0,0,1,0,0,0,0,0,0,1,0,0,0,0,1,0,0,0
492,781,4331,2018-08-23T09:38:16,0,Hours,Intermediate,https://github.com/metamask/metamask-extension/issues/4085,vs77bb,https://gitcoin.co/issue/5063,"metamask-extension, MetaMask, JavaScript, CSS, HTML",168.46,metamask,"Currently our transactions log every change they ever undergo, but sometimes knowing when these changes took place can be helpful to debug.

We should add time stamps to our transaction histories, and then add them to our [state-log-explorer](https://metamask.github.io/state-log-explorer/) app view.",metamask-extension,0,0.0,{},ETH,"['https://github.com/MetaMask/metamask-extension/pull/4235', 'https://github.com/owocki/pytrader/pull/136']",2,8.242493153187626,9.16837188715368,9.16837188715368,7.531552381407289,2015-09-06T16:34:48Z,6.16541785423142,JavaScript,12.572665246520964,3.5553480614894135,1.791759469228055,1.0986122886681098,3.0,0.0,2016-04-22T21:40:19Z,2016-04-22T22:25:03Z,1.0,6.583409222158765,5.713732805509369,3.295836866004329,0.0,8.73294952429643,5966,2.5e+17,5.53338948872752,1.0986122886681098,0,0,1,0,1,0,0,0,0,0,0,0,0,0,0,0,1,0,0,0
493,785,4356,2018-04-27T01:07:57,Feature,Hours,Beginner,https://github.com/bounties-network/bounties.network/issues/2,villanuevawill00aa9e3612734131,https://gitcoin.co/issue/2875,"bounties.network, Bounties-Network, CSS, JavaScript, HTML",64.07,bounties-network,"We need to create a new page which codifies the getting started guide:
[Bounties Network - Getting started.pdf](https://github.com/Bounties-Network/bounties.network/files/1948319/Bounties.Network.-.Getting.started.pdf)

In order to do this quickly, you should reuse the existing `index.html`, and simply remove most of the header elements (replace it with just one major header that says `Getting Started`). Keep the white container, and simply add all of these elements inside of it.

# Requirements
- should embed all images and text from the getting started doc attached
- should use proper HTML best practises, and should be styled according to the existing style on the `index.html`

# Definition of Done
All requirements are completed with a new `gettingStarted.html` file which contains the information from the getting started PDF.",bounties.network,0,0.0,{},ETH,['https://github.com/Bounties-Network/bounties.network/pull/3'],2,1.0986122886681098,0.0,0.0,0.0,2020-05-12T01:28:19Z,0.6931471805599453,Others,10.585245116968599,10.637656707618994,10.637056647594989,5.717027701406222,30.0,0.0,2020-05-12T01:28:19Z,0,1.0,3.044522437723423,6.745236349484363,2.302585092994046,0.0,0.0,0,1e+17,2.5649493574615367,1.0986122886681098,0,1,0,0,1,0,0,0,0,0,0,1,0,0,0,0,0,1,0,0
494,786,4357,2018-05-10T20:25:56,Other,Days,Advanced,https://github.com/bounties-network/delphi/issues/54,villanuevawill00aa9e3612734131,https://gitcoin.co/issue/3098,"Delphi, Bounties-Network, JavaScript, Solidity, Tests",320.34,bounties-network,"When running the tests on the `develop` branch using `truffle test`, one notices that there are 76 pending tests which have stubs (ie are described generally), but don't actually run anything. These stubs need to be filled in.

# Description
Go through the JS tests folder, and write the tests for all of the stubs. The tests already describe what exactly is being tested, and what the behaviour of the tests should be. For example, tests describing ""should revert if..."" are expecting the contract to revert when performing a particular action under a given set of circumstances. When writing these tests, you should look at the style and manner in which similar tests have been implemented. There are a number of actions which must occur for particular test to even be possible (for example a claimant must first be whitelisted before they may begin opening claims). For a detailed description of these various actions, please see [the whitepaper](https://docs.google.com/document/d/1CNBjz4oTUTQo2VjRh2jK0VBY5z7GAVPwT8YsVtOv1Ns/edit). If any questions arise about a particular action or test, please comment on this issue and we'll be happy to explain.

# Definition of Done
There should be 125 tests, which all run, and are all properly describing the case which is being tested (we'll look at every single test to make sure it actually **does** test what we ask for)

# Requirements
A correct submission will:
- have all 125 tests executing
- pass all linting requirements (this can be tested by running `npm run test` instead of `truffle test`, which runs the truffle tests along with the linter)
- have tests which accurately test the cases being described in the existing stubs


# Who Should Work On This Bounty
This bounty will require a considerable understanding of not only how to write truffle tests for solidity, but also a thorough understanding of how Delphi works. Reading the whitepaper through and through a couple times **is a prerequisite** before even submitting your intention to work on this bounty.",delphi,0,0.0,{},ETH,['https://github.com/Bounties-Network/Delphi/pull/60'],1,1.6094379124341003,2.772588722239781,2.772588722239781,3.4657359027997265,2018-01-04T01:23:03Z,2.70805020110221,JavaScript,6.61472560020376,7.72356247227797,5.0238805208462765,3.044522437723423,31.0,6.0,2018-05-02T20:33:11Z,2018-05-09T20:49:50Z,1.0,2.0794415416798357,7.620705086838262,2.1972245773362196,0.0,0.0,0,5e+17,2.70805020110221,0.6931471805599453,1,0,0,1,0,0,0,0,0,0,0,0,0,1,0,0,1,0,0,0
495,787,4358,2018-05-02T15:08:00,Feature,Hours,Intermediate,https://github.com/gitcoinco/web/issues/969,owocki,https://gitcoin.co/issue/2974,"web, gitcoinco, JavaScript, Python, HTML, CSS, Other",64.07,gitcoinco,"### User Story

As a gitcoin user, I want to easily sign transactions (e.g. claim a bounty) from any device (mobile, desktop), without installing anything, so that I can focus on coding instead of on the complicated process of opening and safeguarding a wallet.

### Why Is this Needed?

Plenty of users are not blockchain-savvy, which means using MetaMask and acquiring Ethereum in order to sign transactions could pose a major hurdle. For developers who do happen to be blockchain-savvy, using MetaMask is simply inconvenient since it requires installing a plugin, it's coupled to the device where it is used and does not support mobile (which means they need to install a separate wallet app). By eliminating this bottle neck, using gitcoin could be frictionless (in regards to web3 actions), allowing them to interact with the system in a simple yet secure manner.


### Description

[comment]: # (Feature or Bug? i.e Type: Bug)
*Type*: Feature.


### Current Behavior
[comment]: # (Describe what actually happened.)
When interacting with web3 methods, users have to install MetaMask or use the Brave/Mist browser.

### Expected Behavior
[comment]: # (Describe what you expected to happen.)
When interacting with web3 methods, users will be able to sign transactions using Portis, making the flow much more simple and user friendly.

### Reproduction
[comment]: # (Describe how we can replicate the bug step by step.)
To replicate, claim an issue.

### Solution
[comment]: # (Provide a summary of the solution and a task list on what needs to be fixed.)
As described on the [Portis github page](https://github.com/portis-project/portis-sdk), integrating Portis is pretty simply. After installing the package from npm, it should be defined as an additional web3.currentProvider, and adding to the current error message that asks the user to install MetaMask, instead also offering the user to ""click here"" to use Portis instead (no installation required!).
Since Portis is a standard web3 provider, there is no need to change any of the business logic related to web3 methods.


### Definition of Done
[comment]: # (Any other information that would be useful, bullets are helpful.)
Gitcoin users will be able to interact with web3 methods (e.g. claim issue) using Portis.

### Additional Information
[comment]: # (Any other information that would be useful, content, screenshots, etc.)

Related to issues:
[https://github.com/gitcoinco/gitcoinco/issues/4](https://github.com/gitcoinco/gitcoinco/issues/4)
[https://github.com/gitcoinco/gitcoinco/issues/5](https://github.com/gitcoinco/gitcoinco/issues/5)",web,0,0.0,{},ETH,['https://github.com/gitcoinco/web/pull/985'],1,6.728628613084702,7.396948602621014,7.396948602621014,6.444131256700441,2017-07-10T10:53:45Z,4.532599493153256,JavaScript,13.991201849715411,5.4510384535657,0.6931471805599453,1.791759469228055,4.0,10.0,2018-04-26T08:24:14Z,0,1.0,6.9440872082295275,7.88193748927207,5.2832037287379885,0.0,11.673274040953775,117281,1e+17,3.1780538303479458,0.6931471805599453,0,0,1,0,1,0,0,0,0,0,0,1,0,0,0,0,1,0,0,0
496,788,4362,2018-05-08T12:40:51,Feature,Hours,Beginner,https://github.com/timvanmourik/giraffetools/issues/19,TimVanMourik,https://gitcoin.co/issue/3049,"GiraffeTools, TimVanMourik, Python, JavaScript, CSS, HTML, Shell",31.71,timvanmourik,"The [Porcupine](https://www.giraffe.tools/porcupine) application of this project is a React package that is bundled by webpack. However, the setup is rather rudimentary. For example, no 'production' settings are set up in the configuration. This issue is for modernising the webpack setup.

* [x] Upgrade the webpack version from 3 (^3.10) to the latest 4 point something. 
* [x] Add production settings to the setup. 
  * [x] The production environment clearly only has to run in production. Make sure that it is easy/automatically picked up by e.g. an environment variable. 
* [x] Have a critical look at the setup in the bin/docker-command.sh script, and change it if necessary.
* [x] Put a (short) comment in the webpack.config.js explaining the purpose of every loader/plugin/etc.",giraffetools,0,0.0,{},ETH,"['https://github.com/TimVanMourik/GiraffeTools/pull/41', 'https://github.com/TimVanMourik/GiraffeTools/pull/41']",2,0.0,0.0,0.0,0.0,2019-06-19T14:37:39Z,0.0,JavaScript,9.650013651414085,8.818038250394299,8.810459642161918,4.2626798770413155,30.0,0.0,2019-06-19T14:37:39Z,0,1.0,4.762173934797756,6.674561391814426,2.5649493574615367,0.0,0.0,0,5e+16,2.772588722239781,1.0986122886681098,0,1,0,0,1,0,0,0,0,0,0,1,0,0,0,0,1,0,0,0
497,790,4380,2018-04-22T23:06:52,Other,Hours,Intermediate,https://github.com/bounties-network/bountiesapi/issues/22,villanuevawill00aa9e3612734131,https://gitcoin.co/issue/2779,"BountiesAPI, Bounties-Network, Python, JavaScript, HTML, Shell",44.78,bounties-network,"# Requirements
- Code coverage should be properly configured to cover both the node.js files and the django application.
- Code coverage should be configured properly to run on all required files (management jobs, helpers, etc.)

As an example, code coverage is already setup within the django application. However, the configuration needs to be fixed as it is not covering the right files. To run it, just try `docker-compose exec bounties_api python manage.py test --with-coverage`

# Definition of Done
- All requirements are completed above with the endpoint functional.

# Reviewers
Myself and @mbeylin 

# Review Requirements
- A WIP pull request along the way with initial progress
- Key questions posted here
- Conversational and longer discussions should be directed to the bounties network slack in this channel: https://bountiesnetwork.slack.com/messages/community-dev",bountiesapi,0,0.0,{},ETH,['https://github.com/Bounties-Network/BountiesAPI/pull/25'],1,3.332204510175204,3.784189633918261,3.784189633918261,4.23410650459726,2018-03-15T19:32:53Z,2.1972245773362196,Others,10.814866240049263,7.994969522697877,4.859812404361672,1.9459101490553132,3.0,4.0,2018-04-22T07:37:23Z,2018-04-22T18:47:13Z,1.0,6.236369590203704,6.796823718274855,2.0794415416798357,0.0,0.0,0,8e+16,3.295836866004329,0.6931471805599453,0,0,1,0,1,0,0,0,0,0,0,0,0,1,0,0,0,1,0,0
498,791,4381,2018-05-08T05:24:42,Feature,Days,Advanced,https://github.com/bounties-network/bountiesapi/issues/23,villanuevawill00aa9e3612734131,https://gitcoin.co/issue/3038,"BountiesAPI, Bounties-Network, Python, JavaScript, HTML, Shell",279.88,bounties-network,"Example endpoint to mock should return the following:

https://api.bounties.network/analytics/stats?publish_date__range=2016-01-01,2016-01-04

Please stay in touch with the person also working on this task: https://github.com/Bounties-Network/BountiesAPI/issues/21

```
[{
  date: 2016-01-01,
  bounties_issued: 44,
  fulfillments_submitted: 23,
  fulfillments_accepted: 21,
  fulfillments_pending_acceptance: 2,
  fulfillment_acceptance_rate: .91,
  bounty_fulfilled_rate: .83,
  avg_fulfiller_acceptance_rate: .73,
  avg_fulfillment_amount: 45.32,
  total_fulfillment_amount: 184,
  bounty_draft: 11,
  bounty_active: 48,
  bounty_completed: 22,
  bounty_expired: 5,
  bounty_dead: 11
}, {
  date: 2016-01-02,
  bounties_issued: 44,
  fulfillments_submitted: 23,
  fulfillments_accepted: 21,
  fulfillments_pending_acceptance: 2,
  fulfillment_acceptance_rate: .91,
  bounty_fulfilled_rate: .83,
  avg_fulfiller_acceptance_rate: .73,
  avg_fulfillment_amount: 45.32,
  total_fulfillment_amount: 184,
  bounty_draft: 11,
  bounty_active: 48,
  bounty_completed: 22,
  bounty_expired: 5,
  bounty_dead: 11
}]
```

The endpoint should also return the above stats as full aggregates (representing the aggregate of the entire date range), and these should also be visualized.

You may also filter by schema, ie:
https://api.bounties.network/analytics/stats?publish_date__range=2016-01-01,2016-01-04&schema=gitcoin

# Requirements
- Utilizes highcharts or other quick graphing library
- Design is up to the contributor
- Frontend should be an eslint-airbnb compliant React/Redux application
- Bounty states (draft, active, etc.) should be represented by a pie chart
- Remaining stats could go on one line chart with toggles for each
- Perhaps introduce other charts (bar, etc.), or sepearate the average stats into a separate line chart
- Visualize the full aggregates in addition to the time series data
- Have a dropdown for the page to control the daterange
- Have a dropdown for the page to filter by schema

## Definition of Done
- All requirements are completed above with the endpoint functional.

## Reviewers
Myself and @mbeylin 

## Review Requirements
- A WIP pull request along the way with initial progress
- Key questions posted here
- Conversational and longer discussions should be directed to the bounties network slack in this channel: https://bountiesnetwork.slack.com/messages/community-dev",bountiesapi,0,0.0,{},ETH,['https://github.com/Bounties-Network/BountiesAPI/pull/24'],1,3.332204510175204,3.784189633918261,3.784189633918261,4.23410650459726,2018-03-15T19:32:53Z,2.1972245773362196,Others,10.814866240049263,9.315960853839867,0.0,2.8903717578961645,5.0,17.0,2018-04-19T07:48:04Z,0,1.0,4.969813299576001,7.813591552952433,1.9459101490553132,0.0,0.0,0,5e+17,2.4849066497880004,0.6931471805599453,1,0,0,1,0,0,0,0,0,0,0,1,0,0,0,0,0,1,0,0
499,792,4382,2018-05-08T04:57:54,Feature,Days,Advanced,https://github.com/bounties-network/bountiesapi/issues/21,villanuevawill00aa9e3612734131,https://gitcoin.co/issue/3037,"BountiesAPI, Bounties-Network, Python, JavaScript, HTML, Shell",190.32,bounties-network,"This is the first bounty in an upcoming set of bounties focused around building an analytics dashboard for projects that utilize the [standard bounties contract](https://github.com/Bounties-Network/StandardBounties) such as gitcoin, and other upcoming open source sites.

This first task begins the work of exposing endpoints around daily stats for a range of time.  Ultimately, these will be used to build a react frontend connected to highcharts or other charting libraries.  The data is already stored in PSQL, it just needs to be served up via the format requested below. This task ultimately requires just one endpoint to be built for now.

## Requirements
- endpoint should accept a start and end-date filter -  `?publish_date__range=2016-01-01,2016-02-01` format
- Results need to be returned as **daily**.  Daily represents 00:00 - 23:59 UTC time.  The current day will of course be a partial day.
- endpoint should live in the newly added analytics directory/application - https://github.com/Bounties-Network/BountiesAPI/tree/master/bounties_api/analytics
- Url should be prefaced with /analytics route
- A new model should be introduced. This model should include a date field, along with the names of the requested stats.  For now, I only foresee one model being created.
- A management job should be created. This job should be intended to run daily. Don't worry about setting up the scheduling - I'll put that work in after the PR. To see an example job/management command: https://github.com/Bounties-Network/BountiesAPI/blob/master/bounties_api/std_bounties/management/commands/get_token_values.py
- The job should fill in empty dates. For example, if the model and table is newly created and empty, the job should insert records for every day. Basically, the job should do calculations from the latest insertion date, but should not repeat work if the date has already been included.
- The endpoint should be an APIView - similar to these - https://github.com/Bounties-Network/BountiesAPI/blob/master/bounties_api/std_bounties/views.py#L83
- The job should already have the previous days pre-calculated. IT will be expected to run every 5 minutes, and therefore should update the current day's stats.
- This is time-series data!  This means, the endpoint should return the values on each stat for each day in-between the range. **IN addition** to the timeseries data - it should also return the aggregates.
- Pep8 compliance required
- The BountyState table in models.py is essential to get the bounty stage data.
- Additionally should be able to filter by the Schema field on the Bounty model

## Statistics
- Total number of bounties issued
- Total number of fulfillments submitted
- Total number of fulfillments accepted
- Total number of fulfillments without acceptance
- Total fulfiller acceptance rate
- Total bounty fulfilled rate
- Average fulfiller acceptance rate
- Average bounty fulfilled rate
- Average fulfillment amount (usd_price)
- Total fulfillment amount
- Number of bounties in each bountyStage (each stage count would be a separate field on the model)

All of the above should be a separate field on one model that the job writes to. These should all be exposed on one api endpoint.

Example Response to `https://api.bounties.network/analytics/stats?publish_date__range=2016-01-01,2016-01-04`

The example response is missing the aggregate response. The aggregate response should include the values over the entire timerange.

```
[{
  date: 2016-01-01,
  bounties_issued: 44,
  fulfillments_submitted: 23,
  fulfillments_accepted: 21,
  fulfillments_pending_acceptance: 2,
  fulfillment_acceptance_rate: .91,
  bounty_fulfilled_rate: .83,
  avg_fulfiller_acceptance_rate: .73,
  avg_fulfillment_amount: 45.32,
  total_fulfillment_amount: 184,
  bounty_draft: 11,
  bounty_active: 48,
  bounty_completed: 22,
  bounty_expired: 5,
  bounty_dead: 11
}, {
  date: 2016-01-02,
  bounties_issued: 44,
  fulfillments_submitted: 23,
  fulfillments_accepted: 21,
  fulfillments_pending_acceptance: 2,
  fulfillment_acceptance_rate: .91,
  bounty_fulfilled_rate: .83,
  avg_fulfiller_acceptance_rate: .73,
  avg_fulfillment_amount: 45.32,
  total_fulfillment_amount: 184,
  bounty_draft: 11,
  bounty_active: 48,
  bounty_completed: 22,
  bounty_expired: 5,
  bounty_dead: 11
}]
```

## Definition of Done
- All requirements are completed above with the endpoint functional.

## Reviewers
Myself and @mbeylin 

## Review Requirements
- A WIP pull request along the way with initial progress
- Key questions posted here
- Conversational and longer discussions should be directed to the bounties network slack in this channel: https://bountiesnetwork.slack.com/messages/community-dev",bountiesapi,0,0.0,{},ETH,['https://github.com/Bounties-Network/BountiesAPI/pull/33'],1,3.332204510175204,3.784189633918261,3.784189633918261,4.23410650459726,2018-03-15T19:32:53Z,2.1972245773362196,Others,10.814866240049263,6.580639137284949,2.1972245773362196,2.70805020110221,21.0,9.0,2018-04-27T23:24:08Z,2018-05-08T05:24:43Z,1.0,7.009408932708637,8.474911799159631,1.791759469228055,0.0,0.0,0,3.4e+17,2.4849066497880004,0.6931471805599453,1,0,0,1,0,0,0,0,0,0,0,1,0,0,0,0,0,1,0,0
500,793,4383,2018-05-13T02:25:40,Feature,Hours,Intermediate,https://github.com/distense/distense-ui/issues/231,JohnAllen,https://gitcoin.co/issue/3126,"distense-ui, Distense, JavaScript, HTML",120.92,distense,"Right now our mobile menu just displays the same menu items as the big window version.

So we need to stack the items into a clickable ""hamburger"" menu.

Note that Semantic-UI doesn't have a built-in option for this, and I found an npm package that was big.

So the solution is of course ideally simple and small.
![screen shot 2018-04-18 at 11 19 08 am](https://user-images.githubusercontent.com/2800641/38950494-8b3147f2-42fa-11e8-8938-5a34ce0e5564.png)",distense-ui,0,0.0,{},ETH,['https://github.com/Distense/distense-ui/pull/234'],1,3.091042453358316,3.5263605246161616,3.5263605246161616,1.6094379124341003,2017-07-08T18:35:50Z,1.791759469228055,JavaScript,8.960082528170402,5.455321115357702,4.406719247264253,1.791759469228055,7.0,15.0,2018-05-05T08:17:30Z,0,1.0,5.863631175598097,6.137727054086234,2.3978952727983707,0.0,0.0,0,2.3e+17,1.791759469228055,0.6931471805599453,0,0,1,0,1,0,0,0,0,0,0,1,0,0,0,0,1,0,0,0
501,795,4391,2018-04-26T14:06:55,Bug,Hours,Intermediate,https://github.com/timvanmourik/giraffetools/issues/16,TimVanMourik,https://gitcoin.co/issue/2864,"GiraffeTools, TimVanMourik, Python, JavaScript, CSS, HTML, React",26.29,timvanmourik,"At the moment, when you go to https://www.giraffe.tools/porcupine, all elements from the menu can be dragged into the editor. The functionality for this is still rather minimal, but that's not the focus of this issue. The problem is that this dragging behaviour does not work on all mobile devices. Instead, a touch is interpreted as scrolling. This issue is for fixing this.

The relevant React code is in `/app/porcupine/js`. The relevant React elements are the *Sidebar* that via the *PaneGroup* contains *PaneElements*. The PaneElement has a `drag` function. However, the click event is probably hijacked by the sidebar scrolling instead.

I highly recommend https://ngrok.com for exporting localhost to a web address to easily test this on mobile.",giraffetools,0,0.0,{},ETH,['https://github.com/TimVanMourik/GiraffeTools/pull/24'],1,0.0,0.0,0.0,0.0,2019-06-19T14:37:39Z,0.0,JavaScript,9.650013651414085,8.818038250394299,8.810459642161918,4.2626798770413155,30.0,0.0,2019-06-19T14:37:39Z,0,1.0,3.4339872044851463,6.6293632534374485,2.4849066497880004,0.0,0.0,0,5e+16,3.091042453358316,0.6931471805599453,0,0,1,0,1,0,0,1,0,0,0,0,0,0,0,0,1,0,0,0
502,796,4392,2018-07-06T20:18:06,Other,Hours,Intermediate,https://github.com/distributedconsensus/beyondthehype/issues/1,0,https://gitcoin.co/issue/4092,"BeyondTheHype, distributedconsensus",150.91,distributedconsensus,"For this presentation we're looking for someone to talk about decentralized market places.  Some possible questions that could be addressed: 

What advantages do they have over centralized market places? 
How do you deal with issues around content censorship? 

*Testing gitcoin for use on conference presentation bounties.  conference info can be found at https://discon.io*",beyondthehype,0,0.0,{},ETH,['https://github.com/distributedconsensus/BeyondTheHype/pull/2'],1,0.6931471805599453,0.0,0.0,0.6931471805599453,2018-04-17T23:06:04Z,0.0,Unknown,2.1972245773362196,3.9318256327243257,0.0,0.6931471805599453,4.0,1.0,2018-05-14T19:33:46Z,2018-05-29T21:05:05Z,1.0,7.241366283322318,5.942799375126701,0.0,0.0,0.0,0,3e+17,4.61512051684126,0.6931471805599453,0,0,1,0,1,0,0,0,0,0,0,0,0,1,0,0,0,0,0,1
503,797,4396,2018-05-20T17:08:09,0,Hours,Intermediate,https://github.com/metamask/metamask-extension/issues/3526,vs77bb,https://gitcoin.co/issue/3259,"metamask-extension, MetaMask, JavaScript, CSS, HTML",147.67,metamask,"At first I thought this was a Firefox bug but disabling each extension caused me to realize it is in metamask.

I am running 59.0b13 (64-bit) on a MacBook Pro (Retina, 15-inch, Mid 2015) with MacOS 10.13.3

I develop a Shopify app and anytime I try to login to a Shopify stores admin panel. Firefox locks up and spins the CPU all the way up. I then have to force quit.

To replicate go to any Shopify store and add ""/admin"" to the domain.",metamask-extension,0,0.0,{},ETH,['https://github.com/MetaMask/metamask-extension/pull/4143'],1,8.242493153187626,9.16837188715368,9.16837188715368,7.531552381407289,2015-09-06T16:34:48Z,6.16541785423142,JavaScript,12.572665246520964,0.6931471805599453,0.0,0.6931471805599453,1.0,3.0,2018-04-30T21:44:01Z,2018-04-30T23:06:20Z,1.0,5.62040086571715,6.09807428216624,3.258096538021482,0.0,8.73294952429643,5966,3e+17,5.796057750765372,0.6931471805599453,0,0,1,0,1,0,0,0,0,0,0,0,0,0,0,0,1,0,0,0
504,798,4397,2018-04-24T10:06:44,Feature,Hours,Intermediate,https://github.com/timvanmourik/giraffetools/issues/12,TimVanMourik,https://gitcoin.co/issue/2815,"GiraffeTools, TimVanMourik, Python, JavaScript, CSS, HTML, Shell",24.61,timvanmourik,"Currently, the project is still very small and a good code coverage should be attainable. Better start now and keep up I guess. 

This issue is for setting up a testing environment. Coverage does not need to go to a hundred, but there needs to be a proof of principle of several things:
* [x] TravisCI already is currently setup in the setup.cfg file. You may make changes to your liking as long as you don't break anything. You may also change the test directory structure
* [x] Ideally, move the `tests.py` to a `tests` subdirectory, but in a way that all tests can still be run with either:
  * `manage.py test` or
  * `runtests.py` [see these Django testing docs](https://docs.djangoproject.com/en/2.0/topics/testing/advanced/)
* [x] In terms of testing functionality, I would like a test for:
  * [x] At least one test of a model (e.g., GiraffeProject)
  * [x] At least one test of a view (e.g., /porcupine)
  * [x] A 200/404 test for an existing or non-existing /$gh_user/$gh_repo/$gh_branch URL
  * [x] A suggestion (i.e. basic implementation) for testing the React code in the porcupine app.",giraffetools,0,0.0,{},ETH,['https://github.com/TimVanMourik/GiraffeTools/pull/20'],1,0.0,0.0,0.0,0.0,2019-06-19T14:37:39Z,0.0,JavaScript,9.650013651414085,8.818038250394299,8.810459642161918,4.2626798770413155,30.0,0.0,2019-06-19T14:37:39Z,0,1.0,5.602118820879701,7.01301578963963,2.3978952727983707,0.0,0.0,0,5e+16,2.995732273553991,0.6931471805599453,0,0,1,0,1,0,0,0,0,0,0,1,0,0,0,0,1,0,0,0
505,802,4421,2018-04-17T17:05:58,Feature,Hours,Intermediate,https://github.com/gitcoinco/web/issues/222,owocki,https://gitcoin.co/issue/2707,"web, gitcoinco, JavaScript, Python, HTML, CSS, Other",56.76,gitcoinco,"# bounty

As a team member, I'd like to be on the /about page, so I can show off that I'm part of the team.

I would also like for *top community members* to be shown off on this page. We can safely assume that anyone at the [top of the leaderboard](http://gitcoin.co/leaderboard) is a top community member

# definition of done - 1 - design

* please submit a proposed design (doesnt have to be too fancy)
* you can use our slack avatars as our headshots if you decide you want to use that in your design.
* you can use the bios posted above
* links to the team's twitter / linkedin / github / gitcoin handles is encouraged!
* links to the community member's gitcoin profiles is encouraged

# definition of done - 2 - coding

* submit a pull request that adds team to about page where the team is highlighted..",web,0,0.0,{},ETH,['https://github.com/gitcoinco/web/pull/887'],1,6.728628613084702,7.396948602621014,7.396948602621014,6.444131256700441,2017-07-10T10:53:45Z,4.532599493153256,JavaScript,13.991201849715411,5.19295685089021,4.61512051684126,2.5649493574615367,7.0,20.0,2018-04-14T04:35:51Z,2018-04-17T02:07:26Z,1.0,6.536691597591305,6.71901315438526,5.14166355650266,0.0,11.673274040953775,117281,1.5e+17,2.833213344056216,0.6931471805599453,0,0,1,0,1,0,0,0,0,0,0,1,0,0,0,0,1,0,0,0
506,803,4450,2018-05-14T23:05:04,Other,Days,Intermediate,https://github.com/gitcoinco/web/issues/671,vs77bb,https://gitcoin.co/issue/3154,"web, gitcoinco, JavaScript, Python, HTML, CSS, Shell",168.07,gitcoinco,"# What
As a developer, I want the best the open source work in web3 on Gitcoin so that I can contribute to great projects. 

## Gitcoin Requests Page
- Incentivize Gitcoin developers to look around open source repo's themselves for potential Gitcoin issues and report these back to Gitcoin (by either dropping the link at gitcoin.co/requests or tagging @gitcoinbot on the issue directly along with how much they think a fair bounty would be worth) 
- Holds a section which highlights community sourced issues, whether funded/partially funded/unfunded
- Has functionality for developers / maintainers / funders to click on an unfunded issue and *fund*

## Gitcoin Bot / Other Updates Needed (Not In Scope For Design) 
- Tags @gitcoinbot with a $ amount they'd be willing to do the work
- @gitcoinbot comments back (tagging the repo maintainers, maybe?) and saved that request down in an internal log for us to review (similar to how you review gitcoin.co/faucet requests)
- If the repo maintainer comments back saying they're down, give them a quick path to fund the issue and give the developer a 15% finders fee
- Submissions to the Gitcoin Requests page would be pulled down to a DB similar to the Faucet page (#258) for @owocki to review and decide whether to fund. 
- If it isn't funded, but it's a worthwhile / reasonable issue, we may bounty on behalf of our developer
- If it is externally funded, we offer a 10% bonus to the community member who posted the bounty 

## Attributes of a request

* github url
* amount (0.01)
* denomination (ETH, DAI, etc)
* requested_by_github_username
* comments
* status (one of either open or closed - funded or closed - not funded) 

## Design bounty

This is a bounty to submit a design for the following page:

- requests index -- radio button in the Issue Explorer labeled 'Bounty Requests' 
- request submission -- form to submit requests

### Example Design
This example of the grants page (from @KennethAshley at #380 ) might be useful as a template as you think through how the page might look. There would still need to be a place for new submissions to be added (via hyperlink) and a button to fund the issue.",web,0,0.0,{},ETH,['https://github.com/gitcoinco/web/issues/671'],1,6.728628613084702,7.396948602621014,7.396948602621014,6.444131256700441,2017-07-10T10:53:45Z,4.532599493153256,JavaScript,13.991201849715411,6.555356891810665,5.924255797414532,3.6635616461296463,30.0,0.0,2017-07-10T10:53:45Z,0,1.0,6.5638555265321274,7.694392802629421,5.003946305945459,0.0,8.73294952429643,5966,3e+17,5.739792912179234,0.6931471805599453,0,0,1,1,0,0,0,0,0,0,0,0,0,1,0,0,1,0,0,0
