repo,bounty,bounty_done_num,bounty_done_rate,unbounty,unbounty_done_num,unbounty_done_rate,bounty_cost_time_median,bounty_cost_time_mean,bounty_cost_time_max,bounty_cost_time_min,unbounty_cost_time_median,unbounty_cost_time_mean,unbounty_cost_time_max,unbounty_cost_time_min
0LNetworkCommunity/libra,3.0,1.0,33.333%,382.0,290.0,75.916%,118203.0,118203.0,118203.0,118203.0,36523.5,105472.86,642606.0,0.0
0lBounties/bounties,3.0,0.0,0.000%,1.0,0.0,0.000%,,,,,,,,
0mkara/etheratom,8.0,4.0,50.000%,280.0,164.0,58.571%,71498.0,71498.0,74829.0,68167.0,31193.5,120638.96,1139222.0,0.0
0xHabitat/habitat-rollup,1.0,0.0,0.000%,44.0,36.0,81.818%,,,,,163463.0,148321.25,485065.0,1.0
0xHabitat/hackathon,3.0,3.0,100.000%,0.0,0.0,-0.000%,53476.0,53476.0,53478.0,53474.0,,,,
0xProject/0x-instant,1.0,1.0,100.000%,3.0,0.0,0.000%,456624.0,456624.0,456624.0,456624.0,,,,
0xProject/0x-launch-kit-backend,1.0,0.0,0.000%,28.0,18.0,64.286%,,,,,5467.5,29377.22,228792.0,1.0
0xProject/0x-monorepo,1.0,1.0,100.000%,446.0,434.0,97.309%,46383.0,46383.0,46383.0,46383.0,24698.5,63125.97,746977.0,0.0
0xProject/website,2.0,2.0,100.000%,13.0,6.0,46.154%,193954.0,193954.0,232667.0,155241.0,11314.5,116464.33,652101.0,13.0
0xTangle/poapathon,1.0,0.0,0.000%,0.0,0.0,-0.000%,,,,,,,,
0xplace/0xplace,1.0,1.0,100.000%,0.0,0.0,-0.000%,23181.0,23181.0,23181.0,23181.0,,,,
1inch/1inchProtocol,14.0,0.0,0.000%,90.0,24.0,26.667%,,,,,3384.5,65623.17,631924.0,285.0
1inch/limit-order-protocol,4.0,0.0,0.000%,17.0,15.0,88.235%,,,,,22836.0,70504.13,357326.0,35.0
1inch/profanity2,1.0,0.0,0.000%,12.0,4.0,33.333%,,,,,1256.5,1359.75,2880.0,46.0
1inch/spot-price-aggregator,2.0,2.0,100.000%,4.0,3.0,75.000%,129661.5,129661.5,164455.0,94868.0,3545.0,156092.33,464443.0,289.0
1kxnetwork/codelessconduct,7.0,7.0,100.000%,2.0,2.0,100.000%,38751.0,38746.57,38752.0,38718.0,8673.0,8673.0,17346.0,0.0
3box/3box,1.0,1.0,100.000%,1455.0,1455.0,100.000%,1101333.0,1101333.0,1101333.0,1101333.0,31915.0,132315.88,1816691.0,0.0
3box/3box-chatbox-react,1.0,1.0,100.000%,31.0,25.0,80.645%,145520.0,145520.0,145520.0,145520.0,22576.0,35736.52,158656.0,1135.0
3box/3box-comments-react,1.0,1.0,100.000%,32.0,24.0,75.000%,82524.0,82524.0,82524.0,82524.0,17659.5,38480.83,179682.0,163.0
3box/sss-wasm,1.0,1.0,100.000%,4.0,3.0,75.000%,351266.0,351266.0,351266.0,351266.0,5812.0,106098.0,312413.0,69.0
3commas-io/3commas-official-api-docs,2.0,2.0,100.000%,135.0,107.0,79.259%,191563.5,191563.5,191564.0,191563.0,81637.0,129290.61,676213.0,1.0
420tiesto/420market,1.0,0.0,0.000%,0.0,0.0,-0.000%,,,,,,,,
42wim/matterbridge,1.0,1.0,100.000%,1216.0,1037.0,85.280%,16307.0,16307.0,16307.0,16307.0,9989.0,108094.98,2578678.0,0.0
4ubr3ypwd/gravityforms-firstdata,1.0,0.0,0.000%,24.0,14.0,58.333%,,,,,94622.5,112377.21,323278.0,80.0
6ug-test/sdadadadas,1.0,0.0,0.000%,0.0,0.0,-0.000%,,,,,,,,
7finney/ethcode,1.0,1.0,100.000%,104.0,96.0,92.308%,47100.0,47100.0,47100.0,47100.0,162429.5,359699.03,1335459.0,81.0
88mphapp/88mph-contracts,5.0,0.0,0.000%,4.0,2.0,50.000%,,,,,98524.5,98524.5,194482.0,2567.0
88mphapp/ng88mph-frontend,1.0,1.0,100.000%,54.0,40.0,74.074%,211828.0,211828.0,211828.0,211828.0,2992.0,21711.12,194481.0,0.0
AElfProject/Bounties,2.0,0.0,0.000%,0.0,0.0,-0.000%,,,,,,,,
AGWA/git-crypt,1.0,1.0,100.000%,192.0,100.0,52.083%,2016.0,2016.0,2016.0,2016.0,5697.5,334870.79,3092764.0,0.0
ARK-Builders/ARK-Globe,1.0,1.0,100.000%,4.0,1.0,25.000%,274782.0,274782.0,274782.0,274782.0,95023.0,95023.0,95023.0,95023.0
ARK-Builders/ARK-Memo,3.0,1.0,33.333%,6.0,1.0,16.667%,153171.0,153171.0,153171.0,153171.0,66262.0,66262.0,66262.0,66262.0
ARK-Builders/ARK-Navigator,8.0,6.0,75.000%,209.0,125.0,59.809%,112931.0,147876.33,382352.0,7009.0,80579.0,167612.58,884115.0,432.0
ARK-Builders/ARK-Rate,1.0,1.0,100.000%,8.0,3.0,37.500%,52182.0,52182.0,52182.0,52182.0,92681.0,147930.67,273450.0,77661.0
ARK-Builders/ARK-Retouch,6.0,6.0,100.000%,12.0,11.0,91.667%,171953.0,138908.0,213643.0,14406.0,107764.0,126985.82,296524.0,14426.0
ARK-Builders/ARK-Shelf-Desktop,2.0,2.0,100.000%,18.0,6.0,33.333%,20957.0,20957.0,22534.0,19380.0,22988.5,27729.33,44881.0,22537.0
ARK-Builders/arklib,8.0,4.0,50.000%,10.0,2.0,20.000%,145704.5,122716.25,182169.0,17287.0,121423.0,121423.0,231147.0,11699.0
ARK-Builders/arklib-android,3.0,3.0,100.000%,7.0,6.0,85.714%,60458.0,61557.33,119902.0,4312.0,119678.0,220509.83,674748.0,27156.0
ASdevix/DatabaseDebug,1.0,0.0,0.000%,0.0,0.0,-0.000%,,,,,,,,
AbieFund/abie,8.0,8.0,100.000%,13.0,7.0,53.846%,1293.5,41406.88,176560.0,295.0,5304.0,8228.14,18637.0,2996.0
AcalaNetwork/polakdot-hello-world-acala,2.0,0.0,0.000%,0.0,0.0,-0.000%,,,,,,,,
AdamSC1-ddg/defidomains,1.0,1.0,100.000%,2.0,0.0,0.000%,11505.0,11505.0,11505.0,11505.0,,,,
AddrETH/addreth,3.0,2.0,66.667%,10.0,4.0,40.000%,8109.0,8109.0,16057.0,161.0,1834.0,5028.25,15987.0,458.0
AgeManning/rusty-blockparser,1.0,0.0,0.000%,1.0,0.0,0.000%,,,,,,,,
AgileVentures/WebsiteOne,1.0,1.0,100.000%,1542.0,1525.0,98.898%,18599.0,18599.0,18599.0,18599.0,94045.0,580763.51,2781450.0,0.0
Agoric/agoric-sdk,30.0,9.0,30.000%,3334.0,2429.0,72.855%,294906.0,265345.33,576401.0,34.0,44796.0,144571.62,1628720.0,0.0
Agoric/cross-chain-hackathon,5.0,0.0,0.000%,2.0,1.0,50.000%,,,,,40.0,40.0,40.0,40.0
AigangNetwork/aigang-platform-web,1.0,1.0,100.000%,167.0,154.0,92.216%,41479.0,41479.0,41479.0,41479.0,5599.5,18366.01,313958.0,4.0
Alethea-tech/SmartContracts,1.0,0.0,0.000%,0.0,0.0,-0.000%,,,,,,,,
AletheaAI/Gitcoin-Bounties,4.0,0.0,0.000%,0.0,0.0,-0.000%,,,,,,,,
Alethio/alethio-gitcoin,4.0,2.0,50.000%,0.0,0.0,-0.000%,100522.0,100522.0,100534.0,100510.0,,,,
AlexandreRangel/ios-second-screen,1.0,0.0,0.000%,1.0,0.0,0.000%,,,,,,,,
AlfaBlok/safe_deploy,1.0,0.0,0.000%,0.0,0.0,-0.000%,,,,,,,,
AlgoSeas/GHH,1.0,0.0,0.000%,0.0,0.0,-0.000%,,,,,,,,
AlgoWorldNFT/algoworld-contracts,1.0,1.0,100.000%,9.0,6.0,66.667%,5582.0,5582.0,5582.0,5582.0,86.5,8703.67,36738.0,7.0
AlgoWorldNFT/algoworld-swapper,1.0,1.0,100.000%,19.0,17.0,89.474%,18463.0,18463.0,18463.0,18463.0,11998.0,69482.06,300548.0,68.0
Algomint/Algorand-MultiSig,1.0,0.0,0.000%,3.0,3.0,100.000%,,,,,6044.0,7545.67,11882.0,4711.0
Allswap/beta-pages,1.0,0.0,0.000%,0.0,0.0,-0.000%,,,,,,,,
AlpacaCity/AlpacaCity,1.0,0.0,0.000%,2.0,1.0,50.000%,,,,,1.0,1.0,1.0,1.0
Alpha-Serpentis-Developments/Project-Mimic,4.0,0.0,0.000%,54.0,37.0,68.519%,,,,,29678.0,75921.59,420035.0,1419.0
AlphaWallet/ERC875-token-factory,1.0,1.0,100.000%,18.0,17.0,94.444%,1013414.0,1013414.0,1013414.0,1013414.0,15293.0,223173.71,1163389.0,127.0
AmbireTech/adex-explorer,1.0,1.0,100.000%,19.0,16.0,84.211%,46852.0,46852.0,46852.0,46852.0,78062.5,78680.94,281159.0,0.0
AmbireTech/adex-platform,3.0,3.0,100.000%,368.0,361.0,98.098%,292004.0,279956.67,299042.0,248824.0,36917.0,260637.17,2248969.0,0.0
AmbireTech/adex-protocol,1.0,1.0,100.000%,24.0,18.0,75.000%,66189.0,66189.0,66189.0,66189.0,140943.0,370305.61,2333776.0,23.0
AmbireTech/adex-protocol-eth,10.0,10.0,100.000%,140.0,130.0,92.857%,115285.0,114064.2,199593.0,31142.0,103369.0,181835.92,1417787.0,239.0
AmbireTech/adex-validator,2.0,2.0,100.000%,159.0,147.0,92.453%,257652.0,257652.0,427482.0,87822.0,38468.0,113335.67,1146422.0,0.0
Anish-Agnihotri/anish-agnihotri.github.io,1.0,1.0,100.000%,0.0,0.0,-0.000%,179476.0,179476.0,179476.0,179476.0,,,,
Aptoverse/missions,1.0,0.0,0.000%,1.0,0.0,0.000%,,,,,,,,
Arachnid/ethjs-abi-bigquery,1.0,1.0,100.000%,0.0,0.0,-0.000%,12022.0,12022.0,12022.0,12022.0,,,,
Arcology-Builders/democracy,14.0,11.0,78.571%,22.0,19.0,86.364%,37507.0,66382.82,162713.0,9864.0,123449.0,164114.21,558137.0,61472.0
ArtemGr/bounty,1.0,1.0,100.000%,25.0,24.0,96.000%,8829.0,8829.0,8829.0,8829.0,7805.0,29466.12,307077.0,63.0
ArtisticalIntelligence/Artistical_Intelligence,1.0,0.0,0.000%,0.0,0.0,-0.000%,,,,,,,,
ArweaveTeam/Bounties,74.0,66.0,89.189%,20.0,20.0,100.000%,62247.0,123303.42,459510.0,16157.0,614.5,24072.5,229879.0,0.0
ArweaveTeam/Gitcoin,1.0,1.0,100.000%,0.0,0.0,-0.000%,118589.0,118589.0,118589.0,118589.0,,,,
ArweaveTeam/weavemail,3.0,0.0,0.000%,1.0,0.0,0.000%,,,,,,,,
AstarNetwork/Astar,18.0,18.0,100.000%,408.0,408.0,100.000%,108933.0,216500.44,839426.0,28207.0,28618.5,108026.27,862755.0,1.0
AstarNetwork/plasmdocs,4.0,3.0,75.000%,5.0,3.0,60.000%,35729.0,31999.0,57154.0,3114.0,4197.0,14106.67,37141.0,982.0
Augmint/augmint-web,1.0,0.0,0.000%,85.0,72.0,84.706%,,,,,34641.5,220343.33,945563.0,265.0
AugurProject/augur,0.0,0.0,-0.000%,3556.0,3410.0,95.894%,,,,,13111.0,50727.89,774373.0,0.0
AugurProject/augur-core,4.0,4.0,100.000%,143.0,142.0,99.301%,49438.0,82978.75,225799.0,7240.0,27873.0,68305.94,838022.0,0.0
AugurProject/augur-node,2.0,2.0,100.000%,35.0,33.0,94.286%,202896.0,202896.0,207244.0,198548.0,2681.0,16318.97,172706.0,83.0
AugurProject/turbo,1.0,1.0,100.000%,652.0,612.0,93.865%,195688.0,195688.0,195688.0,195688.0,8829.0,27722.05,303897.0,0.0
Aut-Labs/contracts,5.0,5.0,100.000%,0.0,0.0,-0.000%,9311.0,9313.0,9323.0,9309.0,,,,
AutarkLabs/open-enterprise,2.0,2.0,100.000%,1217.0,1028.0,84.470%,257794.0,257794.0,440868.0,74720.0,56269.0,84342.21,457670.0,0.0
AvadoDServer/DAppNode_Installer_AVADO,2.0,1.0,50.000%,0.0,0.0,-0.000%,35026.0,35026.0,35026.0,35026.0,,,,
AvocadoNetwork/governance,4.0,3.0,75.000%,3.0,1.0,33.333%,8514.0,19402.33,48083.0,1610.0,146926.0,146926.0,146926.0,146926.0
Axoswap-Project/Axoswap-MasterchefV2,1.0,1.0,100.000%,0.0,0.0,-0.000%,21796.0,21796.0,21796.0,21796.0,,,,
AzuraCast/AzuraCast,1.0,1.0,100.000%,4949.0,4870.0,98.404%,1270874.0,1270874.0,1270874.0,1270874.0,8592.5,69032.12,2017635.0,0.0
Azure-Samples/bc-community-samples,48.0,48.0,100.000%,2.0,2.0,100.000%,55977.5,118653.79,320670.0,6660.0,271766.0,271766.0,271766.0,271766.0
BNUG-BLOCK/bnugDAO.finance,1.0,0.0,0.000%,0.0,0.0,-0.000%,,,,,,,,
Badger-Finance/badger-subgraph,1.0,1.0,100.000%,5.0,3.0,60.000%,172752.0,172752.0,172752.0,172752.0,185831.0,184817.0,368580.0,40.0
Badger-Finance/badger-system,5.0,5.0,100.000%,102.0,36.0,35.294%,115737.0,204059.8,627848.0,25727.0,30793.0,33409.69,164530.0,0.0
Badger-Finance/gitcoin,37.0,24.0,64.865%,11.0,10.0,90.909%,95804.0,93336.08,198234.0,28839.0,38418.0,57413.5,192728.0,17.0
Balancer-DAO/Poapathon,5.0,0.0,0.000%,1.0,0.0,0.000%,,,,,,,,
BarnBridge/BarnBridge-PM,1.0,1.0,100.000%,33.0,32.0,96.970%,4363.0,4363.0,4363.0,4363.0,3980.5,7487.66,40475.0,131.0
BarnBridge/Bounty-Program,14.0,1.0,7.143%,2.0,1.0,50.000%,7266.0,7266.0,7266.0,7266.0,7.0,7.0,7.0,7.0
BarnBridge/Meme-Competitions,13.0,0.0,0.000%,3.0,1.0,33.333%,,,,,101381.0,101381.0,101381.0,101381.0
BarnBridge/Project-Call-Notes-,4.0,0.0,0.000%,2.0,0.0,0.000%,,,,,,,,
Beasta/etherscan-note-scraper,6.0,6.0,100.000%,0.0,0.0,-0.000%,4851.0,4077.33,6033.0,253.0,,,,
Beasta/pi-guzzler,1.0,0.0,0.000%,0.0,0.0,-0.000%,,,,,,,,
BitgesellOfficial/bitgesell,28.0,14.0,50.000%,30.0,16.0,53.333%,18811.0,65762.29,335802.0,2529.0,236731.0,271681.25,502467.0,6.0
Bloceducare/HydroLottery,1.0,0.0,0.000%,0.0,0.0,-0.000%,,,,,,,,
Block-Born/Block-Born-Hackathon,3.0,0.0,0.000%,2.0,0.0,0.000%,,,,,,,,
BlocklabNL/VEL,3.0,2.0,66.667%,26.0,20.0,76.923%,58603.5,58603.5,60402.0,56805.0,68244.0,64097.0,100628.0,5772.0
Bobface/maker-auctions,1.0,1.0,100.000%,0.0,0.0,-0.000%,14692.0,14692.0,14692.0,14692.0,,,,
BoostIO/BoostNote-Legacy,1.0,1.0,100.000%,2342.0,1904.0,81.298%,991351.0,991351.0,991351.0,991351.0,30726.0,203412.49,3125318.0,0.0
Bounties-Network/BountiesAPI,15.0,12.0,80.000%,13.0,4.0,30.769%,24564.0,52462.25,351689.0,4585.0,25172.5,58268.0,180479.0,2248.0
Bounties-Network/Delphi,1.0,1.0,100.000%,66.0,36.0,54.545%,44204.0,44204.0,44204.0,44204.0,27961.5,41354.17,163666.0,0.0
Bounties-Network/Explorer,4.0,3.0,75.000%,10.0,5.0,50.000%,351665.0,353359.33,359092.0,349321.0,158.0,91330.0,352053.0,7.0
Bounties-Network/StandardBounties,1.0,0.0,0.000%,35.0,10.0,28.571%,,,,,4514.5,15057.1,50560.0,55.0
Bounties-Network/StdBountiesAnaltyics,2.0,2.0,100.000%,0.0,0.0,-0.000%,4894.0,4894.0,5670.0,4118.0,,,,
Bright-Computing/bic,1.0,1.0,100.000%,53.0,44.0,83.019%,566324.0,566324.0,566324.0,566324.0,81564.0,176417.34,767219.0,6.0
BrightID/BrightID,1.0,0.0,0.000%,476.0,333.0,69.958%,,,,,115459.0,236066.91,1474062.0,0.0
Bullionix/Bullionix_phase1,1.0,0.0,0.000%,1.0,1.0,100.000%,,,,,1837.0,1837.0,1837.0,1837.0
Bundlr-Network/Bounties,1.0,0.0,0.000%,2.0,0.0,0.000%,,,,,,,,
CPPDevCrypto/web,1.0,0.0,0.000%,0.0,0.0,-0.000%,,,,,,,,
Caney-Fork/DXdao-codeless,3.0,0.0,0.000%,0.0,0.0,-0.000%,,,,,,,,
Carbon-Utility-Token/POAPathon,5.0,0.0,0.000%,1.0,1.0,100.000%,,,,,109.0,109.0,109.0,109.0
CarnalCovin/CarnalFinance,1.0,0.0,0.000%,0.0,0.0,-0.000%,,,,,,,,
CarnalCovin/Neftea,1.0,0.0,0.000%,1.0,1.0,100.000%,,,,,8.0,8.0,8.0,8.0
Charged-Particles/charged-particles-subgraph,1.0,0.0,0.000%,5.0,5.0,100.000%,,,,,22083.0,54034.2,121565.0,4906.0
ChrisCates/CommonCrawler,2.0,1.0,50.000%,10.0,2.0,20.000%,36137.0,36137.0,36137.0,36137.0,3612.5,3612.5,7207.0,18.0
Cloud-CV/EvalAI,1.0,1.0,100.000%,823.0,679.0,82.503%,204461.0,204461.0,204461.0,204461.0,30736.0,111935.34,1619799.0,0.0
CoinAlpha/hummingbot,0.0,0.0,-0.000%,34.0,34.0,100.000%,,,,,3395.5,9414.35,172628.0,704.0
Colm3na/webColm3na,1.0,1.0,100.000%,0.0,0.0,-0.000%,56.0,56.0,56.0,56.0,,,,
ColuLocalNetwork/CLN-community-app,4.0,4.0,100.000%,4.0,4.0,100.000%,181886.0,181886.0,339470.0,24302.0,169909.0,169909.0,200325.0,139493.0
ColuLocalNetwork/fuse-inventory-manager,2.0,1.0,50.000%,1.0,0.0,0.000%,48772.0,48772.0,48772.0,48772.0,,,,
Conflux-Chain/gitcoin-bounties,4.0,3.0,75.000%,0.0,0.0,-0.000%,44234.0,44236.33,44245.0,44230.0,,,,
ConsenSysMesh/ArtFactory,3.0,0.0,0.000%,0.0,0.0,-0.000%,,,,,,,,
ConsenSysMesh/Stow-Smart-Contracts,4.0,1.0,25.000%,14.0,14.0,100.000%,76196.0,76196.0,76196.0,76196.0,11410.5,38648.14,189262.0,4.0
Consensys/Beyond-Blockchain-Relay,3.0,0.0,0.000%,4.0,0.0,0.000%,,,,,,,,
Consensys/ConsenSysGrants-Challenges,5.0,0.0,0.000%,0.0,0.0,-0.000%,,,,,,,,
Consensys/Consensys-Grants,0.0,0.0,-0.000%,2.0,0.0,0.000%,,,,,,,,
Consensys/CosnenSys-Grants-,1.0,0.0,0.000%,3.0,3.0,100.000%,,,,,282622.0,194711.67,295318.0,6195.0
Consensys/Global-Community-Relay,4.0,0.0,0.000%,1.0,1.0,100.000%,,,,,0.0,0.0,0.0,0.0
Consensys/Relays,2.0,0.0,0.000%,0.0,0.0,-0.000%,,,,,,,,
Consensys/Road-To-Devcon-Relay,3.0,0.0,0.000%,0.0,0.0,-0.000%,,,,,,,,
Consensys/Tokens,3.0,3.0,100.000%,62.0,48.0,77.419%,141008.0,95947.33,141024.0,5810.0,51368.5,119662.83,593695.0,0.0
Consensys/defi-score,1.0,0.0,0.000%,13.0,4.0,30.769%,,,,,9944.0,13987.75,32028.0,4035.0
Consensys/ethql,3.0,2.0,66.667%,65.0,41.0,63.077%,158663.5,158663.5,245503.0,71824.0,16111.0,34593.0,325758.0,14.0
Consensys/mythril,4.0,4.0,100.000%,916.0,810.0,88.428%,59358.5,64097.5,88801.0,48872.0,8775.0,66726.68,1276158.0,0.0
Consensys/mythril-ctf-public,3.0,0.0,0.000%,0.0,0.0,-0.000%,,,,,,,,
Consensys/mythx-gitcoin,5.0,0.0,0.000%,0.0,0.0,-0.000%,,,,,,,,
Consensys/mythxjs,1.0,1.0,100.000%,7.0,6.0,85.714%,34712.0,34712.0,34712.0,34712.0,35242.5,29805.5,36200.0,13628.0
Consensys/protocol-BountiedWork,46.0,46.0,100.000%,0.0,0.0,-0.000%,150890.0,145164.83,486856.0,4310.0,,,,
Consensys/smart-contract-best-practices,12.0,12.0,100.000%,168.0,144.0,85.714%,25891.0,316878.5,1082728.0,11581.0,136231.5,392714.33,2528132.0,0.0
Consensys/surya,2.0,2.0,100.000%,57.0,55.0,96.491%,395161.5,395161.5,719362.0,70961.0,86563.0,283192.0,989435.0,1.0
Consensys/truffle-security,3.0,2.0,66.667%,102.0,89.0,87.255%,24937.5,24937.5,34971.0,14904.0,21334.0,44728.33,343185.0,2.0
Convex-Labs/honestnft-shenanigans,0.0,0.0,-0.000%,6.0,5.0,83.333%,,,,,56508.0,68500.4,119232.0,3468.0
CreamFi/Open-Defi,3.0,0.0,0.000%,0.0,0.0,-0.000%,,,,,,,,
CreativerseMC/CreativerseMC-Plugin,1.0,1.0,100.000%,2.0,2.0,100.000%,12874.0,12874.0,12874.0,12874.0,9273.0,9273.0,15085.0,3461.0
CreatorCoinTools/CalendlyGate,1.0,0.0,0.000%,0.0,0.0,-0.000%,,,,,,,,
CreatorCoinTools/OBS-Plugin,1.0,0.0,0.000%,0.0,0.0,-0.000%,,,,,,,,
CreatorCoinTools/PollingWidget,1.0,0.0,0.000%,0.0,0.0,-0.000%,,,,,,,,
CreatorCoinTools/PriceTicker-TwitchExtension,2.0,1.0,50.000%,0.0,0.0,-0.000%,147988.0,147988.0,147988.0,147988.0,,,,
CreatorCoinTools/RallyRoleBot,11.0,11.0,100.000%,2.0,1.0,50.000%,23964.0,30323.82,62919.0,7180.0,3916.0,3916.0,3916.0,3916.0
CreatorCoinTools/StreamElements-ChatBot-Rally,1.0,1.0,100.000%,1.0,1.0,100.000%,17562.0,17562.0,17562.0,17562.0,24.0,24.0,24.0,24.0
CreatorCoinTools/TwitchWatchToEarn,1.0,0.0,0.000%,0.0,0.0,-0.000%,,,,,,,,
CreatorCoinTools/gatedslack,1.0,0.0,0.000%,0.0,0.0,-0.000%,,,,,,,,
CrowdFounder/Cipher-Contract-Audit,1.0,0.0,0.000%,0.0,0.0,-0.000%,,,,,,,,
Cryp-too/SWAP,1.0,0.0,0.000%,0.0,0.0,-0.000%,,,,,,,,
CryptozombiesHQ/cryptozombie-lessons,1.0,1.0,100.000%,152.0,138.0,90.789%,613913.0,613913.0,613913.0,613913.0,300579.5,664680.93,2110713.0,0.0
Crystal-Ball-ZG/nft-discord-bot,1.0,1.0,100.000%,1.0,1.0,100.000%,89698.0,89698.0,89698.0,89698.0,89696.0,89696.0,89696.0,89696.0
Crystal-Ball-ZG/tester,1.0,1.0,100.000%,1.0,0.0,0.000%,117.0,117.0,117.0,117.0,,,,
CurioTeam/curio-stablecoin-core,1.0,1.0,100.000%,0.0,0.0,-0.000%,53174.0,53174.0,53174.0,53174.0,,,,
CurioTeam/daico-contracts,1.0,1.0,100.000%,0.0,0.0,-0.000%,57805.0,57805.0,57805.0,57805.0,,,,
CurioTeam/ethcc-hackathon,1.0,0.0,0.000%,0.0,0.0,-0.000%,,,,,,,,
DAC-Portal/bogohacks-dac,1.0,0.0,0.000%,0.0,0.0,-0.000%,,,,,,,,
DAO-Global-Hackathon/Open-Lane,4.0,0.0,0.000%,0.0,0.0,-0.000%,,,,,,,,
DAOhaus/app,1.0,1.0,100.000%,2.0,0.0,0.000%,38799.0,38799.0,38799.0,38799.0,,,,
DAOhaus/daohaus-frontend,1.0,0.0,0.000%,0.0,0.0,-0.000%,,,,,,,,
DODOEX/gitCoinGrant,2.0,0.0,0.000%,0.0,0.0,-0.000%,,,,,,,,
DPGAlliance/publicgoods-candidates,1.0,0.0,0.000%,53.0,41.0,77.358%,,,,,31690.0,196651.59,1048675.0,0.0
Dallas-Makerspace/tracker,2.0,2.0,100.000%,1290.0,1290.0,100.000%,123079.0,123079.0,123079.0,123079.0,50465.0,49303.92,252633.0,0.0
Datum/Datum-Gitcoin-Bounty,5.0,0.0,0.000%,0.0,0.0,-0.000%,,,,,,,,
DePayFi/depay-ethereum-staking,2.0,2.0,100.000%,0.0,0.0,-0.000%,6726.0,6726.0,7322.0,6130.0,,,,
DePayFi/depay-evm-launchpad,2.0,2.0,100.000%,1.0,1.0,100.000%,6821.0,6821.0,8206.0,5436.0,8278.0,8278.0,8278.0,8278.0
DecenterApps/defisaver-open-defi-hackathon,1.0,0.0,0.000%,0.0,0.0,-0.000%,,,,,,,,
DecentralizedDerivatives/DRCT_standard_DApp,2.0,2.0,100.000%,117.0,107.0,91.453%,124921.5,124921.5,163765.0,86078.0,13439.0,34652.28,452551.0,0.0
DeepDAO1/Global-DAO-Hackaton-10.2021,3.0,0.0,0.000%,2.0,1.0,50.000%,,,,,3.0,3.0,3.0,3.0
Defi22/Reverse-Dollar-Cost-Averaging-Bot,3.0,0.0,0.000%,0.0,0.0,-0.000%,,,,,,,,
Defi22/airdrop,2.0,1.0,50.000%,0.0,0.0,-0.000%,3911.0,3911.0,3911.0,3911.0,,,,
Defiville/Hackathon,7.0,1.0,14.286%,0.0,0.0,-0.000%,2520.0,2520.0,2520.0,2520.0,,,,
Defiville/season-3,1.0,0.0,0.000%,0.0,0.0,-0.000%,,,,,,,,
DemocracyEarth/dao,1.0,1.0,100.000%,1.0,0.0,0.000%,296478.0,296478.0,296478.0,296478.0,,,,
DevCoral/CoralScillaContract,3.0,2.0,66.667%,0.0,0.0,-0.000%,145400.0,145400.0,262551.0,28249.0,,,,
DigitalAssetAdvisors/Casper-Test-Implementation,1.0,0.0,0.000%,0.0,0.0,-0.000%,,,,,,,,
DigixGlobal/dao-server,2.0,0.0,0.000%,0.0,0.0,-0.000%,,,,,,,,
DigixGlobal/governance-ui,1.0,0.0,0.000%,1.0,0.0,0.000%,,,,,,,,
DigixGlobal/governance-ui-components,1.0,0.0,0.000%,2.0,0.0,0.000%,,,,,,,,
DimensionDev/Maskbook,95.0,92.0,96.842%,2047.0,2018.0,98.583%,132552.0,237430.97,833629.0,622.0,10490.5,63748.38,1432391.0,0.0
Distense/distense,11.0,11.0,100.000%,125.0,124.0,99.200%,6230.0,16424.73,53675.0,578.0,51047.5,233103.37,1163249.0,3.0
DistributedTown/distributed-town-frontend,1.0,1.0,100.000%,1.0,1.0,100.000%,283718.0,283718.0,283718.0,283718.0,20778.0,20778.0,20778.0,20778.0
Ditto-money/Bounties,8.0,7.0,87.500%,0.0,0.0,-0.000%,23102.0,55352.14,244695.0,5853.0,,,,
Ditto-money/dashboard,3.0,3.0,100.000%,9.0,7.0,77.778%,14887.0,57251.67,144022.0,12846.0,9452.0,9409.14,18105.0,1250.0
Ditto-money/ditto-contracts,1.0,1.0,100.000%,0.0,0.0,-0.000%,25929.0,25929.0,25929.0,25929.0,,,,
DrZedd42/golden_bounty,1.0,0.0,0.000%,0.0,0.0,-0.000%,,,,,,,,
DurianStallSingapore/Zilliqa-Mining-Proxy,1.0,1.0,100.000%,28.0,22.0,78.571%,1127.0,1127.0,1127.0,1127.0,4657.0,57272.14,351327.0,0.0
ETHIndia/website,1.0,1.0,100.000%,2.0,2.0,100.000%,73629.0,73629.0,73629.0,73629.0,492.5,492.5,966.0,19.0
ETHSydney/meetup-token,1.0,0.0,0.000%,1.0,1.0,100.000%,,,,,10036.0,10036.0,10036.0,10036.0
EdgeApp/edge-currency-accountbased,1.0,0.0,0.000%,12.0,3.0,25.000%,,,,,683.0,38284.33,114170.0,0.0
EdgeApp/edge-currency-bitcoin,1.0,0.0,0.000%,12.0,4.0,33.333%,,,,,38068.0,119741.75,399033.0,3798.0
Elastic-Finance-DAO/Gitcoin-Bounties,1.0,1.0,100.000%,0.0,0.0,-0.000%,113646.0,113646.0,113646.0,113646.0,,,,
Equideum/hackathons,1.0,0.0,0.000%,0.0,0.0,-0.000%,,,,,,,,
EthWorks/hackathons,2.0,0.0,0.000%,1.0,1.0,100.000%,,,,,6.0,6.0,6.0,6.0
EtherDotBlue/MythX,4.0,2.0,50.000%,0.0,0.0,-0.000%,12898.0,12898.0,12907.0,12889.0,,,,
EtherDotBlue/RV-IOHK,2.0,0.0,0.000%,0.0,0.0,-0.000%,,,,,,,,
EtherDotBlue/hazechain,1.0,1.0,100.000%,1.0,0.0,0.000%,5678.0,5678.0,5678.0,5678.0,,,,
EtherealEngine/etherealengine,1.0,1.0,100.000%,1931.0,1684.0,87.209%,32639.0,32639.0,32639.0,32639.0,30290.0,73787.44,920143.0,0.0
Examp-LLC/ethrank,1.0,1.0,100.000%,6.0,2.0,33.333%,184413.0,184413.0,184413.0,184413.0,4986.5,4986.5,4988.0,4985.0
FATEx-DAO/Bounties,1.0,0.0,0.000%,0.0,0.0,-0.000%,,,,,,,,
FATExDAO/FATExDAO-Bounties,1.0,0.0,0.000%,3.0,1.0,33.333%,,,,,1676.0,1676.0,1676.0,1676.0
FEMBusinessModelsRing/web3_revenue_primitives,28.0,24.0,85.714%,42.0,8.0,19.048%,110814.5,116468.25,276839.0,11531.0,140554.5,146213.75,286197.0,17549.0
Fantom-foundation/go-opera,5.0,5.0,100.000%,132.0,125.0,94.697%,9939.0,8063.4,10319.0,367.0,20596.0,77681.35,640211.0,1.0
FindoraNetwork/bounties,3.0,0.0,0.000%,0.0,0.0,-0.000%,,,,,,,,
FleekHQ/space-daemon,1.0,1.0,100.000%,7.0,5.0,71.429%,139603.0,139603.0,139603.0,139603.0,77461.0,89316.2,214715.0,7580.0
FlorianGe96/GitcoinEngage,2.0,0.0,0.000%,0.0,0.0,-0.000%,,,,,,,,
Folks-Finance/folks-finance-js-sdk,2.0,2.0,100.000%,2.0,2.0,100.000%,184355.0,184355.0,215809.0,152901.0,21812.5,21812.5,36588.0,7037.0
For-Science/Crypto-For-Science,1.0,0.0,0.000%,15.0,10.0,66.667%,,,,,94544.0,343212.6,2567885.0,2.0
ForceDAO/bounties,2.0,0.0,0.000%,1.0,0.0,0.000%,,,,,,,,
FraktalNFT/dapp-frontend,33.0,33.0,100.000%,95.0,89.0,93.684%,14717.0,35574.45,117215.0,538.0,7012.0,24958.31,104294.0,1.0
Fraud-Detection-and-Defense/opendata-hackathon-GR15,3.0,0.0,0.000%,1.0,1.0,100.000%,,,,,8.0,8.0,8.0,8.0
Freeelio/electraseed-fund,2.0,0.0,0.000%,1.0,0.0,0.000%,,,,,,,,
FreezingMoon/AncientBeast,1.0,1.0,100.000%,1654.0,1216.0,73.519%,2717364.0,2717364.0,2717364.0,2717364.0,64322.5,451826.24,4917954.0,0.0
FugueWeb/fugue,2.0,0.0,0.000%,1.0,1.0,100.000%,,,,,2143.0,2143.0,2143.0,2143.0
GBala1/xyz,1.0,0.0,0.000%,0.0,0.0,-0.000%,,,,,,,,
Gajesh2007/GitcoinBounty,1.0,1.0,100.000%,0.0,0.0,-0.000%,655186.0,655186.0,655186.0,655186.0,,,,
GalxeHQ/galxe-contracts,1.0,0.0,0.000%,6.0,0.0,0.000%,,,,,,,,
GemachDAO/Staking_Contract,1.0,0.0,0.000%,0.0,0.0,-0.000%,,,,,,,,
GemachDAO/White-Paper,1.0,0.0,0.000%,0.0,0.0,-0.000%,,,,,,,,
GenieInPot/F3D,1.0,0.0,0.000%,0.0,0.0,-0.000%,,,,,,,,
GetAlluo/liquidity-direction-protocol,7.0,3.0,42.857%,37.0,34.0,91.892%,120901.0,110497.0,131323.0,79267.0,57528.5,91605.65,445959.0,27.0
GetSpeckle/speckle-browser-extension,3.0,3.0,100.000%,43.0,27.0,62.791%,126771.0,138242.67,267810.0,20147.0,36153.0,210200.7,842932.0,1075.0
Giveth/giveth-bot,1.0,1.0,100.000%,20.0,18.0,90.000%,5642.0,5642.0,5642.0,5642.0,7325.0,44029.5,242386.0,69.0
Giveth/giveth-dapp,25.0,24.0,96.000%,1727.0,1497.0,86.682%,148051.5,330172.04,1296343.0,12901.0,50950.0,128749.23,1610521.0,0.0
Giveth/giveth-gatsby,1.0,1.0,100.000%,628.0,554.0,88.217%,183878.0,183878.0,183878.0,183878.0,47722.5,69988.77,1153615.0,0.0
Globalyou/Social-Living-media-platform-,1.0,0.0,0.000%,0.0,0.0,-0.000%,,,,,,,,
GnosisEcosystemFund/Gnosis-Bounties-,14.0,0.0,0.000%,2.0,0.0,0.000%,,,,,,,,
GoodDollar/Bounties,5.0,3.0,60.000%,16.0,7.0,43.750%,227779.0,254023.67,407258.0,127034.0,274229.0,286411.86,423559.0,115444.0
GoodDollar/Bugbounty,1.0,0.0,0.000%,3.0,1.0,33.333%,,,,,11702.0,11702.0,11702.0,11702.0
GoodDollar/GoodDAPP,1.0,0.0,0.000%,2238.0,2154.0,96.247%,,,,,24592.0,89771.91,1913792.0,0.0
GoodDollar/GoodHacking,1.0,0.0,0.000%,4.0,4.0,100.000%,,,,,14216.0,14216.75,14221.0,14214.0
GrahamMcBain/EmbarkDeveloperSurvey,3.0,0.0,0.000%,0.0,0.0,-0.000%,,,,,,,,
GreenNFT/GreenNFTs,3.0,0.0,0.000%,7.0,1.0,14.286%,,,,,5.0,5.0,5.0,5.0
GridPlus/cryptobridge-contracts,4.0,4.0,100.000%,26.0,24.0,92.308%,33149.0,33149.0,44527.0,21771.0,188934.0,141803.67,390454.0,88.0
HBesso31/LiquidFenix,1.0,0.0,0.000%,7.0,0.0,0.000%,,,,,,,,
HODLpac/donor-NFTs,1.0,0.0,0.000%,0.0,0.0,-0.000%,,,,,,,,
Harems-io/Front-end,3.0,0.0,0.000%,0.0,0.0,-0.000%,,,,,,,,
Harems-io/Herems-Mint,1.0,0.0,0.000%,0.0,0.0,-0.000%,,,,,,,,
Harems-io/Ines-Mint,1.0,0.0,0.000%,0.0,0.0,-0.000%,,,,,,,,
Harems-io/Rarity-tools-clone,3.0,0.0,0.000%,1.0,0.0,0.000%,,,,,,,,
Harems-io/eip-2929,1.0,0.0,0.000%,0.0,0.0,-0.000%,,,,,,,,
HarryR/ethsnarks,2.0,0.0,0.000%,80.0,36.0,45.000%,,,,,6537.5,29170.61,271799.0,17.0
HarryR/ethsnarks-miximus,1.0,0.0,0.000%,12.0,4.0,33.333%,,,,,155270.5,149356.5,281000.0,5885.0
HausDAO/dGov-Hackathon,2.0,0.0,0.000%,1.0,1.0,100.000%,,,,,60.0,60.0,60.0,60.0
HausDAO/daohaus-web,2.0,2.0,100.000%,16.0,12.0,75.000%,103736.0,103736.0,103737.0,103735.0,31864.0,52696.08,147282.0,308.0
HiBlock/hiblock,0.0,0.0,-0.000%,10.0,5.0,50.000%,,,,,390.0,6889.8,18795.0,3.0
Honest-Protocol/Gitcoin_Metamorphosis,7.0,0.0,0.000%,0.0,0.0,-0.000%,,,,,,,,
INFURA/eth-shanghai-2022,1.0,1.0,100.000%,0.0,0.0,-0.000%,50298.0,50298.0,50298.0,50298.0,,,,
INFURA/hackathons,3.0,2.0,66.667%,0.0,0.0,-0.000%,152528.5,152528.5,152623.0,152434.0,,,,
INFURA/infura,10.0,4.0,40.000%,440.0,232.0,52.727%,19258.0,19258.0,19927.0,18589.0,19318.0,104442.72,2044991.0,0.0
IOSGVentures/Gitcoin-x-Kickstarter,3.0,3.0,100.000%,4.0,4.0,100.000%,65661.0,65661.0,65663.0,65659.0,12719.5,15202.5,22767.0,12604.0
Ideamarket/gitcoin-bounties,24.0,18.0,75.000%,6.0,6.0,100.000%,98180.5,88397.67,136423.0,11059.0,45035.5,51057.83,103079.0,0.0
Idle-Labs/idle-contracts,5.0,5.0,100.000%,6.0,6.0,100.000%,62572.0,217981.4,451131.0,62527.0,1327.0,1194.67,1653.0,338.0
InjectiveLabs/injective-api-demo,1.0,0.0,0.000%,10.0,7.0,70.000%,,,,,12532.0,26032.71,93328.0,316.0
JODT-art/Prototype,1.0,0.0,0.000%,0.0,0.0,-0.000%,,,,,,,,
Jameel139/Bounties,4.0,0.0,0.000%,0.0,0.0,-0.000%,,,,,,,,
JoinColony/colonyContributions,1.0,0.0,0.000%,3.0,0.0,0.000%,,,,,,,,
JoinColony/colonyHackathon,1.0,0.0,0.000%,99.0,27.0,27.273%,,,,,14409.0,143960.81,1832638.0,52.0
JoinColony/colonyNetwork,2.0,2.0,100.000%,359.0,333.0,92.758%,150475.5,150475.5,211851.0,89100.0,53335.0,285278.07,2200677.0,6.0
JoshOrndorff/BitStory,1.0,1.0,100.000%,0.0,0.0,-0.000%,6706.0,6706.0,6706.0,6706.0,,,,
Joystream/community-repo,2.0,2.0,100.000%,192.0,142.0,73.958%,608753.5,608753.5,902056.0,315451.0,265434.0,288306.66,1220786.0,1.0
JuliaIO/Parquet.jl,1.0,1.0,100.000%,83.0,59.0,71.084%,54606.0,54606.0,54606.0,54606.0,53591.0,202509.86,2288923.0,0.0
KAIST-IS521/demo_service,1.0,1.0,100.000%,12.0,11.0,91.667%,0.0,0.0,0.0,0.0,8.0,231.0,2351.0,0.0
KNN3-Network/gitcoin,1.0,0.0,0.000%,0.0,0.0,-0.000%,,,,,,,,
KennethAshley/link,6.0,5.0,83.333%,0.0,0.0,-0.000%,8578.0,14497.0,39110.0,4480.0,,,,
KeySplit/dapp,2.0,2.0,100.000%,2.0,1.0,50.000%,71301.0,71301.0,131479.0,11123.0,110419.0,110419.0,110419.0,110419.0
KhronosGroup/glTF-Blender-IO,1.0,0.0,0.000%,1226.0,1109.0,90.457%,,,,,16161.0,181482.71,2263607.0,0.0
Kinchasa/dCommerce,1.0,0.0,0.000%,0.0,0.0,-0.000%,,,,,,,,
KiwiToken/wallet,1.0,1.0,100.000%,4.0,0.0,0.000%,16977.0,16977.0,16977.0,16977.0,,,,
Korridzy/range,3.0,0.0,0.000%,0.0,0.0,-0.000%,,,,,,,,
Korridzy/web,3.0,0.0,0.000%,4.0,0.0,0.000%,,,,,,,,
KyberNetwork/hackathon-bounties,1.0,1.0,100.000%,17.0,13.0,76.471%,246039.0,246039.0,246039.0,246039.0,159697.0,149650.46,246057.0,10551.0
LIT-Protocol/Cloudflare-Lit-Protocol-integration,1.0,0.0,0.000%,0.0,0.0,-0.000%,,,,,,,,
LIT-Protocol/CommunityEngagementProduct,1.0,0.0,0.000%,0.0,0.0,-0.000%,,,,,,,,
LIT-Protocol/GoogleDriveOauth,1.0,0.0,0.000%,0.0,0.0,-0.000%,,,,,,,,
LIT-Protocol/Token-Gated-Content-for-Website-Builders,1.0,0.0,0.000%,0.0,0.0,-0.000%,,,,,,,,
Lamden/bounties,10.0,1.0,10.000%,2.0,0.0,0.000%,35517.0,35517.0,35517.0,35517.0,,,,
LayBacc/rumin-web-clipper,1.0,0.0,0.000%,0.0,0.0,-0.000%,,,,,,,,
Ledger-Software/Ledger,1.0,0.0,0.000%,101.0,63.0,62.376%,,,,,8104.0,24791.7,131232.0,0.0
LedgerHQ/gitcoin-bounties,3.0,3.0,100.000%,2.0,2.0,100.000%,80602.0,62836.67,81850.0,26058.0,27271.5,27271.5,49084.0,5459.0
LimeChain/etherlime,3.0,2.0,66.667%,124.0,70.0,56.452%,255835.0,255835.0,272504.0,239166.0,9241.5,60162.66,527506.0,0.0
LinkIdol/TronProducer,1.0,0.0,0.000%,1.0,0.0,0.000%,,,,,,,,
LinkdropHQ/Linkdrop-Webapp,1.0,1.0,100.000%,26.0,26.0,100.000%,3543.0,3543.0,3543.0,3543.0,10951.0,14183.46,50216.0,0.0
LinkdropHQ/linkdrop-safe-module,1.0,0.0,0.000%,1.0,0.0,0.000%,,,,,,,,
Lonisss/dework_ref,1.0,0.0,0.000%,1.0,0.0,0.000%,,,,,,,,
Loopring/dexwebapp,1.0,1.0,100.000%,261.0,189.0,72.414%,87435.0,87435.0,87435.0,87435.0,4532.0,38644.74,146781.0,0.0
Loopring/protocols,4.0,4.0,100.000%,706.0,694.0,98.300%,189604.0,189604.0,235699.0,143509.0,8736.0,40246.84,475170.0,0.0
Loopring/trusted_setup,1.0,1.0,100.000%,1.0,1.0,100.000%,935210.0,935210.0,935210.0,935210.0,1649.0,1649.0,1649.0,1649.0
Lossless-Cash/Bounties,1.0,0.0,0.000%,0.0,0.0,-0.000%,,,,,,,,
MARKETProtocol/MARKETProtocol,39.0,36.0,92.308%,351.0,336.0,95.726%,8300.5,15306.25,67898.0,21.0,15858.5,48471.35,597569.0,3.0
MARKETProtocol/community,1.0,1.0,100.000%,57.0,57.0,100.000%,10124.0,10124.0,10124.0,10124.0,8829.0,19551.56,113937.0,0.0
MARKETProtocol/docs,1.0,1.0,100.000%,25.0,24.0,96.000%,25316.0,25316.0,25316.0,25316.0,5447.5,19347.62,154207.0,24.0
MARKETProtocol/types,7.0,7.0,100.000%,14.0,14.0,100.000%,30702.0,30920.43,52646.0,1110.0,7901.0,19939.29,82386.0,905.0
MPlus4Climate/MPlusToolKit,3.0,0.0,0.000%,0.0,0.0,-0.000%,,,,,,,,
MVPWorkshop/3327_Bounties,1.0,0.0,0.000%,0.0,0.0,-0.000%,,,,,,,,
Man-Jain/Polling-App,1.0,0.0,0.000%,7.0,1.0,14.286%,,,,,120.0,120.0,120.0,120.0
Matrix-RPS/bogohacks,1.0,0.0,0.000%,0.0,0.0,-0.000%,,,,,,,,
MeasureDAO/avalanche-loadbot,1.0,1.0,100.000%,2.0,0.0,0.000%,52721.0,52721.0,52721.0,52721.0,,,,
MeroCoin/mero,1.0,1.0,100.000%,3.0,3.0,100.000%,248213.0,248213.0,248213.0,248213.0,1661.0,1120.33,1661.0,39.0
MerosCrypto/Meros,10.0,8.0,80.000%,472.0,354.0,75.000%,12327.0,72633.75,261708.0,4173.0,17952.0,71529.24,883409.0,0.0
Meta-DAO/Front-end,1.0,0.0,0.000%,1.0,0.0,0.000%,,,,,,,,
MetaFam/Fork-The-World,6.0,0.0,0.000%,9.0,7.0,77.778%,,,,,0.0,82.57,561.0,0.0
MetaFam/TheGame,3.0,1.0,33.333%,480.0,395.0,82.292%,811342.0,811342.0,811342.0,811342.0,54612.0,146355.54,1073667.0,1.0
MetaFam/fix-the-world,7.0,0.0,0.000%,1.0,1.0,100.000%,,,,,0.0,0.0,0.0,0.0
MetaFam/mimis,1.0,0.0,0.000%,4.0,0.0,0.000%,,,,,,,,
MetaMask/Hackathons,1.0,1.0,100.000%,3.0,3.0,100.000%,33182.0,33182.0,33182.0,33182.0,14149.0,17408.33,27899.0,10177.0
MetaMask/detect-provider,1.0,0.0,0.000%,22.0,11.0,50.000%,,,,,148838.0,231386.27,760642.0,213.0
MetaMask/eth-sig-util,1.0,1.0,100.000%,86.0,65.0,75.581%,76380.0,76380.0,76380.0,76380.0,77390.0,368372.45,2138116.0,2.0
MetaMask/mesh-testing,1.0,1.0,100.000%,6.0,3.0,50.000%,25646.0,25646.0,25646.0,25646.0,86034.0,396245.33,1102697.0,5.0
MetaMask/metamask-extension,63.0,57.0,90.476%,8280.0,6785.0,81.944%,113818.0,314234.4,1603984.0,289.0,28192.0,183133.73,2912295.0,0.0
MetaMask/metamask-mobile,0.0,0.0,-0.000%,622.0,372.0,59.807%,,,,,63609.5,86437.71,548521.0,0.0
MetisProtocol/metis,4.0,1.0,25.000%,1.0,0.0,0.000%,45925.0,45925.0,45925.0,45925.0,,,,
Mewatools/mewa-artwork,1.0,1.0,100.000%,0.0,0.0,-0.000%,10859.0,10859.0,10859.0,10859.0,,,,
MicrosoftDocs/IntuneDocs,1.0,1.0,100.000%,1170.0,1150.0,98.291%,10978.0,10978.0,10978.0,10978.0,29263.0,73229.77,857105.0,0.0
MicrosoftDocs/windows-driver-docs,1.0,1.0,100.000%,1948.0,1946.0,99.897%,5884.0,5884.0,5884.0,5884.0,14676.0,104078.6,2212033.0,0.0
Minds/minds,11.0,0.0,0.000%,143.0,133.0,93.007%,,,,,207149.0,456388.11,1807363.0,2.0
Mine77/algo-workshop-v2,1.0,0.0,0.000%,0.0,0.0,-0.000%,,,,,,,,
MintKudos/mintgate-widget,2.0,0.0,0.000%,1.0,0.0,0.000%,,,,,,,,
MixinNetwork/mixin,1.0,1.0,100.000%,56.0,48.0,85.714%,33011.0,33011.0,33011.0,33011.0,136126.0,244430.67,1210061.0,7.0
MobiWebSolutionz/Yearn-Test-App,1.0,0.0,0.000%,0.0,0.0,-0.000%,,,,,,,,
MordFustang21/ide-gopls,1.0,0.0,0.000%,12.0,4.0,33.333%,,,,,63764.0,130039.25,390452.0,2177.0
MurmurationsNetwork/MurmurationsProtocol,1.0,1.0,100.000%,27.0,26.0,96.296%,92758.0,92758.0,92758.0,92758.0,80429.5,186214.85,925987.0,15.0
MyBitFoundation/MYDAX,1.0,0.0,0.000%,0.0,0.0,-0.000%,,,,,,,,
MyBitFoundation/MyBit-DDF.website,3.0,3.0,100.000%,34.0,34.0,100.000%,287047.0,239498.33,287059.0,144389.0,4129.0,48649.5,315443.0,134.0
MyBitFoundation/MyBit-Documentation.website,1.0,1.0,100.000%,0.0,0.0,-0.000%,30613.0,30613.0,30613.0,30613.0,,,,
MyBitFoundation/MyBit-Dropzone.tech,1.0,1.0,100.000%,1.0,1.0,100.000%,2587.0,2587.0,2587.0,2587.0,1562.0,1562.0,1562.0,1562.0
MyBitFoundation/MyBit-Fork.tech,1.0,1.0,100.000%,1.0,0.0,0.000%,12232.0,12232.0,12232.0,12232.0,,,,
MyBitFoundation/MyBit-Go.app,9.0,8.0,88.889%,98.0,74.0,75.510%,238776.5,208559.0,390231.0,1743.0,29634.5,134757.45,1078677.0,1.0
MyBitFoundation/MyBit-Go.website,2.0,2.0,100.000%,13.0,13.0,100.000%,2199.5,2199.5,2929.0,1470.0,10653.0,337578.62,986631.0,15.0
MyBitFoundation/MyBit-Network.tech,2.0,2.0,100.000%,22.0,22.0,100.000%,173433.5,173433.5,217618.0,129249.0,37554.0,35620.59,72953.0,3145.0
MyBitFoundation/MyBit-Payroll.tech,2.0,2.0,100.000%,0.0,0.0,-0.000%,99251.5,99251.5,186260.0,12243.0,,,,
MyBitFoundation/MyBit-Trust.tech,2.0,2.0,100.000%,0.0,0.0,-0.000%,93769.0,93769.0,102516.0,85022.0,,,,
MyBitFoundation/MyBit-UI-Toolkit.app,4.0,4.0,100.000%,10.0,6.0,60.000%,46953.0,46953.0,93539.0,367.0,351.0,16618.33,49489.0,15.0
MyBitFoundation/MyBit-Will.app,1.0,1.0,100.000%,0.0,0.0,-0.000%,18089.0,18089.0,18089.0,18089.0,,,,
MyBitFoundation/MyBit-Will.tech,1.0,1.0,100.000%,1.0,0.0,0.000%,71185.0,71185.0,71185.0,71185.0,,,,
MyBitFoundation/MyBit.design,8.0,8.0,100.000%,21.0,18.0,85.714%,217697.5,202357.75,249457.0,31659.0,30519.0,52144.11,249748.0,10.0
MyBitFoundation/MyBit.marketing,6.0,6.0,100.000%,38.0,35.0,92.105%,254498.5,238508.0,291265.0,121794.0,50258.0,76030.34,158613.0,268.0
MyBitFoundation/MyBit.website,3.0,3.0,100.000%,11.0,11.0,100.000%,51654.0,62698.67,124983.0,11459.0,945615.0,699930.0,994111.0,386.0
MyCryptoHQ/MyCrypto,3.0,3.0,100.000%,1005.0,988.0,98.308%,277981.0,256050.67,417468.0,72703.0,28845.0,133735.49,1072586.0,0.0
MyEtherWallet/MyEtherWallet,1.0,1.0,100.000%,619.0,594.0,95.961%,21285.0,21285.0,21285.0,21285.0,18987.0,78615.42,888747.0,0.0
NFTCheese/NFTCheeseChromeExtensionPublic,1.0,0.0,0.000%,0.0,0.0,-0.000%,,,,,,,,
NFTX-project/nftx-protocol-v2,1.0,1.0,100.000%,2.0,2.0,100.000%,835.0,835.0,835.0,835.0,26495.5,26495.5,51865.0,1126.0
NFTletter/letter,1.0,1.0,100.000%,0.0,0.0,-0.000%,41644.0,41644.0,41644.0,41644.0,,,,
Naggertooth/sample_app,9.0,0.0,0.000%,0.0,0.0,-0.000%,,,,,,,,
NaturalSelectionLabs/gitcoin,3.0,0.0,0.000%,0.0,0.0,-0.000%,,,,,,,,
NatureDAOTech/dao-conracts,1.0,1.0,100.000%,6.0,5.0,83.333%,44695.0,44695.0,44695.0,44695.0,7162.0,6792.4,10676.0,2731.0
NebulousLabs/Skynet-Hive,7.0,2.0,28.571%,2.0,2.0,100.000%,106270.0,106270.0,113245.0,99295.0,131954.0,131954.0,133530.0,130378.0
Nethereum/Nethereum,1.0,1.0,100.000%,744.0,664.0,89.247%,68605.0,68605.0,68605.0,68605.0,9979.0,131275.38,2724041.0,0.0
Nethereum/Nethereum-Explorer-Wallet-Template-Blazor,1.0,1.0,100.000%,6.0,3.0,50.000%,1092925.0,1092925.0,1092925.0,1092925.0,238220.0,470159.0,1171651.0,606.0
NethermindEth/nethermind,18.0,18.0,100.000%,5691.0,4695.0,82.499%,482204.0,755567.33,2173772.0,146943.0,19923.0,149270.52,2399748.0,0.0
NeuroVault/NeuroVault,1.0,0.0,0.000%,342.0,220.0,64.327%,,,,,24171.0,153958.91,3595298.0,0.0
NextDotID/proof_server,8.0,2.0,25.000%,44.0,22.0,50.000%,79552.0,79552.0,79552.0,79552.0,11490.0,19541.36,64845.0,29.0
NextDotID/relation_server,1.0,0.0,0.000%,11.0,9.0,81.818%,,,,,6275.0,19405.22,69383.0,1083.0
NexusMutual/smart-contracts,5.0,5.0,100.000%,249.0,213.0,85.542%,261894.0,315559.8,396085.0,261867.0,46295.0,67472.34,431626.0,0.0
NiftyApes/public,4.0,2.0,50.000%,2.0,2.0,100.000%,431866.0,431866.0,431866.0,431866.0,541408.0,541408.0,541408.0,541408.0
NixOS/nixpkgs,0.0,0.0,-0.000%,1608.0,843.0,52.425%,,,,,8081.0,34684.61,299114.0,0.0
NoamDev/gitcoin-test,1.0,0.0,0.000%,0.0,0.0,-0.000%,,,,,,,,
NomicFoundation/buidler-docker-solc,1.0,0.0,0.000%,0.0,0.0,-0.000%,,,,,,,,
NomicFoundation/buidler-etherscan,1.0,1.0,100.000%,2.0,0.0,0.000%,27311.0,27311.0,27311.0,27311.0,,,,
NomicFoundation/hardhat,0.0,0.0,-0.000%,1031.0,794.0,77.013%,,,,,17991.5,73925.97,750128.0,0.0
Nqtacn/oduler,1.0,1.0,100.000%,0.0,0.0,-0.000%,151685.0,151685.0,151685.0,151685.0,,,,
ONE-Liquidity-DAO/bounties,3.0,2.0,66.667%,4.0,0.0,0.000%,2887.0,2887.0,5760.0,14.0,,,,
Omni-GroundHogs/Front-end,1.0,0.0,0.000%,1.0,0.0,0.000%,,,,,,,,
OmniacsDAO/eth2-validator-health-dashboard,1.0,0.0,0.000%,0.0,0.0,-0.000%,,,,,,,,
OnGridSystems/coinpayments-py,1.0,1.0,100.000%,2.0,2.0,100.000%,3899.0,3899.0,3899.0,3899.0,9194.0,9194.0,18251.0,137.0
OneMillionDevs/bounties,3.0,1.0,33.333%,3.0,0.0,0.000%,4669.0,4669.0,4669.0,4669.0,,,,
Open-Nyzo/Nytro-Hackathon,1.0,0.0,0.000%,0.0,0.0,-0.000%,,,,,,,,
OpenDataforWeb3/hackathon,4.0,0.0,0.000%,0.0,0.0,-0.000%,,,,,,,,
OpenDeFi/Hackathon,6.0,0.0,0.000%,2.0,2.0,100.000%,,,,,13.0,13.0,18.0,8.0
OpenDeFi/Security_Standard,2.0,2.0,100.000%,1.0,1.0,100.000%,132038.0,132038.0,132046.0,132030.0,4.0,4.0,4.0,4.0
OpenFrontEnds/CompoundFrontEnd,1.0,0.0,0.000%,0.0,0.0,-0.000%,,,,,,,,
OpenKudos/OpenKudos,1.0,0.0,0.000%,8.0,1.0,12.500%,,,,,380.0,380.0,380.0,380.0
OpenOrg-gg/AmphoraProtocol,4.0,3.0,75.000%,1.0,1.0,100.000%,26891.0,19412.33,27229.0,4117.0,13029.0,13029.0,13029.0,13029.0
OpenOrg-gg/GenericBounties,1.0,0.0,0.000%,0.0,0.0,-0.000%,,,,,,,,
OpenQDev/OpenQ-Frontend,1.0,1.0,100.000%,983.0,937.0,95.320%,1290.0,1290.0,1290.0,1290.0,3169.0,16135.15,510395.0,0.0
OpenZeppelin/ethernaut,2.0,2.0,100.000%,181.0,168.0,92.818%,983671.0,983671.0,1683464.0,283878.0,47241.5,521435.4,2627914.0,0.0
OpenZeppelin/openzeppelin-contracts,0.0,0.0,-0.000%,338.0,273.0,80.769%,,,,,5396.0,60613.72,701607.0,0.0
OpenZeppelin/openzeppelin-labs,1.0,0.0,0.000%,80.0,61.0,76.250%,,,,,30697.0,82438.15,1505248.0,636.0
OpenZeppelin/openzeppelin-sdk,0.0,0.0,-0.000%,275.0,129.0,46.909%,,,,,8686.0,45058.58,318409.0,2.0
OpeningDesign/OD_Library,1.0,0.0,0.000%,5.0,1.0,20.000%,,,,,2774.0,2774.0,2774.0,2774.0
OpeningDesign/ifc-commenter,1.0,0.0,0.000%,0.0,0.0,-0.000%,,,,,,,,
OptiKey/OptiKey,1.0,1.0,100.000%,482.0,390.0,80.913%,1767238.0,1767238.0,1767238.0,1767238.0,37727.0,203888.72,2307854.0,0.0
OrchidProtocol/nanopay-demo,1.0,0.0,0.000%,0.0,0.0,-0.000%,,,,,,,,
OriHoch/data4dappl,1.0,1.0,100.000%,131.0,100.0,76.336%,391562.0,391562.0,391562.0,391562.0,27997.0,182003.91,646130.0,0.0
OriginProtocol/origin,0.0,0.0,-0.000%,851.0,609.0,71.563%,,,,,14276.0,38907.92,313318.0,0.0
PDFTron/pdftron-sign-app,1.0,1.0,100.000%,8.0,6.0,75.000%,2823.0,2823.0,2823.0,2823.0,194.0,1041.33,2810.0,85.0
Panvala/panvala,1.0,0.0,0.000%,1.0,0.0,0.000%,,,,,,,,
PaulRBerg/prb-proxy,1.0,1.0,100.000%,38.0,36.0,94.737%,14195.0,14195.0,14195.0,14195.0,11542.5,65893.5,492120.0,1.0
Phala-Network/community-bridges,1.0,0.0,0.000%,1.0,1.0,100.000%,,,,,34655.0,34655.0,34655.0,34655.0
Phala-Network/hello-world-by-polkadot,2.0,0.0,0.000%,0.0,0.0,-0.000%,,,,,,,,
Phala-Network/phala-blockchain,2.0,2.0,100.000%,197.0,139.0,70.558%,12559.5,12559.5,21263.0,3856.0,13079.0,53567.86,484673.0,0.0
Phala-Network/phala-wiki,1.0,1.0,100.000%,10.0,8.0,80.000%,1411.0,1411.0,1411.0,1411.0,88643.0,100062.62,255499.0,6358.0
Phala-Network/prelaunch-token,1.0,0.0,0.000%,0.0,0.0,-0.000%,,,,,,,,
PinataCloud/apollo,2.0,0.0,0.000%,0.0,0.0,-0.000%,,,,,,,,
PlasticSCM/UdtSharp,1.0,0.0,0.000%,3.0,1.0,33.333%,,,,,58869.0,58869.0,58869.0,58869.0
PlatONnetwork/PlatON-x-Gitcoin-Bounty-,3.0,0.0,0.000%,0.0,0.0,-0.000%,,,,,,,,
PolyGaj/polygaj-frontend,1.0,1.0,100.000%,2.0,1.0,50.000%,724422.0,724422.0,724422.0,724422.0,723363.0,723363.0,723363.0,723363.0
PolymathNetwork/polymath-core,6.0,6.0,100.000%,128.0,116.0,90.625%,158318.0,112997.33,158960.0,122.0,5657.0,34371.22,401848.0,12.0
PreventFlashLoanAttacks/Prevent-Flash-Loan-Attacks,1.0,0.0,0.000%,15.0,9.0,60.000%,,,,,4134.0,6787.67,20356.0,247.0
ProDerivatives/EthereumContracts,1.0,1.0,100.000%,0.0,0.0,-0.000%,13022.0,13022.0,13022.0,13022.0,,,,
ProjectMeshnet/nodeatlas,0.0,0.0,-0.000%,176.0,145.0,82.386%,,,,,5673.0,20990.5,366887.0,14.0
ProjectOpenSea/opensea-js,1.0,1.0,100.000%,373.0,368.0,98.660%,1775318.0,1775318.0,1775318.0,1775318.0,26066.0,162657.83,1380466.0,0.0
ProjectWyvern/dao.projectwyvern.com,1.0,0.0,0.000%,1.0,0.0,0.000%,,,,,,,,
ProjectWyvern/frontends,2.0,2.0,100.000%,3.0,1.0,33.333%,14236.5,14236.5,14238.0,14235.0,1.0,1.0,1.0,1.0
ProjectWyvern/wyvern-ethereum,5.0,5.0,100.000%,8.0,6.0,75.000%,10372.0,13783.0,31462.0,4547.0,1245.5,38414.67,226020.0,20.0
ProofSuite/OrFeed,64.0,64.0,100.000%,28.0,16.0,57.143%,61880.5,73300.84,294515.0,1173.0,125490.5,152919.38,406203.0,61980.0
Publicae/Politicoin-Wallet,1.0,0.0,0.000%,0.0,0.0,-0.000%,,,,,,,,
PulseBlockchain/oz-sample-app,5.0,5.0,100.000%,3.0,1.0,33.333%,920.0,6366.8,26334.0,718.0,140026.0,140026.0,140026.0,140026.0
PunkFinance/punk.protocol,5.0,0.0,0.000%,1.0,1.0,100.000%,,,,,293.0,293.0,293.0,293.0
PwayGames/PWay.Contracts,3.0,2.0,66.667%,1.0,0.0,0.000%,159.5,159.5,168.0,151.0,,,,
Qi-Dao-Mai-Finance/poapathon2021,5.0,0.0,0.000%,0.0,0.0,-0.000%,,,,,,,,
QuickFast-io/LandingPage,1.0,0.0,0.000%,0.0,0.0,-0.000%,,,,,,,,
QuickFast-io/UX,1.0,0.0,0.000%,0.0,0.0,-0.000%,,,,,,,,
RadicalxChange/GitxChange,6.0,0.0,0.000%,1.0,1.0,100.000%,,,,,9.0,9.0,9.0,9.0
RampNetwork/0xHack,3.0,0.0,0.000%,1.0,0.0,0.000%,,,,,,,,
RareBirdsLLC/rarebirds,1.0,1.0,100.000%,0.0,0.0,-0.000%,428283.0,428283.0,428283.0,428283.0,,,,
RareSkills/RSA-presale-allowlist,1.0,1.0,100.000%,0.0,0.0,-0.000%,60078.0,60078.0,60078.0,60078.0,,,,
RareSkills/gas-puzzles,1.0,1.0,100.000%,4.0,4.0,100.000%,70193.0,70193.0,70193.0,70193.0,11913.5,12842.25,15631.0,11911.0
RavenProject/Ravencoin,3.0,2.0,66.667%,483.0,344.0,71.222%,219261.0,219261.0,406700.0,31822.0,41842.5,171310.47,1639743.0,0.0
RavenProject/ravenwallet-android,1.0,0.0,0.000%,63.0,45.0,71.429%,,,,,143444.0,121444.84,241770.0,1012.0
RebasedToken/Bounties,3.0,3.0,100.000%,0.0,0.0,-0.000%,4804.0,12159.33,28858.0,2816.0,,,,
Recoblix/aragon-delay-app,1.0,1.0,100.000%,0.0,0.0,-0.000%,1251.0,1251.0,1251.0,1251.0,,,,
Redth/ZXing.Net.Mobile,2.0,2.0,100.000%,888.0,709.0,79.842%,821909.5,821909.5,1035545.0,608274.0,207262.0,610973.36,3226150.0,0.0
Remmeauth/gitcoin-remme-contest,1.0,0.0,0.000%,0.0,0.0,-0.000%,,,,,,,,
ResearchHub/researchhub-backend,1.0,1.0,100.000%,556.0,535.0,96.223%,10124.0,10124.0,10124.0,10124.0,30398.0,153166.53,1195326.0,0.0
RibbonBlockchain/IncentivesMVP,6.0,4.0,66.667%,17.0,10.0,58.824%,27395.5,26144.5,48686.0,1101.0,13663.5,17904.3,58738.0,2646.0
RibbonBlockchain/RibbonBlockchainHomepage,6.0,6.0,100.000%,10.0,1.0,10.000%,6418.5,5565.5,8155.0,1409.0,1.0,1.0,1.0,1.0
RidgeRock/stickery,1.0,1.0,100.000%,0.0,0.0,-0.000%,96295.0,96295.0,96295.0,96295.0,,,,
RobKelley/its-a-cinch,0.0,0.0,-0.000%,1.0,1.0,100.000%,,,,,159827.0,159827.0,159827.0,159827.0
RushabhParmar12/NFT,1.0,0.0,0.000%,0.0,0.0,-0.000%,,,,,,,,
RushabhParmar12/graph-node,1.0,0.0,0.000%,0.0,0.0,-0.000%,,,,,,,,
RuslanWing/Bounties,1.0,0.0,0.000%,0.0,0.0,-0.000%,,,,,,,,
RxCLosAngeles/downtownstimulus,1.0,0.0,0.000%,0.0,0.0,-0.000%,,,,,,,,
SVET-Rating/SvetIndex,4.0,3.0,75.000%,12.0,1.0,8.333%,95852.0,116837.33,243496.0,11164.0,254693.0,254693.0,254693.0,254693.0
SamPorter1984/Aletheo,2.0,1.0,50.000%,0.0,0.0,-0.000%,255485.0,255485.0,255485.0,255485.0,,,,
SaptakS/mangadownloader-cli,1.0,1.0,100.000%,4.0,4.0,100.000%,2948702.0,2948702.0,2948702.0,2948702.0,2237.0,4639.0,14077.0,5.0
SaptakS/saptaks-website,6.0,6.0,100.000%,7.0,5.0,71.429%,58107.5,107343.33,268031.0,8.0,175105.0,281993.6,979791.0,8.0
SaptakS/test-repo,16.0,0.0,0.000%,1.0,0.0,0.000%,,,,,,,,
ScopeLift/umbra-protocol,3.0,3.0,100.000%,215.0,184.0,85.581%,42072.0,31793.0,44389.0,8918.0,92451.0,163145.03,1140319.0,19.0
SecureSECO/SearchSECOController,14.0,4.0,28.571%,14.0,8.0,57.143%,22123.5,104803.25,362162.0,12804.0,2092.0,2382.88,6120.0,0.0
SecureSECO/SearchSECODatabaseAPI,2.0,0.0,0.000%,5.0,0.0,0.000%,,,,,,,,
SecureSECO/SecureSECO,2.0,1.0,50.000%,1.0,0.0,0.000%,68969.0,68969.0,68969.0,68969.0,,,,
ShareX/ShareX,1.0,0.0,0.000%,5675.0,5235.0,92.247%,,,,,3768.0,154310.42,4269155.0,0.0
SharedStake/Contracts,1.0,0.0,0.000%,11.0,4.0,36.364%,,,,,13449.5,12339.75,21406.0,1054.0
Sharonbyrne/Sample-contracts,1.0,0.0,0.000%,0.0,0.0,-0.000%,,,,,,,,
ShieldDAODev/shield-bounties,1.0,0.0,0.000%,0.0,0.0,-0.000%,,,,,,,,
ShipChain/hydra,1.0,1.0,100.000%,12.0,8.0,66.667%,38975.0,38975.0,38975.0,38975.0,21680.5,71791.12,306813.0,1278.0
ShlomoAriel/user-management,1.0,0.0,0.000%,0.0,0.0,-0.000%,,,,,,,,
Shmoji/question-wiki,2.0,1.0,50.000%,0.0,0.0,-0.000%,36.0,36.0,36.0,36.0,,,,
Shopify/gitcoin-bounties,1.0,0.0,0.000%,1.0,0.0,0.000%,,,,,,,,
Sifchain/The-Bounty-Board,1.0,0.0,0.000%,7.0,3.0,42.857%,,,,,124114.0,124113.67,124117.0,124110.0
Sifchain/sifnode,7.0,6.0,85.714%,745.0,588.0,78.926%,22513.0,27587.83,64473.0,4144.0,29860.5,53583.47,827213.0,0.0
Skyge/ERC20-with-gas-token,2.0,2.0,100.000%,2.0,2.0,100.000%,48332.5,48332.5,90132.0,6533.0,41465.5,41465.5,74647.0,8284.0
Skyge/Solidity_Practice,1.0,0.0,0.000%,0.0,0.0,-0.000%,,,,,,,,
SkynetLabs/Skynet-Hive,2.0,0.0,0.000%,6.0,1.0,16.667%,,,,,159297.0,159297.0,159297.0,159297.0
SmartContractSecurity/SWC-registry,7.0,7.0,100.000%,52.0,42.0,80.769%,19433.0,20539.57,27060.0,12864.0,18324.0,230666.86,2437442.0,121.0
SmartLoan/smartloan-sml-paper,1.0,1.0,100.000%,6.0,1.0,16.667%,11155.0,11155.0,11155.0,11155.0,40140.0,40140.0,40140.0,40140.0
SocialDAO/MediaWikiSteemit,1.0,0.0,0.000%,0.0,0.0,-0.000%,,,,,,,,
SocialDAO/ads,1.0,0.0,0.000%,0.0,0.0,-0.000%,,,,,,,,
SoftwareEngineeringDaily/sedaily-front-end,1.0,1.0,100.000%,452.0,437.0,96.681%,28852.0,28852.0,28852.0,28852.0,27284.0,299039.36,932137.0,0.0
SogurCurrency/Gitcoin-hackathon,11.0,0.0,0.000%,0.0,0.0,-0.000%,,,,,,,,
Solexplorer/compound-account-service,1.0,0.0,0.000%,0.0,0.0,-0.000%,,,,,,,,
SovrynBTC/Ecosystem-Bounties,4.0,0.0,0.000%,0.0,0.0,-0.000%,,,,,,,,
SovrynBTC/sovrython-2021-bounties,19.0,0.0,0.000%,0.0,0.0,-0.000%,,,,,,,,
SpacedVentures/POAPathon,3.0,0.0,0.000%,0.0,0.0,-0.000%,,,,,,,,
Sperax/USDs-Whitepaper,1.0,0.0,0.000%,0.0,0.0,-0.000%,,,,,,,,
SpiegelEiXXL-WGJ-Creations/WGJ64-DungeonCrawiching,2.0,2.0,100.000%,4.0,4.0,100.000%,171299.0,171299.0,175706.0,166892.0,175704.5,175704.25,175707.0,175701.0
StateofScale/State-of-Scale,2.0,0.0,0.000%,5.0,2.0,40.000%,,,,,2.0,2.0,3.0,1.0
StorXNetwork/StorX-Node,2.0,0.0,0.000%,29.0,2.0,6.897%,,,,,7531.5,7531.5,13620.0,1443.0
StorXNetwork/WebSite,1.0,0.0,0.000%,2.0,0.0,0.000%,,,,,,,,
SukiCZ/suki.wtf,1.0,1.0,100.000%,1.0,1.0,100.000%,1047.0,1047.0,1047.0,1047.0,907948.0,907948.0,907948.0,907948.0
Sundly/sundly,1.0,0.0,0.000%,12.0,4.0,33.333%,,,,,46692.5,41133.75,50920.0,20230.0
Supra-Bounties/Bounties,2.0,0.0,0.000%,0.0,0.0,-0.000%,,,,,,,,
Synthetixio/NYBW-Hackathon-Gitcoin,1.0,0.0,0.000%,0.0,0.0,-0.000%,,,,,,,,
Synthetixio/synthetix,12.0,8.0,66.667%,230.0,82.0,35.652%,79327.5,77987.75,129187.0,24109.0,12672.0,95565.71,1144688.0,1.0
TaioTech/smart-on-fhir,1.0,0.0,0.000%,0.0,0.0,-0.000%,,,,,,,,
Tenderize/tender-app,1.0,1.0,100.000%,78.0,73.0,93.590%,71044.0,71044.0,71044.0,71044.0,25903.0,74453.59,503806.0,3.0
Tenoorja/Manna,1.0,0.0,0.000%,0.0,0.0,-0.000%,,,,,,,,
TerexitariusStomp/Avano,1.0,1.0,100.000%,0.0,0.0,-0.000%,14826.0,14826.0,14826.0,14826.0,,,,
TerexitariusStomp/NFTPublicGoodMarketplace,1.0,0.0,0.000%,0.0,0.0,-0.000%,,,,,,,,
Ternio/Twitter_Bot,1.0,0.0,0.000%,0.0,0.0,-0.000%,,,,,,,,
TestForTravisi309ui90u/test123,0.0,0.0,-0.000%,1.0,0.0,0.000%,,,,,,,,
The-Funding-Cooperative-DAO/docs,1.0,0.0,0.000%,0.0,0.0,-0.000%,,,,,,,,
TimVanMourik/Armadillo,1.0,1.0,100.000%,15.0,8.0,53.333%,19071.0,19071.0,19071.0,19071.0,37447.0,28238.62,42134.0,7413.0
TimVanMourik/GitpitchDonders,3.0,3.0,100.000%,0.0,0.0,-0.000%,39864.0,40187.67,47355.0,33344.0,,,,
TimVanMourik/Porcupine,3.0,2.0,66.667%,14.0,4.0,28.571%,34468.0,34468.0,48176.0,20760.0,631.0,651.25,1341.0,2.0
Transak/transak-sdk,1.0,1.0,100.000%,8.0,1.0,12.500%,240238.0,240238.0,240238.0,240238.0,33.0,33.0,33.0,33.0
TravinImmunefi/Sovryn-SIP0008,1.0,0.0,0.000%,0.0,0.0,-0.000%,,,,,,,,
TripleSpeeder/token-allowance-checker,1.0,1.0,100.000%,63.0,40.0,63.492%,22056.0,22056.0,22056.0,22056.0,8243.0,50837.48,1068878.0,35.0
TruSat/trusat-backend,1.0,1.0,100.000%,62.0,30.0,48.387%,77772.0,77772.0,77772.0,77772.0,16299.5,33513.47,256188.0,113.0
TruSat/trusat-frontend,1.0,1.0,100.000%,120.0,88.0,73.333%,20021.0,20021.0,20021.0,20021.0,2718.0,15754.08,168961.0,0.0
TrueBlocks/trueblocks-core,4.0,4.0,100.000%,3954.0,3696.0,93.475%,76236.5,76236.5,141654.0,10819.0,45994.5,138858.42,1630565.0,0.0
TrueFiEng/useDApp,5.0,5.0,100.000%,320.0,280.0,87.500%,151619.0,151811.4,152645.0,151582.0,27433.5,102397.59,602601.0,2.0
TurqPBC/turqLegislation,4.0,1.0,25.000%,0.0,0.0,-0.000%,14637.0,14637.0,14637.0,14637.0,,,,
UMAprotocol/Hackathon-Prizes-,8.0,4.0,50.000%,2.0,1.0,50.000%,125366.5,125368.0,125388.0,125351.0,3152.0,3152.0,3152.0,3152.0
UMAprotocol/protocol,1.0,1.0,100.000%,962.0,891.0,92.620%,721013.0,721013.0,721013.0,721013.0,7522.0,71412.04,1925841.0,0.0
Ubeswap/gitcoin-bounties,6.0,0.0,0.000%,0.0,0.0,-0.000%,,,,,,,,
UniBitProject/wallet,8.0,2.0,25.000%,22.0,18.0,81.818%,88246.0,88246.0,88246.0,88246.0,2350.0,14111.22,105522.0,7.0
UniLogin/UniLogin,5.0,3.0,60.000%,69.0,47.0,68.116%,108083.0,203531.0,487588.0,14922.0,11275.0,58836.3,458383.0,0.0
Uniswap/api-deprecated,0.0,0.0,-0.000%,13.0,11.0,84.615%,,,,,1604.0,13338.73,51620.0,1.0
Uniswap/info,2.0,2.0,100.000%,146.0,78.0,53.425%,75181.0,75181.0,119293.0,31069.0,17957.0,92422.26,430607.0,1.0
Uniswap/interface,8.0,8.0,100.000%,4060.0,2844.0,70.049%,214614.5,217809.25,426022.0,15986.0,7210.5,65253.53,1307544.0,0.0
Uniswap/v2-core,1.0,1.0,100.000%,99.0,80.0,80.808%,60305.0,60305.0,60305.0,60305.0,7800.5,44565.01,620967.0,0.0
VexyCats/Gitcoin_Bounties,1.0,1.0,100.000%,0.0,0.0,-0.000%,23438.0,23438.0,23438.0,23438.0,,,,
VieYang/GitcoinTest,1.0,1.0,100.000%,0.0,0.0,-0.000%,20.0,20.0,20.0,20.0,,,,
Volatility-DAO/POAPathon-Prizes,5.0,0.0,0.000%,0.0,0.0,-0.000%,,,,,,,,
VolcaTech/cryptoxmas.xyz,6.0,2.0,33.333%,33.0,29.0,87.879%,22016.5,22016.5,31213.0,12820.0,6379.0,32354.79,734245.0,672.0
WalletConnect/kotlin-walletconnect-lib,1.0,0.0,0.000%,58.0,17.0,29.310%,,,,,5938.0,78616.71,779480.0,2.0
WalletConnect/node-walletconnect-bridge,1.0,1.0,100.000%,17.0,14.0,82.353%,176548.0,176548.0,176548.0,176548.0,26317.5,44384.71,158231.0,296.0
WalletConnect/py-walletconnect-bridge,4.0,4.0,100.000%,17.0,16.0,94.118%,40656.0,40100.75,59085.0,20006.0,44503.0,68259.69,312224.0,1.0
WalletConnect/walletconnect-docs,2.0,1.0,50.000%,83.0,54.0,65.060%,26975.0,26975.0,26975.0,26975.0,16275.0,62602.41,748928.0,0.0
WalletConnect/walletconnect-monorepo,10.0,10.0,100.000%,1188.0,924.0,77.778%,93677.0,63424.0,105408.0,4216.0,17150.5,146826.7,1913091.0,0.0
WalletConnect/walletconnect-specs,0.0,0.0,-0.000%,29.0,29.0,100.000%,,,,,39192.0,52259.86,161546.0,370.0
WalletConnect/web3modal,9.0,9.0,100.000%,1611.0,1575.0,97.765%,15715.0,16763.0,30331.0,4243.0,50412.0,278116.28,1819749.0,0.0
Waterwood-network/smart-contracts,3.0,0.0,0.000%,0.0,0.0,-0.000%,,,,,,,,
Web3-Foundation-Hackathons/hello-world-by-polkadot,17.0,0.0,0.000%,2.0,2.0,100.000%,,,,,1.5,1.5,2.0,1.0
Web3Bridge/github-bonty,1.0,0.0,0.000%,1.0,0.0,0.000%,,,,,,,,
Web3Foundation/build-polkadot,1.0,0.0,0.000%,0.0,0.0,-0.000%,,,,,,,,
Web3Foundation/hackathons,0.0,0.0,-0.000%,1.0,1.0,100.000%,,,,,138405.0,138405.0,138405.0,138405.0
WhiteMatrixTech/Gitcoin,1.0,0.0,0.000%,0.0,0.0,-0.000%,,,,,,,,
XDC-Community/XDPoSChain,1.0,0.0,0.000%,0.0,0.0,-0.000%,,,,,,,,
XDC-Community/XIPs.github.io,1.0,0.0,0.000%,2.0,0.0,0.000%,,,,,,,,
XDC-Community/docs,42.0,42.0,100.000%,5.0,3.0,60.000%,11099.5,13059.62,57693.0,226.0,111.0,3908.67,11613.0,2.0
XDC-Community/xdc-pay-xdcpay,1.0,0.0,0.000%,0.0,0.0,-0.000%,,,,,,,,
XDCFoundation/Hackathon-GR13,1.0,1.0,100.000%,0.0,0.0,-0.000%,31496.0,31496.0,31496.0,31496.0,,,,
XDCFoundation/xdc-pay-xdcpay,1.0,1.0,100.000%,7.0,4.0,57.143%,107052.0,107052.0,107052.0,107052.0,98244.0,105205.25,179994.0,44339.0
XLNT/gnarly,6.0,3.0,50.000%,31.0,14.0,45.161%,109600.0,122598.67,181398.0,76798.0,21979.5,31036.36,107484.0,0.0
Xilinx/BNN-PYNQ,1.0,1.0,100.000%,148.0,139.0,93.919%,8944.0,8944.0,8944.0,8944.0,21930.0,120656.72,1069543.0,1.0
XinFinOrg/Open-Hackathon,2.0,1.0,50.000%,71.0,55.0,77.465%,600541.0,600541.0,600541.0,600541.0,26068.0,24269.05,27825.0,0.0
XinFinOrg/XDPoSChain,1.0,1.0,100.000%,28.0,18.0,64.286%,208669.0,208669.0,208669.0,208669.0,53257.0,140484.5,1285948.0,11.0
YaleOpenLab/Collabathon_2019,1.0,1.0,100.000%,7.0,1.0,14.286%,73728.0,73728.0,73728.0,73728.0,11.0,11.0,11.0,11.0
YieldHand/OptionsMarket,4.0,2.0,50.000%,0.0,0.0,-0.000%,982.0,982.0,1040.0,924.0,,,,
YieldHand/OptionsMarketLiquidityPool,3.0,2.0,66.667%,0.0,0.0,-0.000%,7407.0,7407.0,7408.0,7406.0,,,,
Z-Meta-VC/Telos-Oraclize-Integration,1.0,0.0,0.000%,0.0,0.0,-0.000%,,,,,,,,
ZcashFoundation/zcash-grant-system,2.0,2.0,100.000%,254.0,220.0,86.614%,254302.5,254302.5,321299.0,187306.0,9404.5,21552.21,437708.0,0.0
Zharta/bounties,1.0,1.0,100.000%,1.0,1.0,100.000%,79129.0,79129.0,79129.0,79129.0,0.0,0.0,0.0,0.0
Zilliqa/Zilliqa,11.0,10.0,90.909%,344.0,259.0,75.291%,103854.5,127321.8,408924.0,86250.0,17097.0,100419.07,1117356.0,0.0
Zilliqa/devex,1.0,1.0,100.000%,18.0,12.0,66.667%,34205.0,34205.0,34205.0,34205.0,12921.0,114469.17,422760.0,4224.0
Zilliqa/ledger-app-zilliqa,1.0,0.0,0.000%,0.0,0.0,-0.000%,,,,,,,,
Zilliqa/xsgd-hackathon-,1.0,0.0,0.000%,0.0,0.0,-0.000%,,,,,,,,
Zilliqa/zilliqa-bounties,2.0,2.0,100.000%,2.0,1.0,50.000%,468061.0,468061.0,488156.0,447966.0,261180.0,261180.0,261180.0,261180.0
a8dev/Ethereal,2.0,0.0,0.000%,0.0,0.0,-0.000%,,,,,,,,
a8dev/bc-governance,1.0,0.0,0.000%,0.0,0.0,-0.000%,,,,,,,,
aaayushsingh/electra,1.0,0.0,0.000%,0.0,0.0,-0.000%,,,,,,,,
aantonop/woo-redact,1.0,1.0,100.000%,1.0,0.0,0.000%,18640.0,18640.0,18640.0,18640.0,,,,
aave/aave-gitcoin-hackaton-2019,10.0,0.0,0.000%,0.0,0.0,-0.000%,,,,,,,,
aave/protocol-v2,4.0,0.0,0.000%,103.0,54.0,52.427%,,,,,15814.0,41314.96,416598.0,2.0
abridged/collabland-dev,2.0,2.0,100.000%,9.0,9.0,100.000%,480597.0,480597.0,480601.0,480593.0,89026.0,183141.44,455099.0,73308.0
acatarineu/tor-browser,1.0,0.0,0.000%,0.0,0.0,-0.000%,,,,,,,,
acekyd/display-medium-posts,1.0,1.0,100.000%,30.0,18.0,60.000%,1081.0,1081.0,1081.0,1081.0,128600.0,259374.17,1250030.0,32.0
acolytec3/blockchain-explorer,1.0,1.0,100.000%,0.0,0.0,-0.000%,298.0,298.0,298.0,298.0,,,,
acolytec3/nanobitcoin,4.0,0.0,0.000%,0.0,0.0,-0.000%,,,,,,,,
acolytec3/nanobitcoin-go,9.0,0.0,0.000%,0.0,0.0,-0.000%,,,,,,,,
addrsto/Front-end-bounty,1.0,0.0,0.000%,0.0,0.0,-0.000%,,,,,,,,
adore/daylight,1.0,0.0,0.000%,11.0,1.0,9.091%,,,,,4310.0,4310.0,4310.0,4310.0
agarwalyeshu/node-okex-ws-spot,1.0,0.0,0.000%,1.0,1.0,100.000%,,,,,50.0,50.0,50.0,50.0
agbilotia1998/dropbox-event-scraper,1.0,1.0,100.000%,1.0,0.0,0.000%,13820.0,13820.0,13820.0,13820.0,,,,
agoraxyz/guild.xyz,2.0,2.0,100.000%,242.0,218.0,90.083%,79221.0,79221.0,79227.0,79215.0,8591.0,28037.59,413369.0,1.0
aidanok/arweave-dns-gateway,2.0,1.0,50.000%,8.0,0.0,0.000%,77489.0,77489.0,77489.0,77489.0,,,,
aionnetwork/aion,3.0,3.0,100.000%,322.0,293.0,90.994%,51770.0,41722.67,57721.0,15677.0,37728.0,83981.56,1005047.0,1.0
aionnetwork/aion_web3,1.0,1.0,100.000%,47.0,38.0,80.851%,175737.0,175737.0,175737.0,175737.0,24972.5,75610.47,382515.0,14.0
airalab/robonomics,10.0,8.0,80.000%,340.0,322.0,94.706%,106647.5,110628.0,184741.0,44476.0,5354.0,57130.93,560037.0,0.0
airalab/robonomics_comm,1.0,1.0,100.000%,66.0,65.0,98.485%,102194.0,102194.0,102194.0,102194.0,15944.0,39741.29,236351.0,15.0
ajsantander/hc,1.0,0.0,0.000%,2.0,0.0,0.000%,,,,,,,,
akash-network/awesome-akash,10.0,0.0,0.000%,96.0,88.0,91.667%,,,,,61.0,3558.67,156560.0,0.0
akshaynexus/miningcore,1.0,0.0,0.000%,4.0,0.0,0.000%,,,,,,,,
alexvotofuture/Shower-Vendor,1.0,1.0,100.000%,0.0,0.0,-0.000%,578.0,578.0,578.0,578.0,,,,
algorandfoundation/grow-algorand,130.0,42.0,32.308%,44.0,24.0,54.545%,52475.0,131403.74,453583.0,11.0,4065.0,36868.21,204269.0,0.0
alto-io/funding-the-future,2.0,0.0,0.000%,0.0,0.0,-0.000%,,,,,,,,
alto-io/game3.js,2.0,1.0,50.000%,2.0,0.0,0.000%,111981.0,111981.0,111981.0,111981.0,,,,
alto-io/gr-10,3.0,0.0,0.000%,0.0,0.0,-0.000%,,,,,,,,
alto-io/nft-minter,1.0,0.0,0.000%,2.0,0.0,0.000%,,,,,,,,
alx/parasol,2.0,2.0,100.000%,16.0,10.0,62.500%,44962.5,44962.5,89758.0,167.0,864.0,4292.2,21251.0,16.0
amateur-dev/Unipool,1.0,0.0,0.000%,0.0,0.0,-0.000%,,,,,,,,
andyruwruw/chess-web-api,1.0,1.0,100.000%,6.0,6.0,100.000%,13773.0,13773.0,13773.0,13773.0,27274.0,99914.5,370564.0,254.0
andytudhope/Recollections,3.0,2.0,66.667%,4.0,1.0,25.000%,85395.5,85395.5,146741.0,24050.0,210225.0,210225.0,210225.0,210225.0
angular/angular.js,4.0,2.0,50.000%,14226.0,13502.0,94.911%,667480.0,667480.0,667480.0,667480.0,3962.0,150739.65,4011594.0,0.0
anonymous193/gitcoin-test,1.0,0.0,0.000%,0.0,0.0,-0.000%,,,,,,,,
ansible/ansible,0.0,0.0,-0.000%,507.0,425.0,83.826%,,,,,1738.0,17675.92,296401.0,0.0
antron3000/gitcoin-testing,1.0,0.0,0.000%,0.0,0.0,-0.000%,,,,,,,,
apache/incubator-tuweni,1.0,1.0,100.000%,107.0,107.0,100.000%,323880.0,323880.0,323880.0,323880.0,180582.0,419645.46,1538086.0,37.0
apbendi/use-dai,2.0,2.0,100.000%,2.0,1.0,50.000%,7966.5,7966.5,10499.0,5434.0,2139.0,2139.0,2139.0,2139.0
apeconcepts/yield-farm,1.0,0.0,0.000%,0.0,0.0,-0.000%,,,,,,,,
api3dao/airnode,1.0,1.0,100.000%,460.0,399.0,86.739%,93500.0,93500.0,93500.0,93500.0,30319.0,79553.48,1023611.0,0.0
api3dao/api3-tracker,1.0,0.0,0.000%,6.0,2.0,33.333%,,,,,68310.5,68310.5,133863.0,2758.0
aquiladev/remix-mythx-plugin,1.0,1.0,100.000%,30.0,26.0,86.667%,88865.0,88865.0,88865.0,88865.0,8910.5,13222.19,63626.0,23.0
aragon/aragon-cli,3.0,3.0,100.000%,701.0,610.0,87.019%,471299.0,443288.33,571647.0,286919.0,35490.5,110854.03,1426574.0,0.0
aragon/aragon-monthly,9.0,7.0,77.778%,214.0,208.0,97.196%,23157.0,32492.0,103509.0,3362.0,38910.0,46371.97,264683.0,1.0
aragon/aragon-react-boilerplate,1.0,0.0,0.000%,36.0,34.0,94.444%,,,,,21396.5,107912.15,719135.0,73.0
aragon/aragon.js,1.0,1.0,100.000%,173.0,133.0,76.879%,395704.0,395704.0,395704.0,395704.0,171994.0,265330.12,1056808.0,0.0
aragon/client,0.0,0.0,-0.000%,364.0,185.0,50.824%,,,,,50779.0,112238.36,760025.0,0.0
aragon/dao-global-hackaton,6.0,0.0,0.000%,18.0,13.0,72.222%,,,,,1316.0,16099.62,194762.0,48.0
aragon/hack-for-freedom,1.0,0.0,0.000%,9.0,9.0,100.000%,,,,,16784.0,14061.22,16823.0,3482.0
aragon/use-wallet,1.0,0.0,0.000%,83.0,45.0,54.217%,,,,,2825.0,35004.89,304748.0,4.0
aragonone/hack-for-freedom,7.0,0.0,0.000%,0.0,0.0,-0.000%,,,,,,,,
arcxmoney/liquidator-bot,1.0,0.0,0.000%,0.0,0.0,-0.000%,,,,,,,,
arkworks-rs/curves,1.0,0.0,0.000%,37.0,21.0,56.757%,,,,,62185.0,304357.86,1324486.0,181.0
artstroio/dapp,1.0,1.0,100.000%,0.0,0.0,-0.000%,4036.0,4036.0,4036.0,4036.0,,,,
asmrfinance/bounties,2.0,0.0,0.000%,0.0,0.0,-0.000%,,,,,,,,
astahlman/ob-async,1.0,0.0,0.000%,43.0,29.0,67.442%,,,,,29176.0,88470.28,818813.0,1.0
athensresearch/athens,28.0,21.0,75.000%,752.0,461.0,61.303%,49470.0,56487.76,173524.0,1658.0,14408.0,60614.3,918412.0,0.0
athre0z/wasm,1.0,1.0,100.000%,6.0,4.0,66.667%,94120.0,94120.0,94120.0,94120.0,2788.5,247642.25,984973.0,19.0
audiohacked/OpenCorsairLink,1.0,1.0,100.000%,175.0,160.0,91.429%,908348.0,908348.0,908348.0,908348.0,229975.5,335602.74,1833567.0,4.0
audiojs/audio-speaker,1.0,0.0,0.000%,15.0,4.0,26.667%,,,,,134117.5,130603.75,192906.0,61274.0
aurora-is-near/bounties,1.0,1.0,100.000%,0.0,0.0,-0.000%,115793.0,115793.0,115793.0,115793.0,,,,
austintgriffith/burner-wallet,28.0,20.0,71.429%,224.0,102.0,45.536%,54716.5,90261.0,273692.0,175.0,16470.0,77207.37,1093983.0,72.0
austintgriffith/eth.build,4.0,3.0,75.000%,46.0,19.0,41.304%,12499.0,15943.0,31484.0,3846.0,8041.0,40104.05,433107.0,1.0
austintgriffith/galleass,1.0,1.0,100.000%,3.0,1.0,33.333%,80424.0,80424.0,80424.0,80424.0,68000.0,68000.0,68000.0,68000.0
authenteq-zz/java-bigchaindb-driver,1.0,0.0,0.000%,62.0,34.0,54.839%,,,,,21698.0,157434.41,1159164.0,13.0
ava-labs/avalanche-docs,1.0,0.0,0.000%,56.0,33.0,58.929%,,,,,5667.0,162988.24,742652.0,1.0
ava-labs/open-defi-hackathon,3.0,0.0,0.000%,0.0,0.0,-0.000%,,,,,,,,
aws-samples/non-profit-blockchain,1.0,0.0,0.000%,63.0,48.0,76.190%,,,,,67971.0,101858.23,729085.0,0.0
axell2017/bounties,4.0,2.0,50.000%,0.0,0.0,-0.000%,437.5,437.5,832.0,43.0,,,,
b4mad/racing,1.0,0.0,0.000%,27.0,21.0,77.778%,,,,,8895.0,70173.14,577569.0,2.0
baby-shiba-inu/contract,2.0,1.0,50.000%,1.0,0.0,0.000%,3039.0,3039.0,3039.0,3039.0,,,,
babydogecoingg/babydoge,1.0,0.0,0.000%,1.0,1.0,100.000%,,,,,2367.0,2367.0,2367.0,2367.0
backstop-protocol/BCompound,1.0,0.0,0.000%,32.0,28.0,87.500%,,,,,32582.0,50669.71,325117.0,180.0
backstop-protocol/dev,3.0,0.0,0.000%,0.0,0.0,-0.000%,,,,,,,,
backstop-protocol/dss-cdp-manager,1.0,0.0,0.000%,22.0,19.0,86.364%,,,,,11624.0,23771.47,69129.0,1011.0
backstop-protocol/react-client,1.0,0.0,0.000%,22.0,9.0,40.909%,,,,,7110.0,5103.78,7151.0,450.0
backstop-protocol/score,1.0,1.0,100.000%,0.0,0.0,-0.000%,20166.0,20166.0,20166.0,20166.0,,,,
balance-io/balance-common,1.0,0.0,0.000%,0.0,0.0,-0.000%,,,,,,,,
balance-io/balance-manager,13.0,8.0,61.538%,243.0,151.0,62.140%,117199.0,133040.62,259820.0,31471.0,50542.0,93923.88,337123.0,0.0
balance-io/balance-wallet,1.0,1.0,100.000%,283.0,188.0,66.431%,246360.0,246360.0,246360.0,246360.0,21021.5,39057.32,232846.0,0.0
balance-io/balance-website,2.0,2.0,100.000%,48.0,41.0,85.417%,204966.5,204966.5,207774.0,202159.0,105955.0,121811.17,492711.0,83.0
balance-io/old-balance-ios,1.0,0.0,0.000%,133.0,72.0,54.135%,,,,,4581.0,10305.29,78809.0,5.0
balancer/balancer-bounties,1.0,0.0,0.000%,10.0,1.0,10.000%,,,,,24246.0,24246.0,24246.0,24246.0
balkaneum/testgitcoin,1.0,0.0,0.000%,0.0,0.0,-0.000%,,,,,,,,
bancorprotocol/contracts-solidity,16.0,16.0,100.000%,100.0,100.0,100.000%,220342.5,282565.75,545737.0,62146.0,43763.0,534670.98,2052603.0,3.0
bandotio/unsecured-lending,1.0,0.0,0.000%,8.0,1.0,12.500%,,,,,150133.0,150133.0,150133.0,150133.0
bandprotocol/cross-chain-hackthon,3.0,0.0,0.000%,0.0,0.0,-0.000%,,,,,,,,
baofinance/old-ui,1.0,1.0,100.000%,11.0,11.0,100.000%,495232.0,495232.0,495232.0,495232.0,517049.0,306984.27,650982.0,41.0
bcnmy/hyphen-sdk,2.0,0.0,0.000%,0.0,0.0,-0.000%,,,,,,,,
bcnmy/hyphen-widget,1.0,0.0,0.000%,3.0,2.0,66.667%,,,,,11211.5,11211.5,19511.0,2912.0
bcnmy/mexa-sdk,7.0,1.0,14.286%,22.0,13.0,59.091%,120734.0,120734.0,120734.0,120734.0,9070.0,50118.31,356037.0,41.0
bee-san/Ares,1.0,1.0,100.000%,52.0,25.0,48.077%,162064.0,162064.0,162064.0,162064.0,32814.0,58706.28,169885.0,0.0
bee-san/pyWhat,1.0,0.0,0.000%,80.0,61.0,76.250%,,,,,16202.0,32220.74,188784.0,1.0
beefyfinance/beefy-docs,5.0,5.0,100.000%,1.0,1.0,100.000%,481229.0,481237.6,481291.0,481211.0,219552.0,219552.0,219552.0,219552.0
benoitc/http-parser,1.0,1.0,100.000%,54.0,40.0,74.074%,753249.0,753249.0,753249.0,753249.0,115491.5,446523.55,3033065.0,0.0
bhenze/CryptoTracker,2.0,0.0,0.000%,0.0,0.0,-0.000%,,,,,,,,
bigchaindb/bigchaindb-driver,0.0,0.0,-0.000%,81.0,66.0,81.481%,,,,,15830.5,66850.55,406057.0,27.0
bigchaindb/java-bigchaindb-driver,0.0,0.0,-0.000%,31.0,17.0,54.839%,,,,,1507.0,10722.18,81843.0,0.0
bigchaindb/js-bigchaindb-driver,3.0,2.0,66.667%,79.0,59.0,74.684%,12925.5,12925.5,14206.0,11645.0,29992.0,123758.02,805786.0,7.0
bigchaindb/js-driver-orm,1.0,1.0,100.000%,47.0,41.0,87.234%,44449.0,44449.0,44449.0,44449.0,70687.0,137298.24,1719092.0,57.0
bigchaindb/python-driver-orm,1.0,1.0,100.000%,0.0,0.0,-0.000%,18905.0,18905.0,18905.0,18905.0,,,,
binancex/Grant-projects,13.0,13.0,100.000%,4.0,2.0,50.000%,39915.0,40004.85,57697.0,52.0,10055.0,10055.0,16222.0,3888.0
biomine-xyz/DeSci,1.0,0.0,0.000%,0.0,0.0,-0.000%,,,,,,,,
biplavosti/solidity-playground,1.0,0.0,0.000%,0.0,0.0,-0.000%,,,,,,,,
bitcoin-core/gui,1.0,1.0,100.000%,268.0,142.0,52.985%,18684.0,18684.0,18684.0,18684.0,19581.0,106645.94,1418740.0,0.0
bitcoin/bitcoin,3.0,3.0,100.000%,7236.0,6938.0,95.882%,9792.0,134314.33,384242.0,8909.0,19564.5,327689.88,6009310.0,0.0
bitfinexcom/bitfinex-api-go,1.0,0.0,0.000%,79.0,29.0,36.709%,,,,,7265.0,211504.86,1505076.0,0.0
bitme-one/website,1.0,0.0,0.000%,0.0,0.0,-0.000%,,,,,,,,
bitmerex/bitmerex,1.0,0.0,0.000%,0.0,0.0,-0.000%,,,,,,,,
bitsongofficial/go-bitsong,1.0,1.0,100.000%,127.0,68.0,53.543%,355653.0,355653.0,355653.0,355653.0,202732.0,221517.51,1159184.0,0.0
bitwarden/server,1.0,1.0,100.000%,984.0,952.0,96.748%,1971505.0,1971505.0,1971505.0,1971505.0,6395.0,236818.2,2712483.0,0.0
bkarst/mauidao-all,1.0,0.0,0.000%,0.0,0.0,-0.000%,,,,,,,,
blockades/dark-crystal-standalone,3.0,0.0,0.000%,9.0,0.0,0.000%,,,,,,,,
blockades/scuttle-dark-crystal,4.0,3.0,75.000%,7.0,3.0,42.857%,83557.0,75279.33,88052.0,54229.0,139511.0,300028.0,735681.0,24892.0
blockchain-etl/bitcoin-etl,1.0,1.0,100.000%,37.0,18.0,48.649%,837457.0,837457.0,837457.0,837457.0,15970.5,114567.17,747093.0,46.0
blockchain-etl/ethereum-etl,6.0,6.0,100.000%,212.0,116.0,54.717%,80652.0,111696.0,244281.0,8477.0,13707.0,140238.3,990600.0,0.0
blockchain-etl/ethereum-etl-airflow,18.0,14.0,77.778%,82.0,38.0,46.341%,96737.0,103438.71,228943.0,48710.0,33440.0,69910.37,484516.0,0.0
blockchainforsocialimpact/incubator,4.0,0.0,0.000%,4.0,0.0,0.000%,,,,,,,,
blockcypher/explorer,1.0,1.0,100.000%,288.0,266.0,92.361%,134136.0,134136.0,134136.0,134136.0,16921.0,342277.05,3061142.0,0.0
blockdam/blockdam-DAO,2.0,1.0,50.000%,2.0,0.0,0.000%,14698.0,14698.0,14698.0,14698.0,,,,
blockgeeks/BountyAnyERC20,1.0,0.0,0.000%,2.0,0.0,0.000%,,,,,,,,
blocklytics/spells-fyi,2.0,2.0,100.000%,10.0,6.0,60.000%,37133.5,37133.5,52665.0,21602.0,8695.5,14812.83,36201.0,90.0
blocklytics/spells-subgraph,2.0,1.0,50.000%,17.0,11.0,64.706%,48962.0,48962.0,48962.0,48962.0,9089.0,22484.82,53155.0,338.0
blockmason/lndr-mobile,4.0,4.0,100.000%,163.0,144.0,88.344%,80465.5,84611.25,106962.0,70552.0,10875.5,28836.51,490112.0,0.0
blocknative/assist,1.0,1.0,100.000%,161.0,141.0,87.578%,92450.0,92450.0,92450.0,92450.0,1940.0,10113.63,130878.0,0.0
blocknative/sdk,1.0,1.0,100.000%,55.0,53.0,96.364%,325275.0,325275.0,325275.0,325275.0,1809.0,27642.81,420532.0,0.0
blockscout/blockscout,16.0,16.0,100.000%,3543.0,3335.0,94.129%,30984.5,145407.25,807619.0,6683.0,4147.0,81946.64,2772104.0,0.0
blockstatecom/dtree,2.0,0.0,0.000%,0.0,0.0,-0.000%,,,,,,,,
blocktransfer/stellar-interface,2.0,2.0,100.000%,1.0,1.0,100.000%,294453.5,294453.5,574308.0,14599.0,293.0,293.0,293.0,293.0
bluppfisk/coindicator,1.0,1.0,100.000%,56.0,50.0,89.286%,18075.0,18075.0,18075.0,18075.0,7532.0,235756.38,2134516.0,1.0
bluzelle/CryptoMarketWebApp,1.0,0.0,0.000%,1.0,0.0,0.000%,,,,,,,,
bluzelle/Gitcoin10Hack,9.0,1.0,11.111%,0.0,0.0,-0.000%,11899.0,11899.0,11899.0,11899.0,,,,
bluzelle/tmkms-remote-hsm,1.0,0.0,0.000%,0.0,0.0,-0.000%,,,,,,,,
bmann/microglue,1.0,1.0,100.000%,10.0,0.0,0.000%,104926.0,104926.0,104926.0,104926.0,,,,
bnb-chain/Grant-projects,4.0,4.0,100.000%,1.0,1.0,100.000%,85812.0,85807.5,100943.0,70663.0,280.0,280.0,280.0,280.0
boardroom-inc/dgov-hackathon,7.0,0.0,0.000%,0.0,0.0,-0.000%,,,,,,,,
bobanetwork/hackathons,1.0,1.0,100.000%,0.0,0.0,-0.000%,254568.0,254568.0,254568.0,254568.0,,,,
bobjiang/gitcoindao,1.0,0.0,0.000%,0.0,0.0,-0.000%,,,,,,,,
borgbase/vorta,1.0,0.0,0.000%,945.0,867.0,91.746%,,,,,10974.0,120741.14,1626707.0,0.0
br41n10/stc-bounty-bot,1.0,0.0,0.000%,1.0,0.0,0.000%,,,,,,,,
branciard/DAppNodePackage-folding-at-home,1.0,1.0,100.000%,0.0,0.0,-0.000%,6173.0,6173.0,6173.0,6173.0,,,,
brandonhamilton/image-capture-core-rs,1.0,1.0,100.000%,3.0,2.0,66.667%,3193.0,3193.0,3193.0,3193.0,4386.0,4386.0,7848.0,924.0
brave/brave-browser,0.0,0.0,-0.000%,11382.0,8619.0,75.725%,,,,,4797.0,47375.48,979102.0,0.0
browep/brower-walk,1.0,1.0,100.000%,0.0,0.0,-0.000%,34519.0,34519.0,34519.0,34519.0,,,,
broxus/flatqube-contracts,1.0,1.0,100.000%,0.0,0.0,-0.000%,141165.0,141165.0,141165.0,141165.0,,,,
broxus/octusbridge-contracts,1.0,0.0,0.000%,1.0,0.0,0.000%,,,,,,,,
btcsuite/btcd,1.0,1.0,100.000%,703.0,554.0,78.805%,1435491.0,1435491.0,1435491.0,1435491.0,19518.0,179233.61,3268354.0,0.0
buildOMG/bounties,2.0,1.0,50.000%,1.0,1.0,100.000%,41920.0,41920.0,41920.0,41920.0,3.0,3.0,3.0,3.0
buildspace/buildspace-projects,1.0,1.0,100.000%,87.0,87.0,100.000%,45708.0,45708.0,45708.0,45708.0,51593.0,162548.94,641905.0,11.0
bullocklakefarm/stuff,1.0,0.0,0.000%,0.0,0.0,-0.000%,,,,,,,,
burfdurf/gitcoin,1.0,0.0,0.000%,0.0,0.0,-0.000%,,,,,,,,
burnsignal/burnsignal,1.0,1.0,100.000%,24.0,22.0,91.667%,203292.0,203292.0,203292.0,203292.0,125384.5,381061.14,1045490.0,1405.0
bytecodealliance/wasmtime,1.0,1.0,100.000%,1741.0,1266.0,72.717%,82447.0,82447.0,82447.0,82447.0,14752.5,236688.34,2455346.0,1.0
byterocket/gitcoin-bounties,1.0,1.0,100.000%,1.0,1.0,100.000%,16216.0,16216.0,16216.0,16216.0,7.0,7.0,7.0,7.0
c3exchange/hackalgo,1.0,0.0,0.000%,0.0,0.0,-0.000%,,,,,,,,
cadCAD-org/cadCAD,1.0,1.0,100.000%,51.0,41.0,80.392%,59275.0,59275.0,59275.0,59275.0,27295.0,80576.98,374435.0,0.0
cakebank/cakebank_sol,3.0,0.0,0.000%,3.0,2.0,66.667%,,,,,48.0,48.0,95.0,1.0
cakebank/pandorabox,1.0,0.0,0.000%,0.0,0.0,-0.000%,,,,,,,,
campuscoindev/CC,1.0,0.0,0.000%,2.0,2.0,100.000%,,,,,2173475.0,2173475.0,2210521.0,2136429.0
cartesi/dapp-incubation-program,1.0,0.0,0.000%,3.0,2.0,66.667%,,,,,10529.0,10529.0,10529.0,10529.0
casper-network/gitcoin-hackathon,25.0,17.0,68.000%,5.0,5.0,100.000%,178372.0,177683.71,178750.0,174709.0,4100.0,3532.2,5098.0,770.0
casper-network/ready-player-casper-gitcoin,7.0,0.0,0.000%,8.0,0.0,0.000%,,,,,,,,
ccxt/ccxt,0.0,0.0,-0.000%,2750.0,2138.0,77.745%,,,,,1365.0,17540.7,661345.0,0.0
celo-org/celo-composer,4.0,2.0,50.000%,142.0,96.0,67.606%,527617.0,527617.0,527617.0,527617.0,367655.0,278430.15,391983.0,2431.0
celo-org/celo-monorepo,0.0,0.0,-0.000%,1190.0,1114.0,93.613%,,,,,91135.0,252231.03,944478.0,0.0
celo-org/docs,1.0,0.0,0.000%,194.0,174.0,89.691%,,,,,73446.0,130785.57,547266.0,0.0
celo-org/gitcoin,24.0,12.0,50.000%,4.0,2.0,50.000%,88202.0,167921.5,650567.0,35.0,0.5,0.5,1.0,0.0
celo-org/make-crypto-mobile-hackathon,1.0,0.0,0.000%,0.0,0.0,-0.000%,,,,,,,,
celo-org/optics-monorepo,1.0,0.0,0.000%,430.0,340.0,79.070%,,,,,12690.5,31294.01,297559.0,0.0
celo-org/react-celo,1.0,0.0,0.000%,78.0,62.0,79.487%,,,,,9454.0,22555.65,161788.0,0.0
cennznet/explorer,4.0,3.0,75.000%,2.0,0.0,0.000%,60158.0,78055.33,122151.0,51857.0,,,,
cennznet/grants,20.0,6.0,30.000%,2.0,0.0,0.000%,934389.0,712520.33,934392.0,268780.0,,,,
cennznet/runanode,7.0,7.0,100.000%,3.0,3.0,100.000%,99242.0,93208.86,106876.0,77771.0,1687.0,27529.33,80838.0,63.0
centrifuge/documentation,14.0,14.0,100.000%,88.0,70.0,79.545%,265336.0,323035.57,668800.0,1283.0,132308.0,280117.83,1617335.0,77.0
centrifuge/pod,5.0,3.0,60.000%,634.0,585.0,92.271%,121493.0,103784.67,176001.0,13860.0,21872.0,73149.43,1271877.0,0.0
centrifuge/precise-proofs,18.0,17.0,94.444%,15.0,15.0,100.000%,50223.0,105374.29,422440.0,2769.0,18877.0,37581.2,198650.0,0.0
centrifuge/precise-proofs-js,1.0,1.0,100.000%,1.0,1.0,100.000%,109405.0,109405.0,109405.0,109405.0,3.0,3.0,3.0,3.0
centrifuge/security,2.0,0.0,0.000%,4.0,2.0,50.000%,,,,,1877528.0,1877528.0,1877528.0,1877528.0
centrifuge/website,10.0,10.0,100.000%,394.0,364.0,92.386%,23538.0,22041.0,45251.0,1713.0,17184.0,87529.48,1523209.0,0.0
ceramicnetwork/.github,23.0,22.0,95.652%,166.0,164.0,98.795%,158704.5,210171.41,446074.0,35641.0,61920.5,91587.34,938719.0,0.0
ceramicstudio/identitylink-services,1.0,1.0,100.000%,5.0,3.0,60.000%,51543.0,51543.0,51543.0,51543.0,109179.0,193488.0,471013.0,272.0
chainstack/docs,1.0,1.0,100.000%,112.0,112.0,100.000%,29213.0,29213.0,29213.0,29213.0,43374.5,199703.32,1346861.0,12.0
chalidbdb/bountytest,1.0,1.0,100.000%,8.0,2.0,25.000%,14181.0,14181.0,14181.0,14181.0,12132.0,12132.0,14175.0,10089.0
chalidbdb/erc20_token,13.0,0.0,0.000%,4.0,0.0,0.000%,,,,,,,,
chatpuppy/contracts,2.0,0.0,0.000%,0.0,0.0,-0.000%,,,,,,,,
chejazi/points-challenge,1.0,1.0,100.000%,2.0,2.0,100.000%,8729.0,8729.0,8729.0,8729.0,5459.5,5459.5,10896.0,23.0
chrishobcroft/statuslive,1.0,0.0,0.000%,7.0,0.0,0.000%,,,,,,,,
cirelim/vanir,1.0,0.0,0.000%,0.0,0.0,-0.000%,,,,,,,,
cla-assistant/cla-assistant,1.0,1.0,100.000%,653.0,543.0,83.155%,178446.0,178446.0,178446.0,178446.0,5885.0,89292.32,2554991.0,0.0
cleanunicorn/mythos,4.0,4.0,100.000%,20.0,20.0,100.000%,6600.0,9107.75,20229.0,3002.0,3126.0,22774.7,221921.0,2.0
clesaege/HackSmartContract,3.0,3.0,100.000%,2.0,2.0,100.000%,399015.0,266031.67,399028.0,52.0,467845.0,467845.0,935393.0,297.0
clesaege/dac,1.0,0.0,0.000%,0.0,0.0,-0.000%,,,,,,,,
clovers-network/clovers-dapp,1.0,1.0,100.000%,272.0,224.0,82.353%,116837.0,116837.0,116837.0,116837.0,20899.0,117739.47,1096737.0,1.0
clrfund/monorepo,2.0,2.0,100.000%,283.0,234.0,82.686%,500539.5,500539.5,716022.0,285057.0,30361.5,110347.9,1147852.0,0.0
cmditch/elm-ethereum,1.0,1.0,100.000%,34.0,29.0,85.294%,84150.0,84150.0,84150.0,84150.0,91247.0,130614.93,425501.0,1.0
cobrateam/splinter,1.0,1.0,100.000%,513.0,468.0,91.228%,116995.0,116995.0,116995.0,116995.0,167800.0,952289.8,6043252.0,1.0
codesponsor/codesponsor,4.0,4.0,100.000%,68.0,30.0,44.118%,7411.5,7401.25,12196.0,2586.0,109.0,2837.2,31254.0,0.0
coindefi/COIN,1.0,0.0,0.000%,0.0,0.0,-0.000%,,,,,,,,
coinmode/bounties,1.0,0.0,0.000%,0.0,0.0,-0.000%,,,,,,,,
collectionspace/cspace-converter,1.0,0.0,0.000%,141.0,78.0,55.319%,,,,,65236.5,352330.31,1738332.0,16.0
compoundgrants/hackathon,1.0,0.0,0.000%,0.0,0.0,-0.000%,,,,,,,,
conlan/nft-scribe,1.0,0.0,0.000%,5.0,1.0,20.000%,,,,,7267.0,7267.0,7267.0,7267.0
connext/gitcoin,6.0,0.0,0.000%,0.0,0.0,-0.000%,,,,,,,,
connext/indra,1.0,1.0,100.000%,594.0,554.0,93.266%,54360.0,54360.0,54360.0,54360.0,14923.5,39839.0,404865.0,0.0
connext/vector,1.0,1.0,100.000%,253.0,185.0,73.123%,111136.0,111136.0,111136.0,111136.0,7093.0,27837.89,217112.0,0.0
contextu-al/integrator,1.0,1.0,100.000%,3.0,0.0,0.000%,26138.0,26138.0,26138.0,26138.0,,,,
contractpendev/contractpen-work-client,1.0,0.0,0.000%,5.0,1.0,20.000%,,,,,770.0,770.0,770.0,770.0
contributor-assistant/github-action,1.0,1.0,100.000%,62.0,44.0,70.968%,4343.0,4343.0,4343.0,4343.0,18174.5,221007.68,1521290.0,0.0
conwind/Giveaways,1.0,0.0,0.000%,5.0,0.0,0.000%,,,,,,,,
coral-xyz/anchor,2.0,1.0,50.000%,1147.0,778.0,67.829%,621331.0,621331.0,621331.0,621331.0,9877.5,103000.4,1166769.0,0.0
cosmos/cosmos-sdk,0.0,0.0,-0.000%,1560.0,1312.0,84.103%,,,,,19921.0,90723.66,899899.0,0.0
cosmos/ibc,1.0,1.0,100.000%,463.0,397.0,85.745%,108389.0,108389.0,108389.0,108389.0,37471.0,152420.52,1461378.0,0.0
counterfactual/monorepo,1.0,0.0,0.000%,371.0,228.0,61.456%,,,,,30291.0,38815.55,251887.0,2.0
covalenthq/covalent-gitcoin-bounties,29.0,1.0,3.448%,3.0,1.0,33.333%,13108.0,13108.0,13108.0,13108.0,465.0,465.0,465.0,465.0
critesjosh/celo-dappkit,2.0,2.0,100.000%,4.0,2.0,50.000%,100831.5,100831.5,100859.0,100804.0,135032.0,135032.0,267451.0,2613.0
critesjosh/fcc-heat-map,1.0,0.0,0.000%,1.0,0.0,0.000%,,,,,,,,
crustio/crust,4.0,3.0,75.000%,321.0,249.0,77.570%,31266.0,27675.33,41836.0,9924.0,21467.0,57559.94,374208.0,3.0
crypto-meetup-dev/cryptomeetup-portal,1.0,0.0,0.000%,58.0,45.0,77.586%,,,,,3074.0,7870.49,49584.0,0.0
cryptoaigit/development,2.0,0.0,0.000%,0.0,0.0,-0.000%,,,,,,,,
cryptolandtech/moonlet,2.0,2.0,100.000%,157.0,127.0,80.892%,15232.5,15232.5,22010.0,8455.0,2339.0,27863.79,256520.0,2.0
crytic/crytic-compile,6.0,6.0,100.000%,348.0,192.0,55.172%,252280.0,195533.67,283409.0,50912.0,58733.0,191896.72,1881369.0,2.0
crytic/echidna,5.0,5.0,100.000%,448.0,357.0,79.688%,707781.0,443152.8,712043.0,6635.0,79349.0,312810.98,1783763.0,0.0
crytic/evm_cfg_builder,1.0,0.0,0.000%,18.0,7.0,38.889%,,,,,14250.0,113343.43,598901.0,173.0
crytic/not-so-smart-contracts,2.0,1.0,50.000%,18.0,14.0,77.778%,528952.0,528952.0,528952.0,528952.0,53011.5,218214.79,516416.0,493.0
crytic/pyevmasm,1.0,1.0,100.000%,19.0,9.0,47.368%,155628.0,155628.0,155628.0,155628.0,20968.0,31824.78,144652.0,13.0
crytic/slither,46.0,44.0,95.652%,1718.0,1180.0,68.685%,49904.0,88084.95,237317.0,1623.0,39737.5,168335.3,2217016.0,0.0
crytic/solc-select,2.0,2.0,100.000%,88.0,59.0,67.045%,138335.0,138335.0,215561.0,61109.0,63451.0,167742.29,913819.0,0.0
ct-Open-Source/tuya-convert,1.0,0.0,0.000%,917.0,753.0,82.116%,,,,,1202.0,28011.0,781557.0,0.0
cupOJoseph/ost-evnt,1.0,1.0,100.000%,1.0,0.0,0.000%,16925.0,16925.0,16925.0,16925.0,,,,
cupOJoseph/storj-web-gateway,5.0,4.0,80.000%,8.0,2.0,25.000%,32083.0,24838.0,33364.0,1822.0,44651.0,44651.0,44675.0,44627.0
cybercongress/aragon-auction-app,1.0,1.0,100.000%,2.0,2.0,100.000%,33371.0,33371.0,33371.0,33371.0,14983.0,14983.0,24688.0,5278.0
cybercongress/chaingear,4.0,4.0,100.000%,319.0,289.0,90.596%,79855.5,117325.0,290420.0,19169.0,37733.0,124961.06,1417994.0,0.0
cybercongress/cyb,12.0,12.0,100.000%,1536.0,972.0,63.281%,230946.5,331294.5,854928.0,8357.0,135158.0,236273.94,1426538.0,1.0
cybercongress/cyb-virus,1.0,0.0,0.000%,61.0,59.0,96.721%,,,,,2947.0,98950.24,298231.0,0.0
cybercongress/cyber-search,5.0,4.0,80.000%,161.0,126.0,78.261%,113881.5,97657.5,137059.0,25808.0,20309.0,41523.93,305356.0,0.0
cybercongress/cybercongress,1.0,1.0,100.000%,289.0,262.0,90.657%,106972.0,106972.0,106972.0,106972.0,93040.5,247290.82,1569621.0,0.0
cybercongress/go-cyber,6.0,6.0,100.000%,357.0,305.0,85.434%,166425.0,324909.17,1228340.0,76261.0,60531.0,204713.83,1539241.0,2.0
cyberconnecthq/Gitcoin-Hackathon,6.0,0.0,0.000%,0.0,0.0,-0.000%,,,,,,,,
cyberconnecthq/cyberconnect-arweave,1.0,0.0,0.000%,0.0,0.0,-0.000%,,,,,,,,
cyberconnecthq/explorer-and-cyberconnected-dapps,2.0,0.0,0.000%,0.0,0.0,-0.000%,,,,,,,,
cybersemics/em,13.0,11.0,84.615%,1014.0,819.0,80.769%,27319.0,39618.82,106942.0,2260.0,25258.0,104062.47,1785633.0,0.0
cyborgshead/rank-sandbox,1.0,0.0,0.000%,0.0,0.0,-0.000%,,,,,,,,
dAAAb/BBFT,8.0,0.0,0.000%,0.0,0.0,-0.000%,,,,,,,,
daimyolabs/Gitcoin_hackathon,1.0,0.0,0.000%,0.0,0.0,-0.000%,,,,,,,,
dangitcoin/gitcoin-fun-pub,36.0,0.0,0.000%,0.0,0.0,-0.000%,,,,,,,,
danjm/metamask-extension,1.0,0.0,0.000%,11.0,3.0,27.273%,,,,,144558.0,155594.67,177686.0,144540.0
danlipert/gitcoin-test,132.0,2.0,1.515%,78.0,0.0,0.000%,6.0,6.0,6.0,6.0,,,,
dannovikov/crypto-lending,1.0,0.0,0.000%,0.0,0.0,-0.000%,,,,,,,,
daoswapdex/daoswap-docs,2.0,0.0,0.000%,2.0,1.0,50.000%,,,,,62213.0,62213.0,62213.0,62213.0
daoswapdex/docs,7.0,2.0,28.571%,0.0,0.0,-0.000%,144880.0,144880.0,146348.0,143412.0,,,,
dap-ps/discover,28.0,26.0,92.857%,44.0,26.0,59.091%,8311.0,46678.46,308685.0,1262.0,3057.0,29028.23,227966.0,47.0
dappnode/DAppNode,18.0,18.0,100.000%,756.0,628.0,83.069%,64402.0,143446.44,375676.0,41635.0,132783.0,233805.85,1593975.0,0.0
dappnode/DappnodePackage-block-explorer,1.0,0.0,0.000%,0.0,0.0,-0.000%,,,,,,,,
dapps-dev-club/dapps-dev-club-website,1.0,0.0,0.000%,1.0,1.0,100.000%,,,,,252.0,252.0,252.0,252.0
daqnext/meson-docs,1.0,1.0,100.000%,1.0,1.0,100.000%,415746.0,415746.0,415746.0,415746.0,3221.0,3221.0,3221.0,3221.0
darkdarkdragon/gctest,18.0,0.0,0.000%,2.0,0.0,0.000%,,,,,,,,
dart-bitcoin/bip32-dart,1.0,1.0,100.000%,8.0,6.0,75.000%,192316.0,192316.0,192316.0,192316.0,11874.5,55074.17,221118.0,4.0
dart-bitcoin/bitcoin_flutter,1.0,0.0,0.000%,41.0,27.0,65.854%,,,,,8173.0,101181.11,950461.0,25.0
darwinia-network/darwinia,1.0,1.0,100.000%,458.0,448.0,97.817%,222035.0,222035.0,222035.0,222035.0,20793.5,80762.94,1098885.0,0.0
datafruits/streampusher-api,3.0,3.0,100.000%,27.0,12.0,44.444%,553532.0,560540.33,1118106.0,9983.0,343882.0,535564.67,1412028.0,6456.0
davidam/damegender-web,1.0,0.0,0.000%,1.0,0.0,0.000%,,,,,,,,
dbe/burner-signer,2.0,1.0,50.000%,0.0,0.0,-0.000%,9187.0,9187.0,9187.0,9187.0,,,,
dclancy13/Eco-x-Gitcoin-x-Klima-Community-Collaboration,1.0,0.0,0.000%,1.0,0.0,0.000%,,,,,,,,
deFang/MultiSend,1.0,0.0,0.000%,1.0,1.0,100.000%,,,,,68149.0,68149.0,68149.0,68149.0
decentraland/MANA-community-fund-learning-content,15.0,15.0,100.000%,10.0,10.0,100.000%,1726303.0,1055383.2,2067827.0,5632.0,1023113.5,1051838.8,2097994.0,582.0
decentri-fi/defi-hub,3.0,3.0,100.000%,77.0,60.0,77.922%,276448.0,276080.67,285274.0,266520.0,54274.5,106031.93,407176.0,24.0
decooio/decoo-wiki,1.0,0.0,0.000%,0.0,0.0,-0.000%,,,,,,,,
defi-wikis/defi-tokens-wiki,1.0,0.0,0.000%,4.0,2.0,50.000%,,,,,250662.0,250662.0,475377.0,25947.0
defi-wonderland/smock,1.0,0.0,0.000%,72.0,43.0,59.722%,,,,,14818.0,93393.6,513531.0,92.0
degen-vc/HardCore,1.0,0.0,0.000%,0.0,0.0,-0.000%,,,,,,,,
degen-vc/NFT,1.0,0.0,0.000%,0.0,0.0,-0.000%,,,,,,,,
degen-vc/degen-vc-v2,1.0,0.0,0.000%,0.0,0.0,-0.000%,,,,,,,,
degen-vc/dgvc2-contracts,1.0,0.0,0.000%,0.0,0.0,-0.000%,,,,,,,,
degen-vc/infinity-landing,1.0,0.0,0.000%,0.0,0.0,-0.000%,,,,,,,,
degen-vc/liquid-vault,1.0,0.0,0.000%,0.0,0.0,-0.000%,,,,,,,,
degen-vc/options-market-core,1.0,0.0,0.000%,0.0,0.0,-0.000%,,,,,,,,
degen-vc/scarcity,5.0,0.0,0.000%,1.0,0.0,0.000%,,,,,,,,
degen-vc/unbox-art-nft-erc20,1.0,0.0,0.000%,0.0,0.0,-0.000%,,,,,,,,
degenprivacy/degenops,1.0,1.0,100.000%,0.0,0.0,-0.000%,2810.0,2810.0,2810.0,2810.0,,,,
dequelabs/corro,1.0,1.0,100.000%,3.0,1.0,33.333%,1299.0,1299.0,1299.0,1299.0,13.0,13.0,13.0,13.0
deri-protocol/bounty-program,9.0,7.0,77.778%,2.0,1.0,50.000%,1440.0,24191.86,74838.0,194.0,5.0,5.0,5.0,5.0
dethcrypto/TypeChain,18.0,18.0,100.000%,680.0,514.0,75.588%,141964.0,239166.44,820763.0,47335.0,17009.0,112828.33,1512780.0,0.0
dexlab-io/dexpay-pos,1.0,0.0,0.000%,149.0,128.0,85.906%,,,,,7249.0,21921.2,226993.0,0.0
dfinity/grant-rfps,2.0,1.0,50.000%,9.0,3.0,33.333%,35837.0,35837.0,35837.0,35837.0,164392.0,189991.67,325478.0,80105.0
dfuse-io/hackathons,3.0,0.0,0.000%,0.0,0.0,-0.000%,,,,,,,,
dharmaprotocol/charta,1.0,1.0,100.000%,7.0,4.0,57.143%,106442.0,106442.0,106442.0,106442.0,10403.5,33792.5,113714.0,649.0
dhedge/dhedge-docs,6.0,1.0,16.667%,0.0,0.0,-0.000%,44601.0,44601.0,44601.0,44601.0,,,,
dhedge/frontend-widget,1.0,1.0,100.000%,0.0,0.0,-0.000%,108501.0,108501.0,108501.0,108501.0,,,,
diadata-org/diadata,519.0,519.0,100.000%,249.0,246.0,98.795%,27400.0,194953.52,1952452.0,255.0,24673.0,202064.76,1895309.0,0.0
diginex/gwallet,7.0,4.0,57.143%,56.0,29.0,51.786%,19120.5,137265.75,510165.0,657.0,0.0,13392.86,120538.0,0.0
distributedconsensus/BeyondTheHype,1.0,0.0,0.000%,0.0,0.0,-0.000%,,,,,,,,
district0x/district-registry,1.0,0.0,0.000%,83.0,73.0,87.952%,,,,,15675.0,31139.9,150707.0,38.0
district0x/memefactory,3.0,1.0,33.333%,458.0,425.0,92.795%,41118.0,41118.0,41118.0,41118.0,3617.0,24708.21,562729.0,0.0
district0x/new_project_template,1.0,0.0,0.000%,2.0,1.0,50.000%,,,,,40.0,40.0,40.0,40.0
ditcraft/questionnaires,1.0,1.0,100.000%,0.0,0.0,-0.000%,15872.0,15872.0,15872.0,15872.0,,,,
django-extensions/django-extensions,1.0,1.0,100.000%,847.0,714.0,84.298%,151367.0,151367.0,151367.0,151367.0,16423.0,298337.03,2754007.0,1.0
django-wiki/django-wiki,1.0,1.0,100.000%,547.0,507.0,92.687%,1412827.0,1412827.0,1412827.0,1412827.0,13157.0,218917.79,3887856.0,0.0
docknetwork/substrate-warmup,3.0,2.0,66.667%,29.0,16.0,55.172%,62542.0,62542.0,64895.0,60189.0,9308.5,27740.56,143921.0,114.0
dongxuxucool/FastGoodManager,1.0,0.0,0.000%,0.0,0.0,-0.000%,,,,,,,,
dooboolab-community/react-native-iap,0.0,0.0,-0.000%,33.0,18.0,54.545%,,,,,5900.0,11964.61,60065.0,23.0
dotnet/docs,0.0,0.0,-0.000%,2265.0,1771.0,78.190%,,,,,17054.0,60019.58,815983.0,0.0
dovuofficial/cDOV,1.0,0.0,0.000%,0.0,0.0,-0.000%,,,,,,,,
dpad-finance/initiatives,1.0,0.0,0.000%,3.0,0.0,0.000%,,,,,,,,
duaraghav8/Ethlint,21.0,12.0,57.143%,612.0,447.0,73.039%,50634.5,103133.5,287680.0,23585.0,31529.0,118479.52,879995.0,0.0
duneanalytics/spellbook,23.0,23.0,100.000%,82.0,65.0,79.268%,100861.0,140168.17,424915.0,9898.0,58840.0,101743.17,395815.0,0.0
dxdaohackathon/dex-react,1.0,0.0,0.000%,2.0,1.0,50.000%,,,,,959.0,959.0,959.0,959.0
dxdaohackathon/omen-exchange,1.0,0.0,0.000%,0.0,0.0,-0.000%,,,,,,,,
dylanjw/test_repo,1.0,0.0,0.000%,0.0,0.0,-0.000%,,,,,,,,
e18r/web,1.0,1.0,100.000%,0.0,0.0,-0.000%,25630.0,25630.0,25630.0,25630.0,,,,
e18rtest/test,1.0,0.0,0.000%,10614.0,0.0,0.000%,,,,,,,,
ecency/steemapi,1.0,1.0,100.000%,1.0,1.0,100.000%,8193.0,8193.0,8193.0,8193.0,859863.0,859863.0,859863.0,859863.0
eea-oasis/baseline-roadmap,7.0,7.0,100.000%,230.0,230.0,100.000%,569047.0,516757.43,593539.0,162877.0,132153.0,333132.77,920736.0,0.0
elastos/Elastos.Community,2.0,1.0,50.000%,83.0,69.0,83.133%,55589.0,55589.0,55589.0,55589.0,19904.0,25254.35,150383.0,0.0
electric-capital/crypto-ecosystems,17.0,17.0,100.000%,39.0,36.0,92.308%,549691.0,330042.41,557461.0,7063.0,549669.5,379793.94,790719.0,568.0
elimu-ai/analytics,1.0,0.0,0.000%,56.0,48.0,85.714%,,,,,7714.0,237214.42,2573644.0,0.0
elimu-ai/vitabu,1.0,0.0,0.000%,51.0,39.0,76.471%,,,,,31742.0,74691.41,403157.0,7.0
elimu-ai/webapp,4.0,3.0,75.000%,473.0,366.0,77.378%,29807.0,50012.33,111253.0,8977.0,15105.0,184450.14,2798333.0,0.0
elimu-ai/wiki,2.0,2.0,100.000%,88.0,41.0,46.591%,379459.5,379459.5,642205.0,116714.0,44438.0,165567.76,986711.0,0.0
elitcz/django,1.0,1.0,100.000%,1.0,1.0,100.000%,77438.0,77438.0,77438.0,77438.0,3.0,3.0,3.0,3.0
elyseos/btcbridge,1.0,0.0,0.000%,0.0,0.0,-0.000%,,,,,,,,
embarklabs/embark,27.0,27.0,100.000%,417.0,350.0,83.933%,36006.0,98896.52,340372.0,5965.0,22186.5,172631.7,1603114.0,0.0
embarklabs/embark-angular-template,1.0,0.0,0.000%,0.0,0.0,-0.000%,,,,,,,,
embarklabs/embark-coffeescript-template,1.0,1.0,100.000%,0.0,0.0,-0.000%,9968.0,9968.0,9968.0,9968.0,,,,
embarklabs/embark-docker,1.0,1.0,100.000%,2.0,0.0,0.000%,32284.0,32284.0,32284.0,32284.0,,,,
embarklabs/embark-elm-template,1.0,1.0,100.000%,0.0,0.0,-0.000%,110974.0,110974.0,110974.0,110974.0,,,,
embarklabs/embark-ember-template,1.0,0.0,0.000%,0.0,0.0,-0.000%,,,,,,,,
embarklabs/embark-nextjs-template,1.0,0.0,0.000%,0.0,0.0,-0.000%,,,,,,,,
embarklabs/embark-solc,1.0,1.0,100.000%,7.0,6.0,85.714%,106590.0,106590.0,106590.0,106590.0,28729.0,55559.33,128204.0,2838.0
embarklabs/embark-vue-template,1.0,1.0,100.000%,0.0,0.0,-0.000%,18111.0,18111.0,18111.0,18111.0,,,,
empress-eco/docs,2.0,1.0,50.000%,0.0,0.0,-0.000%,5808.0,5808.0,5808.0,5808.0,,,,
encointer/explorer,3.0,3.0,100.000%,48.0,37.0,77.083%,21954.0,26958.33,42368.0,16553.0,36867.0,126366.08,455267.0,43.0
ensdomains/address-encoder,95.0,94.0,98.947%,28.0,17.0,60.714%,69229.0,65868.13,392981.0,1169.0,73851.0,154755.65,582496.0,1029.0
ensdomains/ens-app,14.0,12.0,85.714%,1225.0,1073.0,87.592%,37379.5,57613.33,128045.0,24772.0,23277.0,151631.64,1484134.0,1.0
ensdomains/subdomain-registrar,2.0,1.0,50.000%,37.0,22.0,59.459%,1200.0,1200.0,1200.0,1200.0,11303.0,53243.5,192536.0,1.0
ericxtang/livepeer-vsp-rtmp,1.0,0.0,0.000%,1.0,1.0,100.000%,,,,,11354.0,11354.0,11354.0,11354.0
etclabscore/Bounty-DIY-hardware-wallet,1.0,1.0,100.000%,0.0,0.0,-0.000%,116530.0,116530.0,116530.0,116530.0,,,,
etclabscore/Bounty-Share-the-love-of-ETC,1.0,1.0,100.000%,0.0,0.0,-0.000%,40198.0,40198.0,40198.0,40198.0,,,,
etclabscore/WrappedETC,1.0,1.0,100.000%,2.0,0.0,0.000%,29643.0,29643.0,29643.0,29643.0,,,,
etclabscore/bounty-gsn-project,1.0,1.0,100.000%,0.0,0.0,-0.000%,39873.0,39873.0,39873.0,39873.0,,,,
etclabscore/bounty-integrate-openrpc,1.0,1.0,100.000%,0.0,0.0,-0.000%,40019.0,40019.0,40019.0,40019.0,,,,
etclabscore/bounty-integrate-signatory,1.0,0.0,0.000%,0.0,0.0,-0.000%,,,,,,,,
etclabscore/bounty-openrpc-project,1.0,1.0,100.000%,0.0,0.0,-0.000%,39678.0,39678.0,39678.0,39678.0,,,,
etclabscore/containerized-client-metrics-analysis,1.0,1.0,100.000%,0.0,0.0,-0.000%,40113.0,40113.0,40113.0,40113.0,,,,
etclabscore/core-geth,1.0,1.0,100.000%,191.0,140.0,73.298%,581.0,581.0,581.0,581.0,16907.0,73780.09,702626.0,0.0
etclabscore/evm_llvm,1.0,1.0,100.000%,54.0,51.0,94.444%,134025.0,134025.0,134025.0,134025.0,3001.0,33989.51,370958.0,0.0
etclabscore/gitcoin-network-security-hackathon,3.0,0.0,0.000%,4.0,1.0,25.000%,,,,,1.0,1.0,1.0,1.0
eth-brownie/brownie,15.0,15.0,100.000%,2313.0,1326.0,57.328%,52302.0,129511.8,387359.0,28452.0,5678.5,47240.47,728210.0,2.0
eth-clients/goerli,2.0,2.0,100.000%,112.0,111.0,99.107%,162535.5,162535.5,224720.0,100351.0,11396.0,142002.03,1844381.0,1.0
eth1x-finality-gadget-working-group/pm,1.0,0.0,0.000%,0.0,0.0,-0.000%,,,,,,,,
ethberlin-hackathon/ETHBerlin-Bounties,30.0,13.0,43.333%,9.0,4.0,44.444%,71612.0,127437.69,826813.0,7569.0,114513.5,88931.25,126561.0,137.0
etherdelta/etherdelta.github.io,3.0,1.0,33.333%,407.0,94.0,23.096%,149720.0,149720.0,149720.0,149720.0,1995.0,221308.4,2660673.0,1.0
ethereum-alarm-clock/timenode-core,3.0,3.0,100.000%,24.0,20.0,83.333%,55786.0,57172.33,104680.0,11051.0,7998.0,18095.0,96972.0,26.0
ethereum-cat-herders/PM,5.0,5.0,100.000%,208.0,207.0,99.519%,24533.0,53967.4,138368.0,10019.0,21921.0,62076.51,690378.0,88.0
ethereum-funding/blockrewardsfunding,1.0,0.0,0.000%,57.0,6.0,10.526%,,,,,25864.0,21646.67,32153.0,1124.0
ethereum-lists/tokens,1.0,1.0,100.000%,63.0,63.0,100.000%,16126.0,16126.0,16126.0,16126.0,11454.0,351225.27,1603677.0,0.0
ethereum-magicians/bounties,1.0,1.0,100.000%,0.0,0.0,-0.000%,22431.0,22431.0,22431.0,22431.0,,,,
ethereum-optimism/optimism,5.0,5.0,100.000%,584.0,579.0,99.144%,43448.0,76841.4,189043.0,16103.0,27716.0,124517.12,1134121.0,0.0
ethereum/EIPs,0.0,0.0,-0.000%,130.0,122.0,93.846%,,,,,2550.5,40083.02,389555.0,0.0
ethereum/aleth,2.0,2.0,100.000%,534.0,349.0,65.356%,36610.5,36610.5,43008.0,30213.0,18284.0,98123.4,1108873.0,0.0
ethereum/casper,5.0,3.0,60.000%,74.0,58.0,78.378%,107159.0,77378.33,113737.0,11239.0,7800.5,65068.86,553952.0,0.0
ethereum/consensus-specs,1.0,0.0,0.000%,850.0,698.0,82.118%,,,,,18830.5,73828.04,2228111.0,0.0
ethereum/esp-website,1.0,1.0,100.000%,38.0,37.0,97.368%,105.0,105.0,105.0,105.0,10929.0,82095.49,510983.0,0.0
ethereum/eth-abi,2.0,2.0,100.000%,64.0,50.0,78.125%,148093.5,148093.5,206117.0,90070.0,9423.0,180961.66,1966173.0,2.0
ethereum/eth-account,2.0,2.0,100.000%,68.0,53.0,77.941%,480178.5,480178.5,958936.0,1421.0,80287.0,262132.68,1603527.0,1.0
ethereum/eth-bloom,3.0,3.0,100.000%,8.0,8.0,100.000%,1504.0,1501.33,1616.0,1384.0,152190.0,592430.88,2585757.0,12.0
ethereum/eth-keys,1.0,1.0,100.000%,26.0,16.0,61.538%,37707.0,37707.0,37707.0,37707.0,446.0,8855.44,100729.0,16.0
ethereum/eth-utils,3.0,2.0,66.667%,66.0,49.0,74.242%,2106.5,2106.5,2495.0,1718.0,9728.0,144533.0,1634413.0,3.0
ethereum/eth-wiki,18.0,16.0,88.889%,54.0,20.0,37.037%,23485.5,34678.88,158582.0,8188.0,99572.5,202222.2,1280190.0,107.0
ethereum/eth2.0-pm,24.0,24.0,100.000%,236.0,234.0,99.153%,52376.5,66787.75,148608.0,16584.0,32838.0,109539.97,1618410.0,3.0
ethereum/ethereum-foundation-website,1.0,1.0,100.000%,25.0,18.0,72.000%,4040.0,4040.0,4040.0,4040.0,5584.5,176098.28,1486489.0,1.0
ethereum/ethereum-org,2.0,0.0,0.000%,108.0,92.0,85.185%,,,,,34287.0,129294.98,849669.0,1.0
ethereum/ethereum-org-website,40.0,40.0,100.000%,2215.0,2016.0,91.016%,11456.0,19644.25,131049.0,289.0,11530.0,63157.68,1157861.0,0.0
ethereum/fe,1.0,1.0,100.000%,376.0,273.0,72.606%,305172.0,305172.0,305172.0,305172.0,49705.0,144858.33,1058326.0,0.0
ethereum/go-ethereum,16.0,16.0,100.000%,12380.0,11965.0,96.648%,152561.0,159235.75,311176.0,44204.0,8704.0,178093.71,3050614.0,0.0
ethereum/hive,4.0,3.0,75.000%,154.0,135.0,87.662%,176440.0,848866.0,2337133.0,33025.0,38801.0,421276.94,2622698.0,5.0
ethereum/pm,4.0,4.0,100.000%,385.0,385.0,100.000%,7530.5,10600.25,22869.0,4471.0,20489.0,52351.92,907215.0,0.0
ethereum/py-evm,24.0,24.0,100.000%,1256.0,1090.0,86.783%,64886.0,147045.25,726603.0,3115.0,17789.0,62907.61,1297352.0,0.0
ethereum/py-ssz,2.0,2.0,100.000%,42.0,30.0,71.429%,17914.5,17914.5,27076.0,8753.0,30936.5,85729.83,1203493.0,238.0
ethereum/py-trie,2.0,2.0,100.000%,35.0,17.0,48.571%,10154.0,10154.0,11666.0,8642.0,20191.0,48385.18,403151.0,8.0
ethereum/py_ecc,4.0,3.0,75.000%,48.0,17.0,35.417%,7241.0,78365.67,226411.0,1445.0,5146.0,20737.82,173470.0,262.0
ethereum/pyrlp,1.0,0.0,0.000%,39.0,32.0,82.051%,,,,,7633.0,134342.78,648237.0,104.0
ethereum/sharding,1.0,1.0,100.000%,48.0,47.0,97.917%,30989.0,30989.0,30989.0,30989.0,93632.0,95163.3,271030.0,3.0
ethereum/solc-js,1.0,1.0,100.000%,231.0,180.0,77.922%,222890.0,222890.0,222890.0,222890.0,19261.0,234814.89,2742598.0,0.0
ethereum/solidity,51.0,47.0,92.157%,5167.0,4715.0,91.252%,89047.0,281196.3,2309912.0,3009.0,27329.0,198896.15,3808631.0,0.0
ethereum/swarm-dapps,1.0,0.0,0.000%,17.0,2.0,11.765%,,,,,2101.5,2101.5,2998.0,1205.0
ethereum/trinity,0.0,0.0,-0.000%,463.0,463.0,100.000%,,,,,162309.0,326782.8,1117735.0,0.0
ethereum/web3.py,18.0,17.0,94.444%,1248.0,1079.0,86.458%,77656.0,196971.88,1046881.0,2754.0,6283.0,162366.21,2816680.0,0.0
ethereumbook/ethereumbook,2.0,2.0,100.000%,203.0,156.0,76.847%,16172.0,16172.0,18908.0,13436.0,91640.5,162044.37,792177.0,0.0
ethereumclassic/explorer,2.0,2.0,100.000%,115.0,62.0,53.913%,1198733.0,1198733.0,1198747.0,1198719.0,5639.0,70991.94,915744.0,0.0
ethereumjs/ethereumjs-devp2p,1.0,1.0,100.000%,28.0,28.0,100.000%,591990.0,591990.0,591990.0,591990.0,87021.0,289125.57,1414483.0,17.0
ethereumjs/ethereumjs-monorepo,1.0,1.0,100.000%,856.0,773.0,90.304%,116783.0,116783.0,116783.0,116783.0,55523.0,242124.73,2523887.0,0.0
ethereumjs/rustbn.js,1.0,0.0,0.000%,14.0,12.0,85.714%,,,,,115229.5,155197.25,478755.0,1330.0
ethers-io/ethers.js,1.0,1.0,100.000%,2174.0,1958.0,90.064%,28369.0,28369.0,28369.0,28369.0,8668.0,103036.53,2533178.0,0.0
ethersphere/bee-docs,1.0,1.0,100.000%,123.0,108.0,87.805%,721947.0,721947.0,721947.0,721947.0,130865.0,183368.74,1093295.0,20.0
ethgasstation/ethgasstation-backend,1.0,1.0,100.000%,27.0,20.0,74.074%,42463.0,42463.0,42463.0,42463.0,14137.5,43648.0,276530.0,176.0
ethglobal/ethsanfrancisco-bounties,7.0,4.0,57.143%,7.0,2.0,28.571%,18502.0,16804.5,21303.0,8911.0,296029.5,296029.5,408531.0,183528.0
ethglobal/ethsingapore-bounties,2.0,0.0,0.000%,2.0,0.0,0.000%,,,,,,,,
ethhub-io/ethhub,22.0,18.0,81.818%,110.0,84.0,76.364%,25364.0,31136.78,103779.0,10386.0,4003.5,57000.26,404063.0,0.0
ethsociety/learn-plasma,9.0,8.0,88.889%,55.0,39.0,70.909%,96158.0,76284.12,132195.0,3337.0,30548.0,33582.74,110617.0,28.0
ever-guild/Everscale-SEW,1.0,1.0,100.000%,8.0,0.0,0.000%,50502.0,50502.0,50502.0,50502.0,,,,
everscale-org/bounties,7.0,5.0,71.429%,15.0,15.0,100.000%,180162.0,182671.2,483904.0,930.0,579975.0,515707.07,595857.0,1470.0
everscale-org/docs,1.0,1.0,100.000%,147.0,105.0,71.429%,1964.0,1964.0,1964.0,1964.0,9646.0,29665.22,214211.0,1.0
ewasm/design,1.0,1.0,100.000%,98.0,41.0,41.837%,18658.0,18658.0,18658.0,18658.0,95859.0,253863.71,1058237.0,1.0
ewasm/hera,1.0,1.0,100.000%,103.0,81.0,78.641%,10183.0,10183.0,10183.0,10183.0,22405.0,75227.2,948442.0,76.0
extraspaceforskill123/webhook-API-example-1,1.0,0.0,0.000%,3.0,0.0,0.000%,,,,,,,,
f-o-a-m/chanterelle,3.0,1.0,33.333%,52.0,39.0,75.000%,374647.0,374647.0,374647.0,374647.0,2883.0,52570.79,739998.0,0.0
f-o-a-m/foam.developer,6.0,3.0,50.000%,24.0,23.0,95.833%,1359543.0,1302951.67,1359547.0,1189765.0,431704.0,394906.96,1344679.0,119.0
f1l1b0x/bcryptopencldigest,1.0,0.0,0.000%,0.0,0.0,-0.000%,,,,,,,,
facebook/jscodeshift,1.0,1.0,100.000%,310.0,190.0,61.290%,23653.0,23653.0,23653.0,23653.0,31491.0,318696.24,2809592.0,0.0
facebook/react,0.0,0.0,-0.000%,1594.0,1096.0,68.758%,,,,,801.5,26933.37,601896.0,0.0
fairDataSociety/FIPs,1.0,0.0,0.000%,47.0,9.0,19.149%,,,,,277853.0,253445.0,465305.0,1.0
fairDataSociety/WAM,20.0,20.0,100.000%,0.0,0.0,-0.000%,254497.5,253583.1,254606.0,238872.0,,,,
fairDataSociety/bounties,15.0,3.0,20.000%,41.0,4.0,9.756%,107918.0,177403.0,343476.0,80815.0,60780.0,90107.5,228953.0,9917.0
fairDataSociety/fairdrive-theapp,1.0,1.0,100.000%,175.0,89.0,50.857%,233459.0,233459.0,233459.0,233459.0,78196.0,108499.94,482477.0,0.0
fairDataSociety/galileo,2.0,0.0,0.000%,3.0,2.0,66.667%,,,,,9456.5,9456.5,11873.0,7040.0
fairDataSociety/registry,8.0,2.0,25.000%,0.0,0.0,-0.000%,33155.0,33155.0,33161.0,33149.0,,,,
fairDataSociety/wiki-at-swarm,1.0,0.0,0.000%,0.0,0.0,-0.000%,,,,,,,,
fakeorggitcoin/web,3.0,0.0,0.000%,0.0,0.0,-0.000%,,,,,,,,
fetchai/mettalex-market-maker,1.0,0.0,0.000%,3.0,2.0,66.667%,,,,,31665.0,31665.0,61742.0,1588.0
ffdao/CodelessConduct-Gitcoin,3.0,0.0,0.000%,0.0,0.0,-0.000%,,,,,,,,
figment-networks/learn-tutorials,1.0,1.0,100.000%,1.0,1.0,100.000%,78636.0,78636.0,78636.0,78636.0,7.0,7.0,7.0,7.0
fildaio/FilDA,2.0,0.0,0.000%,1.0,0.0,0.000%,,,,,,,,
filecoin-project/community,1.0,0.0,0.000%,60.0,34.0,56.667%,,,,,7517.0,135334.85,1232099.0,0.0
filecoin-project/devgrants,1.0,1.0,100.000%,1078.0,1029.0,95.455%,391171.0,391171.0,391171.0,391171.0,36752.0,70229.96,1481654.0,0.0
fioprotocol/fiosdk_kotlin,1.0,1.0,100.000%,9.0,6.0,66.667%,65013.0,65013.0,65013.0,65013.0,47971.5,71036.83,184043.0,47930.0
fission-codes/commons-funding,1.0,0.0,0.000%,15.0,0.0,0.000%,,,,,,,,
fission-codes/discourse-web3-login,1.0,0.0,0.000%,3.0,1.0,33.333%,,,,,6958.0,6958.0,6958.0,6958.0
floating/frame,1.0,1.0,100.000%,270.0,253.0,93.704%,761917.0,761917.0,761917.0,761917.0,134364.0,304233.39,2290038.0,1.0
fluencelabs/Gitcoin-Codeless-Conduct-2022,7.0,0.0,0.000%,0.0,0.0,-0.000%,,,,,,,,
fluencelabs/Gitcoin-GR11-Hackathon,7.0,0.0,0.000%,4.0,4.0,100.000%,,,,,2936.0,2940.25,2955.0,2934.0
fluencelabs/Gitcoin-GR12-Hackathon,3.0,0.0,0.000%,0.0,0.0,-0.000%,,,,,,,,
fluencelabs/Gitcoin-Schelling-Point-Hackathon,3.0,0.0,0.000%,0.0,0.0,-0.000%,,,,,,,,
fluencelabs/Sovereign-Data-Hackathon,2.0,0.0,0.000%,0.0,0.0,-0.000%,,,,,,,,
fluencelabs/Sustainable-Blockchain-Hackathon-2022,1.0,0.0,0.000%,0.0,0.0,-0.000%,,,,,,,,
fluencelabs/gitcoin-wam-2022,2.0,0.0,0.000%,0.0,0.0,-0.000%,,,,,,,,
folia-app/folia-contracts,1.0,0.0,0.000%,2.0,2.0,100.000%,,,,,64683.5,64683.5,106570.0,22797.0
foresight-org/gitcoin-bounties,28.0,0.0,0.000%,7.0,2.0,28.571%,,,,,4440.5,4440.5,5086.0,3795.0
forkdelta/classic-frontend,1.0,1.0,100.000%,90.0,71.0,78.889%,3753.0,3753.0,3753.0,3753.0,3236.0,30472.42,277941.0,4.0
forkingdog/UITableView-FDTemplateLayoutCell,1.0,0.0,0.000%,378.0,263.0,69.577%,,,,,39153.0,149055.79,1120243.0,1.0
forta-network/starter-kits,1.0,0.0,0.000%,27.0,9.0,33.333%,,,,,1523.0,36929.78,198542.0,1377.0
fortmatic/edcon2019-hackathon,1.0,1.0,100.000%,0.0,0.0,-0.000%,229125.0,229125.0,229125.0,229125.0,,,,
fortmatic/hackathon,1.0,1.0,100.000%,0.0,0.0,-0.000%,222848.0,222848.0,222848.0,222848.0,,,,
foundry-rs/foundry,1.0,0.0,0.000%,2116.0,1632.0,77.127%,,,,,4550.0,46323.95,870867.0,1.0
fourth-wave/aframe-dev-environment,1.0,1.0,100.000%,3.0,0.0,0.000%,27616.0,27616.0,27616.0,27616.0,,,,
freedomofpress/securedrop,1.0,1.0,100.000%,1656.0,1363.0,82.307%,358338.0,358338.0,358338.0,358338.0,17579.0,140349.63,2501120.0,0.0
freeotp/freeotp-android,1.0,0.0,0.000%,231.0,152.0,65.801%,,,,,156531.5,1024824.52,3260491.0,0.0
frostiq/cryptomedia-subgraph,2.0,2.0,100.000%,3.0,2.0,66.667%,13267.5,13267.5,14644.0,11891.0,922.5,922.5,1189.0,656.0
fsprojects/FSharpLint,1.0,1.0,100.000%,288.0,224.0,77.778%,211019.0,211019.0,211019.0,211019.0,19487.5,145863.78,1872536.0,12.0
fsprojects/fantomas,3.0,3.0,100.000%,1331.0,1253.0,94.140%,215536.0,178747.33,265588.0,55118.0,13496.0,148281.63,3169930.0,0.0
fuguefoundation/ff-contracts,2.0,2.0,100.000%,1.0,1.0,100.000%,29968.0,29968.0,45980.0,13956.0,45977.0,45977.0,45977.0,45977.0
fuguefoundation/ff-dapp,1.0,1.0,100.000%,4.0,1.0,25.000%,7716.0,7716.0,7716.0,7716.0,60198.0,60198.0,60198.0,60198.0
fuguefoundation/ff-impact-calculator,1.0,1.0,100.000%,0.0,0.0,-0.000%,14231.0,14231.0,14231.0,14231.0,,,,
fuseio/fuse-bridge,1.0,1.0,100.000%,9.0,5.0,55.556%,15720.0,15720.0,15720.0,15720.0,66845.0,99943.8,286651.0,10554.0
fuseio/fuse-explorer,1.0,0.0,0.000%,6.0,2.0,33.333%,,,,,251397.5,251397.5,477986.0,24809.0
fuseio/fuse-nft-subgraph,1.0,0.0,0.000%,1.0,1.0,100.000%,,,,,27058.0,27058.0,27058.0,27058.0
fuseio/fuse-studio,1.0,1.0,100.000%,6.0,5.0,83.333%,263816.0,263816.0,263816.0,263816.0,129792.0,253888.6,763187.0,2602.0
fuseio/fuse-studio-contracts,1.0,0.0,0.000%,0.0,0.0,-0.000%,,,,,,,,
fushang318github/hello,1.0,0.0,0.000%,0.0,0.0,-0.000%,,,,,,,,
futurebankxyz/futureledger,1.0,0.0,0.000%,0.0,0.0,-0.000%,,,,,,,,
fvictorio-tests/hello-world,29.0,0.0,0.000%,3.0,0.0,0.000%,,,,,,,,
gaugecash/Android_Wallet,1.0,0.0,0.000%,0.0,0.0,-0.000%,,,,,,,,
gaugecash/iOS_Wallet,1.0,0.0,0.000%,0.0,0.0,-0.000%,,,,,,,,
gaurav569/Defi-NFT_Game,5.0,0.0,0.000%,1.0,0.0,0.000%,,,,,,,,
gaurav569/Mintpact,1.0,0.0,0.000%,2.0,0.0,0.000%,,,,,,,,
genuinetools/audit,1.0,1.0,100.000%,3.0,2.0,66.667%,55105.0,55105.0,55105.0,55105.0,18981.5,18981.5,34411.0,3552.0
getsafle/vault-avalanche-controller,1.0,1.0,100.000%,3.0,3.0,100.000%,60249.0,60249.0,60249.0,60249.0,6459.0,6310.33,9635.0,2837.0
getsafle/vault-solana-controller,1.0,1.0,100.000%,1.0,1.0,100.000%,240065.0,240065.0,240065.0,240065.0,146773.0,146773.0,146773.0,146773.0
ghbutton/react-native-simple-crypto,1.0,1.0,100.000%,29.0,16.0,55.172%,22697.0,22697.0,22697.0,22697.0,149324.5,258674.12,727880.0,29.0
gianpaj/walnut.tv,1.0,1.0,100.000%,23.0,23.0,100.000%,129459.0,129459.0,129459.0,129459.0,45473.0,123117.39,952069.0,4235.0
giansalex/lycet,0.0,0.0,-0.000%,99.0,95.0,95.960%,,,,,2642.0,47008.35,1812197.0,3.0
gitcoinco/Kudos721Contract,1.0,1.0,100.000%,3.0,1.0,33.333%,4392.0,4392.0,4392.0,4392.0,628.0,628.0,628.0,628.0
gitcoinco/browser-extension,4.0,3.0,75.000%,38.0,8.0,21.053%,24649.0,25893.0,43724.0,9306.0,27923.0,46006.38,205713.0,586.0
gitcoinco/code_fund_ads,8.0,7.0,87.500%,328.0,297.0,90.549%,70456.0,60115.71,122649.0,5533.0,23105.0,77149.08,497885.0,2.0
gitcoinco/codefund,20.0,20.0,100.000%,290.0,188.0,64.828%,14452.5,54516.0,178727.0,2900.0,22985.0,62918.38,203274.0,0.0
gitcoinco/coldoutreach,1.0,0.0,0.000%,5.0,2.0,40.000%,,,,,1.5,1.5,2.0,1.0
gitcoinco/command_line_standardbounties_funder,4.0,4.0,100.000%,2.0,0.0,0.000%,22105.0,22105.0,24341.0,19869.0,,,,
gitcoinco/creative,50.0,28.0,56.000%,202.0,126.0,62.376%,65628.0,266003.36,978847.0,31903.0,32309.0,189768.17,1591076.0,0.0
gitcoinco/data-ops,6.0,4.0,66.667%,72.0,70.0,97.222%,24767.0,24767.0,26789.0,22745.0,68645.0,233772.89,789103.0,2903.0
gitcoinco/desktop-app,1.0,0.0,0.000%,0.0,0.0,-0.000%,,,,,,,,
gitcoinco/discourse-codefund,1.0,0.0,0.000%,0.0,0.0,-0.000%,,,,,,,,
gitcoinco/downtownstimulus,1.0,0.0,0.000%,2.0,1.0,50.000%,,,,,7486.0,7486.0,7486.0,7486.0
gitcoinco/ethdenver,4.0,1.0,25.000%,6.0,6.0,100.000%,952444.0,952444.0,952444.0,952444.0,8318.5,8389.5,8741.0,8310.0
gitcoinco/ethindia,2.0,2.0,100.000%,1.0,1.0,100.000%,91296.0,91296.0,177179.0,5413.0,1836702.0,1836702.0,1836702.0,1836702.0
gitcoinco/gitcoin_cadcad_model,1.0,1.0,100.000%,2.0,1.0,50.000%,22912.0,22912.0,22912.0,22912.0,20.0,20.0,20.0,20.0
gitcoinco/gitcoinco,22.0,8.0,36.364%,204.0,90.0,44.118%,18128.0,19476.0,30511.0,11137.0,1519.0,11802.84,168488.0,0.0
gitcoinco/ios,3.0,2.0,66.667%,26.0,13.0,50.000%,57489.0,57489.0,89425.0,25553.0,33071.0,81383.15,212817.0,0.0
gitcoinco/kudosbadges,2.0,0.0,0.000%,303.0,65.0,21.452%,,,,,18281.0,72329.09,876928.0,0.0
gitcoinco/passport,3.0,0.0,0.000%,699.0,474.0,67.811%,,,,,15941.0,34260.6,444941.0,0.0
gitcoinco/passport-reader,1.0,0.0,0.000%,1.0,0.0,0.000%,,,,,,,,
gitcoinco/skunkworks,154.0,40.0,25.974%,294.0,24.0,8.163%,40987.5,105623.6,721414.0,278.0,9257.0,17000.92,57436.0,0.0
gitcoinco/smart_contracts,2.0,1.0,50.000%,12.0,4.0,33.333%,104318.0,104318.0,104318.0,104318.0,471.5,14317.75,56293.0,35.0
gitcoinco/sxsw,2.0,0.0,0.000%,0.0,0.0,-0.000%,,,,,,,,
gitcoinco/web,1141.0,1082.0,94.829%,8186.0,7126.0,87.051%,115146.5,260228.29,1402557.0,1.0,68589.0,227605.04,1402564.0,0.0
githubjeka/tracker-issues,1.0,1.0,100.000%,31.0,24.0,77.419%,390408.0,390408.0,390408.0,390408.0,3999.5,78675.46,1197212.0,38.0
giveacake/contract,3.0,2.0,66.667%,0.0,0.0,-0.000%,1904.5,1904.5,3788.0,21.0,,,,
gnosis/GECO,2.0,0.0,0.000%,3.0,1.0,33.333%,,,,,141146.0,141146.0,141146.0,141146.0
gnosis/MultiSigWallet,1.0,0.0,0.000%,196.0,124.0,63.265%,,,,,25905.0,65306.76,361518.0,0.0
gnosis/conditional-tokens-docs,2.0,0.0,0.000%,7.0,1.0,14.286%,,,,,100415.0,100415.0,100415.0,100415.0
gnosis/mock-contract,2.0,0.0,0.000%,10.0,7.0,70.000%,,,,,1498.0,10106.57,59360.0,21.0
gnosis/safe-browser-extension,1.0,1.0,100.000%,52.0,42.0,80.769%,285270.0,285270.0,285270.0,285270.0,32648.0,93031.71,1436962.0,36.0
gnosis/safe-hackathon,3.0,3.0,100.000%,0.0,0.0,-0.000%,31467.0,31467.67,31471.0,31465.0,,,,
gnosis/zodiac,3.0,3.0,100.000%,17.0,9.0,52.941%,540216.0,509155.67,540397.0,446854.0,117338.0,194879.56,555840.0,394.0
godotengine/webrtc-native,1.0,0.0,0.000%,34.0,30.0,88.235%,,,,,92708.5,268103.9,1219020.0,31.0
goerli/parity-goerli,4.0,2.0,50.000%,16.0,14.0,87.500%,39712.0,39712.0,69172.0,10252.0,2666.5,8580.36,40684.0,59.0
gohugoio/hugo,0.0,0.0,-0.000%,531.0,346.0,65.160%,,,,,994.0,38211.92,612348.0,0.0
gokhanmoral/STweaks,1.0,0.0,0.000%,0.0,0.0,-0.000%,,,,,,,,
golemfactory/hackathons,12.0,0.0,0.000%,3.0,0.0,0.000%,,,,,,,,
golemfactory/yagna,0.0,0.0,-0.000%,90.0,45.0,50.000%,,,,,42088.0,58411.71,250769.0,15.0
googlecodelabs/codelab-components,1.0,1.0,100.000%,28.0,25.0,89.286%,116644.0,116644.0,116644.0,116644.0,17467.0,303788.56,1160636.0,7.0
graphprotocol/ethcc-hackathon,2.0,0.0,0.000%,0.0,0.0,-0.000%,,,,,,,,
graphprotocol/gitcoin-beyond-blockchain-hackathon,1.0,0.0,0.000%,0.0,0.0,-0.000%,,,,,,,,
graphprotocol/gitcoin-grants-round-10-hackathon,1.0,0.0,0.000%,0.0,0.0,-0.000%,,,,,,,,
graphprotocol/gitcoin-grants-round-9-hackathon,1.0,0.0,0.000%,0.0,0.0,-0.000%,,,,,,,,
graphprotocol/graph-node,2.0,0.0,0.000%,1577.0,1255.0,79.581%,,,,,29080.0,168247.39,2094368.0,0.0
graphprotocol/hack-for-freedom,2.0,0.0,0.000%,0.0,0.0,-0.000%,,,,,,,,
greensailAR/SNIwinterhack,1.0,0.0,0.000%,1.0,0.0,0.000%,,,,,,,,
groundRachel/OpenBountyStatusTest,1.0,0.0,0.000%,0.0,0.0,-0.000%,,,,,,,,
gryldCHEEZ/Erc721,1.0,0.0,0.000%,0.0,0.0,-0.000%,,,,,,,,
gryldCHEEZ/cryptochunkz,1.0,0.0,0.000%,0.0,0.0,-0.000%,,,,,,,,
gumshed/acre.holdings,1.0,1.0,100.000%,0.0,0.0,-0.000%,119393.0,119393.0,119393.0,119393.0,,,,
hCaptcha/hcaptcha-wordpress-plugin,1.0,1.0,100.000%,153.0,142.0,92.810%,118758.0,118758.0,118758.0,118758.0,64815.5,178868.96,1337423.0,71.0
hCaptcha/hmt-basemodels,1.0,1.0,100.000%,26.0,14.0,53.846%,18718.0,18718.0,18718.0,18718.0,2070.0,31218.79,234948.0,0.0
hCaptcha/telegram-bot,2.0,2.0,100.000%,10.0,6.0,60.000%,157123.0,157123.0,263889.0,50357.0,27594.5,56694.5,182530.0,0.0
haberrunner/gitcoinBOUNTY,1.0,0.0,0.000%,0.0,0.0,-0.000%,,,,,,,,
harmony-one/bounties,78.0,44.0,56.410%,50.0,19.0,38.000%,83155.5,94639.25,495414.0,5.0,9696.0,25456.05,105109.0,0.0
harmony-one/hackathon,18.0,1.0,5.556%,14.0,4.0,28.571%,352805.0,352805.0,352805.0,352805.0,18604.0,24746.25,52629.0,9148.0
harmony-one/harmony,1.0,1.0,100.000%,696.0,581.0,83.477%,63614.0,63614.0,63614.0,63614.0,73399.0,352074.37,1681835.0,0.0
harmonylion/99designsformemes,1.0,0.0,0.000%,2.0,0.0,0.000%,,,,,,,,
harmonylion/ideamarkets,30.0,0.0,0.000%,8.0,0.0,0.000%,,,,,,,,
harvest-finance/harvest,5.0,1.0,20.000%,5.0,3.0,60.000%,113471.0,113471.0,113471.0,113471.0,33030.0,22829.33,35293.0,165.0
hashgraph/hedera-docs,1.0,1.0,100.000%,158.0,72.0,45.570%,62214.0,62214.0,62214.0,62214.0,15568.0,58735.08,534092.0,126.0
hashingsystems/WrappedHBAR,1.0,0.0,0.000%,0.0,0.0,-0.000%,,,,,,,,
hatgit/BIP39-Mnemonic-Tools,2.0,2.0,100.000%,4.0,4.0,100.000%,6097.0,6097.0,6455.0,5739.0,16550.0,18679.75,41596.0,23.0
headline-design/DAO-Bounties,1.0,1.0,100.000%,0.0,0.0,-0.000%,49665.0,49665.0,49665.0,49665.0,,,,
hellobloom/attestation-kit,3.0,3.0,100.000%,0.0,0.0,-0.000%,139575.0,139575.67,139578.0,139574.0,,,,
hellobloom/bloom-starter,1.0,1.0,100.000%,2.0,1.0,50.000%,801133.0,801133.0,801133.0,801133.0,44.0,44.0,44.0,44.0
hellobloom/core,2.0,2.0,100.000%,3.0,1.0,33.333%,582732.0,582732.0,1025888.0,139576.0,5.0,5.0,5.0,5.0
hellobloom/share-kit,8.0,8.0,100.000%,2.0,2.0,100.000%,48926.0,67505.62,139571.0,20145.0,126749.5,126749.5,252057.0,1442.0
hermeznetwork/0xhack,4.0,0.0,0.000%,0.0,0.0,-0.000%,,,,,,,,
hesterbruikman/offscript,1.0,1.0,100.000%,0.0,0.0,-0.000%,68915.0,68915.0,68915.0,68915.0,,,,
hoprnet/derp,1.0,1.0,100.000%,14.0,12.0,85.714%,214948.0,214948.0,214948.0,214948.0,4295.0,9461.5,33100.0,39.0
hoprnet/hopr-boomerang-chat,1.0,1.0,100.000%,0.0,0.0,-0.000%,37102.0,37102.0,37102.0,37102.0,,,,
hoprnet/hopr-bounty-submission,1.0,1.0,100.000%,1.0,1.0,100.000%,30716.0,30716.0,30716.0,30716.0,117812.0,117812.0,117812.0,117812.0
hoprnet/hopr-community,34.0,28.0,82.353%,152.0,142.0,93.421%,71260.5,102679.29,554540.0,20263.0,11299.0,119967.68,591461.0,46.0
hoprnet/hopr-core,1.0,1.0,100.000%,142.0,142.0,100.000%,10164.0,10164.0,10164.0,10164.0,17203.0,64957.34,318345.0,0.0
hoprnet/hopr-devrel,1.0,1.0,100.000%,185.0,139.0,75.135%,64781.0,64781.0,64781.0,64781.0,15758.0,52071.74,806576.0,0.0
hoprnet/hopr-docs,0.0,0.0,-0.000%,4.0,4.0,100.000%,,,,,60667.0,127240.5,327108.0,60520.0
hoprnet/hopr-status-board,1.0,1.0,100.000%,0.0,0.0,-0.000%,43019.0,43019.0,43019.0,43019.0,,,,
hoprnet/myne-chat,2.0,2.0,100.000%,73.0,56.0,76.712%,104476.5,104476.5,120502.0,88451.0,12892.0,34908.41,264816.0,2.0
hoprnet/website-hoprnet-org,7.0,7.0,100.000%,61.0,46.0,75.410%,12917.0,19336.57,60106.0,1903.0,2820.5,41126.39,527334.0,15.0
humanprotocol/bugbounty,1.0,1.0,100.000%,0.0,0.0,-0.000%,39124.0,39124.0,39124.0,39124.0,,,,
humanprotocol/dao-hackathon,2.0,2.0,100.000%,2.0,0.0,0.000%,144165.0,144165.0,144165.0,144165.0,,,,
humanprotocol/eth-kvstore,1.0,1.0,100.000%,4.0,4.0,100.000%,279044.0,279044.0,279044.0,279044.0,24512.5,64822.25,199075.0,11189.0
humanprotocol/fortune,1.0,1.0,100.000%,18.0,17.0,94.444%,119340.0,119340.0,119340.0,119340.0,19869.0,83705.35,368495.0,258.0
humanprotocol/hmt-escrow,24.0,24.0,100.000%,264.0,264.0,100.000%,147640.0,219557.08,620979.0,36070.0,17197.5,108295.91,782091.0,2.0
humanprotocol/humansubgraph,0.0,0.0,-0.000%,9.0,9.0,100.000%,,,,,25721.0,30900.0,57259.0,16028.0
humanprotocol/mturk-bridge,2.0,2.0,100.000%,0.0,0.0,-0.000%,119923.0,119923.0,119928.0,119918.0,,,,
humanprotocol/scaleai-bridge,2.0,2.0,100.000%,0.0,0.0,-0.000%,119914.5,119914.5,119915.0,119914.0,,,,
hyperlane-xyz/hyperlane-monorepo,1.0,1.0,100.000%,944.0,784.0,83.051%,251558.0,251558.0,251558.0,251558.0,36853.0,71226.54,665153.0,0.0
hyperledger-labs/blockchain-carbon-accounting,6.0,5.0,83.333%,217.0,172.0,79.263%,51862.0,46365.6,63400.0,19745.0,29536.5,70541.65,558728.0,0.0
hyperledger/solang,8.0,6.0,75.000%,263.0,199.0,75.665%,143971.0,200346.83,549301.0,50560.0,12995.0,115569.98,1332022.0,16.0
iExecBlockchainComputing/iexec-apps,68.0,16.0,23.529%,16.0,4.0,25.000%,91513.0,141624.88,292585.0,90850.0,2220.5,2220.5,4430.0,11.0
iamonuwa/sample,2.0,0.0,0.000%,0.0,0.0,-0.000%,,,,,,,,
ichifarm/Put-Liquidity-Vaults,1.0,0.0,0.000%,1.0,0.0,0.000%,,,,,,,,
icinsight/mutantmonsters,1.0,1.0,100.000%,0.0,0.0,-0.000%,56054.0,56054.0,56054.0,56054.0,,,,
icpdao/icp,1.0,0.0,0.000%,321.0,161.0,50.156%,,,,,27.0,942.09,46045.0,0.0
icpdao/public,3.0,0.0,0.000%,21.0,3.0,14.286%,,,,,310802.0,207206.67,310803.0,15.0
idena-network/idena-desktop,1.0,1.0,100.000%,169.0,131.0,77.515%,328442.0,328442.0,328442.0,328442.0,54456.0,131882.89,729557.0,10.0
idena-network/idena-go,2.0,2.0,100.000%,141.0,106.0,75.177%,76230.5,76230.5,77334.0,75127.0,28667.0,94227.43,460366.0,23.0
idno/known,1.0,0.0,0.000%,1292.0,1160.0,89.783%,,,,,26471.0,250783.46,2904527.0,0.0
ignite/cli,2.0,2.0,100.000%,1386.0,1139.0,82.179%,848372.5,848372.5,1205394.0,491351.0,16222.0,100087.08,1096112.0,0.0
ikhsan0x/Buy-token-php,1.0,0.0,0.000%,0.0,0.0,-0.000%,,,,,,,,
ikhsan0x/Contract,1.0,0.0,0.000%,0.0,0.0,-0.000%,,,,,,,,
ikhsan0x/Swap_Web3,1.0,1.0,100.000%,0.0,0.0,-0.000%,18675.0,18675.0,18675.0,18675.0,,,,
ikunetwork/alpha,1.0,0.0,0.000%,54.0,10.0,18.519%,,,,,12224.0,23118.1,113552.0,1.0
image-rs/image,1.0,0.0,0.000%,820.0,594.0,72.439%,,,,,6009.0,259621.52,3269678.0,0.0
imsuperleague/landing-page-V1,1.0,1.0,100.000%,0.0,0.0,-0.000%,8197.0,8197.0,8197.0,8197.0,,,,
indexed-finance/bounties,1.0,0.0,0.000%,0.0,0.0,-0.000%,,,,,,,,
integritee-network/worker,1.0,1.0,100.000%,700.0,488.0,69.714%,383602.0,383602.0,383602.0,383602.0,41459.0,126563.28,1169198.0,0.0
interlay/hackathons,1.0,0.0,0.000%,0.0,0.0,-0.000%,,,,,,,,
internetarchive/openlibrary,1.0,1.0,100.000%,3296.0,2613.0,79.278%,81547.0,81547.0,81547.0,81547.0,47848.0,363175.64,5534267.0,0.0
iotaledger/iota-wiki,1.0,1.0,100.000%,163.0,136.0,83.436%,68738.0,68738.0,68738.0,68738.0,38914.5,86337.0,555070.0,3.0
iotexproject/halogrants,15.0,5.0,33.333%,12.0,10.0,83.333%,179189.0,206132.6,339780.0,153479.0,37410.5,52102.6,228287.0,2.0
iotexproject/iotex-core,1.0,1.0,100.000%,1125.0,1056.0,93.867%,171241.0,171241.0,171241.0,171241.0,21965.0,88525.22,1470853.0,0.0
iotexproject/iotex-dapp-sample,1.0,1.0,100.000%,22.0,22.0,100.000%,3420.0,3420.0,3420.0,3420.0,18811.0,74546.27,305209.0,13.0
ipfs/devgrants,2.0,1.0,50.000%,187.0,181.0,96.791%,121044.0,121044.0,121044.0,121044.0,33218.0,75300.64,969140.0,0.0
ipfs/distributed-wikipedia-mirror,1.0,1.0,100.000%,75.0,56.0,74.667%,313563.0,313563.0,313563.0,313563.0,690521.0,663941.61,2061980.0,45.0
ipfs/js-ipfs,1.0,1.0,100.000%,1650.0,1649.0,99.939%,215769.0,215769.0,215769.0,215769.0,49129.0,450508.32,3637299.0,0.0
ironcoinext/IronCoin,4.0,4.0,100.000%,0.0,0.0,-0.000%,868491.5,868497.25,868527.0,868479.0,,,,
jack778878768/768788787,1.0,0.0,0.000%,1.0,1.0,100.000%,,,,,1.0,1.0,1.0,1.0
jackdclark/five,1.0,0.0,0.000%,64.0,21.0,32.812%,,,,,6415.0,161735.14,2239502.0,0.0
jackygu2006/subscan,1.0,0.0,0.000%,0.0,0.0,-0.000%,,,,,,,,
janus/vanity-petra,1.0,0.0,0.000%,0.0,0.0,-0.000%,,,,,,,,
jasonrhaas/slackcloud,1.0,0.0,0.000%,1.0,0.0,0.000%,,,,,,,,
jeremybarbet/react-native-modalize,1.0,1.0,100.000%,310.0,221.0,71.290%,1106692.0,1106692.0,1106692.0,1106692.0,37069.0,196555.87,1378895.0,2.0
jhoenicke/mempool,1.0,1.0,100.000%,59.0,48.0,81.356%,29651.0,29651.0,29651.0,29651.0,3738.0,192398.79,1787294.0,0.0
joaoaguiam/ethdenver-staking-contracts,1.0,0.0,0.000%,0.0,0.0,-0.000%,,,,,,,,
johguse/profanity,1.0,0.0,0.000%,59.0,22.0,37.288%,,,,,3933.5,110690.68,546542.0,1.0
jordan663994/etherplanet,1.0,0.0,0.000%,0.0,0.0,-0.000%,,,,,,,,
julienbrg/fraktal,2.0,1.0,50.000%,0.0,0.0,-0.000%,21669.0,21669.0,21669.0,21669.0,,,,
julienbrg/hasard,1.0,0.0,0.000%,0.0,0.0,-0.000%,,,,,,,,
jupyter/qtconsole,1.0,0.0,0.000%,322.0,220.0,68.323%,,,,,3962.0,93639.97,2239812.0,0.0
jvmaia/gitcointests,3.0,0.0,0.000%,0.0,0.0,-0.000%,,,,,,,,
k06a/boolinq,6.0,4.0,66.667%,28.0,18.0,64.286%,2758.0,145976.5,577287.0,1103.0,77303.5,233954.5,1541244.0,48.0
katiejohnson/Labs_Relay,2.0,0.0,0.000%,0.0,0.0,-0.000%,,,,,,,,
kauri-io/Content,56.0,50.0,89.286%,26.0,24.0,92.308%,109185.0,114002.76,411843.0,11459.0,211281.5,158667.67,211288.0,8614.0
kaythxbye/bes-dummy,1.0,0.0,0.000%,0.0,0.0,-0.000%,,,,,,,,
kaythxbye/dotfiles,2.0,1.0,50.000%,0.0,0.0,-0.000%,24.0,24.0,24.0,24.0,,,,
keep-network/Bounties-and-Grants,3.0,1.0,33.333%,0.0,0.0,-0.000%,199800.0,199800.0,199800.0,199800.0,,,,
keep-network/Protect-Privacy-Hackathon,1.0,0.0,0.000%,0.0,0.0,-0.000%,,,,,,,,
keep-network/tbtc.js,1.0,0.0,0.000%,25.0,14.0,56.000%,,,,,8868.0,34711.5,141719.0,49.0
keijiro/KlakSyphon,1.0,0.0,0.000%,25.0,19.0,76.000%,,,,,2447.0,151316.68,1901888.0,2.0
kelpieinu/kelpie,2.0,0.0,0.000%,0.0,0.0,-0.000%,,,,,,,,
kelpieinu/kelpiesend,1.0,0.0,0.000%,0.0,0.0,-0.000%,,,,,,,,
kelpieinu/multi,1.0,0.0,0.000%,0.0,0.0,-0.000%,,,,,,,,
kelpieinu/swapbuy,1.0,0.0,0.000%,0.0,0.0,-0.000%,,,,,,,,
kelvintyb/swarmed,2.0,0.0,0.000%,0.0,0.0,-0.000%,,,,,,,,
kevinchappell/formBuilder,1.0,1.0,100.000%,954.0,780.0,81.761%,147058.0,147058.0,147058.0,147058.0,52584.5,266415.98,2568266.0,0.0
keybase/keybase-issues,1.0,0.0,0.000%,4157.0,1857.0,44.672%,,,,,1443.0,153909.51,4450999.0,0.0
kingslaugter/PlatON-x-Gitcoin-Bounty-,1.0,0.0,0.000%,4.0,0.0,0.000%,,,,,,,,
kirillt/lineage-microg-huawei-p10,1.0,0.0,0.000%,0.0,0.0,-0.000%,,,,,,,,
kleros/hackathon,6.0,4.0,66.667%,2.0,2.0,100.000%,1194980.0,1194980.0,1194991.0,1194969.0,13061.0,13061.0,13061.0,13061.0
kleros/kleros,1.0,1.0,100.000%,60.0,55.0,91.667%,21283.0,21283.0,21283.0,21283.0,45241.0,118776.07,1020491.0,0.0
kleros/kleros-interaction,3.0,3.0,100.000%,85.0,78.0,91.765%,182698.0,131202.0,189889.0,21019.0,33431.5,126621.05,1985380.0,10.0
kleros/tokens-on-trial,1.0,0.0,0.000%,67.0,33.0,49.254%,,,,,6064.0,33358.94,664140.0,20.0
knocte/NLightning,1.0,0.0,0.000%,0.0,0.0,-0.000%,,,,,,,,
knocte/udtRs,1.0,0.0,0.000%,0.0,0.0,-0.000%,,,,,,,,
knowm/XChart,1.0,1.0,100.000%,424.0,330.0,77.830%,8686.0,8686.0,8686.0,8686.0,27936.5,242731.63,2491085.0,1.0
koapham/Demo-Gitcoin,1.0,0.0,0.000%,0.0,0.0,-0.000%,,,,,,,,
kodadot/nft-gallery,9.0,8.0,88.889%,2715.0,2079.0,76.575%,62719.5,80251.75,165886.0,15908.0,8586.0,66497.85,1105967.0,0.0
koinos/koinos-sdk-cpp,1.0,1.0,100.000%,37.0,34.0,91.892%,63386.0,63386.0,63386.0,63386.0,13731.0,95900.06,820767.0,983.0
komputing/KEthereum,3.0,2.0,66.667%,78.0,44.0,56.410%,27588.0,27588.0,52795.0,2381.0,7898.5,63501.02,525829.0,2.0
koshikraj/portex,1.0,1.0,100.000%,5.0,2.0,40.000%,28452.0,28452.0,28452.0,28452.0,15067.5,15067.5,18672.0,11463.0
ktimam/decentracraft,1.0,0.0,0.000%,0.0,0.0,-0.000%,,,,,,,,
kyubey-network/kyubey-dex-eos,2.0,1.0,50.000%,5.0,2.0,40.000%,107446.0,107446.0,107446.0,107446.0,5801.0,5801.0,10216.0,1386.0
la-ruby/silica,1.0,0.0,0.000%,1.0,0.0,0.000%,,,,,,,,
laika-labs/gitcoin-bounty,2.0,2.0,100.000%,4.0,3.0,75.000%,64303.5,64303.5,64306.0,64301.0,28984.0,32556.67,39704.0,28982.0
lastmjs/educell-website,0.0,0.0,-0.000%,7.0,4.0,57.143%,,,,,4295.5,4080.5,6756.0,975.0
lastmjs/javascript-practice,2.0,0.0,0.000%,40.0,21.0,52.500%,,,,,6412.0,40565.67,304200.0,79.0
launch-gmbh/apps,1.0,0.0,0.000%,0.0,0.0,-0.000%,,,,,,,,
leapdao/bridge-ui,2.0,2.0,100.000%,144.0,103.0,71.528%,246016.0,246016.0,424368.0,67664.0,7170.0,39808.87,643641.0,5.0
leapdao/docs,2.0,2.0,100.000%,32.0,26.0,81.250%,100778.0,100778.0,175741.0,25815.0,38160.5,273396.5,993434.0,16.0
leapdao/leap-contracts,9.0,9.0,100.000%,357.0,312.0,87.395%,86507.0,101586.67,196436.0,21817.0,52422.5,102087.65,639281.0,70.0
leapdao/leap-core,1.0,1.0,100.000%,56.0,44.0,78.571%,129607.0,129607.0,129607.0,129607.0,17295.0,60836.07,525371.0,7.0
leapdao/leap-node,6.0,6.0,100.000%,636.0,576.0,90.566%,148512.0,148512.0,191805.0,105219.0,20025.5,64139.32,749465.0,0.0
leapdao/leap-sandbox,1.0,0.0,0.000%,29.0,22.0,75.862%,,,,,91249.5,144594.91,569122.0,371.0
leapdao/leapdao-website,1.0,1.0,100.000%,67.0,47.0,70.149%,70868.0,70868.0,70868.0,70868.0,48780.0,94087.06,721397.0,2.0
leapdao/meta,4.0,4.0,100.000%,221.0,206.0,93.213%,93229.5,156199.5,393368.0,44971.0,39129.0,97229.74,807684.0,6.0
leapdao/solEVM-enforcer,24.0,24.0,100.000%,116.0,94.0,81.034%,102953.0,132738.08,397120.0,43094.0,42234.0,89314.85,397355.0,0.0
learnTest/gitcoinTest,0.0,0.0,-0.000%,2.0,2.0,100.000%,,,,,17.0,17.0,33.0,1.0
lidofinance/lido-dao,3.0,1.0,33.333%,194.0,182.0,93.814%,1081736.0,1081736.0,1081736.0,1081736.0,20677.0,105515.76,1287077.0,2.0
likecoin/likecoin-app,1.0,1.0,100.000%,75.0,43.0,57.333%,478350.0,478350.0,478350.0,478350.0,22792.0,80948.47,1279899.0,6.0
liquality/chainify,1.0,1.0,100.000%,48.0,41.0,85.417%,385604.0,385604.0,385604.0,385604.0,50070.0,369287.83,1876065.0,22.0
liquidity-network/liquidity-burner,1.0,1.0,100.000%,1.0,1.0,100.000%,419927.0,419927.0,419927.0,419927.0,316095.0,316095.0,316095.0,316095.0
liquity/beta,3.0,3.0,100.000%,0.0,0.0,-0.000%,42084.0,42087.33,42100.0,42078.0,,,,
livepeer/FFmpeg,1.0,1.0,100.000%,7.0,5.0,71.429%,28672.0,28672.0,28672.0,28672.0,40197.0,32702.0,41112.0,5708.0
livepeer/Grant-Program,1.0,1.0,100.000%,138.0,127.0,92.029%,146774.0,146774.0,146774.0,146774.0,200207.0,236400.95,1004998.0,0.0
livepeer/cdn-log-puller,1.0,0.0,0.000%,0.0,0.0,-0.000%,,,,,,,,
livepeer/ethberlin,1.0,1.0,100.000%,5.0,1.0,20.000%,97555.0,97555.0,97555.0,97555.0,193209.0,193209.0,193209.0,193209.0
livepeer/go-livepeer,16.0,14.0,87.500%,2976.0,2592.0,87.097%,40005.0,315126.43,1916693.0,7592.0,50627.0,239700.09,2368574.0,0.0
livepeer/livepeer-demo-react-native,1.0,1.0,100.000%,0.0,0.0,-0.000%,21718.0,21718.0,21718.0,21718.0,,,,
livepeer/livepeer.js,8.0,8.0,100.000%,95.0,89.0,93.684%,27228.0,102729.88,339412.0,278.0,37516.0,68513.06,385089.0,0.0
livepeer/lpms,2.0,1.0,50.000%,163.0,120.0,73.620%,324283.0,324283.0,324283.0,324283.0,49629.0,190154.31,1373779.0,125.0
livepeer/merkle-mine,1.0,1.0,100.000%,11.0,9.0,81.818%,17248.0,17248.0,17248.0,17248.0,5934.0,17985.67,79874.0,1315.0
livepeer/tv,1.0,0.0,0.000%,0.0,0.0,-0.000%,,,,,,,,
llaske/sugarizer-server,4.0,4.0,100.000%,125.0,108.0,86.400%,221782.0,317608.75,803541.0,23330.0,143498.0,204982.59,1437701.0,0.0
lmachens/trophy-hunter,0.0,0.0,-0.000%,6.0,5.0,83.333%,,,,,57949.0,64148.6,194819.0,41.0
lnp2pBot/bot,1.0,1.0,100.000%,158.0,139.0,87.975%,120170.0,120170.0,120170.0,120170.0,5615.0,38759.91,683712.0,3.0
longhashventures/blockchainforgood,1.0,0.0,0.000%,2.0,1.0,50.000%,,,,,5485.0,5485.0,5485.0,5485.0
loomnetwork/plasma-cash,1.0,1.0,100.000%,44.0,34.0,77.273%,141909.0,141909.0,141909.0,141909.0,6365.0,33119.85,230578.0,3.0
lost-books/quatria,5.0,5.0,100.000%,0.0,0.0,-0.000%,707382.0,706759.2,708175.0,702758.0,,,,
ltfschoen/substrate-node-template,1.0,0.0,0.000%,0.0,0.0,-0.000%,,,,,,,,
lukso-network/events-build-up-1-hackathon,10.0,0.0,0.000%,1.0,0.0,0.000%,,,,,,,,
lynndylanhurley/devise_token_auth,1.0,1.0,100.000%,844.0,684.0,81.043%,110969.0,110969.0,110969.0,110969.0,109504.5,355156.39,2855397.0,0.0
mailchain/mailchain-legacy,8.0,8.0,100.000%,294.0,250.0,85.034%,241842.0,262088.38,655251.0,7006.0,36064.0,128452.01,1228859.0,6.0
mainnebula/SPACE_TASKS,4.0,2.0,50.000%,0.0,0.0,-0.000%,33406.0,33406.0,34971.0,31841.0,,,,
makerdao/community,3.0,3.0,100.000%,365.0,365.0,100.000%,50558.0,153758.0,369429.0,41287.0,146771.0,223107.4,1318296.0,0.0
makerdao/pyexchange,1.0,1.0,100.000%,2.0,2.0,100.000%,29120.0,29120.0,29120.0,29120.0,76488.5,76488.5,130350.0,22627.0
maltablock/gitcoin,4.0,0.0,0.000%,0.0,0.0,-0.000%,,,,,,,,
mana-ethereum/ethereumex,3.0,2.0,66.667%,45.0,42.0,93.333%,324580.0,324580.0,583229.0,65931.0,12003.0,103766.55,1168499.0,26.0
mantlenetworkio/mantle,4.0,0.0,0.000%,311.0,209.0,67.203%,,,,,11529.0,31375.36,282686.0,0.0
marcovelon/tdesktop,1.0,0.0,0.000%,0.0,0.0,-0.000%,,,,,,,,
marczeller/Kleros-Monitor-Bot,1.0,1.0,100.000%,2.0,2.0,100.000%,5686.0,5686.0,5686.0,5686.0,13749.5,13749.5,26471.0,1028.0
marianogabriels/knock,2.0,0.0,0.000%,0.0,0.0,-0.000%,,,,,,,,
markwkm/pg_top,2.0,1.0,50.000%,15.0,13.0,86.667%,798028.0,798028.0,798028.0,798028.0,5894.0,117525.92,1446298.0,7.0
matextrem/eth-todo-list,4.0,0.0,0.000%,0.0,0.0,-0.000%,,,,,,,,
maticnetwork/contracts,1.0,1.0,100.000%,75.0,44.0,58.667%,1499584.0,1499584.0,1499584.0,1499584.0,57679.0,170918.8,1019629.0,0.0
maticnetwork/matic.js,1.0,0.0,0.000%,76.0,71.0,93.421%,,,,,13629.0,133796.04,1309088.0,0.0
matter-labs-archive/FranklinPay-iOS,3.0,1.0,33.333%,24.0,22.0,91.667%,260184.0,260184.0,260184.0,260184.0,26248.0,71387.36,221627.0,5525.0
matter-labs-archive/PeepethClient,2.0,0.0,0.000%,13.0,7.0,53.846%,,,,,1975.0,188404.86,1256392.0,1050.0
matter-labs-archive/sapling-crypto,1.0,1.0,100.000%,6.0,2.0,33.333%,94414.0,94414.0,94414.0,94414.0,31137.0,31137.0,60415.0,1859.0
matter-labs/zksync,1.0,1.0,100.000%,227.0,214.0,94.273%,153792.0,153792.0,153792.0,153792.0,35282.0,113821.94,988369.0,0.0
matter-labs/zksync-web-era-docs,1.0,1.0,100.000%,10.0,10.0,100.000%,132085.0,132085.0,132085.0,132085.0,27078.0,105735.5,421423.0,4.0
maurelian/Newsletter,1.0,1.0,100.000%,1.0,0.0,0.000%,6746.0,6746.0,6746.0,6746.0,,,,
maurelian/scvdb,1.0,1.0,100.000%,0.0,0.0,-0.000%,2592.0,2592.0,2592.0,2592.0,,,,
mbeylin/ENSListener,1.0,1.0,100.000%,1.0,0.0,0.000%,120935.0,120935.0,120935.0,120935.0,,,,
mds1/send-eth-tx,1.0,0.0,0.000%,0.0,0.0,-0.000%,,,,,,,,
mediawiki4intranet/Wikilog,1.0,0.0,0.000%,24.0,16.0,66.667%,,,,,2874.0,178459.12,933574.0,19.0
medusajs/medusa,2.0,2.0,100.000%,851.0,770.0,90.482%,43446.5,43446.5,86723.0,170.0,12785.0,55201.52,655270.0,0.0
melanke/Watch.JS,2.0,0.0,0.000%,194.0,132.0,68.041%,,,,,24477.0,434931.86,4223939.0,8.0
melonproject-archive/melon-council-bounties,2.0,0.0,0.000%,0.0,0.0,-0.000%,,,,,,,,
mermaid-js/mermaid,1.0,1.0,100.000%,2289.0,1530.0,66.841%,2979495.0,2979495.0,2979495.0,2979495.0,114194.5,388314.11,2692080.0,0.0
mesg-foundation/docs,3.0,3.0,100.000%,34.0,31.0,91.176%,93436.0,91206.0,95408.0,84774.0,53465.0,280195.13,1468177.0,413.0
mesg-foundation/js-sdk,7.0,7.0,100.000%,158.0,158.0,100.000%,193486.0,219300.43,441626.0,28988.0,231900.5,302235.77,814989.0,84.0
messari/gitcoin-grant,6.0,1.0,16.667%,0.0,0.0,-0.000%,18873.0,18873.0,18873.0,18873.0,,,,
metabase/metabase,0.0,0.0,-0.000%,3091.0,2195.0,71.013%,,,,,6190.0,44851.83,808002.0,0.0
metacartel/untitled-hackathon,6.0,0.0,0.000%,2.0,1.0,50.000%,,,,,340.0,340.0,340.0,340.0
metagov/gateway,1.0,0.0,0.000%,81.0,32.0,39.506%,,,,,26261.0,64374.06,312369.0,221.0
metagov/open-web-challenge,1.0,0.0,0.000%,0.0,0.0,-0.000%,,,,,,,,
metalithio/niftex-gr8-hackathon,2.0,1.0,50.000%,0.0,0.0,-0.000%,142517.0,142517.0,142517.0,142517.0,,,,
metaplex-foundation/metaplex,2.0,2.0,100.000%,1202.0,1131.0,94.093%,64304.0,64304.0,104715.0,23893.0,41764.0,54437.64,293138.0,0.0
metaverse-eth/bsc,1.0,0.0,0.000%,0.0,0.0,-0.000%,,,,,,,,
metaversetns/designs,1.0,1.0,100.000%,0.0,0.0,-0.000%,83162.0,83162.0,83162.0,83162.0,,,,
metaversfi/nftfi,1.0,0.0,0.000%,1.0,0.0,0.000%,,,,,,,,
meterio/Meter-Bounty-Program,4.0,4.0,100.000%,2.0,2.0,100.000%,343821.5,344356.25,590246.0,99536.0,62959.5,62959.5,122503.0,3416.0
mfkl/vlc-unity,3.0,2.0,66.667%,0.0,0.0,-0.000%,8913.5,8913.5,17777.0,50.0,,,,
mgrillo75/DeFiArtGame-BE,3.0,3.0,100.000%,0.0,0.0,-0.000%,451035.0,303068.33,452699.0,5471.0,,,,
mgrillo75/DeFiArtGame-FE,1.0,1.0,100.000%,1.0,0.0,0.000%,7038.0,7038.0,7038.0,7038.0,,,,
mgrillo75/New_DefiArtGame,10.0,10.0,100.000%,0.0,0.0,-0.000%,1596.0,2619.2,11100.0,221.0,,,,
mheap/github-action-hold-your-horses,1.0,1.0,100.000%,1.0,1.0,100.000%,204574.0,204574.0,204574.0,204574.0,1557.0,1557.0,1557.0,1557.0
michael-spengler/gitcoin-test,3.0,0.0,0.000%,1.0,0.0,0.000%,,,,,,,,
michael-spengler/wwi18seac,1.0,0.0,0.000%,14.0,2.0,14.286%,,,,,135703.0,135703.0,268444.0,2962.0
microsoft/TypeScript,0.0,0.0,-0.000%,7992.0,5761.0,72.085%,,,,,5355.0,50887.44,1379975.0,0.0
microsoft/vscode-npm-scripts,4.0,4.0,100.000%,224.0,220.0,98.214%,1996516.5,1996516.5,2239825.0,1753208.0,54701.0,639772.5,3303695.0,0.0
mikeshultz/solidbyte,1.0,0.0,0.000%,67.0,50.0,74.627%,,,,,3852.0,21700.32,206690.0,27.0
mikeymicrophone/commissulator,9.0,1.0,11.111%,22.0,0.0,0.000%,6704.0,6704.0,6704.0,6704.0,,,,
minimapletinytools/inclusive-code-bounties,1.0,1.0,100.000%,3.0,0.0,0.000%,5656.0,5656.0,5656.0,5656.0,,,,
minyoung0614/datum,2.0,1.0,50.000%,0.0,0.0,-0.000%,3975.0,3975.0,3975.0,3975.0,,,,
mirceanis/stfc,1.0,1.0,100.000%,14.0,6.0,42.857%,648038.0,648038.0,648038.0,648038.0,3647.5,86936.5,267930.0,6.0
mjobuda/gdates-gitcoin-proxy,4.0,0.0,0.000%,2.0,0.0,0.000%,,,,,,,,
mkeen/rxhttp,2.0,2.0,100.000%,2.0,1.0,50.000%,10895.0,10895.0,19498.0,2292.0,7318.0,7318.0,7318.0,7318.0
mkosowsk/ETHPrize-Data-Analysis,1.0,0.0,0.000%,0.0,0.0,-0.000%,,,,,,,,
mmmgtc/bounties,5.0,0.0,0.000%,2.0,0.0,0.000%,,,,,,,,
mobilecoinofficial/developer-grants,2.0,0.0,0.000%,1.0,1.0,100.000%,,,,,1655.0,1655.0,1655.0,1655.0
moby/moby,0.0,0.0,-0.000%,6314.0,3624.0,57.396%,,,,,6072.0,131711.89,2540247.0,0.0
monadic-xyz/web3,3.0,3.0,100.000%,1.0,0.0,0.000%,8528.0,6225.0,8529.0,1618.0,,,,
money-on-chain/main-RBTC-contract,1.0,1.0,100.000%,2.0,2.0,100.000%,173302.0,173302.0,173302.0,173302.0,205555.0,205555.0,380674.0,30436.0
moonbeam-foundation/gitcoin-hello-world-by-moonbeam,2.0,0.0,0.000%,2.0,2.0,100.000%,,,,,740.5,740.5,1481.0,0.0
moonbeam-foundation/hackathon-0x-moonbeam,2.0,0.0,0.000%,0.0,0.0,-0.000%,,,,,,,,
moonbeam-foundation/moonbeam-docs,1.0,1.0,100.000%,14.0,14.0,100.000%,46004.0,46004.0,46004.0,46004.0,6837.5,39947.64,290906.0,44.0
moonradar-finance/Moonradar-Bounties,2.0,1.0,50.000%,0.0,0.0,-0.000%,15.0,15.0,15.0,15.0,,,,
mopdo/bounties,2.0,1.0,50.000%,2.0,0.0,0.000%,152860.0,152860.0,152860.0,152860.0,,,,
msgpack/msgpack-node,1.0,1.0,100.000%,38.0,19.0,50.000%,128799.0,128799.0,128799.0,128799.0,54618.0,275477.0,1687300.0,32.0
mstable/mStable-app,2.0,0.0,0.000%,16.0,11.0,68.750%,,,,,1133.0,2866.55,11565.0,650.0
msuess/dotfiles,5.0,5.0,100.000%,10.0,10.0,100.000%,22983.0,18465.2,23471.0,914.0,4.0,152.0,1438.0,0.0
muellerberndt/sabre,35.0,33.0,94.286%,58.0,58.0,100.000%,3948.0,9252.15,42964.0,1136.0,5982.0,30968.59,431070.0,146.0
muellners/ltcim,1.0,0.0,0.000%,20.0,3.0,15.000%,,,,,559252.0,384008.67,559281.0,33493.0
mul1sh/corewise-fingerprintauth-demo,1.0,0.0,0.000%,0.0,0.0,-0.000%,,,,,,,,
multiformats/js-cid,1.0,1.0,100.000%,53.0,36.0,67.925%,386789.0,386789.0,386789.0,386789.0,35719.0,178360.81,1420765.0,108.0
musesapp/braintrust_bounties,2.0,2.0,100.000%,1.0,1.0,100.000%,44548.0,44548.0,63033.0,26063.0,107926.0,107926.0,107926.0,107926.0
mushroomsforest/deployment,1.0,1.0,100.000%,0.0,0.0,-0.000%,96830.0,96830.0,96830.0,96830.0,,,,
musteka-la/kitsunet-js,1.0,1.0,100.000%,18.0,5.0,27.778%,6906.0,6906.0,6906.0,6906.0,8969.0,7807.8,11842.0,314.0
musteka-la/mustekala,1.0,1.0,100.000%,16.0,14.0,87.500%,1830.0,1830.0,1830.0,1830.0,134393.0,489528.0,1148868.0,54584.0
mysteriumnetwork/node,5.0,5.0,100.000%,3358.0,3277.0,97.588%,138091.0,137893.2,138110.0,137078.0,31526.0,140637.53,1581370.0,0.0
namebasehq/api-documentation,1.0,0.0,0.000%,4.0,1.0,25.000%,,,,,16656.0,16656.0,16656.0,16656.0
nandemotoken/TokenUnion_BuildZero,1.0,0.0,0.000%,0.0,0.0,-0.000%,,,,,,,,
nathPay/DAppNodePackage-bitwarden,1.0,0.0,0.000%,0.0,0.0,-0.000%,,,,,,,,
nathanshammah/make-your-code-count,1.0,0.0,0.000%,21.0,1.0,4.762%,,,,,143999.0,143999.0,143999.0,143999.0
nativescript-vue/nativescript-vue-devtools,1.0,0.0,0.000%,14.0,10.0,71.429%,,,,,208567.0,329205.0,806350.0,179.0
nbanmp/ethereumctf,1.0,1.0,100.000%,7.0,2.0,28.571%,8477.0,8477.0,8477.0,8477.0,36554.5,36554.5,47350.0,25759.0
nbanmp2/testrepo,2.0,0.0,0.000%,1.0,0.0,0.000%,,,,,,,,
nblockchain/DotNetEssentials,2.0,2.0,100.000%,0.0,0.0,-0.000%,15756.0,15756.0,30212.0,1300.0,,,,
nblockchain/Raznor,1.0,0.0,0.000%,0.0,0.0,-0.000%,,,,,,,,
nblockchain/ShapesBalanceXamFormsApp,1.0,0.0,0.000%,0.0,0.0,-0.000%,,,,,,,,
nblockchain/TcpEchoSharp,4.0,4.0,100.000%,1.0,1.0,100.000%,15081.0,27380.0,71946.0,7412.0,2738.0,2738.0,2738.0,2738.0
nblockchain/TgSharp,3.0,2.0,66.667%,29.0,10.0,34.483%,504162.5,504162.5,1004456.0,3869.0,21361.0,94415.2,371865.0,6.0
nblockchain/XamarinFormsWasmChromeExtension,1.0,1.0,100.000%,0.0,0.0,-0.000%,8753.0,8753.0,8753.0,8753.0,,,,
nblockchain/fsx,1.0,1.0,100.000%,2.0,1.0,50.000%,14476.0,14476.0,14476.0,14476.0,302.0,302.0,302.0,302.0
nblockchain/geewallet,12.0,6.0,50.000%,332.0,174.0,52.410%,199152.0,201770.67,392093.0,14067.0,0.0,52827.38,1385056.0,0.0
nblockchain/grin-wallet,2.0,0.0,0.000%,0.0,0.0,-0.000%,,,,,,,,
nblockchain/p2p,1.0,0.0,0.000%,0.0,0.0,-0.000%,,,,,,,,
near/bounties,15.0,14.0,93.333%,58.0,55.0,94.828%,83936.5,154434.5,735359.0,1758.0,134526.0,213567.47,771581.0,85.0
near/community,1.0,1.0,100.000%,14.0,12.0,85.714%,119.0,119.0,119.0,119.0,16668.5,198718.67,1087758.0,4.0
near/core-contracts-as,6.0,0.0,0.000%,2.0,1.0,50.000%,,,,,6747.0,6747.0,6747.0,6747.0
near/near-sdk-as,5.0,4.0,80.000%,65.0,40.0,61.538%,17494.0,141018.5,521506.0,7580.0,15470.5,57611.58,624058.0,32.0
near/near-sdk-rs,1.0,1.0,100.000%,420.0,301.0,71.667%,37220.0,37220.0,37220.0,37220.0,52034.0,232330.8,1504166.0,0.0
nearprotocol/Protect-Privacy-Hack,3.0,0.0,0.000%,0.0,0.0,-0.000%,,,,,,,,
nearprotocol/ready-layer-one-hackathon,8.0,0.0,0.000%,0.0,0.0,-0.000%,,,,,,,,
nec-community/community-gateway,1.0,1.0,100.000%,2.0,1.0,50.000%,55911.0,55911.0,55911.0,55911.0,1801.0,1801.0,1801.0,1801.0
neomatrixcode/Diana.jl,1.0,0.0,0.000%,13.0,8.0,61.538%,,,,,159731.5,214311.12,562531.0,0.0
nervosnetwork/grants,22.0,8.0,36.364%,2.0,0.0,0.000%,47200.5,48033.25,51328.0,42539.0,,,,
networknt/react-schema-form,2.0,2.0,100.000%,110.0,100.0,90.909%,12150.5,12150.5,21484.0,2817.0,1170.5,75932.13,1056479.0,0.0
newlinyao/testrepo,1.0,0.0,0.000%,0.0,0.0,-0.000%,,,,,,,,
newtonproject/newtonproject-org-website,1.0,0.0,0.000%,0.0,0.0,-0.000%,,,,,,,,
newyu2021/new,2.0,0.0,0.000%,0.0,0.0,-0.000%,,,,,,,,
nickfarrow/niceBit,1.0,1.0,100.000%,6.0,3.0,50.000%,458878.0,458878.0,458878.0,458878.0,8412.0,37394.67,103669.0,103.0
nickreynolds/artonomous,1.0,0.0,0.000%,1.0,1.0,100.000%,,,,,254513.0,254513.0,254513.0,254513.0
nieldlr/ethereum-gas-price-extension,1.0,1.0,100.000%,5.0,4.0,80.000%,25409.0,25409.0,25409.0,25409.0,1482.5,1566.75,2370.0,932.0
nii236/loopring-exchange-go,1.0,1.0,100.000%,0.0,0.0,-0.000%,83529.0,83529.0,83529.0,83529.0,,,,
nknorg/nBounty,9.0,0.0,0.000%,1.0,1.0,100.000%,,,,,35.0,35.0,35.0,35.0
nknorg/nkn,4.0,4.0,100.000%,266.0,258.0,96.992%,1366865.5,1366865.5,1968528.0,765203.0,7588.0,164686.31,2437386.0,1.0
nopslip/idegen,1.0,1.0,100.000%,0.0,0.0,-0.000%,34819.0,34819.0,34819.0,34819.0,,,,
nosqlclient/nosqlclient,2.0,2.0,100.000%,415.0,396.0,95.422%,6385.0,6385.0,9927.0,2843.0,1701.0,38188.7,758861.0,0.0
not-yet-awesome-rust/not-yet-awesome-rust,1.0,1.0,100.000%,61.0,36.0,59.016%,34832.0,34832.0,34832.0,34832.0,20955.0,120761.94,1964009.0,37.0
notional-finance/contracts-v2,1.0,1.0,100.000%,38.0,38.0,100.000%,608567.0,608567.0,608567.0,608567.0,88407.5,385660.05,879831.0,1326.0
novnc/noVNC,9.0,5.0,55.556%,1171.0,1123.0,95.901%,947864.0,1622995.4,4596410.0,41496.0,8939.0,159621.36,3556705.0,0.0
ntropika-labs/Gitcoin,1.0,0.0,0.000%,1.0,0.0,0.000%,,,,,,,,
nucypher/hackathon,10.0,6.0,60.000%,0.0,0.0,-0.000%,44551.0,42280.0,45745.0,36544.0,,,,
nuo-admin/frontend,1.0,0.0,0.000%,0.0,0.0,-0.000%,,,,,,,,
nutrina/moralis_wallet,10.0,0.0,0.000%,9.0,0.0,0.000%,,,,,,,,
oasisprotocol/community,1.0,0.0,0.000%,0.0,0.0,-0.000%,,,,,,,,
oasisprotocol/oasis-quest-hackathon,3.0,0.0,0.000%,0.0,0.0,-0.000%,,,,,,,,
obo20/pinata,1.0,0.0,0.000%,0.0,0.0,-0.000%,,,,,,,,
oceanprotocol-archive/bounties,75.0,72.0,96.000%,18.0,15.0,83.333%,222754.0,390215.62,1048607.0,5801.0,17282.0,257761.2,921797.0,17.0
octavioamu/marfeel-test,1.0,0.0,0.000%,0.0,0.0,-0.000%,,,,,,,,
octopus-network/oct-token-eth,1.0,0.0,0.000%,0.0,0.0,-0.000%,,,,,,,,
oddballbutler/web,1.0,1.0,100.000%,0.0,0.0,-0.000%,283295.0,283295.0,283295.0,283295.0,,,,
odyssy-automaton/od-gittron-web,1.0,1.0,100.000%,8.0,4.0,50.000%,32394.0,32394.0,32394.0,32394.0,6216.5,8881.25,16892.0,6200.0
officialedex/EDCOIN-ERC20-Staking-DApp,1.0,0.0,0.000%,0.0,0.0,-0.000%,,,,,,,,
oikos-cash/minter,1.0,0.0,0.000%,4.0,1.0,25.000%,,,,,4354.0,4354.0,4354.0,4354.0
omgnetwork/plasma-mvp,1.0,1.0,100.000%,99.0,92.0,92.929%,23272.0,23272.0,23272.0,23272.0,28301.5,56474.22,290770.0,1.0
oneclickdapp/oneclickdapp-v1,1.0,1.0,100.000%,38.0,25.0,65.789%,3819.0,3819.0,3819.0,3819.0,20215.0,30532.84,98832.0,72.0
oogetyboogety/gitcointestproject,29.0,1.0,3.448%,1.0,0.0,0.000%,1373.0,1373.0,1373.0,1373.0,,,,
oort-tech/Olympus,2.0,1.0,50.000%,12.0,2.0,16.667%,27084.0,27084.0,27084.0,27084.0,5523.5,5523.5,10222.0,825.0
opcryptogroot/Guardians-Of-The-Galaxy,1.0,1.0,100.000%,3.0,2.0,66.667%,87357.0,87357.0,87357.0,87357.0,10519.5,10519.5,10520.0,10519.0
open-eid/linux-installer,1.0,1.0,100.000%,37.0,32.0,86.486%,249027.0,249027.0,249027.0,249027.0,94587.5,148547.62,525049.0,116.0
open-web3-stack/open-runtime-module-library,3.0,3.0,100.000%,246.0,207.0,84.146%,21368.0,101065.67,271647.0,10182.0,7865.0,41680.05,769612.0,0.0
openbot-tech/core,1.0,1.0,100.000%,13.0,10.0,76.923%,223007.0,223007.0,223007.0,223007.0,8299.0,14867.5,31700.0,7009.0
openbroadcaster/drupal-broadcast-media,1.0,0.0,0.000%,1.0,1.0,100.000%,,,,,5866.0,5866.0,5866.0,5866.0
openbroadcaster/obplayer,1.0,0.0,0.000%,102.0,62.0,60.784%,,,,,176354.0,641121.03,4345393.0,1.0
openbroadcaster/observer,1.0,1.0,100.000%,124.0,35.0,28.226%,715564.0,715564.0,715564.0,715564.0,689883.0,764557.26,3058295.0,0.0
opencv/opencv-python,1.0,1.0,100.000%,639.0,587.0,91.862%,115777.0,115777.0,115777.0,115777.0,3360.0,54073.22,2278050.0,0.0
openethereum/parity-ethereum,41.0,41.0,100.000%,7974.0,7714.0,96.739%,189104.0,374277.15,1144824.0,20709.0,8066.5,117774.76,2166831.0,0.0
openintents/app-center,1.0,1.0,100.000%,37.0,20.0,54.054%,16987.0,16987.0,16987.0,16987.0,3424.5,5988.15,18848.0,447.0
openintents/calendar-web,24.0,20.0,83.333%,108.0,70.0,64.815%,7056.5,9191.0,20838.0,1478.0,5364.0,21718.06,512349.0,249.0
openlawteam/tribute-contracts,1.0,0.0,0.000%,129.0,104.0,80.620%,,,,,27221.5,35613.11,248920.0,0.0
orgzly/orgzly-android,1.0,1.0,100.000%,911.0,430.0,47.201%,957409.0,957409.0,957409.0,957409.0,10774.0,150201.88,3000942.0,0.0
ourzora/auction-house,2.0,0.0,0.000%,8.0,1.0,12.500%,,,,,51.0,51.0,51.0,51.0
owlboy/greatpug-public,1.0,1.0,100.000%,84.0,72.0,85.714%,189960.0,189960.0,189960.0,189960.0,11066.0,94300.89,1093399.0,7.0
owocki/DecentralizationLayerCake,1.0,1.0,100.000%,0.0,0.0,-0.000%,1124780.0,1124780.0,1124780.0,1124780.0,,,,
owocki/adblock-to-bitcoin,3.0,1.0,33.333%,0.0,0.0,-0.000%,3647.0,3647.0,3647.0,3647.0,,,,
owocki/coloradocoin,1.0,1.0,100.000%,1.0,1.0,100.000%,47922.0,47922.0,47922.0,47922.0,0.0,0.0,0.0,0.0
owocki/pytrader,160.0,48.0,30.000%,92.0,24.0,26.087%,110.0,1289.88,14260.0,0.0,1216.5,12154.42,113651.0,0.0
owocki/web3_revenue_primitives,1.0,0.0,0.000%,7.0,0.0,0.000%,,,,,,,,
oxen-io/session-desktop,1.0,1.0,100.000%,871.0,656.0,75.316%,135300.0,135300.0,135300.0,135300.0,70170.5,201152.02,1633672.0,0.0
pakaplace/Dai-Crowdsale,1.0,0.0,0.000%,0.0,0.0,-0.000%,,,,,,,,
pancakeswap/lottery-contract,1.0,0.0,0.000%,5.0,2.0,40.000%,,,,,13831.0,13831.0,27649.0,13.0
pancakeswap/pancake-swap-core,1.0,1.0,100.000%,15.0,3.0,20.000%,11132.0,11132.0,11132.0,11132.0,89.0,716.33,2060.0,0.0
pancakeswap/pancake-swap-interface-v1,4.0,4.0,100.000%,155.0,99.0,63.871%,30889.0,48698.25,130325.0,2690.0,6583.0,27015.66,219637.0,0.0
paraswap/ethcc_hackathon,1.0,0.0,0.000%,0.0,0.0,-0.000%,,,,,,,,
paritytech/parity-signer,1.0,1.0,100.000%,582.0,524.0,90.034%,196247.0,196247.0,196247.0,196247.0,46844.5,198178.87,2263026.0,1.0
paritytech/polkadot,0.0,0.0,-0.000%,386.0,236.0,61.140%,,,,,10445.5,48622.5,503198.0,0.0
parsiq/gitcoin2021,4.0,0.0,0.000%,0.0,0.0,-0.000%,,,,,,,,
paupino/rust-decimal,1.0,1.0,100.000%,224.0,193.0,86.161%,1103084.0,1103084.0,1103084.0,1103084.0,5775.0,90785.92,1616793.0,0.0
payscript/apns,1.0,0.0,0.000%,0.0,0.0,-0.000%,,,,,,,,
pbteja1998/OpenRank,2.0,2.0,100.000%,3.0,3.0,100.000%,18989.0,18989.0,19047.0,18931.0,295.0,298.0,313.0,286.0
pbteja1998/parser-FlatB,4.0,0.0,0.000%,3.0,0.0,0.000%,,,,,,,,
peachla8/website,1.0,1.0,100.000%,1.0,1.0,100.000%,5856.0,5856.0,5856.0,5856.0,9.0,9.0,9.0,9.0
pegnet/pegnet,1.0,0.0,0.000%,168.0,122.0,72.619%,,,,,11405.5,52162.65,1815368.0,6.0
pegnet/pegnetd,1.0,0.0,0.000%,33.0,15.0,45.455%,,,,,3010.0,36406.0,265842.0,0.0
pepemon-dao/pepemon-frontend,2.0,2.0,100.000%,4.0,2.0,50.000%,34079.5,34079.5,34080.0,34079.0,18029.5,18029.5,34080.0,1979.0
perfect-cents/gitcointest,1.0,0.0,0.000%,1.0,0.0,0.000%,,,,,,,,
perpetual-protocol/perp-bounties,5.0,3.0,60.000%,4.0,4.0,100.000%,245892.0,190362.33,245893.0,79302.0,216271.5,208713.0,245893.0,156416.0
philhippon/fhtw-wab-test-001,2.0,1.0,50.000%,0.0,0.0,-0.000%,65.0,65.0,65.0,65.0,,,,
pickle-finance/pickle-ui,1.0,1.0,100.000%,150.0,134.0,89.333%,38297.0,38297.0,38297.0,38297.0,13176.5,44541.96,463631.0,0.0
pion/webrtc,3.0,3.0,100.000%,851.0,773.0,90.834%,123652.0,121439.33,205351.0,35315.0,6007.0,72983.84,1638478.0,0.0
pit-coin/pit-coin.github.io,1.0,0.0,0.000%,0.0,0.0,-0.000%,,,,,,,,
pixura/pixura-react-sdk,1.0,1.0,100.000%,0.0,0.0,-0.000%,18324.0,18324.0,18324.0,18324.0,,,,
plasma-group/plasma-chain-operator,2.0,0.0,0.000%,41.0,15.0,36.585%,,,,,9578.0,14725.87,39125.0,3473.0
plebbit/whitepaper,2.0,0.0,0.000%,2.0,0.0,0.000%,,,,,,,,
plexus-money/contracts,4.0,2.0,50.000%,24.0,23.0,95.833%,64025.0,64025.0,128031.0,19.0,8411.0,31356.57,166892.0,756.0
pluriversewtf/coordination_stories,1.0,1.0,100.000%,3.0,0.0,0.000%,54843.0,54843.0,54843.0,54843.0,,,,
pmndrs/react-use-measure,1.0,0.0,0.000%,22.0,6.0,27.273%,,,,,942.0,1252.17,3411.0,21.0
poanetwork/hbbft,1.0,0.0,0.000%,145.0,104.0,71.724%,,,,,13930.0,48057.73,434001.0,19.0
poanetwork/poa-ballot-stats,1.0,0.0,0.000%,10.0,10.0,100.000%,,,,,4758.0,11996.2,50296.0,1488.0
poanetwork/poa-faucet,2.0,1.0,50.000%,14.0,7.0,50.000%,70461.0,70461.0,70461.0,70461.0,13632.0,20580.43,90426.0,165.0
poanetwork/poa-netstats-agent,1.0,0.0,0.000%,36.0,33.0,91.667%,,,,,2471.0,4204.45,20289.0,30.0
poanetwork/threshold_crypto,2.0,0.0,0.000%,35.0,24.0,68.571%,,,,,8492.5,40974.79,392420.0,1.0
poanetwork/wiki,3.0,3.0,100.000%,34.0,28.0,82.353%,259553.0,259768.67,260201.0,259552.0,6302.5,57930.29,373605.0,8.0
poapxyz/poap,1.0,1.0,100.000%,1.0,0.0,0.000%,68560.0,68560.0,68560.0,68560.0,,,,
pods-finance/analytics,1.0,1.0,100.000%,0.0,0.0,-0.000%,331162.0,331162.0,331162.0,331162.0,,,,
pokt-network/bounties,2.0,0.0,0.000%,2.0,0.0,0.000%,,,,,,,,
polkadot-java/api,1.0,1.0,100.000%,10.0,3.0,30.000%,81796.0,81796.0,81796.0,81796.0,33041.0,24681.0,40174.0,828.0
polkadot-js/api,0.0,0.0,-0.000%,339.0,321.0,94.690%,,,,,4081.0,22014.27,548699.0,3.0
polkadot-js/apps,28.0,28.0,100.000%,5030.0,4829.0,96.004%,42451.0,81000.89,656431.0,8772.0,939.0,37693.59,1715834.0,0.0
polkadot-js/ui,0.0,0.0,-0.000%,17.0,16.0,94.118%,,,,,42721.0,68001.5,569167.0,12.0
polkascan/polkascan-explorer-gui,11.0,11.0,100.000%,8.0,2.0,25.000%,173782.0,178228.36,298598.0,44559.0,37228.5,37228.5,74333.0,124.0
polkascan/polkascan-pre-explorer-gui,1.0,1.0,100.000%,0.0,0.0,-0.000%,112866.0,112866.0,112866.0,112866.0,,,,
polkawallet-io/polkawallet-RN,5.0,4.0,80.000%,70.0,61.0,87.143%,164992.5,209519.5,438895.0,69198.0,38665.0,104649.36,436354.0,4.0
pooltogether/Gitcoin_Grants_Round_9_Bounties,3.0,0.0,0.000%,0.0,0.0,-0.000%,,,,,,,,
pooltogether/pooltogether-pool-contracts,10.0,10.0,100.000%,16.0,12.0,75.000%,145376.0,119520.8,145404.0,16071.0,15501.5,21644.0,52978.0,32.0
popcorndao/bayc-onboarding,2.0,2.0,100.000%,4.0,4.0,100.000%,67617.5,67617.5,112149.0,23086.0,34394.0,48171.25,123891.0,6.0
portis-project/ethdenver2019-hackathon,38.0,7.0,18.421%,12.0,11.0,91.667%,8727.0,16698.71,46067.0,8716.0,15920.0,130984.36,1281631.0,15918.0
portis-project/gitcoin-beyond-blockchain-hackathon,1.0,1.0,100.000%,0.0,0.0,-0.000%,30407.0,30407.0,30407.0,30407.0,,,,
portis-project/gitcoin-ethereal-blocks-hackathon,1.0,1.0,100.000%,0.0,0.0,-0.000%,31690.0,31690.0,31690.0,31690.0,,,,
portis-project/gitcoin-grow-ethereum-hackathon,1.0,0.0,0.000%,0.0,0.0,-0.000%,,,,,,,,
poseidon-network/poseidon.network,1.0,1.0,100.000%,0.0,0.0,-0.000%,22673.0,22673.0,22673.0,22673.0,,,,
poseidon-network/qlauncher-linux,1.0,0.0,0.000%,35.0,21.0,60.000%,,,,,6985.0,11096.9,55353.0,0.0
posix4e/billbot,1.0,0.0,0.000%,0.0,0.0,-0.000%,,,,,,,,
pr0toshi/Now.eth,1.0,0.0,0.000%,0.0,0.0,-0.000%,,,,,,,,
prisma/prisma1,1.0,1.0,100.000%,3444.0,3442.0,99.942%,163821.0,163821.0,163821.0,163821.0,83470.0,387130.17,3005825.0,0.0
priviprotocol/privi-zoo,2.0,0.0,0.000%,6.0,0.0,0.000%,,,,,,,,
prntsio/PrntPlace-main,3.0,1.0,33.333%,1.0,0.0,0.000%,38612.0,38612.0,38612.0,38612.0,,,,
protocol/grants,4.0,4.0,100.000%,0.0,0.0,-0.000%,83244.0,83244.25,83247.0,83242.0,,,,
protofire/eth-cli,5.0,4.0,80.000%,67.0,48.0,71.642%,51462.5,58334.0,90418.0,39993.0,62076.0,114143.38,625805.0,15.0
protofire/solhint,8.0,6.0,75.000%,438.0,306.0,69.863%,21451.0,24450.0,31656.0,20243.0,65442.0,245868.73,2624380.0,1.0
provably-fair/provably-fair-app,1.0,1.0,100.000%,12.0,11.0,91.667%,77491.0,77491.0,77491.0,77491.0,467039.0,300183.73,467110.0,2170.0
prscX/react-native-app-tour,1.0,1.0,100.000%,91.0,64.0,70.330%,115743.0,115743.0,115743.0,115743.0,112630.5,255836.95,897633.0,1.0
prysmaticlabs/go-bls,4.0,4.0,100.000%,6.0,3.0,50.000%,140491.0,122384.25,202010.0,6545.0,24537.0,20241.33,25373.0,10814.0
prysmaticlabs/prysm,46.0,46.0,100.000%,5290.0,4974.0,94.026%,44848.0,109300.09,500581.0,13278.0,13922.0,68950.89,1881614.0,0.0
prysmaticlabs/website,1.0,1.0,100.000%,12.0,9.0,75.000%,144863.0,144863.0,144863.0,144863.0,105054.0,232159.33,882387.0,6.0
psantosl/p2pcopy,1.0,1.0,100.000%,7.0,3.0,42.857%,33993.0,33993.0,33993.0,33993.0,1737613.0,1296128.33,2150606.0,166.0
pythonindia/inpycon2018,1.0,1.0,100.000%,90.0,90.0,100.000%,149046.0,149046.0,149046.0,149046.0,10876.5,37689.26,392221.0,2.0
quilt/pm,3.0,0.0,0.000%,3.0,0.0,0.000%,,,,,,,,
quiquee/MoneyCreation,1.0,0.0,0.000%,0.0,0.0,-0.000%,,,,,,,,
rafalh/rust-fatfs,1.0,1.0,100.000%,42.0,24.0,57.143%,5660.0,5660.0,5660.0,5660.0,2202.0,27898.96,386384.0,49.0
raid-guild/indexed,2.0,2.0,100.000%,22.0,21.0,95.455%,37500.5,37500.5,47300.0,27701.0,41233.0,45027.48,135139.0,708.0
raiden-network/grants,1.0,0.0,0.000%,2.0,1.0,50.000%,,,,,253280.0,253280.0,253280.0,253280.0
raiden-network/hackathons,16.0,16.0,100.000%,2.0,0.0,0.000%,39747.0,47739.88,74828.0,37578.0,,,,
raiden-network/raiden,0.0,0.0,-0.000%,119.0,81.0,68.067%,,,,,19054.0,57602.68,444996.0,0.0
raineorshine/solgraph,1.0,1.0,100.000%,37.0,34.0,91.892%,384973.0,384973.0,384973.0,384973.0,101709.0,395560.59,2276863.0,41.0
raineorshine/solidity-repl,1.0,1.0,100.000%,19.0,11.0,57.895%,664814.0,664814.0,664814.0,664814.0,103077.0,278077.0,991574.0,112.0
rarible/subgraph,1.0,0.0,0.000%,6.0,0.0,0.000%,,,,,,,,
rayonprotocol/rayonprotocol-admin,2.0,2.0,100.000%,0.0,0.0,-0.000%,1413.5,1413.5,1888.0,939.0,,,,
rchain-community/rholang-syntax-highlighting,1.0,1.0,100.000%,1.0,1.0,100.000%,42383.0,42383.0,42383.0,42383.0,2243.0,2243.0,2243.0,2243.0
rchain/marketing,1.0,1.0,100.000%,53.0,24.0,45.283%,96947.0,96947.0,96947.0,96947.0,6137.5,8289.92,29133.0,4.0
reach-sh/reach-lang,1.0,1.0,100.000%,164.0,162.0,98.780%,201143.0,201143.0,201143.0,201143.0,3465.5,41014.38,597115.0,1.0
rebase-network/event-pool,1.0,0.0,0.000%,98.0,2.0,2.041%,,,,,9653.0,9653.0,18962.0,344.0
reef-defi/reef-finance-bounties,3.0,0.0,0.000%,3.0,3.0,100.000%,,,,,2427.0,30795.0,87532.0,2426.0
reflexer-labs/auto-crv-gauge-incentive,2.0,0.0,0.000%,0.0,0.0,-0.000%,,,,,,,,
reflexer-labs/curve-contract,2.0,1.0,50.000%,1.0,1.0,100.000%,22495.0,22495.0,22495.0,22495.0,2490.0,2490.0,2490.0,2490.0
reflexer-labs/geb,8.0,8.0,100.000%,7.0,7.0,100.000%,44394.0,47518.5,65081.0,35209.0,11.0,4937.0,21643.0,5.0
reflexer-labs/geb-gnosis-safe-app,1.0,1.0,100.000%,0.0,0.0,-0.000%,51560.0,51560.0,51560.0,51560.0,,,,
reflexer-labs/geb-safe-saviours,5.0,5.0,100.000%,0.0,0.0,-0.000%,50325.0,64700.8,144245.0,29045.0,,,,
reflexer-labs/geb-subgraph,2.0,1.0,50.000%,2.0,2.0,100.000%,24640.0,24640.0,24640.0,24640.0,37.0,37.0,56.0,18.0
reflexer-labs/saddle-contract,1.0,1.0,100.000%,1.0,0.0,0.000%,49232.0,49232.0,49232.0,49232.0,,,,
reflexer-labs/whitepapers,14.0,14.0,100.000%,4.0,4.0,100.000%,47217.5,46609.0,58170.0,35638.0,40446.5,52562.0,117245.0,12110.0
regen-network/regen-ledger,1.0,1.0,100.000%,640.0,565.0,88.281%,179975.0,179975.0,179975.0,179975.0,30676.0,127533.02,1245457.0,0.0
renproject/gitcoin-bounties,1.0,0.0,0.000%,0.0,0.0,-0.000%,,,,,,,,
requarks/wiki,1.0,1.0,100.000%,2457.0,2408.0,98.006%,398840.0,398840.0,398840.0,398840.0,5187.5,106656.2,1901207.0,0.0
reserve-protocol/protocol,52.0,42.0,80.769%,115.0,78.0,67.826%,174081.5,169909.38,174183.0,50428.0,7056.5,9010.94,34539.0,0.0
reviewdog/reviewdog,1.0,0.0,0.000%,242.0,146.0,60.331%,,,,,24121.5,216062.29,1784399.0,0.0
rhys-vdw/ts-auto-guard,1.0,0.0,0.000%,112.0,84.0,75.000%,,,,,8688.0,161655.95,1815170.0,1.0
riffcc/projects,1.0,0.0,0.000%,0.0,0.0,-0.000%,,,,,,,,
ririen/staging,18.0,0.0,0.000%,0.0,0.0,-0.000%,,,,,,,,
robsecord/ChargedParticlesEth,1.0,0.0,0.000%,1.0,0.0,0.000%,,,,,,,,
robsecord/ChargedParticlesWeb,2.0,2.0,100.000%,0.0,0.0,-0.000%,4253.0,4253.0,7367.0,1139.0,,,,
rockdaboot/wget2,1.0,1.0,100.000%,179.0,160.0,89.385%,1728.0,1728.0,1728.0,1728.0,15217.5,353901.16,1874616.0,3.0
romanjesus/gitcoinbot,1.0,1.0,100.000%,0.0,0.0,-0.000%,216413.0,216413.0,216413.0,216413.0,,,,
rook/rook,1.0,1.0,100.000%,3631.0,3577.0,98.513%,4328.0,4328.0,4328.0,4328.0,40880.0,117105.18,2528988.0,0.0
rotki/rotki,8.0,6.0,75.000%,4282.0,3687.0,86.105%,278249.0,264596.17,352212.0,128820.0,12655.0,136946.24,2162729.0,0.0
rouge-ruby/rouge,1.0,1.0,100.000%,746.0,637.0,85.389%,824841.0,824841.0,824841.0,824841.0,168075.0,537546.99,3815321.0,0.0
row2k/cullen-murphy-co,1.0,1.0,100.000%,6.0,3.0,50.000%,5941.0,5941.0,5941.0,5941.0,5934.0,5934.0,5935.0,5933.0
royhodge830/universal-wallet,1.0,1.0,100.000%,0.0,0.0,-0.000%,317.0,317.0,317.0,317.0,,,,
rsksmart/rif-relay,1.0,0.0,0.000%,5.0,1.0,20.000%,,,,,257686.0,257686.0,257686.0,257686.0
rsksmart/rsk-gitcoin-hackathon-2021,17.0,0.0,0.000%,1.0,0.0,0.000%,,,,,,,,
rsksmart/rskj,10.0,1.0,10.000%,366.0,248.0,67.760%,816981.0,816981.0,816981.0,816981.0,238892.5,527460.04,2679974.0,0.0
rstormsf/multisender,1.0,1.0,100.000%,43.0,29.0,67.442%,619600.0,619600.0,619600.0,619600.0,452962.0,354373.31,776799.0,242.0
rtoken-project/rtoken-monorepo,2.0,1.0,50.000%,22.0,14.0,63.636%,491013.0,491013.0,491013.0,491013.0,29357.5,81869.0,672877.0,811.0
rubyforgood/human-essentials,2.0,2.0,100.000%,1155.0,1129.0,97.749%,90684.5,90684.5,172830.0,8539.0,15845.0,62023.67,996304.0,0.0
rubyforgood/partner,1.0,1.0,100.000%,155.0,134.0,86.452%,37149.0,37149.0,37149.0,37149.0,24597.0,93736.3,898450.0,0.0
rungroj-m/test,2.0,0.0,0.000%,0.0,0.0,-0.000%,,,,,,,,
rust-rocksdb/rust-rocksdb,1.0,1.0,100.000%,306.0,211.0,68.954%,262953.0,262953.0,262953.0,262953.0,27617.0,204864.18,1901983.0,0.0
ryan-foamspace/Sustain-Web3-hackathon,3.0,0.0,0.000%,0.0,0.0,-0.000%,,,,,,,,
sablier-labs/v1-protocol,0.0,0.0,-0.000%,5.0,5.0,100.000%,,,,,243.0,25471.4,126665.0,27.0
safe-global/safe-contracts,4.0,4.0,100.000%,424.0,384.0,90.566%,23588.5,23588.5,26902.0,20275.0,41665.5,184909.62,1503330.0,0.0
sannies/mp4parser,1.0,0.0,0.000%,398.0,148.0,37.186%,,,,,9656.5,101836.6,2038240.0,1.0
santteegt/widget-example,1.0,1.0,100.000%,0.0,0.0,-0.000%,8357.0,8357.0,8357.0,8357.0,,,,
sarcophagus-org/sarco-token,8.0,0.0,0.000%,1.0,0.0,0.000%,,,,,,,,
sauravtom/contentcat-articles,1.0,0.0,0.000%,0.0,0.0,-0.000%,,,,,,,,
saurfang/spark-sas7bdat,1.0,1.0,100.000%,60.0,42.0,70.000%,119536.0,119536.0,119536.0,119536.0,111917.0,250097.19,1154413.0,43.0
sc-forks/solidity-coverage,1.0,1.0,100.000%,402.0,314.0,78.109%,141553.0,141553.0,141553.0,141553.0,11705.5,132960.98,2465502.0,0.0
scramjs/scram-engine,0.0,0.0,-0.000%,54.0,47.0,87.037%,,,,,177914.0,354542.45,1160627.0,75.0
scrtlabs/EnigmaBounties,6.0,1.0,16.667%,0.0,0.0,-0.000%,30290.0,30290.0,30290.0,30290.0,,,,
scrtlabs/Grants,1.0,0.0,0.000%,92.0,9.0,9.783%,,,,,101283.0,218765.56,1166678.0,0.0
scs/substrate-api-client,1.0,1.0,100.000%,223.0,200.0,89.686%,39132.0,39132.0,39132.0,39132.0,30862.5,112728.17,1386824.0,8.0
second-state/how_to_deploy_uniswap,1.0,0.0,0.000%,13.0,7.0,53.846%,,,,,834.0,1619.57,4664.0,23.0
seedclub/seed-club-hacks,8.0,1.0,12.500%,3.0,2.0,66.667%,60453.0,60453.0,60453.0,60453.0,217.0,217.0,421.0,13.0
selimerunkut/bep20_staking,1.0,0.0,0.000%,1.0,0.0,0.000%,,,,,,,,
sendwyre/Gitcoin-Open-source-Community-Tools,1.0,0.0,0.000%,1.0,0.0,0.000%,,,,,,,,
shapeshift/airdrop-merkle,1.0,1.0,100.000%,0.0,0.0,-0.000%,460363.0,460363.0,460363.0,460363.0,,,,
shapeshift/foxfarm,3.0,3.0,100.000%,32.0,32.0,100.000%,18536.0,17168.0,28857.0,4111.0,5680.5,24041.25,505355.0,0.0
shapeshift/hdwallet,6.0,6.0,100.000%,95.0,69.0,72.632%,92165.0,109258.67,251439.0,8656.0,29886.0,119137.99,1051635.0,1.0
shapeshift/idle-router,2.0,2.0,100.000%,1.0,1.0,100.000%,7066.0,7066.0,8649.0,5483.0,99342.0,99342.0,99342.0,99342.0
shapeshift/lib,15.0,15.0,100.000%,279.0,275.0,98.566%,17423.0,35495.67,210489.0,8.0,21154.0,45920.61,381600.0,0.0
shapeshift/unchained,7.0,7.0,100.000%,190.0,185.0,97.368%,10148.0,12363.14,21356.0,1261.0,20295.0,47605.38,453856.0,0.0
shapeshift/web,90.0,90.0,100.000%,1202.0,1174.0,97.671%,19185.0,36345.97,298287.0,206.0,10418.0,43306.13,692680.0,0.0
shapeshift/yieldies,1.0,1.0,100.000%,69.0,68.0,98.551%,4245.0,4245.0,4245.0,4245.0,12689.0,28474.9,157908.0,50.0
shorter-finance/gitcoin,1.0,1.0,100.000%,0.0,0.0,-0.000%,37571.0,37571.0,37571.0,37571.0,,,,
shutter-network/bounties,1.0,0.0,0.000%,0.0,0.0,-0.000%,,,,,,,,
sigillabs/mobidex,4.0,3.0,75.000%,243.0,172.0,70.782%,41082.0,42567.67,75986.0,10635.0,23411.5,62430.69,399992.0,0.0
signalapp/Signal-Android,1.0,1.0,100.000%,10044.0,9844.0,98.009%,864963.0,864963.0,864963.0,864963.0,15502.5,279120.23,3227595.0,0.0
sigp/lighthouse,18.0,18.0,100.000%,2834.0,2468.0,87.085%,71920.0,201245.0,1331297.0,7558.0,37061.5,101599.36,1496744.0,0.0
simpleaswater/rfcs,1.0,0.0,0.000%,51.0,3.0,5.882%,,,,,17360.0,33901.67,84058.0,287.0
sirlupinwatson/GitcoinDAO-SybilHunter-Challenge-2022,1.0,1.0,100.000%,0.0,0.0,-0.000%,6334.0,6334.0,6334.0,6334.0,,,,
sirlupinwatson/GitcoinDAO-SybilHunter-Challenge-GR14,1.0,0.0,0.000%,0.0,0.0,-0.000%,,,,,,,,
sirlupinwatson/GitcoinDAO-SybilHunterChallenge-POAP,1.0,0.0,0.000%,0.0,0.0,-0.000%,,,,,,,,
skalenetwork/hackathon,4.0,4.0,100.000%,1.0,1.0,100.000%,23261.5,23261.5,27928.0,18595.0,267.0,267.0,267.0,267.0
skr-v/ManaFlair,1.0,0.0,0.000%,0.0,0.0,-0.000%,,,,,,,,
skr-v/PixelArtDCL,4.0,4.0,100.000%,2.0,0.0,0.000%,13714.0,15135.0,25156.0,7956.0,,,,
skr-v/PixelArtDecentraland,2.0,1.0,50.000%,0.0,0.0,-0.000%,3040.0,3040.0,3040.0,3040.0,,,,
skynav/ttt,1.0,0.0,0.000%,270.0,185.0,68.519%,,,,,1240.0,152790.63,3469601.0,0.0
smartcontractkit/chainlink,18.0,18.0,100.000%,758.0,652.0,86.016%,65758.0,275412.44,1186226.0,45852.0,17073.0,116980.74,1477429.0,0.0
snapshot-labs/snapshot,11.0,11.0,100.000%,780.0,722.0,92.564%,311151.0,276918.91,572739.0,7617.0,13769.5,101694.58,938306.0,0.0
snapshot-labs/snapshot-strategies,1.0,1.0,100.000%,49.0,33.0,67.347%,183239.0,183239.0,183239.0,183239.0,5973.0,34960.27,519119.0,0.0
snapshot-labs/snapshot.js,1.0,1.0,100.000%,60.0,48.0,80.000%,1765.0,1765.0,1765.0,1765.0,9829.5,108289.0,1115468.0,1.0
sneg55/curatedseotools,1.0,1.0,100.000%,3.0,1.0,33.333%,35642.0,35642.0,35642.0,35642.0,830.0,830.0,830.0,830.0
snowman-money/SnowSwap,1.0,0.0,0.000%,0.0,0.0,-0.000%,,,,,,,,
snowman-money/app,1.0,0.0,0.000%,0.0,0.0,-0.000%,,,,,,,,
snowman-money/front-end,2.0,0.0,0.000%,0.0,0.0,-0.000%,,,,,,,,
snxgrants/open-defi-hackathon,5.0,0.0,0.000%,3.0,3.0,100.000%,,,,,38.0,37.33,59.0,15.0
sochix/TLSharp,1.0,0.0,0.000%,874.0,510.0,58.352%,,,,,8666.0,120214.93,2215391.0,0.0
solana-labs/solana,0.0,0.0,-0.000%,1613.0,1183.0,73.342%,,,,,7207.0,66632.99,902274.0,0.0
solana-labs/solana-program-library,2.0,2.0,100.000%,553.0,462.0,83.544%,566657.5,566657.5,728816.0,404499.0,11311.0,94250.4,1137042.0,1.0
solana-labs/solana-solidity.js,1.0,1.0,100.000%,19.0,12.0,63.158%,252040.0,252040.0,252040.0,252040.0,5699.0,26937.0,136180.0,29.0
solidity-docs/.github,1.0,1.0,100.000%,7.0,2.0,28.571%,285590.0,285590.0,285590.0,285590.0,307737.0,307737.0,409230.0,206244.0
sortmerna/sortmerna,1.0,1.0,100.000%,262.0,233.0,88.931%,1031770.0,1031770.0,1031770.0,1031770.0,59885.0,338799.67,4042676.0,1.0
sourcecred/research,1.0,0.0,0.000%,13.0,3.0,23.077%,,,,,354.0,1644.0,4558.0,20.0
sourcecred/sourcecred,1.0,0.0,0.000%,656.0,381.0,58.079%,,,,,41646.0,123685.99,1555102.0,0.0
spacemeshos/app,2.0,0.0,0.000%,42.0,11.0,26.190%,,,,,38826.0,78801.82,313990.0,0.0
spacemeshos/cosmic,3.0,1.0,33.333%,3.0,0.0,0.000%,57832.0,57832.0,57832.0,57832.0,,,,
spacemeshos/go-spacemesh,17.0,17.0,100.000%,1995.0,1854.0,92.932%,79080.0,395738.82,1690074.0,5721.0,104361.5,340698.61,2325187.0,0.0
spacemeshos/poet,2.0,2.0,100.000%,77.0,68.0,88.312%,143719.0,143719.0,143726.0,143712.0,66082.0,248635.59,1651753.0,6.0
spacemeshos/poet2,1.0,1.0,100.000%,0.0,0.0,-0.000%,271912.0,271912.0,271912.0,271912.0,,,,
spacemeshos/svm,3.0,3.0,100.000%,189.0,113.0,59.788%,166844.0,163667.67,177363.0,146796.0,61924.0,155003.23,1177598.0,0.0
spadebuilders/community,1.0,1.0,100.000%,32.0,17.0,53.125%,141150.0,141150.0,141150.0,141150.0,43195.0,57264.88,171627.0,5.0
speedshop/speedshop,3.0,2.0,66.667%,2.0,0.0,0.000%,624855.0,624855.0,1022057.0,227653.0,,,,
spesmilo/electrum,1.0,1.0,100.000%,3065.0,2253.0,73.507%,58975.0,58975.0,58975.0,58975.0,1680.0,92302.22,2623551.0,0.0
spheronFdn/argo-bounty-issue,1.0,0.0,0.000%,23.0,15.0,65.217%,,,,,5984.0,35123.4,189946.0,11.0
spm32/dash_first_pass,1.0,1.0,100.000%,0.0,0.0,-0.000%,4438.0,4438.0,4438.0,4438.0,,,,
ssbc/patchbay,4.0,3.0,75.000%,36.0,24.0,66.667%,25648.0,35010.33,69189.0,10194.0,172828.5,141684.46,320696.0,15.0
ssbc/patchwork,4.0,4.0,100.000%,805.0,805.0,100.000%,788587.0,701820.5,1181468.0,48640.0,98340.0,238108.11,1696865.0,2.0
ssteiger/vyper-contract-gui,1.0,1.0,100.000%,13.0,7.0,53.846%,21402.0,21402.0,21402.0,21402.0,1112.0,11474.57,41388.0,34.0
stacks-network/bounties,4.0,4.0,100.000%,1.0,0.0,0.000%,149273.0,149207.75,149280.0,149005.0,,,,
stacks-network/hackathons,4.0,4.0,100.000%,1.0,1.0,100.000%,334256.0,329481.5,334264.0,315150.0,274466.0,274466.0,274466.0,274466.0
staketechnologies/hello-world-by-polkadot,2.0,2.0,100.000%,5.0,5.0,100.000%,59454.0,59454.0,59462.0,59446.0,1109.0,3734.2,16384.0,5.0
status-im/0xHack,3.0,0.0,0.000%,0.0,0.0,-0.000%,,,,,,,,
status-im/design,12.0,10.0,83.333%,86.0,66.0,76.744%,216132.0,221586.0,423439.0,20343.0,1311307.0,902845.61,1438780.0,0.0
status-im/discover-dapps,5.0,5.0,100.000%,10.0,6.0,60.000%,1358.0,11279.4,49209.0,393.0,30013.0,27351.0,50515.0,513.0
status-im/ens-usernames,1.0,0.0,0.000%,78.0,49.0,62.821%,,,,,22888.0,74529.55,495941.0,509.0
status-im/incubate.status.im,1.0,1.0,100.000%,2.0,2.0,100.000%,17254.0,17254.0,17254.0,17254.0,1368.0,1368.0,2702.0,34.0
status-im/nimbus-site,1.0,1.0,100.000%,9.0,9.0,100.000%,20042.0,20042.0,20042.0,20042.0,45875.0,244939.11,652263.0,1416.0
status-im/people-ops,1.0,0.0,0.000%,64.0,34.0,53.125%,,,,,10057.0,54205.5,171464.0,44.0
status-im/pluto,1.0,1.0,100.000%,83.0,67.0,80.723%,88117.0,88117.0,88117.0,88117.0,38524.0,70714.18,384804.0,11.0
status-im/pm,9.0,9.0,100.000%,67.0,43.0,64.179%,30503.0,90351.44,502115.0,10123.0,20182.0,79406.42,493503.0,19.0
status-im/snt-voting,6.0,5.0,83.333%,46.0,36.0,78.261%,60424.0,60059.4,74585.0,46222.0,7768.0,17783.11,120049.0,1081.0
status-im/status-channels-dapp,2.0,1.0,50.000%,0.0,0.0,-0.000%,56171.0,56171.0,56171.0,56171.0,,,,
status-im/status-components,7.0,3.0,42.857%,10.0,1.0,10.000%,11243.0,14442.0,21188.0,10895.0,11366.0,11366.0,11366.0,11366.0
status-im/status-go,1.0,1.0,100.000%,881.0,782.0,88.763%,69162.0,69162.0,69162.0,69162.0,27672.0,102110.92,1426462.0,0.0
status-im/status-js-api,1.0,0.0,0.000%,6.0,4.0,66.667%,,,,,997.0,13836.0,53350.0,0.0
status-im/status-keycard,5.0,5.0,100.000%,55.0,50.0,90.909%,402006.0,466664.8,741882.0,393710.0,21589.0,266056.34,2150196.0,21.0
status-im/status-mobile,355.0,341.0,96.056%,15741.0,14919.0,94.778%,118379.0,292319.12,2386064.0,2218.0,38496.0,158309.69,2760671.0,0.0
status-im/storybook,4.0,4.0,100.000%,4.0,2.0,50.000%,36053.5,40504.0,80142.0,9767.0,36135.5,36135.5,57766.0,14505.0
status-im/studio.status.im,1.0,1.0,100.000%,2.0,1.0,50.000%,20062.0,20062.0,20062.0,20062.0,42698.0,42698.0,42698.0,42698.0
stellar/hackathon-get-started,1.0,1.0,100.000%,0.0,0.0,-0.000%,34746.0,34746.0,34746.0,34746.0,,,,
stellar/stellar-protocol,1.0,1.0,100.000%,358.0,316.0,88.268%,191368.0,191368.0,191368.0,191368.0,178571.5,346306.02,2685691.0,0.0
steptosky/3DsMax-XplnObj,1.0,0.0,0.000%,27.0,17.0,62.963%,,,,,348446.0,300938.76,622638.0,18.0
sthorpe/gitcoin-bounties,1.0,0.0,0.000%,0.0,0.0,-0.000%,,,,,,,,
storj/ipfs-demo,2.0,2.0,100.000%,8.0,8.0,100.000%,54344.0,54344.0,71963.0,36725.0,71942.5,71947.12,71991.0,71919.0
stormxio/debit-card-designs,3.0,3.0,100.000%,1.0,1.0,100.000%,58434.0,56722.33,60901.0,50832.0,49.0,49.0,49.0,49.0
streamr-dev/streamr-client-python,1.0,1.0,100.000%,2.0,0.0,0.000%,76275.0,76275.0,76275.0,76275.0,,,,
strips-finance/contracts,2.0,0.0,0.000%,0.0,0.0,-0.000%,,,,,,,,
strips-finance/defistats,1.0,0.0,0.000%,0.0,0.0,-0.000%,,,,,,,,
strips-finance/stats-bot,1.0,0.0,0.000%,0.0,0.0,-0.000%,,,,,,,,
strips-finance/token-api,1.0,0.0,0.000%,0.0,0.0,-0.000%,,,,,,,,
subquery/developer-guild,9.0,9.0,100.000%,18.0,18.0,100.000%,158396.0,241784.78,736576.0,60730.0,544674.5,451363.33,598968.0,4.0
subsquid/gitcoin-hackathon-issues,4.0,0.0,0.000%,1.0,1.0,100.000%,,,,,16222.0,16222.0,16222.0,16222.0
suhailvs/django-schools,1.0,0.0,0.000%,7.0,5.0,71.429%,,,,,4454.0,125748.2,615023.0,557.0
sunilveera/test,2.0,0.0,0.000%,0.0,0.0,-0.000%,,,,,,,,
sunrisa-lights/sunrisa_server,1.0,0.0,0.000%,0.0,0.0,-0.000%,,,,,,,,
supabase/realtime,1.0,1.0,100.000%,170.0,159.0,93.529%,66600.0,66600.0,66600.0,66600.0,11632.0,85942.9,1221378.0,1.0
supabase/supabase,0.0,0.0,-0.000%,554.0,448.0,80.866%,,,,,6435.0,29550.93,309819.0,0.0
superfluid-finance/dao-global-bounties,4.0,0.0,0.000%,2.0,1.0,50.000%,,,,,8205.0,8205.0,8205.0,8205.0
superfluid-finance/superfluid-protocol-preview,1.0,0.0,0.000%,3.0,2.0,66.667%,,,,,76.0,76.0,144.0,8.0
supermodularxyz/supermodules,1.0,0.0,0.000%,24.0,1.0,4.167%,,,,,4391.0,4391.0,4391.0,4391.0
sushiswap/art,5.0,0.0,0.000%,0.0,0.0,-0.000%,,,,,,,,
sushiswap/sushiswap,6.0,6.0,100.000%,185.0,185.0,100.000%,608215.0,506370.67,608225.0,193826.0,23248.0,64723.94,619481.0,0.0
sushiswap/sushiswap-interface,1.0,1.0,100.000%,199.0,134.0,67.337%,13970.0,13970.0,13970.0,13970.0,28380.5,66322.07,387820.0,0.0
sydtek1/white-paper,2.0,0.0,0.000%,0.0,0.0,-0.000%,,,,,,,,
syscoin/syscoin-gitcoin,2.0,0.0,0.000%,0.0,0.0,-0.000%,,,,,,,,
t3rmdotdev/t3rm.dev,2.0,1.0,50.000%,1.0,1.0,100.000%,20890.0,20890.0,20890.0,20890.0,117.0,117.0,117.0,117.0
tablelandnetwork/funding,4.0,0.0,0.000%,7.0,0.0,0.000%,,,,,,,,
tahowallet/extension,2.0,2.0,100.000%,1636.0,1410.0,86.186%,8449.5,8449.5,15899.0,1000.0,34709.5,129870.15,1016095.0,0.0
talegift/gitcoin,4.0,4.0,100.000%,4.0,4.0,100.000%,18778.0,50196.75,153875.0,9356.0,14093.5,45156.75,152379.0,61.0
talentlessguy/use-onboard,1.0,0.0,0.000%,2.0,2.0,100.000%,,,,,2609.0,2609.0,5200.0,18.0
tapaswenipathak/Open-Source-Programs,1.0,1.0,100.000%,93.0,66.0,70.968%,354836.0,354836.0,354836.0,354836.0,30291.0,132317.11,1230899.0,8.0
tari404/test-repo,1.0,1.0,100.000%,9.0,3.0,33.333%,14412.0,14412.0,14412.0,14412.0,376001.0,300141.33,523031.0,1392.0
tarikbellamine/SmartContract,1.0,0.0,0.000%,1.0,0.0,0.000%,,,,,,,,
tasitlabs/tasit-apps,1.0,1.0,100.000%,252.0,163.0,64.683%,28173.0,28173.0,28173.0,28173.0,10296.0,57767.56,521194.0,1.0
telegramdesktop/tdesktop,1.0,1.0,100.000%,12335.0,11666.0,94.576%,8734.0,8734.0,8734.0,8734.0,4878.5,230048.29,4107675.0,0.0
teller-protocol/teller-protocol-v1,6.0,0.0,0.000%,7.0,7.0,100.000%,,,,,68463.0,53172.29,68519.0,14724.0
tellor-io/telliot,6.0,6.0,100.000%,386.0,374.0,96.891%,57766.0,93859.33,190086.0,33726.0,54884.0,113163.51,936227.0,7.0
tellor-io/usingtellor,6.0,6.0,100.000%,29.0,29.0,100.000%,157229.5,157552.67,263325.0,52901.0,56310.0,72098.38,270007.0,56.0
tendermint/tendermint,5.0,5.0,100.000%,3106.0,2855.0,91.919%,408258.0,658702.0,1445928.0,43733.0,24451.0,184520.28,2111446.0,0.0
tensortrade-org/tensortrade,24.0,24.0,100.000%,458.0,370.0,80.786%,81832.0,154513.5,450669.0,1483.0,32391.0,130838.53,1035776.0,1.0
terra-money/bounties,4.0,0.0,0.000%,1.0,1.0,100.000%,,,,,721.0,721.0,721.0,721.0
terra-money/core,0.0,0.0,-0.000%,58.0,58.0,100.000%,,,,,4334.5,36509.52,327864.0,3.0
terra-money/gitcoin-onboarding,1.0,0.0,0.000%,2.0,0.0,0.000%,,,,,,,,
testgitcoin-onerror-alert-1/test,1.0,0.0,0.000%,0.0,0.0,-0.000%,,,,,,,,
textileio/community,7.0,2.0,28.571%,20.0,8.0,40.000%,206422.5,206422.5,351133.0,61712.0,29809.5,81086.88,475496.0,9.0
textileio/explore,0.0,0.0,-0.000%,2.0,0.0,0.000%,,,,,,,,
textileio/powergate,1.0,1.0,100.000%,397.0,315.0,79.345%,70421.0,70421.0,70421.0,70421.0,27630.0,92745.14,448066.0,2.0
tezos-contrib/gitcoin-bounties,44.0,2.0,4.545%,8.0,4.0,50.000%,128330.0,128330.0,128330.0,128330.0,31059.5,31059.5,62087.0,32.0
thelastpickle/cassandra-reaper,1.0,0.0,0.000%,638.0,516.0,80.878%,,,,,69360.5,397812.88,2579965.0,0.0
thelostone-mc/holo,14.0,0.0,0.000%,8.0,0.0,0.000%,,,,,,,,
thelostone-mc/importcost,1.0,1.0,100.000%,2.0,0.0,0.000%,203426.0,203426.0,203426.0,203426.0,,,,
thierryx96/RedisCache,1.0,0.0,0.000%,25.0,17.0,68.000%,,,,,296078.0,275530.24,583338.0,5.0
thxprotocol/api,1.0,1.0,100.000%,113.0,113.0,100.000%,305172.0,305172.0,305172.0,305172.0,23441.0,65927.58,747972.0,0.0
thxprotocol/contracts,1.0,1.0,100.000%,18.0,18.0,100.000%,108467.0,108467.0,108467.0,108467.0,15774.5,95208.89,332710.0,738.0
thxprotocol/discord-bot,4.0,2.0,50.000%,8.0,0.0,0.000%,51957.0,51957.0,51957.0,51957.0,,,,
thxprotocol/slack-bot,1.0,1.0,100.000%,7.0,6.0,85.714%,60472.0,60472.0,60472.0,60472.0,44347.0,44352.17,44379.0,44346.0
thxprotocol/wallet,1.0,1.0,100.000%,42.0,36.0,85.714%,324760.0,324760.0,324760.0,324760.0,60224.0,82040.36,327085.0,0.0
tinymanorg/open-source-verifier,1.0,0.0,0.000%,0.0,0.0,-0.000%,,,,,,,,
tinymanorg/tinyman-mobile-sdk,1.0,0.0,0.000%,0.0,0.0,-0.000%,,,,,,,,
titan-suite/bounties,1.0,1.0,100.000%,0.0,0.0,-0.000%,104823.0,104823.0,104823.0,104823.0,,,,
tjayrush/simple_parser,1.0,0.0,0.000%,0.0,0.0,-0.000%,,,,,,,,
tksventures/reli-proxy,2.0,2.0,100.000%,4.0,2.0,50.000%,77910.5,77910.5,105286.0,50535.0,229132.5,229132.5,427988.0,30277.0
tomteman/attendr,3.0,3.0,100.000%,1.0,1.0,100.000%,56236.0,57461.0,59913.0,56234.0,789180.0,789180.0,789180.0,789180.0
topcoder-platform/community-app,0.0,0.0,-0.000%,650.0,465.0,71.538%,,,,,3416.0,6929.32,152951.0,0.0
tornadocash/tornado-core,1.0,1.0,100.000%,40.0,23.0,57.500%,193661.0,193661.0,193661.0,193661.0,1822.0,4752.91,40377.0,0.0
torusresearch/torus-website,1.0,1.0,100.000%,550.0,537.0,97.636%,115064.0,115064.0,115064.0,115064.0,1310.0,20936.9,552434.0,0.0
trailofbits/eth-security-toolbox,2.0,2.0,100.000%,22.0,8.0,36.364%,228574.0,228574.0,416470.0,40678.0,18128.0,80051.12,311402.0,855.0
trailofbits/manticore,12.0,4.0,33.333%,786.0,557.0,70.865%,106890.5,175394.75,447349.0,40449.0,50098.0,201317.89,1453127.0,0.0
transmission/transmission,1.0,0.0,0.000%,2502.0,2092.0,83.613%,,,,,22796.0,436281.48,3399546.0,0.0
trezor/trezor-android,1.0,0.0,0.000%,36.0,33.0,91.667%,,,,,14388.0,403476.21,2219391.0,2.0
tronscadmin/time,1.0,0.0,0.000%,0.0,0.0,-0.000%,,,,,,,,
trufflesuite/ganache,1.0,1.0,100.000%,1008.0,672.0,66.667%,1461196.0,1461196.0,1461196.0,1461196.0,95696.0,356090.91,3041311.0,0.0
trufflesuite/truffle,18.0,18.0,100.000%,5664.0,4708.0,83.121%,112827.0,379634.44,1748838.0,32961.0,33950.5,166915.37,2899716.0,0.0
trufflesuite/truffle-core,1.0,0.0,0.000%,25.0,19.0,76.000%,,,,,75916.0,59335.95,162474.0,5.0
trufflesuite/truffle-debugger,1.0,0.0,0.000%,49.0,30.0,61.224%,,,,,39284.5,95280.73,798104.0,201.0
trusttoken/bug-bounty,2.0,0.0,0.000%,2.0,2.0,100.000%,,,,,77796.5,77796.5,102606.0,52987.0
trustwallet/TrustSDK-Android,1.0,1.0,100.000%,20.0,20.0,100.000%,1008616.0,1008616.0,1008616.0,1008616.0,140739.5,340480.65,967728.0,215.0
trustwallet/trust-wallet-ios,5.0,5.0,100.000%,610.0,547.0,89.672%,13781.0,25183.2,52701.0,532.0,5041.0,24145.89,384127.0,0.0
trustwallet/trust-web3-provider,1.0,1.0,100.000%,197.0,166.0,84.264%,147388.0,147388.0,147388.0,147388.0,4903.0,95076.19,1037324.0,0.0
trustwallet/wallet-core,4.0,4.0,100.000%,1133.0,1120.0,98.853%,86689.0,76394.25,124230.0,7969.0,1912.0,27873.29,1013545.0,0.0
umbrella-network/hackathon,8.0,4.0,50.000%,0.0,0.0,-0.000%,86138.0,86138.0,86142.0,86134.0,,,,
unifiprotocol/Unifi-Quests,8.0,0.0,0.000%,2.0,0.0,0.000%,,,,,,,,
unigrants/ugp-hacks,6.0,0.0,0.000%,3.0,0.0,0.000%,,,,,,,,
unlock-protocol/unlock,17.0,17.0,100.000%,2275.0,2147.0,94.374%,113899.0,261828.59,805065.0,17448.0,16936.0,94151.18,2023341.0,0.0
unstoppable-domains-integrations/KyberSwap,1.0,1.0,100.000%,1.0,1.0,100.000%,3773.0,3773.0,3773.0,3773.0,400.0,400.0,400.0,400.0
unstoppable-domains-integrations/KyberSwap-iOS,2.0,1.0,50.000%,1.0,1.0,100.000%,9.0,9.0,9.0,9.0,28641.0,28641.0,28641.0,28641.0
unstoppable-domains-integrations/android-app,1.0,1.0,100.000%,0.0,0.0,-0.000%,7198.0,7198.0,7198.0,7198.0,,,,
unstoppable-domains-integrations/trusteeWallet,1.0,1.0,100.000%,0.0,0.0,-0.000%,52135.0,52135.0,52135.0,52135.0,,,,
unstoppabledomains/decentralized-websites,3.0,3.0,100.000%,6.0,3.0,50.000%,76632.0,106473.67,206143.0,36646.0,29784.0,51251.67,123964.0,7.0
unstoppabledomains/gitcoin-bounties,9.0,1.0,11.111%,0.0,0.0,-0.000%,33278.0,33278.0,33278.0,33278.0,,,,
unstoppabledomains/unstoppable-demo-browser,1.0,0.0,0.000%,6.0,1.0,16.667%,,,,,1331.0,1331.0,1331.0,1331.0
uport-project/lambda-caleuche,2.0,2.0,100.000%,8.0,3.0,37.500%,57832.0,57832.0,82669.0,32995.0,1708.0,1597.33,2848.0,236.0
uport-project/meshconnect,1.0,0.0,0.000%,0.0,0.0,-0.000%,,,,,,,,
uport-project/uport-mobile,1.0,0.0,0.000%,32.0,7.0,21.875%,,,,,4033.0,70137.29,440857.0,36.0
uport-project/veramo,4.0,3.0,75.000%,380.0,327.0,86.053%,73606.0,81165.0,143997.0,25892.0,20263.0,88941.17,906895.0,0.0
upshot-tech/ETH-CC-Hackathon,3.0,0.0,0.000%,0.0,0.0,-0.000%,,,,,,,,
usetech-llc/polkadot_api_cpp,18.0,16.0,88.889%,32.0,16.0,50.000%,34005.5,55805.88,100814.0,9686.0,72566.0,62483.12,89460.0,38.0
usmanmuhd/phonebook_api,6.0,2.0,33.333%,0.0,0.0,-0.000%,4203.5,4203.5,8406.0,1.0,,,,
utunga/homesafe,1.0,0.0,0.000%,0.0,0.0,-0.000%,,,,,,,,
vadimdemedes/ink,1.0,1.0,100.000%,293.0,262.0,89.420%,1068248.0,1068248.0,1068248.0,1068248.0,45530.5,273872.53,2946415.0,1.0
validitycrypto/website,1.0,0.0,0.000%,0.0,0.0,-0.000%,,,,,,,,
varkiwi/git3,1.0,1.0,100.000%,1.0,0.0,0.000%,6088.0,6088.0,6088.0,6088.0,,,,
vcdcvcdc/sushiswapedit,1.0,0.0,0.000%,0.0,0.0,-0.000%,,,,,,,,
vcdcvcdc/vcanalytics,1.0,0.0,0.000%,0.0,0.0,-0.000%,,,,,,,,
vchaptsev/cookiecutter-django-vue,1.0,1.0,100.000%,51.0,42.0,82.353%,228370.0,228370.0,228370.0,228370.0,17338.0,95394.33,713020.0,6.0
vector-im/element-web,0.0,0.0,-0.000%,15720.0,12634.0,80.369%,,,,,9920.0,239861.93,2852137.0,0.0
vegaprotocol/0x955C6789A7fbee203B4bE0F01428E769308813f2,1.0,0.0,0.000%,0.0,0.0,-0.000%,,,,,,,,
vegaprotocol/bounties,8.0,4.0,50.000%,0.0,0.0,-0.000%,114906.5,135939.25,230379.0,83565.0,,,,
videoDAC/android,16.0,6.0,37.500%,72.0,22.0,30.556%,13357.0,87614.67,236949.0,12538.0,29993.0,66588.09,266458.0,875.0
videoDAC/livepeer-aragon,1.0,1.0,100.000%,23.0,11.0,47.826%,24022.0,24022.0,24022.0,24022.0,25850.0,39182.73,116819.0,10400.0
videoDAC/streaming-back-end,1.0,1.0,100.000%,4.0,1.0,25.000%,37199.0,37199.0,37199.0,37199.0,84723.0,84723.0,84723.0,84723.0
vinny2020/my-personal-pocs,0.0,0.0,-0.000%,1.0,1.0,100.000%,,,,,19495.0,19495.0,19495.0,19495.0
virto-network/virto-node,2.0,2.0,100.000%,87.0,65.0,74.713%,13508.5,13508.5,18200.0,8817.0,25257.0,96692.25,646528.0,171.0
vitaliygataulin/wallet,1.0,0.0,0.000%,0.0,0.0,-0.000%,,,,,,,,
vitelabs/bounties,32.0,1.0,3.125%,1.0,1.0,100.000%,9849.0,9849.0,9849.0,9849.0,554.0,554.0,554.0,554.0
vlzhr/waves,1.0,0.0,0.000%,2.0,0.0,0.000%,,,,,,,,
voxodeus/cypher-subgraph,1.0,1.0,100.000%,0.0,0.0,-0.000%,26507.0,26507.0,26507.0,26507.0,,,,
vporton/algebraic-general-topology,1.0,0.0,0.000%,0.0,0.0,-0.000%,,,,,,,,
vporton/carbon-flow,1.0,0.0,0.000%,2.0,0.0,0.000%,,,,,,,,
vporton/courts,2.0,0.0,0.000%,2.0,1.0,50.000%,,,,,309124.0,309124.0,309124.0,309124.0
vporton/donations,1.0,0.0,0.000%,2.0,0.0,0.000%,,,,,,,,
vporton/erc1155-dex,1.0,0.0,0.000%,0.0,0.0,-0.000%,,,,,,,,
vporton/ubi-russia,1.0,1.0,100.000%,0.0,0.0,-0.000%,5104.0,5104.0,5104.0,5104.0,,,,
vporton/zondirectory-public,1.0,0.0,0.000%,0.0,0.0,-0.000%,,,,,,,,
vsch/CLionArduinoPlugin,1.0,1.0,100.000%,60.0,15.0,25.000%,502755.0,502755.0,502755.0,502755.0,5225.0,131741.87,1514405.0,0.0
vue-polkadot/apps,5.0,5.0,100.000%,92.0,53.0,57.609%,133898.0,145275.8,224647.0,108269.0,55152.0,129808.47,530244.0,1.0
vue-polkadot/ui,2.0,2.0,100.000%,12.0,12.0,100.000%,84898.0,84898.0,148514.0,21282.0,54079.5,138489.0,1247197.0,737.0
vuejs/vuepress,1.0,1.0,100.000%,1899.0,1414.0,74.460%,137523.0,137523.0,137523.0,137523.0,2809.5,51480.76,1855361.0,0.0
vyperlang/vyper,12.0,12.0,100.000%,2580.0,2130.0,82.558%,207471.5,347925.33,1003104.0,46883.0,36106.0,173480.52,2197355.0,1.0
w3f/General-Grants-Program,10.0,10.0,100.000%,69.0,69.0,100.000%,141869.0,368754.8,999017.0,70920.0,826890.0,630192.62,1472986.0,43.0
w3f/polkadot-lab,1.0,0.0,0.000%,49.0,38.0,77.551%,,,,,17063.5,36079.61,191323.0,38.0
wagmi-dev/wagmi,1.0,1.0,100.000%,227.0,226.0,99.559%,161370.0,161370.0,161370.0,161370.0,625.5,8966.85,159253.0,0.0
waku-org/js-waku,1.0,1.0,100.000%,113.0,87.0,76.991%,63935.0,63935.0,63935.0,63935.0,99360.0,142010.91,644148.0,27.0
walidmujahid/web,2.0,0.0,0.000%,27.0,26.0,96.296%,,,,,21.5,36.92,134.0,1.0
walleth/walleth,1.0,1.0,100.000%,480.0,218.0,45.417%,491262.0,491262.0,491262.0,491262.0,15682.5,102237.21,1314123.0,0.0
wanseob/mockup-repo-for-gitcoin,3.0,0.0,0.000%,0.0,0.0,-0.000%,,,,,,,,
wanseob/npm-truffle-box,1.0,1.0,100.000%,1.0,1.0,100.000%,1430.0,1430.0,1430.0,1430.0,3327.0,3327.0,3327.0,3327.0
wassname/compare_altcoin_development,1.0,0.0,0.000%,1.0,1.0,100.000%,,,,,114.0,114.0,114.0,114.0
wearekickback/app,14.0,14.0,100.000%,53.0,29.0,54.717%,92375.5,90181.86,159388.0,9349.0,77266.0,196688.1,730827.0,10.0
wearekickback/contracts,5.0,5.0,100.000%,4.0,2.0,50.000%,46232.0,195109.6,827244.0,12684.0,7055.5,7055.5,13209.0,902.0
web3/web3.js,0.0,0.0,-0.000%,1217.0,1131.0,92.933%,,,,,54937.0,101516.55,1203898.0,0.0
web3index/web3index-org,3.0,3.0,100.000%,23.0,13.0,56.522%,63909.0,69246.67,105999.0,37832.0,25738.0,56812.62,348732.0,31.0
web3j/web3j,12.0,12.0,100.000%,2064.0,1864.0,90.310%,213157.0,413413.17,1405250.0,60217.0,67927.5,271107.14,2677193.0,0.0
web3swift-team/web3swift,89.0,89.0,100.000%,1265.0,1109.0,87.668%,226978.0,396815.16,1550715.0,808.0,49359.0,152258.86,1806065.0,0.0
webtorrent/webtorrent,1.0,0.0,0.000%,1543.0,1477.0,95.723%,,,,,11783.0,180846.54,4490618.0,0.0
widgetbot-io/embed,1.0,1.0,100.000%,129.0,97.0,75.194%,37885.0,37885.0,37885.0,37885.0,17997.0,218280.99,1846746.0,1.0
wildcards-world/ui,2.0,1.0,50.000%,14.0,2.0,14.286%,465407.0,465407.0,465407.0,465407.0,139582.5,139582.5,256243.0,22922.0
wildmouse/gitcoin-playground,1.0,0.0,0.000%,1.0,0.0,0.000%,,,,,,,,
willsputra/marketh,1.0,0.0,0.000%,0.0,0.0,-0.000%,,,,,,,,
windingtree/vesting-contract,1.0,1.0,100.000%,0.0,0.0,-0.000%,53443.0,53443.0,53443.0,53443.0,,,,
windingtree/wt-hackathon,1.0,1.0,100.000%,42.0,39.0,92.857%,31280.0,31280.0,31280.0,31280.0,50499.0,116442.92,347614.0,1.0
withtally/CC_Hackathon,3.0,0.0,0.000%,1.0,0.0,0.000%,,,,,,,,
withtally/Tally-Hackathon,3.0,0.0,0.000%,0.0,0.0,-0.000%,,,,,,,,
witnet/research,1.0,1.0,100.000%,82.0,80.0,97.561%,190477.0,190477.0,190477.0,190477.0,20972.5,114519.78,1588409.0,0.0
witnet/truffle-box,2.0,2.0,100.000%,11.0,11.0,100.000%,415324.0,415324.0,801700.0,28948.0,4447.0,249304.27,1848765.0,0.0
witnet/witnet-bounties,1.0,0.0,0.000%,0.0,0.0,-0.000%,,,,,,,,
witnet/witnet-rust,16.0,16.0,100.000%,2136.0,2006.0,93.914%,40977.0,91333.5,414485.0,7102.0,17610.0,112185.94,1620679.0,0.0
writeprovidence/Test-bounty,1.0,1.0,100.000%,0.0,0.0,-0.000%,134.0,134.0,134.0,134.0,,,,
wslyvh/useWeb3,1.0,1.0,100.000%,21.0,16.0,76.190%,20869.0,20869.0,20869.0,20869.0,100948.5,189965.12,643834.0,8.0
xBacked-DAO/xbacked-sdk,1.0,1.0,100.000%,1.0,1.0,100.000%,167032.0,167032.0,167032.0,167032.0,55.0,55.0,55.0,55.0
xamarin/Xamarin.Forms,7.0,7.0,100.000%,10729.0,7546.0,70.333%,335103.0,618000.57,1924117.0,51546.0,39248.0,215966.9,2450237.0,0.0
xmtp-labs/ethshanghai-2022,2.0,0.0,0.000%,0.0,0.0,-0.000%,,,,,,,,
xojs/xo,1.0,1.0,100.000%,398.0,338.0,84.925%,524352.0,524352.0,524352.0,524352.0,8877.5,222074.63,3565092.0,0.0
xpring-eng/challenges,3.0,0.0,0.000%,0.0,0.0,-0.000%,,,,,,,,
yanganto/nvim-translate,1.0,1.0,100.000%,7.0,3.0,42.857%,129196.0,129196.0,129196.0,129196.0,745.0,977.0,1552.0,634.0
yanganto/s3rs,2.0,2.0,100.000%,44.0,28.0,63.636%,137735.0,137735.0,243652.0,31818.0,21295.0,158549.36,932391.0,46.0
yargs/yargs-parser,1.0,0.0,0.000%,140.0,92.0,65.714%,,,,,64436.0,238235.27,2079730.0,0.0
yenom/BitcoinKit,1.0,0.0,0.000%,174.0,74.0,42.529%,,,,,4311.0,74809.28,570047.0,3.0
yggdrasil-network/yggdrasil-go,1.0,0.0,0.000%,408.0,261.0,63.971%,,,,,20650.0,166679.41,1759628.0,0.0
ylide-io/sdk,2.0,0.0,0.000%,0.0,0.0,-0.000%,,,,,,,,
you-dont-need/You-Dont-Need-Momentjs,1.0,0.0,0.000%,48.0,24.0,50.000%,,,,,2016.5,20343.46,325017.0,1.0
youvegoteth/youvegoteth.github.io,2.0,1.0,50.000%,10.0,5.0,50.000%,4153.0,4153.0,4153.0,4153.0,8230.0,9978.4,17658.0,7223.0
yzane/vscode-markdown-pdf,1.0,0.0,0.000%,264.0,90.0,34.091%,,,,,73012.0,174377.78,1168883.0,0.0
yzhang-gh/vscode-markdown,1.0,1.0,100.000%,1104.0,849.0,76.902%,526165.0,526165.0,526165.0,526165.0,3590.0,74796.2,1836943.0,0.0
zackgall/BlockTest,1.0,0.0,0.000%,0.0,0.0,-0.000%,,,,,,,,
zackxiaoming/buyEtherToken,1.0,0.0,0.000%,0.0,0.0,-0.000%,,,,,,,,
zackxiaoming/chartWTF,1.0,0.0,0.000%,0.0,0.0,-0.000%,,,,,,,,
zackxiaoming/king,2.0,0.0,0.000%,0.0,0.0,-0.000%,,,,,,,,
zackxiaoming/makePancake,1.0,0.0,0.000%,0.0,0.0,-0.000%,,,,,,,,
zackxiaoming/scanPancake,1.0,0.0,0.000%,0.0,0.0,-0.000%,,,,,,,,
zakimzf/multi-sig,1.0,0.0,0.000%,0.0,0.0,-0.000%,,,,,,,,
zcash/zcash-gitcoin,3.0,3.0,100.000%,0.0,0.0,-0.000%,48744.0,55863.33,70112.0,48734.0,,,,
zcash/zcash-ios-wallet,1.0,1.0,100.000%,213.0,180.0,84.507%,68598.0,68598.0,68598.0,68598.0,51916.5,110612.01,732943.0,1.0
zeevoco/zeevoco.github.io,1.0,1.0,100.000%,0.0,0.0,-0.000%,10484.0,10484.0,10484.0,10484.0,,,,
zeitgeistpm/documentation,1.0,1.0,100.000%,22.0,7.0,31.818%,86669.0,86669.0,86669.0,86669.0,4738.0,111250.0,588951.0,0.0
zeppelinos/zos-cli,7.0,5.0,71.429%,176.0,152.0,86.364%,41589.0,45817.2,60064.0,38506.0,20943.5,37413.59,330961.0,0.0
zeppelinos/zos-docs,1.0,1.0,100.000%,37.0,35.0,94.595%,117849.0,117849.0,117849.0,117849.0,2733.0,22618.74,342272.0,2.0
zeppelinos/zos-lib,1.0,1.0,100.000%,94.0,83.0,88.298%,148203.0,148203.0,148203.0,148203.0,27089.0,60823.25,413025.0,2.0
zhangjiannan/hlskillresearch,1.0,0.0,0.000%,0.0,0.0,-0.000%,,,,,,,,
zincwork/contracts,2.0,0.0,0.000%,7.0,1.0,14.286%,,,,,177.0,177.0,177.0,177.0
zkcrypto/pairing,1.0,1.0,100.000%,57.0,40.0,70.175%,450516.0,450516.0,450516.0,450516.0,11793.5,116165.8,1418657.0,19.0
zoek1/selfie-web,1.0,0.0,0.000%,0.0,0.0,-0.000%,,,,,,,,
zonesemes/erc721,1.0,0.0,0.000%,0.0,0.0,-0.000%,,,,,,,,
zuramai/mazer,1.0,0.0,0.000%,87.0,85.0,97.701%,,,,,6654.0,43113.19,572355.0,1.0
