id_url,github_owner,github_repo,fullfillers
https://gitcoin.co/issue/29668,riffcc,projects,"[['en0c-026', '2023-01-09T04:58:24.142426Z']]"
https://gitcoin.co/issue/29664,QuickFast-io,UX,"[['oluwa-segun', '2023-01-08T21:01:01Z']]"
https://gitcoin.co/issue/29649,ARK-Builders,ARK-Navigator,"[['shubertmunthali', '2023-01-15T12:33:03Z']]"
https://gitcoin.co/issue/29624,reserve-protocol,protocol,"[['apoorvam-web3', '2022-12-14T07:55:47Z'], ['amritkumarj', '2022-12-14T07:55:45.932275Z'], ['emedudu', '2022-12-14T06:50:28.057485Z']]"
https://gitcoin.co/issue/29583,hyperlane-xyz,hyperlane-monorepo,"[['davidsemakula', '2022-12-14T19:30:47Z'], ['kartikchoubisa', '2022-12-14T22:51:49Z'], ['coffiasd', '2022-12-11T17:35:35Z'], ['aroralanuk', '2022-12-15T00:58:45Z'], ['markcarey', '2022-12-13T00:01:07Z'], ['adachi-440', '2022-12-14T13:58:29Z'], ['cryptodocs', '2022-12-12T15:48:38Z'], ['kenny-gin1', '2022-12-14T14:35:10Z'], ['cpp-phoenix', '2022-12-08T16:01:46Z'], ['zakirhossen23', '2022-12-15T01:02:26.489210Z'], ['ysongh', '2022-12-15T00:58:49.530878Z'], ['stevethijssen20', '2022-12-15T00:51:28.112736Z'], ['electrone901', '2022-12-15T00:50:48.441442Z'], ['sambitsargam', '2022-12-14T22:46:26.735102Z'], ['makinghappen', '2022-12-14T21:38:45.381884Z'], ['davidsemakula2', '2022-12-14T20:19:41.160555Z'], ['prashant830', '2022-12-14T17:52:33.849236Z'], ['seeinplays', '2022-12-13T03:46:33.092512Z'], ['oxhimanshu', '2022-12-11T17:29:22.649728Z'], ['jay3tn931', '2022-11-17T07:14:55.542254Z']]"
https://gitcoin.co/issue/29572,oort-tech,Olympus,"[['molecula451', '2022-11-22T16:06:40Z']]"
https://gitcoin.co/issue/29519,reserve-protocol,protocol,"[['adedamolaxl', '2022-12-14T08:07:45.303604Z'], ['marcusboyds', '2022-12-14T07:58:05.968232Z'], ['owanikin', '2022-12-14T07:31:23.220764Z'], ['cryptotwilight', '2022-12-14T06:54:57.321055Z'], ['ars0x', '2022-12-14T06:25:29.318893Z'], ['solanaweb3eng', '2022-12-14T02:45:45.632603Z'], ['shegu88', '2022-12-14T01:54:49.057468Z'], ['davewilliamson208', '2022-12-14T01:44:28.084552Z'], ['sianliu', '2022-12-13T22:15:56.076650Z'], ['billi-x4', '2022-12-13T21:36:32.928856Z'], ['iheanyi1', '2022-12-13T19:35:09.590075Z'], ['adelana001', '2022-12-13T17:51:12.635928Z'], ['houseofchimera', '2022-12-13T16:21:30.803217Z'], ['igorshadurin', '2022-12-13T15:26:34.565479Z'], ['chris-jobs', '2022-12-13T01:16:19.268552Z'], ['ify01', '2022-12-12T23:57:40.080684Z'], ['socopower', '2022-12-12T20:52:17.870837Z'], ['preetam775', '2022-12-12T15:41:22.261424Z'], ['garythisside1', '2022-12-12T15:36:14.068853Z'], ['nwakakukaks', '2022-12-12T04:27:55.351691Z'], ['thestriver', '2022-12-12T02:12:04.084187Z'], ['forcreators', '2022-12-11T14:54:45.355405Z'], ['nicefacer', '2022-12-11T04:50:13.273871Z'], ['parrymahal', '2022-12-10T19:46:24.527111Z'], ['rsvsinatra', '2022-12-10T13:52:56.474268Z'], ['nwakaku', '2022-12-09T09:21:59.338361Z'], ['daogreat', '2022-12-06T14:25:17.147490Z'], ['ltodd22', '2022-12-01T21:20:17.537074Z'], ['proton2023', '2022-12-01T03:40:37.857610Z'], ['proton2022', '2022-12-01T03:09:55.719914Z'], ['ezeobi', '2022-11-27T16:54:51.271768Z'], ['1c1g', '2022-11-27T15:03:41.871899Z'], ['astadaniel2', '2022-11-27T06:42:41.999227Z'], ['ishaaqziyan', '2022-11-17T18:59:37Z'], ['okeaguugochukwu', '2022-11-16T13:59:19.974344Z'], ['drew7wonders', '2022-10-30T14:10:13.226851Z'], ['hlabzcc', '2022-10-29T12:39:17.250400Z']]"
https://gitcoin.co/issue/29518,reserve-protocol,protocol,"[['lavi54', '2022-12-14T07:45:56.998786Z'], ['amritkumarj', '2022-12-14T07:22:07.762690Z'], ['lugadaug', '2022-12-14T06:41:34.250891Z'], ['1337-ishaan', '2022-12-14T05:35:29.971993Z'], ['bpssmarques', '2022-12-13T22:52:28.992773Z'], ['mynameiskellkell', '2022-12-13T22:36:27.053129Z'], ['asharibali', '2022-12-13T21:07:03.336135Z'], ['petrkrulis2022', '2022-12-13T20:48:46.240552Z'], ['spear-protocol', '2022-12-13T03:52:13.769371Z'], ['larrythecucumber321', '2022-12-12T22:03:07.096269Z'], ['chimpydev', '2022-12-12T18:35:08.459767Z']]"
https://gitcoin.co/issue/29517,reserve-protocol,protocol,"[['utgarda', '2022-12-14T07:58:14.144214Z'], ['gjaldon', '2022-12-13T13:45:14.188747Z'], ['nabetse00', '2022-12-10T13:17:34.545368Z']]"
https://gitcoin.co/issue/29516,reserve-protocol,protocol,"[['gjaldon', '2022-12-14T07:28:19.173322Z'], ['utgarda', '2022-12-13T02:14:29.185296Z'], ['lazycoder1', '2022-12-12T06:18:08.954520Z']]"
https://gitcoin.co/issue/29515,reserve-protocol,protocol,"[['utgarda', '2022-12-14T06:29:44.189389Z']]"
https://gitcoin.co/issue/29514,reserve-protocol,protocol,"[['ufe-pr', '2022-12-13T23:40:33.425788Z'], ['cipherchum', '2022-12-10T22:21:06.316942Z']]"
https://gitcoin.co/issue/29512,reserve-protocol,protocol,"[['utgarda', '2022-12-14T04:37:57.447870Z'], ['shr1ftyy', '2022-12-13T22:40:05.473397Z']]"
https://gitcoin.co/issue/29511,reserve-protocol,protocol,"[['stobiewan', '2022-12-14T01:10:47.203098Z'], ['layer3software', '2022-12-13T02:14:50.201316Z'], ['irhonin', '2022-12-04T22:47:32.120073Z']]"
https://gitcoin.co/issue/29510,reserve-protocol,protocol,"[['gjaldon', '2022-11-28T03:54:20.763665Z']]"
https://gitcoin.co/issue/29509,reserve-protocol,protocol,"[['porco-rosso-j', '2022-12-04T23:03:34.201872Z'], ['shr1ftyy', '2022-12-04T22:57:45.917756Z']]"
https://gitcoin.co/issue/29508,reserve-protocol,protocol,"[['shr1ftyy', '2022-12-13T09:19:56.814360Z']]"
https://gitcoin.co/issue/29507,reserve-protocol,protocol,"[['stobiewan', '2022-12-14T00:58:15.359805Z'], ['layer3software', '2022-12-13T02:13:09.096321Z'], ['shalzz', '2022-12-12T09:10:12.522764Z'], ['joaovwfreire', '2022-12-12T05:46:04.851477Z']]"
https://gitcoin.co/issue/29506,reserve-protocol,protocol,"[['stobiewan', '2022-12-14T01:16:13.962035Z'], ['layer3software', '2022-12-13T02:09:39.580916Z'], ['nabetse00', '2022-11-26T18:38:18.038285Z']]"
https://gitcoin.co/issue/29505,reserve-protocol,protocol,"[['shr1ftyy', '2022-11-27T02:17:36.303606Z']]"
https://gitcoin.co/issue/29504,reserve-protocol,protocol,"[['shr1ftyy', '2022-11-27T02:15:59.786735Z']]"
https://gitcoin.co/issue/29503,reserve-protocol,protocol,[]
https://gitcoin.co/issue/29502,reserve-protocol,protocol,[]
https://gitcoin.co/issue/29501,reserve-protocol,protocol,"[['irhonin', '2022-12-12T11:51:07.358473Z']]"
https://gitcoin.co/issue/29500,reserve-protocol,protocol,[]
https://gitcoin.co/issue/29499,reserve-protocol,protocol,"[['setamies', '2022-12-14T05:49:08.098681Z']]"
https://gitcoin.co/issue/29498,reserve-protocol,protocol,[]
https://gitcoin.co/issue/29497,reserve-protocol,protocol,"[['1337-ishaan', '2022-12-14T05:18:24.237269Z'], ['larrythecucumber321', '2022-12-14T02:58:54.263313Z']]"
https://gitcoin.co/issue/29496,reserve-protocol,protocol,"[['larrythecucumber321', '2022-12-12T22:05:47.858984Z']]"
https://gitcoin.co/issue/29495,reserve-protocol,protocol,"[['garythisside1', '2022-12-10T23:27:26.755670Z']]"
https://gitcoin.co/issue/29494,reserve-protocol,protocol,"[['ufe-pr', '2022-12-13T23:44:54.432286Z'], ['tikisailor1', '2022-12-13T05:51:32.199624Z']]"
https://gitcoin.co/issue/29493,reserve-protocol,protocol,"[['sraver', '2022-12-12T00:23:31.555606Z']]"
https://gitcoin.co/issue/29492,reserve-protocol,protocol,"[['sraver', '2022-12-11T11:43:18.426749Z']]"
https://gitcoin.co/issue/29491,reserve-protocol,protocol,"[['stobiewan', '2022-12-13T22:46:39.495992Z']]"
https://gitcoin.co/issue/29490,reserve-protocol,protocol,[]
https://gitcoin.co/issue/29489,reserve-protocol,protocol,[]
https://gitcoin.co/issue/29488,reserve-protocol,protocol,[]
https://gitcoin.co/issue/29487,reserve-protocol,protocol,"[['hbac97', '2022-12-13T20:08:33.950931Z']]"
https://gitcoin.co/issue/29486,reserve-protocol,protocol,"[['garythisside1', '2022-12-10T23:10:05.101412Z']]"
https://gitcoin.co/issue/29485,reserve-protocol,protocol,[]
https://gitcoin.co/issue/29484,reserve-protocol,protocol,"[['sraver', '2022-12-11T11:48:29.042866Z']]"
https://gitcoin.co/issue/29483,reserve-protocol,protocol,"[['garythisside1', '2022-12-10T23:19:14.081669Z']]"
https://gitcoin.co/issue/29482,reserve-protocol,protocol,"[['setamies', '2022-12-13T08:29:08.499111Z']]"
https://gitcoin.co/issue/29481,reserve-protocol,protocol,"[['rude69', '2022-11-16T00:28:01.025089Z']]"
https://gitcoin.co/issue/29480,reserve-protocol,protocol,[]
https://gitcoin.co/issue/29447,everscale-org,docs,"[['sahildotexe', '2022-10-11T12:47:50Z']]"
https://gitcoin.co/issue/29442,MetisProtocol,metis,"[['captainahab0x', '2022-10-10T17:04:14.057827Z']]"
https://gitcoin.co/issue/29441,unstoppabledomains,gitcoin-bounties,"[['santicristobal', '2022-10-10T21:16:46.176243Z'], ['ayush035', '2022-10-10T17:27:28.188160Z'], ['berkayermis', '2022-10-10T17:05:56.834341Z'], ['tomijais', '2022-10-10T16:43:28.338181Z'], ['ananyaagupta', '2022-10-10T16:21:28.126987Z'], ['mangodta', '2022-10-10T15:51:46.402621Z'], ['sahildotexe', '2022-10-10T14:45:16.499785Z']]"
https://gitcoin.co/issue/29439,Qi-Dao-Mai-Finance,poapathon2021,"[['blascokoa', '2022-10-10T20:15:43Z'], ['captainahab0x', '2022-10-10T17:16:45.249253Z'], ['drew7wonders', '2022-10-10T15:25:10.031371Z']]"
https://gitcoin.co/issue/29438,MetisProtocol,metis,"[['captainahab0x', '2022-10-10T20:49:29Z'], ['solving-it', '2022-10-10T16:34:35.130073Z']]"
https://gitcoin.co/issue/29437,Matrix-RPS,bogohacks,"[['shadmoney', '2022-10-10T16:59:17Z'], ['santicristobal', '2022-10-10T15:58:56.678222Z'], ['mangodta', '2022-10-10T15:53:07.124640Z']]"
https://gitcoin.co/issue/29436,DAC-Portal,bogohacks-dac,"[['shadmoney', '2022-10-10T18:43:22Z'], ['captainahab0x', '2022-10-10T17:18:33.437814Z']]"
https://gitcoin.co/issue/29435,MetisProtocol,metis,"[['blascokoa', '2022-10-10T20:14:09Z'], ['shadmoney', '2022-10-10T18:42:59Z'], ['oscar88leonardo', '2022-10-10T16:37:33.296986Z'], ['pe4enable', '2022-10-10T12:38:12.528196Z']]"
https://gitcoin.co/issue/29426,XDC-Community,docs,"[['yash0501', '2022-10-07T03:49:27Z'], ['garythisside', '2022-10-11T14:46:15Z'], ['arpitaganatra', '2022-10-06T20:19:19.866990Z']]"
https://gitcoin.co/issue/29424,SecureSECO,SearchSECOController,"[['randomrandomnessanon', '2022-10-06T14:09:36.826520Z']]"
https://gitcoin.co/issue/29418,XDC-Community,docs,"[['libengd', '2022-10-06T12:14:49Z']]"
https://gitcoin.co/issue/29417,XDC-Community,docs,"[['libengd', '2022-10-06T11:32:19Z']]"
https://gitcoin.co/issue/29416,XDC-Community,docs,"[['yash0501', '2022-10-06T13:42:44Z'], ['pradeepsiddh', '2022-10-10T03:08:17.988826Z']]"
https://gitcoin.co/issue/29405,XDC-Community,docs,"[['mogithehurt', '2022-10-10T02:22:02Z']]"
https://gitcoin.co/issue/29388,XDC-Community,docs,"[['mogithehurt', '2022-10-01T13:37:16Z']]"
https://gitcoin.co/issue/29361,XDC-Community,docs,"[['mogithehurt', '2022-09-27T02:19:48Z']]"
https://gitcoin.co/issue/29354,XDC-Community,docs,"[['l2dy', '2022-09-24T13:21:34Z']]"
https://gitcoin.co/issue/29352,XDC-Community,docs,"[['libengd', '2022-09-26T12:37:22Z'], ['yash0501', '2022-09-26T20:07:06.550417Z']]"
https://gitcoin.co/issue/29351,XDC-Community,docs,"[['yash0501', '2022-09-26T11:00:28Z']]"
https://gitcoin.co/issue/29350,XDC-Community,docs,"[['yash0501', '2022-09-26T14:35:56Z']]"
https://gitcoin.co/issue/29349,XDC-Community,docs,"[['mogithehurt', '2022-09-23T16:43:40Z'], ['drew7wonders', '2022-09-25T09:49:09.607015Z']]"
https://gitcoin.co/issue/29338,XDC-Community,docs,"[['libengd', '2022-09-21T07:32:30Z']]"
https://gitcoin.co/issue/29337,XDC-Community,docs,"[['alexjorgef', '2022-09-26T03:24:17Z'], ['arpitaganatra', '2022-09-24T20:18:01.953932Z']]"
https://gitcoin.co/issue/29333,XDC-Community,docs,"[['l2dy', '2022-09-19T13:12:33Z']]"
https://gitcoin.co/issue/29332,XDC-Community,docs,"[['libengd', '2022-09-20T02:03:14Z'], ['menezesphill', '2022-09-20T14:18:16Z']]"
https://gitcoin.co/issue/29331,XDC-Community,docs,"[['yash0501', '2022-09-19T14:07:04Z']]"
https://gitcoin.co/issue/29330,XDC-Community,docs,"[['menezesphill', '2022-09-17T21:34:39Z']]"
https://gitcoin.co/issue/29315,nopslip,idegen,"[['woxly', '2022-10-06T17:44:58.105365Z']]"
https://gitcoin.co/issue/29304,Honest-Protocol,Gitcoin_Metamorphosis,"[['mawut0r', '2022-09-27T22:08:02Z'], ['nahnoneee', '2022-09-24T05:23:07.211608Z']]"
https://gitcoin.co/issue/29303,Honest-Protocol,Gitcoin_Metamorphosis,"[['mohd-taqiuddin', '2022-09-18T04:23:29Z'], ['garythisside', '2022-09-25T08:34:04Z'], ['denz-e', '2022-09-28T06:19:16Z'], ['sepandhaghighi', '2022-09-26T20:03:14.566891Z'], ['nahnoneee', '2022-09-21T12:21:00.493503Z']]"
https://gitcoin.co/issue/29302,Honest-Protocol,Gitcoin_Metamorphosis,"[['soptq', '2022-09-27T02:39:59Z'], ['tf0rs', '2022-09-27T19:34:52Z'], ['denz-e', '2022-09-28T04:57:22Z'], ['alexpam', '2022-09-28T05:38:00.017050Z'], ['fibrinlab', '2022-09-28T05:36:22.120283Z'], ['giraffekey', '2022-09-28T02:46:30.734470Z'], ['pfed-prog', '2022-09-28T00:36:22.157438Z'], ['silentkiller9369', '2022-09-26T21:49:03.588236Z'], ['sepandhaghighi', '2022-09-26T19:56:34.095505Z'], ['coffiasd', '2022-09-26T13:03:26.222966Z'], ['mohd-taqiuddin', '2022-09-18T04:12:09.193910Z']]"
https://gitcoin.co/issue/29301,Honest-Protocol,Gitcoin_Metamorphosis,"[['ttigre', '2022-09-25T07:34:03Z'], ['nescampos', '2022-09-26T20:02:08Z'], ['denz-e', '2022-09-28T06:18:57Z'], ['sepandhaghighi', '2022-09-27T22:20:02.271069Z'], ['nahnoneee', '2022-09-26T09:00:25.370139Z']]"
https://gitcoin.co/issue/29300,Honest-Protocol,Gitcoin_Metamorphosis,"[['coffiasd', '2022-09-26T12:58:24Z'], ['lljxx1', '2022-09-27T09:22:01Z'], ['tf0rs', '2022-09-27T19:23:20Z'], ['denz-e', '2022-09-28T05:01:21.457603Z'], ['giraffekey', '2022-09-28T02:45:37.633170Z'], ['pfed-prog', '2022-09-28T01:41:16.033768Z'], ['fibrinlab', '2022-09-27T23:08:56.382191Z'], ['sepandhaghighi', '2022-09-27T22:23:08.135168Z'], ['nahnoneee', '2022-09-27T07:12:42.918844Z'], ['mohd-taqiuddin', '2022-09-18T07:47:13.688683Z']]"
https://gitcoin.co/issue/29299,Honest-Protocol,Gitcoin_Metamorphosis,"[['mohd-taqiuddin', '2022-09-16T07:13:49Z'], ['denz-e', '2022-09-28T06:18:37Z'], ['ttigre', '2022-09-26T20:05:02Z'], ['pfed-prog', '2022-09-27T10:24:38.379028Z'], ['lucasespinosa28', '2022-09-25T11:41:16.082651Z'], ['drew7wonders', '2022-09-16T12:23:35.869968Z']]"
https://gitcoin.co/issue/29297,Honest-Protocol,Gitcoin_Metamorphosis,"[['giraffekey', '2022-09-28T02:23:27Z'], ['tf0rs', '2022-09-27T19:30:10Z'], ['denz-e', '2022-09-28T05:06:51Z'], ['hauwarh', '2022-09-28T15:42:35.378336Z'], ['tanas0', '2022-09-28T00:43:41.873261Z'], ['pfed-prog', '2022-09-28T00:30:12.937082Z'], ['fibrinlab', '2022-09-27T23:05:48.564582Z'], ['hosseinghodrati', '2022-09-27T03:15:04.988424Z'], ['mohd-taqiuddin', '2022-09-16T07:07:14.980535Z'], ['abmtf', '2022-09-15T06:27:51.356221Z']]"
https://gitcoin.co/issue/29296,XDC-Community,docs,"[['yash0501', '2022-09-14T12:01:13Z']]"
https://gitcoin.co/issue/29295,XDC-Community,docs,"[['menezesphill', '2022-09-14T00:34:38Z']]"
https://gitcoin.co/issue/29294,ever-guild,Everscale-SEW,"[['thanhlmm', '2022-09-11T14:50:32Z']]"
https://gitcoin.co/issue/29293,XDC-Community,docs,"[['arpitaganatra', '2022-09-13T08:01:54Z'], ['kashish0603', '2022-09-18T00:41:09.809346Z'], ['dhruv245', '2022-09-14T05:42:55.436276Z']]"
https://gitcoin.co/issue/29281,hoprnet,hopr-community,"[['ginanisque', '2022-09-26T06:26:33.586432Z']]"
https://gitcoin.co/issue/29271,iExecBlockchainComputing,iexec-apps,"[['ilievski-david', '2022-10-12T10:00:03Z']]"
https://gitcoin.co/issue/29270,iExecBlockchainComputing,iexec-apps,"[['ilievski-david', '2022-08-31T14:32:48Z']]"
https://gitcoin.co/issue/29265,ARK-Builders,arklib,"[['hhio618', '2022-10-20T14:49:02Z']]"
https://gitcoin.co/issue/29253,SecureSECO,SecureSECO,"[['xendarboh', '2022-09-20T23:08:13.613234Z']]"
https://gitcoin.co/issue/29234,Aut-Labs,contracts,"[['bshevchenko', '2022-08-18T13:33:16.473535Z']]"
https://gitcoin.co/issue/29233,Aut-Labs,contracts,[]
https://gitcoin.co/issue/29232,Aut-Labs,contracts,[]
https://gitcoin.co/issue/29231,Aut-Labs,contracts,"[['soptq', '2022-08-18T05:06:37.146598Z']]"
https://gitcoin.co/issue/29230,Aut-Labs,contracts,"[['bshevchenko', '2022-08-20T08:08:56.219256Z']]"
https://gitcoin.co/issue/29226,status-im,status-mobile,"[['qfrank', '2022-08-12T11:50:58.951095Z']]"
https://gitcoin.co/issue/29223,bcnmy,hyphen-widget,"[['stefan1612', '2022-08-16T04:18:53Z'], ['cjustinobi', '2022-08-23T22:22:53.513610Z'], ['gconnect', '2022-08-23T02:28:34.135256Z'], ['nwakakukaks', '2022-08-22T08:27:07.449500Z'], ['nwakaku', '2022-08-20T11:00:04.044657Z'], ['h1xten', '2022-08-19T20:45:31.797888Z'], ['nma100', '2022-08-17T13:26:05.345747Z'], ['shepherliu', '2022-08-13T02:07:09.469463Z'], ['soptq', '2022-08-11T06:01:40.710010Z']]"
https://gitcoin.co/issue/29222,bcnmy,mexa-sdk,"[['ramenjp', '2022-08-23T16:23:20.500866Z'], ['gconnect', '2022-08-23T02:34:57.206864Z'], ['yusrilfana', '2022-08-22T19:48:47.157502Z'], ['nwakaku', '2022-08-20T12:29:05.096683Z'], ['stefan1612', '2022-08-16T04:22:44.984455Z'], ['soptq', '2022-08-11T05:59:41.550588Z'], ['ktarun1419', '2022-08-10T17:59:31.332466Z']]"
https://gitcoin.co/issue/29221,bcnmy,mexa-sdk,[]
https://gitcoin.co/issue/29212,tezos-contrib,gitcoin-bounties,"[['ivan-tigan', '2022-08-23T08:57:03Z'], ['manni-io', '2022-08-28T22:55:09Z'], ['tezosmiami', '2022-08-28T23:55:01Z'], ['tkkdream', '2022-08-22T15:37:28.789684Z'], ['pokesi', '2022-08-22T10:11:30.472057Z'], ['antpong', '2022-08-12T06:21:40.649161Z']]"
https://gitcoin.co/issue/29211,tezos-contrib,gitcoin-bounties,"[['bild96', '2022-08-22T14:10:02.856740Z']]"
https://gitcoin.co/issue/29210,tezos-contrib,gitcoin-bounties,"[['waylad', '2022-08-20T22:44:45Z'], ['sanketnighot', '2022-08-23T12:58:57Z'], ['itsdhi', '2022-08-23T13:39:20Z']]"
https://gitcoin.co/issue/29206,PlatONnetwork,PlatON-x-Gitcoin-Bounty-,[]
https://gitcoin.co/issue/29204,PlatONnetwork,PlatON-x-Gitcoin-Bounty-,[]
https://gitcoin.co/issue/29202,PlatONnetwork,PlatON-x-Gitcoin-Bounty-,[]
https://gitcoin.co/issue/29200,unstoppabledomains,gitcoin-bounties,"[['vanshgehlot', '2022-09-05T20:08:24.013056Z'], ['itsdivgithub', '2022-09-05T17:07:20.322268Z'], ['webroyit', '2022-09-04T20:24:28.480501Z'], ['kartikchoubisa', '2022-09-04T19:25:04.789168Z'], ['dhrumishah', '2022-09-04T18:59:37.415283Z'], ['aviral10x', '2022-09-02T20:44:54.782417Z'], ['ayush035', '2022-08-31T21:09:51.464723Z'], ['electrone901', '2022-08-30T22:53:17.774646Z'], ['denimcodes', '2022-08-30T20:53:19.233945Z'], ['rolic-hub', '2022-08-29T00:24:18.726584Z'], ['metaversemoon', '2022-08-24T19:14:46.905284Z'], ['ananyaagupta', '2022-08-24T09:31:53.127148Z'], ['sahildotexe', '2022-08-24T07:31:37.784812Z'], ['adiig7', '2022-08-24T06:28:48.237471Z'], ['joc-rgb', '2022-08-24T02:39:58.117618Z'], ['jpswelch', '2022-08-24T00:44:53.078137Z'], ['quantumsqrl', '2022-08-23T23:56:49.603552Z'], ['coder4ever', '2022-08-23T23:04:44.377559Z'], ['realcheapny', '2022-08-23T22:44:30.301332Z'], ['fraanetski', '2022-08-23T20:28:51.591348Z'], ['nirman0706', '2022-08-23T20:13:56.543421Z'], ['shabbiryk', '2022-08-23T18:37:53.450602Z'], ['karangorania', '2022-08-23T18:24:50.715232Z'], ['lucianofbn', '2022-08-23T18:23:12.774162Z'], ['vishal-143x', '2022-08-23T18:20:24.153840Z'], ['shuajj', '2022-08-23T15:09:06.045789Z'], ['iamprabho', '2022-08-23T14:38:14.024179Z'], ['sabelomkhwanzi', '2022-08-23T12:32:10.794983Z'], ['laurenkumar', '2022-08-23T10:57:55.647143Z'], ['nonitmittal', '2022-08-23T10:03:29.998475Z'], ['rafared', '2022-08-22T22:26:10.668170Z'], ['rg12301', '2022-08-22T20:27:19.523278Z'], ['stefan1612', '2022-08-22T12:53:57.172628Z'], ['shepherliu', '2022-08-22T06:18:32.309561Z'], ['rukmani887799', '2022-08-21T13:46:44.374047Z'], ['janvinsha', '2022-08-21T08:30:59.777818Z'], ['ysongh', '2022-08-21T03:31:34.453657Z'], ['nwakakukaks', '2022-08-20T18:44:47.971620Z'], ['alluringambiguous', '2022-08-20T17:19:31.386938Z'], ['ikalonji', '2022-08-20T13:37:56.502068Z'], ['cjustinobi', '2022-08-19T08:52:54.555903Z'], ['giggling-ginger', '2022-08-19T03:48:38.291675Z'], ['h1xten', '2022-08-18T17:27:21.557420Z'], ['nwakaku', '2022-08-18T13:56:27.140583Z'], ['faithful1ofall', '2022-08-18T06:59:22.496640Z'], ['abhijeet0401', '2022-08-18T03:43:56.377345Z'], ['nshmadhani', '2022-08-18T00:43:35.238380Z'], ['blessingnwakaku', '2022-08-17T00:26:53.836632Z'], ['gconnect', '2022-08-16T00:56:48.358986Z'], ['sambitsargam', '2022-08-15T18:30:21.545730Z'], ['marcialarturo', '2022-08-15T01:08:54.422907Z'], ['soptq', '2022-08-06T08:32:27.372769Z']]"
https://gitcoin.co/issue/29192,unstoppabledomains,gitcoin-bounties,"[['hackware8', '2022-08-23T23:18:00.758664Z'], ['ayush035', '2022-08-23T23:04:44.305486Z'], ['yashwantx', '2022-08-23T22:50:14.298014Z'], ['5r33n', '2022-08-23T21:43:27.175795Z'], ['vishal-143x', '2022-08-23T21:14:19.754615Z'], ['0xvaibhav', '2022-08-23T21:04:07.687365Z'], ['arpitaganatra', '2022-08-23T20:09:27.574158Z'], ['adiig7', '2022-08-23T18:35:15.159503Z'], ['xavier-charles', '2022-08-23T17:43:59.842242Z'], ['dhruv-2003', '2022-08-23T17:14:06.788463Z'], ['rolic-hub', '2022-08-23T15:40:14.495543Z'], ['laurenkumar', '2022-08-23T14:49:30.785431Z'], ['aviral10x', '2022-08-23T14:19:33.801559Z'], ['0xfuje', '2022-08-23T13:22:12.719017Z'], ['nonitmittal', '2022-08-23T10:05:28.088027Z'], ['qmicon', '2022-08-23T10:00:15.503999Z'], ['markosneiders', '2022-08-23T09:14:45.064195Z'], ['gconnect', '2022-08-23T09:07:35.758125Z'], ['rg12301', '2022-08-22T20:26:02.347195Z'], ['leetdev', '2022-08-22T11:41:15.212638Z'], ['nwakakukaks', '2022-08-22T08:23:28.888357Z'], ['denimcodes', '2022-08-20T15:14:01.478776Z'], ['nwakaku', '2022-08-18T13:42:34Z'], ['blessingnwakaku', '2022-08-19T12:31:47.513139Z'], ['giggling-ginger', '2022-08-19T01:02:55.561396Z'], ['foufrix', '2022-08-09T12:19:09.256396Z'], ['soptq', '2022-08-03T14:03:56.729291Z']]"
https://gitcoin.co/issue/29191,unstoppabledomains,gitcoin-bounties,"[['vanshgehlot', '2022-09-02T22:38:40.412706Z'], ['ayush035', '2022-09-02T22:24:13.680047Z'], ['aviral10x', '2022-09-02T20:49:46.614909Z'], ['denimcodes', '2022-09-01T21:56:41.612318Z'], ['dhruv-2003', '2022-08-27T11:06:20.843574Z'], ['shuajj', '2022-08-24T10:21:54.980416Z'], ['nma100', '2022-08-23T19:02:10.812956Z'], ['laurenkumar', '2022-08-23T11:00:40.065660Z'], ['rg12301', '2022-08-22T20:28:25.133472Z'], ['shepherliu', '2022-08-22T06:20:40.390126Z'], ['rukmani887799', '2022-08-21T13:44:05.326160Z'], ['nwakakukaks', '2022-08-20T18:49:48.457976Z'], ['cjustinobi', '2022-08-19T09:11:27.529067Z'], ['nwakaku', '2022-08-18T14:00:28.057772Z'], ['blessingnwakaku', '2022-08-17T00:33:59.435468Z'], ['gconnect', '2022-08-16T00:53:02.778952Z'], ['sambitsargam', '2022-08-15T18:27:56.480009Z'], ['soptq', '2022-08-03T17:01:44.589457Z']]"
https://gitcoin.co/issue/29182,ARK-Builders,arklib,"[['hhio618', '2022-08-22T17:06:33.386321Z']]"
https://gitcoin.co/issue/29163,lukso-network,events-build-up-1-hackathon,"[['jordydutch', '2022-08-31T13:26:05Z'], ['h-sameri', '2022-08-30T20:39:28Z'], ['kelvinpraises', '2022-08-31T15:01:17.659041Z'], ['mellamanfico', '2022-08-31T15:00:47.628453Z'], ['zcstarr', '2022-08-31T14:34:28.076283Z'], ['badmwe', '2022-08-31T09:27:17.927273Z'], ['shanejonas', '2022-08-31T04:18:52.662771Z'], ['oscargarza356', '2022-08-30T14:45:57.121761Z'], ['shepherliu', '2022-08-25T10:01:31.049915Z'], ['binaryfxv', '2022-07-31T02:58:23.150273Z']]"
https://gitcoin.co/issue/29162,lukso-network,events-build-up-1-hackathon,"[['zoek1', '2022-08-31T06:24:41Z'], ['lucasespinosa28', '2022-08-30T23:58:05Z'], ['sambitsargam', '2022-08-31T14:36:26.566534Z'], ['waylad', '2022-08-31T10:23:09.935105Z'], ['kunal528', '2022-08-31T02:16:12.125450Z']]"
https://gitcoin.co/issue/29161,lukso-network,events-build-up-1-hackathon,"[['knrdrbn', '2022-08-31T14:53:52Z'], ['ledfut', '2022-08-31T08:00:10Z'], ['popmonac', '2022-08-31T15:04:16.669305Z'], ['familynft', '2022-08-31T14:39:32.259136Z'], ['zcstarr', '2022-08-31T14:37:48.088450Z'], ['sagaranand015', '2022-08-31T14:06:57.602552Z'], ['shanejonas', '2022-08-31T13:24:40.134472Z'], ['jimmygodwin', '2022-08-31T12:17:28.922376Z'], ['badmwe', '2022-08-31T09:29:03.953436Z'], ['godswill-uwah', '2022-08-30T12:29:06.644166Z']]"
https://gitcoin.co/issue/29160,lukso-network,events-build-up-1-hackathon,"[['dapyourup', '2022-08-26T10:03:00Z'], ['shanejonas', '2022-08-31T04:19:55Z'], ['m-r-g-t', '2022-08-29T00:07:53Z'], ['soe', '2022-08-31T14:56:42.724564Z'], ['zcstarr', '2022-08-31T14:32:08.592076Z'], ['0xkronicz', '2022-08-31T14:25:48.272726Z'], ['acgodson', '2022-08-31T13:51:11.490772Z'], ['pfed-prog', '2022-08-31T11:48:46.876427Z'], ['heosua91', '2022-08-30T17:40:14.647669Z'], ['shepherliu', '2022-08-25T10:05:07.899436Z']]"
https://gitcoin.co/issue/29159,lukso-network,events-build-up-1-hackathon,"[['mitchtodo', '2022-08-30T17:57:50Z'], ['wrybakiewicz', '2022-08-30T16:42:23Z'], ['b00ste', '2022-08-31T07:44:57Z'], ['ajand', '2022-08-31T15:00:24Z']]"
https://gitcoin.co/issue/29157,lukso-network,events-build-up-1-hackathon,"[['bitcargocrew', '2022-08-30T05:17:20Z'], ['kaffinpx', '2022-08-31T14:44:23.868359Z'], ['rukmani887799', '2022-08-31T14:41:43.468299Z'], ['kelvinpraises', '2022-08-31T14:33:23.443166Z'], ['pfed-prog', '2022-08-31T12:07:55.178139Z'], ['naim-bijapure', '2022-08-31T06:55:54.962283Z'], ['godswill-uwah', '2022-08-30T08:01:48.932784Z']]"
https://gitcoin.co/issue/29156,lukso-network,events-build-up-1-hackathon,"[['strandgeek', '2022-08-31T02:30:09Z'], ['mellamanfico', '2022-08-31T14:58:56Z'], ['spacejazz', '2022-08-31T14:49:51Z'], ['newman0x', '2022-08-31T14:11:04.062162Z'], ['pfed-prog', '2022-08-31T11:46:24.204328Z'], ['naftalimurgor', '2022-08-31T08:19:40.413221Z']]"
https://gitcoin.co/issue/29155,lukso-network,events-build-up-1-hackathon,"[['lisztcoin', '2022-08-31T06:27:21Z'], ['touhonoob', '2022-08-29T00:18:25Z'], ['nbr2807', '2022-08-31T13:09:18Z'], ['0xmagex', '2022-08-31T14:43:41.665040Z'], ['en0c-026', '2022-08-31T13:28:25.510186Z'], ['btwyao', '2022-08-31T12:58:58.621223Z'], ['thenvn', '2022-08-31T12:21:53.877976Z'], ['wrybakiewicz', '2022-08-30T16:35:40.357141Z'], ['deepface19', '2022-08-30T08:28:54.184834Z']]"
https://gitcoin.co/issue/29154,lukso-network,events-build-up-1-hackathon,"[['echolon166', '2022-08-31T14:48:33Z'], ['thenvn', '2022-08-31T12:30:13Z'], ['cryptovinci', '2022-08-31T13:27:57Z'], ['mellamanfico', '2022-08-31T14:57:46.926249Z'], ['claudiozone', '2022-08-31T14:27:16.457177Z'], ['jeanlouisboua', '2022-08-31T14:24:41.728413Z'], ['leowangj', '2022-08-31T12:52:32.869939Z'], ['zerquix18', '2022-08-31T05:05:20.014400Z'], ['gescobar129', '2022-08-31T03:28:47.986165Z'], ['jxyang44', '2022-08-30T23:12:15.311220Z'], ['fcveiga', '2022-08-30T13:17:40.836401Z']]"
https://gitcoin.co/issue/29153,lukso-network,events-build-up-1-hackathon,"[['rask467', '2022-08-27T18:22:15Z'], ['koderkaran', '2022-08-31T03:10:35Z'], ['lykhonis', '2022-08-02T13:58:41Z'], ['ankitkumar9018', '2022-09-01T09:42:16.028529Z'], ['ayocodes', '2022-08-31T14:43:45.866717Z'], ['godswill-uwah', '2022-08-31T01:59:37.027493Z'], ['fluffy9', '2022-08-26T05:07:19.162987Z']]"
https://gitcoin.co/issue/29151,ARK-Builders,ARK-Rate,"[['someone120', '2022-08-19T12:05:32.830939Z']]"
https://gitcoin.co/issue/29146,hoprnet,derp,"[['en0c-026', '2022-07-18T18:00:19.863250Z']]"
https://gitcoin.co/issue/29145,hoprnet,hopr-community,"[['menezesphill', '2022-09-02T14:23:53.015521Z']]"
https://gitcoin.co/issue/29143,Algomint,Algorand-MultiSig,"[['pcharlesme', '2022-08-22T08:50:03.723107Z'], ['nabetse00', '2022-08-20T13:55:24.252973Z'], ['strandgeek', '2022-08-17T05:25:03.943992Z'], ['amiable-syed', '2022-08-13T22:04:12.217166Z']]"
https://gitcoin.co/issue/29142,tinymanorg,open-source-verifier,"[['mul53', '2022-08-22T21:06:46.022413Z'], ['ubinix-warun', '2022-08-22T18:13:18.457608Z'], ['avalias', '2022-08-20T18:34:47.512055Z'], ['cryptofervid', '2022-08-20T11:31:28.046659Z'], ['almoloo', '2022-08-15T05:20:56.717898Z'], ['mark-ruddy', '2022-08-13T08:20:48.411270Z'], ['tee-py', '2022-08-12T20:49:08.254796Z'], ['mawut0r', '2022-08-11T03:47:26.523903Z']]"
https://gitcoin.co/issue/29136,Folks-Finance,folks-finance-js-sdk,"[['onyedikachi-david', '2022-08-23T03:39:52.225357Z'], ['asolpshinning', '2022-08-23T01:58:12.910376Z']]"
https://gitcoin.co/issue/29135,algorandfoundation,grow-algorand,"[['gagordon1', '2022-08-22T17:44:49Z'], ['hieple7985', '2022-08-23T03:59:09.576674Z'], ['tokensforhumanity', '2022-08-22T20:30:01.449885Z'], ['ikalonji', '2022-08-22T20:19:44.426683Z'], ['hunterdaoer', '2022-08-22T14:54:16.120055Z'], ['0xogulcan', '2022-08-22T11:46:03.095013Z'], ['pcharlesme', '2022-08-22T08:42:20.130106Z'], ['gconnect', '2022-08-21T22:55:20.945444Z'], ['nwakaku', '2022-08-21T21:48:39.637612Z'], ['lorenzopolidori', '2022-08-21T21:33:39.146034Z'], ['aorumbayev', '2022-08-21T21:00:34.534543Z'], ['thaddavis', '2022-08-21T02:21:28.179178Z'], ['nwakakukaks', '2022-08-20T18:18:37.679432Z'], ['elborracho420', '2022-08-20T16:59:30.104256Z'], ['algotables', '2022-08-20T02:32:13.539311Z'], ['chiscal', '2022-08-19T19:20:33.253467Z'], ['vidhyanandcs', '2022-08-17T07:49:52.587875Z'], ['airsho', '2022-08-17T02:20:57.410286Z'], ['hunterdaoclub', '2022-08-05T08:20:44.882356Z'], ['mdmudassir0143', '2022-08-02T05:55:17.243473Z'], ['gregtrifan', '2022-07-28T11:56:08.406881Z'], ['palmfinanceio', '2022-07-26T08:20:37.736956Z'], ['obiajulum', '2022-07-20T20:06:22.513952Z']]"
https://gitcoin.co/issue/29134,algorandfoundation,grow-algorand,"[['wander1ust', '2022-08-22T23:59:38.388125Z'], ['ibk170503', '2022-08-22T23:12:24.150908Z'], ['blessyebin', '2022-08-22T22:37:17.572509Z'], ['hugo0', '2022-08-22T22:02:32.310325Z'], ['knrdrbn', '2022-08-22T21:46:33.915411Z'], ['zenithlel', '2022-08-22T21:07:08.682772Z'], ['w3ave', '2022-08-22T21:02:39.297818Z'], ['tokensforhumanity', '2022-08-22T20:35:49.746157Z'], ['ray-blue', '2022-08-22T20:21:04.855789Z'], ['krrsna37', '2022-08-22T18:02:27.659874Z'], ['akbarpublik34', '2022-08-22T11:21:37.508873Z'], ['pcharlesme', '2022-08-22T09:19:12.854401Z'], ['nwakaku', '2022-08-20T21:14:15.623886Z'], ['nwakakukaks', '2022-08-20T18:15:54.376121Z'], ['zahracolt', '2022-08-20T07:43:07.485175Z'], ['khafidprayoga', '2022-08-02T07:15:32.015465Z']]"
https://gitcoin.co/issue/29133,algorandfoundation,grow-algorand,"[['ikalonji', '2022-08-22T20:22:19.225954Z'], ['matifalcone', '2022-08-22T07:28:35.740387Z'], ['freddyblockchain', '2022-08-21T19:27:01.571793Z'], ['hathoriel', '2022-08-13T18:23:11.672764Z'], ['jupiterxiaoxiaoyu', '2022-08-13T16:39:02.925945Z'], ['mawut0r', '2022-08-08T16:56:39.609444Z']]"
https://gitcoin.co/issue/29131,algorandfoundation,grow-algorand,"[['andykamin3', '2022-08-22T23:27:28.470894Z'], ['asolpshinning', '2022-08-21T19:42:04.048980Z']]"
https://gitcoin.co/issue/29130,algorandfoundation,grow-algorand,"[['waylad', '2022-08-23T00:02:12.850207Z'], ['strandgeek', '2022-08-22T22:19:39.382926Z'], ['sam2much96', '2022-08-21T06:52:18.591075Z']]"
https://gitcoin.co/issue/29123,algorandfoundation,grow-algorand,"[['raymond2338', '2022-08-23T00:00:18.156756Z'], ['pcharlesme', '2022-08-22T09:00:29.906837Z']]"
https://gitcoin.co/issue/29117,iExecBlockchainComputing,iexec-apps,"[['0xdavincicode', '2022-09-06T16:18:17Z']]"
https://gitcoin.co/issue/29116,iExecBlockchainComputing,iexec-apps,"[['waterdrop01', '2022-09-06T18:20:34Z']]"
https://gitcoin.co/issue/29113,iExecBlockchainComputing,iexec-apps,"[['boyin0x', '2022-09-29T06:31:45.682784Z']]"
https://gitcoin.co/issue/29112,iExecBlockchainComputing,iexec-apps,"[['jbekkink', '2022-10-18T15:32:04.142415Z']]"
https://gitcoin.co/issue/29111,iExecBlockchainComputing,iexec-apps,"[['jbekkink', '2022-09-02T08:25:53.460830Z']]"
https://gitcoin.co/issue/29109,iExecBlockchainComputing,iexec-apps,"[['crypt0cane', '2022-09-06T14:39:41.139519Z']]"
https://gitcoin.co/issue/29084,ARK-Builders,arklib-android,"[['nagato-chan', '2022-07-13T12:12:48.243084Z']]"
https://gitcoin.co/issue/29079,ARK-Builders,ARK-Globe,"[['shubertmunthali', '2022-08-30T19:47:47Z']]"
https://gitcoin.co/issue/29078,ARK-Builders,ARK-Memo,"[['shubertmunthali', '2022-09-18T17:33:36Z'], ['prorokeskobar1', '2022-07-09T08:47:39.040425Z']]"
https://gitcoin.co/issue/29069,hashgraph,hedera-docs,"[['iammincii', '2022-07-18T07:47:42Z'], ['henricow', '2022-07-18T07:05:51.445579Z'], ['h1xten', '2022-07-17T14:10:20.208065Z'], ['waylad', '2022-07-16T23:59:16.232586Z'], ['nescampos', '2022-07-14T14:31:38.278738Z']]"
https://gitcoin.co/issue/29066,status-im,status-mobile,"[['ibrkhalil', '2022-07-05T08:54:04.886461Z']]"
https://gitcoin.co/issue/29064,status-im,status-mobile,"[['rende11', '2022-07-05T10:21:42.658909Z']]"
https://gitcoin.co/issue/29022,AlgoWorldNFT,algoworld-swapper,"[['leetdev', '2022-06-24T12:11:06Z']]"
https://gitcoin.co/issue/29019,ipfs-and-filecoin,hackathons-bounties,"[['sagar133', '2022-07-17T22:23:26Z'], ['shepherliu', '2022-07-15T10:43:40Z'], ['aviral10x', '2022-07-18T07:21:34Z'], ['strandgeek', '2022-07-16T04:19:32Z'], ['rahulbansal123', '2022-07-18T07:58:14Z'], ['kirillr-sibirski', '2022-07-18T07:52:46.926334Z'], ['sambitsargam', '2022-07-18T07:50:36.785622Z'], ['neha351-ui', '2022-07-18T07:25:14.581193Z'], ['dev-blockchain', '2022-07-17T19:22:17.850979Z'], ['masaun', '2022-07-17T15:04:14.365856Z'], ['nwakakukaks', '2022-07-17T08:27:17.315057Z'], ['vporton', '2022-06-27T12:17:22.644115Z']]"
https://gitcoin.co/issue/29018,fluencelabs,Sustainable-Blockchain-Hackathon-2022,[]
https://gitcoin.co/issue/29016,hoprnet,hoprnet,"[['adharasi', '2022-07-01T12:50:11.216889Z']]"
https://gitcoin.co/issue/29015,ipfs-and-filecoin,hackathons-bounties,"[['bhndt', '2022-07-02T13:32:10.238238Z']]"
https://gitcoin.co/issue/29014,ipfs-and-filecoin,hackathons-bounties,"[['sladecek', '2022-07-13T17:48:22.632034Z']]"
https://gitcoin.co/issue/29013,ipfs-and-filecoin,hackathons-bounties,"[['kimzyfame', '2022-07-16T22:58:07.331317Z'], ['faithful1ofall', '2022-06-24T10:49:07.237333Z']]"
https://gitcoin.co/issue/29012,ipfs-and-filecoin,hackathons-bounties,"[['iammincii', '2022-07-18T07:49:42.876441Z'], ['bhndt', '2022-07-17T04:54:32.051107Z']]"
https://gitcoin.co/issue/29009,ipfs-and-filecoin,hackathons-bounties,"[['kelvinpraises', '2022-07-18T07:59:57Z'], ['rahulbansal123', '2022-07-18T07:59:14Z'], ['nwakakukaks', '2022-07-17T08:17:07Z'], ['lisztcoin', '2022-07-17T09:48:59Z'], ['franfran20', '2022-07-16T22:16:48Z'], ['iammincii', '2022-07-18T07:45:47Z'], ['kirillr-sibirski', '2022-07-18T07:52:56Z'], ['rafared', '2022-07-17T14:48:01Z'], ['shepherliu', '2022-07-13T14:45:38Z'], ['ari4325', '2022-07-17T11:15:19Z'], ['billzhengc', '2022-07-18T07:56:59Z'], ['cryptotwilight', '2022-07-18T07:48:29Z'], ['serhatakar', '2022-07-18T07:57:45.607199Z'], ['sambitsargam', '2022-07-18T07:53:54.917121Z'], ['ayocodes', '2022-07-18T07:29:33.434796Z'], ['aviral10x', '2022-07-18T07:24:54.211282Z'], ['nwakaku', '2022-07-13T09:32:43Z'], ['prabalparihar', '2022-07-18T06:00:49.154795Z'], ['gconnect', '2022-07-17T19:19:59.486673Z'], ['dev-blockchain', '2022-07-17T19:05:08.904763Z'], ['claytonmooney', '2022-07-17T03:25:31.759155Z'], ['zedonboy', '2022-07-17T01:25:01.674283Z'], ['shashanka2a', '2022-07-16T09:29:49.326932Z'], ['strandgeek', '2022-07-16T04:15:20.435090Z'], ['holyaustin', '2022-07-15T21:10:27.905858Z'], ['strawberrychocolatefudge', '2022-07-14T13:51:38.255802Z'], ['sathninduk', '2022-07-14T10:05:51.571956Z'], ['faithful1ofall', '2022-06-23T19:16:17.423778Z']]"
https://gitcoin.co/issue/28988,ARK-Builders,ARK-Shelf-Desktop,"[['nagato-chan', '2022-06-18T03:07:49.550661Z']]"
https://gitcoin.co/issue/28980,hoprnet,myne-chat,"[['szczebel1995', '2022-07-29T00:07:23.447703Z']]"
https://gitcoin.co/issue/28979,hoprnet,hoprnet,"[['boyin0x', '2022-07-06T17:56:55.661899Z']]"
https://gitcoin.co/issue/28977,hoprnet,hoprnet,"[['smariko', '2022-06-23T14:20:39.568387Z']]"
https://gitcoin.co/issue/28965,unstoppabledomains,gitcoin-bounties,"[['laurenkumar', '2022-06-27T20:10:29Z'], ['shepherliu', '2022-06-27T21:54:18Z'], ['stefan1612', '2022-06-27T23:34:53Z'], ['soheil555', '2022-06-28T09:06:13Z'], ['nma100', '2022-06-28T18:28:45Z'], ['daniirix', '2022-06-29T20:51:07Z'], ['gconnect', '2022-06-29T23:37:50.223071Z'], ['free2ride19', '2022-06-27T22:50:52.974765Z'], ['spiritupbro', '2022-06-27T22:37:20.395849Z'], ['joc-rgb', '2022-06-14T03:52:32.862477Z'], ['soptq', '2022-06-08T11:24:02.324909Z']]"
https://gitcoin.co/issue/28957,covalenthq,covalent-gitcoin-bounties,"[['pratikbhangire123', '2022-06-29T19:34:56Z'], ['ikalonji', '2022-06-20T08:44:45Z'], ['heypran', '2022-06-27T05:37:36Z'], ['h1xten', '2022-06-26T19:29:06Z'], ['grabblies', '2022-06-29T17:32:12Z'], ['2187nick', '2022-06-27T20:46:05Z'], ['zappingmadnnes', '2022-06-29T23:43:20Z'], ['soheil555', '2022-06-28T09:53:43Z'], ['shepherliu', '2022-06-19T08:25:56Z'], ['rahulbansal123', '2022-06-29T22:01:06Z'], ['lucasespinosa28', '2022-06-28T12:35:36Z'], ['engrgord', '2022-06-29T03:00:39Z'], ['charlie85270', '2022-06-27T12:51:00Z'], ['zerquix18', '2022-06-27T19:07:37Z'], ['jpswelch', '2022-06-29T23:45:34.261315Z'], ['gconnect', '2022-06-29T23:39:38.218937Z'], ['ademidun', '2022-06-29T22:27:39.996091Z'], ['rolic-hub', '2022-06-29T22:17:04.694370Z'], ['mum33n', '2022-06-29T20:31:41.758775Z'], ['adinagiulia', '2022-06-29T20:05:54.268269Z'], ['aquarules', '2022-06-29T19:49:06.390527Z'], ['aujingx', '2022-06-29T18:33:06.119517Z'], ['drivenpol', '2022-06-29T16:26:12.814252Z'], ['vanshgehlot', '2022-06-28T22:11:33.667592Z'], ['mpoulhazan', '2022-06-28T20:26:56.634518Z'], ['ahsan-ehtesham', '2022-06-28T17:57:42.942228Z'], ['nma100', '2022-06-27T10:07:14.613049Z'], ['stefan1612', '2022-06-26T15:40:57.094865Z'], ['sanket-kogekar', '2022-06-26T10:11:00.435485Z'], ['0xpr0f', '2022-06-23T18:49:04.644421Z'], ['laurenkumar', '2022-06-22T19:43:45.963384Z'], ['gitcoincode', '2022-06-14T13:29:08.391721Z'], ['joc-rgb', '2022-06-14T03:59:29.414385Z']]"
https://gitcoin.co/issue/28952,oasisprotocol,community,"[['leon-do', '2022-06-22T16:36:25Z'], ['agurodriguez', '2022-06-29T21:37:37.057474Z'], ['pavanxs', '2022-06-29T21:22:09.936657Z'], ['brianspha', '2022-06-29T20:18:13.099384Z'], ['therealbryanho', '2022-06-29T19:03:59.742229Z'], ['holps-7', '2022-06-29T18:56:31.822690Z'], ['catcatm200', '2022-06-29T18:39:46.774573Z'], ['lychees', '2022-06-29T18:23:34.568813Z'], ['aristotle000', '2022-06-28T19:15:16.648977Z'], ['fakeboom', '2022-06-28T18:44:49.122300Z'], ['adi99', '2022-06-28T18:23:53.251452Z'], ['free2ride19', '2022-06-27T21:13:36.847508Z'], ['petacreepers23', '2022-06-15T19:30:25.584287Z']]"
https://gitcoin.co/issue/28951,Zilliqa,Zilliqa,"[['aaronbading', '2022-06-28T16:01:36Z'], ['tralkan', '2022-06-29T20:55:59Z'], ['matevzklancar', '2022-06-28T12:40:19Z'], ['zappingmadnnes', '2022-06-29T23:57:11.408337Z'], ['majin29', '2022-06-29T20:56:01.210885Z'], ['en0c-026', '2022-06-28T15:24:05.459157Z'], ['strandgeek', '2022-06-28T11:08:10.085755Z'], ['crimson-med', '2022-06-28T10:08:20.346075Z'], ['oxyful', '2022-06-27T13:50:45.423487Z'], ['laurenkumar', '2022-06-22T20:11:47.774695Z']]"
https://gitcoin.co/issue/28947,ARK-Builders,arklib-android,"[['nagato-chan', '2022-06-05T11:51:33Z']]"
https://gitcoin.co/issue/28946,ARK-Builders,arklib,"[['nagato-chan', '2022-06-05T11:38:14Z']]"
https://gitcoin.co/issue/28944,vitelabs,bounties,"[['joc-rgb', '2022-06-29T01:10:24Z'], ['soptq', '2022-06-28T03:12:50Z'], ['shepherliu', '2022-06-28T03:08:11Z'], ['franz101', '2022-06-29T21:35:23.334010Z'], ['faithful1ofall', '2022-06-23T19:25:44.837455Z']]"
https://gitcoin.co/issue/28943,vitelabs,bounties,"[['haqqaa', '2022-06-29T21:31:39Z'], ['tnrdd', '2022-06-29T20:34:42Z'], ['777rob', '2022-06-29T23:52:57.543315Z']]"
https://gitcoin.co/issue/28942,vitelabs,bounties,"[['fgfm999', '2022-06-29T18:10:44Z']]"
https://gitcoin.co/issue/28939,hoprnet,hoprnet,"[['boyin0x', '2022-08-29T23:09:29.281012Z']]"
https://gitcoin.co/issue/28938,hoprnet,hoprnet,"[['menezesphill', '2022-06-08T05:37:50.168569Z']]"
https://gitcoin.co/issue/28937,ARK-Builders,ARK-Shelf-Desktop,"[['nagato-chan', '2022-06-03T13:36:25Z']]"
https://gitcoin.co/issue/28934,mmmgtc,bounties,"[['iamjvck', '2022-06-16T14:24:06Z'], ['l-kh', '2022-06-19T21:14:27.916653Z'], ['shockingblack', '2022-06-19T16:23:28.144078Z'], ['tauhoo', '2022-06-19T13:24:59.517179Z'], ['mridulpancholi', '2022-06-18T18:37:35.851249Z'], ['linapear', '2022-06-18T04:24:39.657059Z'], ['bleyle823', '2022-06-17T14:35:13.883788Z'], ['wahyu243', '2022-06-17T12:18:26.297606Z'], ['riyasoganii', '2022-06-16T22:23:45.375081Z'], ['code-emm', '2022-06-16T02:44:36.908073Z'], ['ify01', '2022-06-14T23:53:04.380668Z']]"
https://gitcoin.co/issue/28924,fairDataSociety,bounties,[]
https://gitcoin.co/issue/28920,tezos-contrib,gitcoin-bounties,"[['jim-toth', '2022-06-26T04:03:27Z'], ['ivan-tigan', '2022-06-26T01:46:45Z'], ['waylad', '2022-06-26T00:22:51.012651Z'], ['en0c-026', '2022-06-25T22:41:05.415455Z'], ['sladecek', '2022-06-25T12:03:45.240996Z'], ['aimingqi', '2022-06-24T17:19:16.871158Z'], ['flyinglimao', '2022-06-23T19:16:24.172942Z'], ['bild96', '2022-06-17T18:08:43.915737Z'], ['thehated1', '2022-06-17T17:44:47.760712Z']]"
https://gitcoin.co/issue/28919,tezos-contrib,gitcoin-bounties,"[['waylad', '2022-06-26T00:19:31Z'], ['i3games', '2022-06-26T02:41:34Z'], ['ivan-tigan', '2022-06-26T01:52:30.724197Z'], ['kirillr-sibirski', '2022-06-26T00:19:12.837302Z'], ['faithful1ofall', '2022-06-24T10:43:18.296216Z']]"
https://gitcoin.co/issue/28918,tezos-contrib,gitcoin-bounties,"[['ubinix-warun', '2022-06-25T21:08:02Z'], ['strandgeek', '2022-06-24T04:45:15Z'], ['dreitser', '2022-06-26T04:33:03.800350Z'], ['sb-saksham', '2022-06-25T21:26:57.268769Z'], ['vivekascoder', '2022-06-25T19:09:58.741757Z'], ['hieple7985', '2022-06-25T12:01:17.978277Z']]"
https://gitcoin.co/issue/28917,tezos-contrib,gitcoin-bounties,"[['i-t-c-r-w', '2022-06-25T23:31:31Z'], ['friend-forest', '2022-06-20T20:11:43Z'], ['marcusboyds', '2022-06-26T04:58:52Z'], ['pomcon42', '2022-06-26T04:19:29.076143Z'], ['pdotall', '2022-06-26T02:33:45.500411Z'], ['singulart', '2022-06-25T19:51:39.952863Z'], ['lisztcoin', '2022-06-25T18:23:31.016707Z'], ['mc-blox', '2022-06-25T15:19:23.404846Z'], ['cryptotwilight', '2022-06-25T11:56:55.809063Z'], ['sthwnd', '2022-06-24T17:43:39.365638Z'], ['binderl', '2022-06-24T12:35:59.009606Z'], ['gitcoincode', '2022-06-24T08:57:50.859679Z'], ['nwakakukaks', '2022-06-23T10:00:35Z'], ['ishaaqziyan', '2022-06-22T16:23:01.159246Z'], ['drew7wonders', '2022-06-17T09:23:50.115244Z']]"
https://gitcoin.co/issue/28916,tezos-contrib,gitcoin-bounties,"[['mc-blox', '2022-06-25T15:23:33Z'], ['joenisbett', '2022-06-25T20:39:24Z'], ['adedamolaxl', '2022-06-26T04:43:08.724345Z'], ['pomcon42', '2022-06-25T23:38:24.860239Z'], ['rahulbansal123', '2022-06-25T22:19:22.390611Z'], ['ibk170503', '2022-06-25T22:14:13.061537Z'], ['ayocodes', '2022-06-25T22:01:33.732414Z'], ['nwakaku', '2022-06-25T13:01:59.578528Z'], ['nwakakukaks', '2022-06-23T10:27:51.622159Z'], ['gitcoincode', '2022-06-14T13:48:20.859912Z'], ['tozawashinzo', '2022-06-13T10:54:27.234289Z'], ['drew7wonders', '2022-05-30T11:34:09.801950Z']]"
https://gitcoin.co/issue/28902,hoprnet,hopr-community,"[['eliaxie', '2022-06-11T09:12:53.380394Z']]"
https://gitcoin.co/issue/28899,abridged,collabland-dev,"[['archenetwork', '2022-06-01T18:26:22Z']]"
https://gitcoin.co/issue/28898,abridged,collabland-dev,[]
https://gitcoin.co/issue/28896,ceramicnetwork,.github,"[['kelvinpraises', '2022-05-31T16:00:14Z'], ['kristian-zf', '2022-05-31T15:05:26.007657Z'], ['soheil555', '2022-05-31T11:41:02.154103Z'], ['carlbarrdahl', '2022-05-30T06:37:31.137503Z']]"
https://gitcoin.co/issue/28893,NaturalSelectionLabs,gitcoin,"[['gooong', '2022-05-31T15:42:15Z'], ['shuajj', '2022-05-31T09:52:58.723527Z'], ['harryhong', '2022-05-31T15:36:53.100698Z'], ['stamp9', '2022-05-31T15:58:34.580586Z'], ['tonyfung99', '2022-05-31T15:56:18.232824Z'], ['kristian-zf', '2022-05-31T14:58:44.417130Z'], ['dangoz', '2022-05-31T14:47:00.677539Z'], ['bisi-dev', '2022-05-31T13:45:31.101852Z'], ['maadhav', '2022-05-31T12:54:02.897644Z'], ['maiyaweee', '2022-05-31T11:45:40.420240Z'], ['descartes100', '2022-05-30T14:40:14.192680Z'], ['zerquix18', '2022-05-30T13:42:42.308570Z'], ['cacijiang', '2022-05-29T18:29:23.064072Z'], ['yayashuxue', '2022-05-28T23:28:03.985582Z'], ['sleekbobby1011', '2022-05-27T21:37:38.523583Z']]"
https://gitcoin.co/issue/28892,xmtp-labs,ethshanghai-2022,"[['nfttopbest', '2022-05-31T15:28:59Z'], ['devyeshtandon', '2022-06-01T06:57:30.799519Z'], ['top-kraken', '2022-06-01T02:49:15.002078Z'], ['tonyfung99', '2022-05-31T15:58:44.143273Z'], ['shuajj', '2022-05-31T10:16:57.896531Z'], ['descartes100', '2022-05-31T09:45:24.936561Z'], ['georgefane', '2022-05-27T07:49:33.557595Z']]"
https://gitcoin.co/issue/28891,daqnext,meson-docs,"[['jim-toth', '2022-05-31T15:25:26Z'], ['nfttopbest', '2022-05-31T15:35:46.309193Z'], ['sleekbobby1011', '2022-05-30T18:45:51.434589Z']]"
https://gitcoin.co/issue/28890,NextDotID,proof_server,"[['codegueas', '2022-05-31T15:53:23.799053Z'], ['zengjiajun0623', '2022-05-31T15:35:49.027647Z'], ['kristian-zf', '2022-05-31T15:18:03.747805Z'], ['gooong', '2022-05-31T15:15:56.955712Z'], ['theysua', '2022-05-31T07:45:49.562698Z'], ['blackrabbit944', '2022-05-29T05:06:15.418699Z'], ['sleekbobby1011', '2022-05-27T14:46:53.776964Z']]"
https://gitcoin.co/issue/28889,ArweaveTeam,Gitcoin,"[['leeduckgo', '2022-05-31T15:58:06.920805Z'], ['kanika1799', '2022-05-31T15:57:53.301106Z'], ['nfttopbest', '2022-05-31T15:36:33.666621Z'], ['jim-toth', '2022-05-31T15:34:07.599392Z'], ['svskaushik', '2022-05-31T15:33:34.775022Z'], ['sekmet', '2022-05-31T15:09:05.301476Z'], ['c2j', '2022-05-31T14:47:29.979323Z'], ['kristian-zf', '2022-05-31T14:37:06.214329Z'], ['subhrajyoti-basu', '2022-05-31T13:19:27.627939Z'], ['fangjunyuan-sh', '2022-05-31T10:04:34.171473Z'], ['shuajj', '2022-05-31T09:46:38.843998Z'], ['remainedto', '2022-05-31T07:58:37.992149Z'], ['samshi', '2022-05-30T14:53:20.202969Z'], ['rdasika', '2022-05-30T13:58:24.384387Z'], ['longmans', '2022-05-25T14:45:21.297233Z']]"
https://gitcoin.co/issue/28888,near,bounties,"[['bhc8521', '2022-06-01T18:52:23Z'], ['ilerik', '2022-05-31T16:00:07.237143Z'], ['kanika1799', '2022-05-31T15:57:52.545844Z'], ['cuongdcdev', '2022-05-31T15:46:23.350826Z'], ['nfttopbest', '2022-05-31T15:37:40.910475Z'], ['fgfm999', '2022-05-31T15:22:58.710007Z'], ['maadhav', '2022-05-31T15:16:35.993708Z'], ['longmans', '2022-05-31T14:20:44.494553Z'], ['kunal528', '2022-05-31T11:54:20.485145Z']]"
https://gitcoin.co/issue/28887,xmtp-labs,ethshanghai-2022,"[['devyeshtandon', '2022-06-01T06:13:12Z'], ['nfttopbest', '2022-05-31T15:32:28.558181Z'], ['dangoz', '2022-05-31T14:50:54.015356Z'], ['shuajj', '2022-05-31T09:30:16.374232Z'], ['lacastar', '2022-05-31T02:26:51.157084Z'], ['top-kraken', '2022-05-30T13:20:37.368379Z'], ['azephiar', '2022-05-29T11:10:35.303711Z'], ['georgefane', '2022-05-20T08:25:46.183416Z']]"
https://gitcoin.co/issue/28886,zeevoco,zeevoco.github.io,"[['charlie85270', '2022-05-22T14:43:22Z']]"
https://gitcoin.co/issue/28884,DimensionDev,Maskbook,"[['ben9706', '2022-05-31T09:27:55Z'], ['lljxx1', '2022-05-24T08:08:49.474980Z'], ['codegueas', '2022-05-31T15:57:17.017836Z'], ['skyh24', '2022-05-31T15:22:05.388118Z'], ['remainedto', '2022-05-31T15:12:41.802160Z'], ['kristian-zf', '2022-05-31T15:02:40.756073Z'], ['blocktracker-dev', '2022-05-31T12:02:24.552820Z'], ['huangzhenghz', '2022-05-31T11:52:40.144097Z'], ['maiyaweee', '2022-05-31T11:49:25.190704Z'], ['geekjd', '2022-05-31T08:22:33.628968Z'], ['wanggump', '2022-05-31T03:47:15.992548Z'], ['cacijiang', '2022-05-29T18:15:43.452131Z'], ['akiprotocol-dev', '2022-05-28T03:00:47.587309Z']]"
https://gitcoin.co/issue/28881,cyberconnecthq,Gitcoin-Hackathon,"[['dangoz', '2022-05-31T14:53:10.834330Z'], ['georgefane', '2022-05-30T17:03:11.577531Z'], ['tingwei-justin', '2022-05-31T13:48:37.362629Z'], ['dayo-adewuyi', '2022-05-31T15:59:34.973137Z'], ['kanika1799', '2022-05-31T15:57:39.717296Z'], ['nfttopbest', '2022-05-31T15:38:07.196146Z'], ['gooong', '2022-05-31T15:16:44.404722Z'], ['ayocodes', '2022-05-31T13:27:45.508595Z'], ['aseaday', '2022-05-31T13:01:01.935211Z'], ['gaupoit', '2022-05-31T12:43:41.517266Z'], ['shuajj', '2022-05-31T09:24:52.169818Z'], ['sainwellx', '2022-05-31T07:37:49.594911Z'], ['0xyootou', '2022-05-30T16:47:10.345279Z'], ['rdasika', '2022-05-30T13:57:23.847732Z']]"
https://gitcoin.co/issue/28876,INFURA,eth-shanghai-2022,"[['rdasika', '2022-05-30T13:57:04Z'], ['wildanvin', '2022-05-31T16:02:18.191829Z'], ['fifteen42', '2022-05-31T15:54:47.201804Z'], ['nfttopbest', '2022-05-31T15:40:00.428164Z'], ['jim-toth', '2022-05-31T15:34:51.007578Z'], ['tingwei-justin', '2022-05-31T15:03:22.274609Z'], ['dangoz', '2022-05-31T14:53:56.131093Z'], ['sianliu', '2022-05-31T14:47:24.180228Z'], ['cassiecai1', '2022-05-31T14:26:33.100090Z'], ['zengjiajun0623', '2022-05-31T14:11:03.441714Z'], ['descartes100', '2022-05-31T13:10:02.181372Z'], ['dennishuang85', '2022-05-31T12:49:00.207985Z'], ['maiyaweee', '2022-05-31T12:09:37.823522Z'], ['solean', '2022-05-31T11:53:35.609658Z'], ['huangzhenghz', '2022-05-31T11:26:35.966478Z'], ['yaqishao', '2022-05-31T11:08:59.202071Z'], ['bisi-dev', '2022-05-31T10:32:01.659309Z'], ['rahulbansal123', '2022-05-31T08:47:15.194049Z'], ['haksunliccc', '2022-05-30T17:53:43.548452Z'], ['fangjunyuan-sh', '2022-05-30T14:56:57.662786Z'], ['planckerdev', '2022-05-30T08:43:58.765123Z']]"
https://gitcoin.co/issue/28872,KNN3-Network,gitcoin,"[['zengjiajun0623', '2022-06-01T04:11:35.322800Z'], ['gooong', '2022-05-31T15:14:39.908763Z'], ['harryhong', '2022-05-31T15:37:35.756451Z'], ['ivanmolto', '2022-05-31T15:38:07.184032Z'], ['lauraxyz', '2022-06-01T04:14:53.123150Z'], ['lyledavids', '2022-06-01T15:57:57.424510Z'], ['jodisw', '2022-06-01T05:33:46.264797Z'], ['nfttopbest', '2022-05-31T15:41:21.423782Z'], ['w-kahn', '2022-05-31T05:59:42.162700Z']]"
https://gitcoin.co/issue/28867,hoprnet,hoprnet,"[['james-monahan', '2022-05-25T15:11:49.131919Z']]"
https://gitcoin.co/issue/28866,hoprnet,hoprnet,"[['pontus-dev', '2022-05-23T16:47:47.112277Z']]"
https://gitcoin.co/issue/28864,moonbeam-foundation,moonbeam-docs,"[['leeduckgo', '2022-05-31T15:58:02Z'], ['kanika1799', '2022-05-31T15:57:19.611773Z'], ['nfttopbest', '2022-05-31T15:42:57.707554Z'], ['bscdapps', '2022-05-31T15:35:07.439298Z'], ['cryptotwilight', '2022-05-31T15:29:17.739838Z'], ['iphyman', '2022-05-31T15:28:24.214283Z'], ['maiyaweee', '2022-05-31T11:48:41.404353Z'], ['cassiecai1', '2022-05-31T10:36:05.801372Z'], ['wordsdeveloper1', '2022-05-30T07:40:36.214615Z'], ['esdras-santos', '2022-05-29T20:28:26.317633Z'], ['satoshiisgod', '2022-05-26T17:12:36.414377Z']]"
https://gitcoin.co/issue/28861,hoprnet,hopr-status-board,"[['boyin0x', '2022-06-08T21:58:34.939101Z']]"
https://gitcoin.co/issue/28860,hoprnet,hopr-boomerang-chat,"[['boyin0x', '2022-05-23T01:01:28.817444Z']]"
https://gitcoin.co/issue/28859,hoprnet,myne-chat,"[['aahutsal', '2022-06-27T07:27:16.374190Z']]"
https://gitcoin.co/issue/28846,meterio,Meter-Bounty-Program,"[['gleedao', '2022-05-21T17:59:56Z'], ['dezzyboy', '2022-05-20T19:11:34Z'], ['lopeselio', '2022-05-22T21:42:00Z'], ['el-tumero', '2022-05-22T23:49:32.728524Z'], ['sekmet', '2022-05-22T23:27:03.999859Z'], ['moolahdapps', '2022-05-22T23:22:21.722992Z'], ['jutivia', '2022-05-22T22:37:54.129390Z'], ['ryansea', '2022-05-22T21:35:31.094933Z'], ['adi99', '2022-05-22T20:41:07.197843Z'], ['arealclimber', '2022-05-22T18:33:15.312168Z'], ['0xfuje', '2022-05-22T17:39:56.850950Z'], ['zeeshanpaalo', '2022-05-22T12:31:56.856793Z'], ['ctrlprogrammer', '2022-05-22T12:20:08.720458Z'], ['chrisstef', '2022-05-22T01:13:53.308954Z'], ['princebeladiya', '2022-05-21T19:11:07.645122Z'], ['heypran', '2022-05-21T09:51:49.934987Z'], ['jacobabiola', '2022-05-20T13:53:37.018695Z'], ['ritikdhasmana', '2022-05-19T06:02:40.522125Z'], ['optimus789', '2022-05-15T09:54:40.415171Z'], ['shepherliu', '2022-05-09T09:00:57.207112Z']]"
https://gitcoin.co/issue/28836,MetisProtocol,metis,"[['harsh8196', '2022-05-22T13:12:21Z'], ['shepherliu', '2022-05-09T09:30:17Z'], ['sambitsargam', '2022-05-13T18:47:10Z'], ['sagar-kris', '2022-05-23T04:05:29.408680Z'], ['moolahdapps', '2022-05-22T23:40:34.458475Z'], ['rblockchaindeveloper', '2022-05-22T23:12:59.039033Z'], ['adityachakra16', '2022-05-22T22:19:37.237835Z'], ['bscdapps', '2022-05-22T18:15:14.104022Z'], ['chrisstef', '2022-05-22T01:10:44.882271Z'], ['princebeladiya', '2022-05-21T19:12:36.765648Z'], ['esdras-santos', '2022-05-21T17:22:55.716150Z'], ['satoshiisgod', '2022-05-05T19:55:53.996701Z']]"
https://gitcoin.co/issue/28835,hoprnet,hoprnet,"[['menezesphill', '2022-05-04T20:53:19.384600Z']]"
https://gitcoin.co/issue/28834,ipfs-and-filecoin,hackathons-bounties,"[['adityachakra16', '2022-05-22T22:39:34Z'], ['giraffekey', '2022-05-22T21:03:01Z'], ['heypran', '2022-05-20T18:10:09Z'], ['sambitsargam', '2022-05-18T10:30:19Z'], ['zhixuan0318', '2022-05-22T15:57:38Z'], ['drexter-07', '2022-05-22T15:02:04Z'], ['shepherliu', '2022-05-10T02:30:25Z'], ['sabelomkhwanzi', '2022-05-22T12:11:33Z'], ['singulart', '2022-05-22T16:32:33Z'], ['soptq', '2022-05-02T12:56:55Z'], ['ikalonji', '2022-05-22T21:26:02Z'], ['strandgeek', '2022-05-22T23:12:04Z'], ['princebeladiya', '2022-05-21T19:21:53Z'], ['harsh8196', '2022-05-22T14:25:33Z'], ['haruxe', '2022-05-22T04:42:17Z'], ['cryptotwilight', '2022-05-22T23:50:40.976867Z'], ['brgltd', '2022-05-22T23:41:39.335151Z'], ['yujuism', '2022-05-22T23:20:01.200686Z'], ['byre54', '2022-05-22T23:15:56.513164Z'], ['brianspha', '2022-05-22T22:13:46.069135Z'], ['nwakakukaks', '2022-05-22T21:22:03.986618Z'], ['daniirix', '2022-05-22T20:18:30.334007Z'], ['indiedevvxiuudzqdb', '2022-05-22T19:48:07.351290Z'], ['rahulbansal123', '2022-05-22T19:18:59.621023Z'], ['vintageplayer', '2022-05-22T18:30:13.416294Z'], ['arealclimber', '2022-05-22T18:25:15.209633Z'], ['freddyblockchain', '2022-05-22T15:34:34.313339Z'], ['jhfnetboy', '2022-05-22T09:17:20.012494Z'], ['sahithiboin', '2022-05-21T22:38:02.012052Z'], ['nwakaku', '2022-05-19T02:34:00.572951Z'], ['rezahsnz', '2022-05-18T06:53:30.923873Z'], ['dexturn', '2022-05-17T03:31:04.901484Z'], ['xxsnipxx', '2022-05-12T14:55:40.153808Z'], ['xinminsu', '2022-05-05T06:19:07.040683Z']]"
https://gitcoin.co/issue/28823,meterio,Meter-Bounty-Program,"[['sekmet', '2022-05-22T23:50:26.494094Z'], ['adi99', '2022-05-22T19:04:23.039467Z'], ['trungtin', '2022-05-22T18:00:06.588434Z']]"
https://gitcoin.co/issue/28822,meterio,Meter-Bounty-Program,"[['tpscrpt', '2022-05-12T15:31:10.195100Z']]"
https://gitcoin.co/issue/28821,meterio,Meter-Bounty-Program,[]
https://gitcoin.co/issue/28820,Transak,transak-sdk,"[['strandgeek', '2022-05-04T03:43:38.477428Z'], ['shepherliu', '2022-05-05T08:44:16.880028Z'], ['rahulbansal123', '2022-05-07T19:36:32.108491Z'], ['ikalonji', '2022-05-11T05:57:28.193404Z'], ['wander1ust', '2022-05-14T09:45:16Z'], ['sabelomkhwanzi', '2022-05-14T10:40:12.306908Z'], ['ari4325', '2022-05-18T08:21:24.882972Z'], ['nwakaku', '2022-05-19T02:17:21.592773Z'], ['stefan1612', '2022-05-21T04:03:59.800000Z'], ['nma06', '2022-05-21T15:49:37.668223Z'], ['princebeladiya', '2022-05-21T18:59:19.660993Z'], ['ekiametis91', '2022-05-22T05:10:28.082691Z'], ['ray-blue', '2022-05-22T15:34:29.162934Z'], ['0xfuje', '2022-05-22T17:40:46.948023Z'], ['laurenkumar', '2022-05-22T19:03:12.803811Z'], ['rblockchaindeveloper', '2022-05-22T22:45:18.700609Z'], ['therealbryanho', '2022-05-22T23:55:29.471783Z'], ['rlnyc', '2022-05-23T00:48:17.320916Z'], ['crypto-dev-here', '2022-05-23T00:01:39.864209Z'], ['pycomet', '2022-05-22T22:11:41.325877Z'], ['xcryptoshadow', '2022-05-22T22:04:10.636067Z'], ['nwakakukaks', '2022-05-18T20:10:20.626824Z'], ['iamfuji', '2022-05-03T06:14:39.883444Z']]"
https://gitcoin.co/issue/28817,bobanetwork,hackathons,"[['chunza2542', '2022-05-22T22:06:27Z'], ['moolahdapps', '2022-05-22T23:50:42.714771Z'], ['sekmet', '2022-05-22T23:44:36.973821Z'], ['thisispalash', '2022-05-22T22:45:29.732251Z'], ['adityachakra16', '2022-05-22T22:21:12.099589Z'], ['abdulrasheedadediran', '2022-05-22T22:14:16.805065Z'], ['waylad', '2022-05-22T21:24:42.699399Z'], ['dtiv', '2022-05-22T16:45:25.042715Z'], ['princebeladiya', '2022-05-21T19:11:54.197335Z'], ['kedarkshatriya', '2022-05-16T03:22:42.770057Z'], ['oleksiivinogradov', '2022-05-14T17:34:03.901733Z'], ['shepherliu', '2022-05-09T12:28:52.795031Z'], ['satoshiisgod', '2022-05-05T19:58:59.265032Z']]"
https://gitcoin.co/issue/28816,bcnmy,mexa-sdk,[]
https://gitcoin.co/issue/28815,ipfs-and-filecoin,hackathons-bounties,"[['cryptotwilight', '2022-05-22T23:49:27Z'], ['rblockchaindeveloper', '2022-05-22T23:11:14.925245Z'], ['adityachakra16', '2022-05-22T22:44:15.537089Z'], ['vintageplayer', '2022-05-22T19:47:38.229420Z'], ['singulart', '2022-05-22T16:31:56.156660Z'], ['drexter-07', '2022-05-22T14:52:55.045993Z']]"
https://gitcoin.co/issue/28814,ipfs-and-filecoin,hackathons-bounties,"[['princebeladiya', '2022-05-21T19:21:36Z'], ['ikalonji', '2022-05-22T21:24:49.601542Z'], ['giraffekey', '2022-05-22T21:03:21.245535Z'], ['freddyblockchain', '2022-05-22T15:40:18.192067Z'], ['harsh8196', '2022-05-22T14:27:59.125929Z'], ['shepherliu', '2022-05-10T02:31:30.950463Z']]"
https://gitcoin.co/issue/28813,ipfs-and-filecoin,hackathons-bounties,"[['brgltd', '2022-05-22T23:47:33.674744Z'], ['daniirix', '2022-05-22T20:28:09.640419Z'], ['rahulbansal123', '2022-05-22T20:25:56.997040Z'], ['zhixuan0318', '2022-05-22T15:58:55.853557Z'], ['beamnawapat', '2022-05-22T13:31:15.979853Z'], ['nwakaku', '2022-05-19T02:37:26.266944Z'], ['sambitsargam', '2022-05-18T10:34:35.948950Z']]"
https://gitcoin.co/issue/28809,unstoppabledomains,gitcoin-bounties,"[['spiritupbro', '2022-05-12T11:54:48Z'], ['laurenkumar', '2022-05-20T12:54:39Z'], ['stefan1612', '2022-05-18T12:48:53Z'], ['rahulbansal123', '2022-05-22T22:45:14.982599Z'], ['nikhilverma360', '2022-05-22T21:53:47.277360Z'], ['soheil555', '2022-05-22T20:58:13.373448Z'], ['shepherliu', '2022-05-19T01:22:45.979551Z'], ['0xfuje', '2022-05-12T17:18:19.988091Z'], ['ikalonji', '2022-05-11T05:58:38.579239Z'], ['nma06', '2022-05-10T14:52:43.308919Z'], ['soptq', '2022-04-29T07:53:45.553993Z']]"
https://gitcoin.co/issue/28808,unstoppabledomains,gitcoin-bounties,"[['nma06', '2022-05-10T13:43:28Z'], ['zhixuan0318', '2022-05-22T16:11:45Z'], ['af-development', '2022-05-22T16:00:44Z'], ['rolic-hub', '2022-05-22T11:03:16Z'], ['harjaapdhillon16', '2022-05-21T23:50:18Z'], ['rafared', '2022-05-21T22:29:58Z'], ['gorutwik', '2022-05-21T20:12:48Z'], ['princebeladiya', '2022-05-21T19:10:29Z'], ['henrique1837', '2022-05-21T18:39:05Z'], ['gamerxkj', '2022-05-21T15:37:26Z'], ['rlnyc', '2022-05-20T22:24:24Z'], ['shepherliu', '2022-05-19T01:21:38Z'], ['laurenkumar', '2022-05-18T14:49:16Z'], ['rohithandique', '2022-05-15T18:58:19Z'], ['sabelomkhwanzi', '2022-05-14T10:29:33Z'], ['gconnect', '2022-05-11T01:06:19Z'], ['spiritupbro', '2022-05-11T00:45:55Z'], ['soptq', '2022-04-29T05:43:42Z'], ['0xpr0f', '2022-05-10T01:18:37Z'], ['rahulbansal123', '2022-05-03T20:29:34Z'], ['manotien', '2022-05-03T11:12:34Z'], ['heypran', '2022-05-02T12:49:29Z'], ['stefan1612', '2022-05-09T14:28:26Z'], ['raghav-sharma272381', '2022-05-03T13:53:28Z'], ['crypto-craze', '2022-05-22T23:54:21.115162Z'], ['sekmet', '2022-05-22T23:53:05.651304Z'], ['ysongh', '2022-05-22T23:26:56.240215Z'], ['electrone901', '2022-05-22T23:08:23.979091Z'], ['rblockchaindeveloper', '2022-05-22T22:47:13.490771Z'], ['yujuism', '2022-05-22T22:42:11.677853Z'], ['byre54', '2022-05-22T22:15:21.890169Z'], ['nikhilverma360', '2022-05-22T21:51:50.303352Z'], ['wander1ust', '2022-05-22T21:04:10.940243Z'], ['soheil555', '2022-05-22T21:02:40.365562Z'], ['en0c-026', '2022-05-22T20:31:12.557224Z'], ['kunal528', '2022-05-22T20:20:40.971224Z'], ['vintageplayer', '2022-05-22T19:30:44.697567Z'], ['maadhav', '2022-05-22T17:03:08.057813Z'], ['nwakaku', '2022-05-22T11:40:24.127853Z'], ['lakshh07', '2022-05-21T12:29:10.264154Z'], ['rohittweets', '2022-05-19T09:08:13.697315Z'], ['0xmaeve', '2022-05-19T08:29:51.539222Z'], ['dexturn', '2022-05-17T03:35:28.902081Z'], ['pedropetri', '2022-05-16T00:17:29.741287Z'], ['webroyit', '2022-05-13T19:52:58.406456Z'], ['sebastianlf', '2022-05-13T17:04:02.306834Z'], ['nicosiput', '2022-05-13T13:23:00.865204Z'], ['0xfuje', '2022-05-12T17:17:22.189050Z'], ['ikalonji', '2022-05-11T05:59:43.628194Z'], ['daniirix', '2022-05-07T06:09:42.538754Z'], ['abhinav90122', '2022-05-05T18:34:19.051614Z'], ['grodriggues', '2022-05-05T16:46:22.378529Z'], ['ekiametis91', '2022-05-04T23:24:53.068787Z']]"
https://gitcoin.co/issue/28807,algorandfoundation,grow-algorand,"[['gconnect', '2022-06-16T18:00:16Z'], ['sisandla', '2022-05-09T07:57:51.817543Z']]"
https://gitcoin.co/issue/28806,nervosnetwork,grants,"[['sambitsargam', '2022-05-22T19:34:44Z'], ['jutivia', '2022-05-22T22:59:21.141621Z'], ['kimzyfame', '2022-05-22T21:11:39.363688Z'], ['d0nc0de', '2022-05-22T20:59:25.558354Z'], ['vintageplayer', '2022-05-22T19:44:23.526920Z'], ['jhfnetboy', '2022-05-21T07:36:34.300208Z']]"
https://gitcoin.co/issue/28805,nervosnetwork,grants,"[['kimzyfame', '2022-05-22T21:18:21.474627Z'], ['d0nc0de', '2022-05-22T20:59:24.615966Z'], ['sambitsargam', '2022-05-22T19:37:03.138368Z'], ['satoshiisgod', '2022-05-05T19:59:55.840429Z']]"
https://gitcoin.co/issue/28804,nervosnetwork,grants,[]
https://gitcoin.co/issue/28798,MeasureDAO,avalanche-loadbot,"[['nagato-chan', '2022-05-05T16:07:09Z']]"
https://gitcoin.co/issue/28786,GalxeHQ,galxe-contracts,[]
https://gitcoin.co/issue/28785,everscale-org,bounties,"[['eternalflow', '2022-04-20T19:41:47.254304Z']]"
https://gitcoin.co/issue/28783,hoprnet,hoprnet,"[['szczebel1995', '2022-04-20T21:04:48.787689Z']]"
https://gitcoin.co/issue/28782,humanprotocol,hmt-escrow,"[['molecula451', '2022-05-22T19:02:03.418030Z']]"
https://gitcoin.co/issue/28770,foresight-org,gitcoin-bounties,"[['ogwokalu', '2022-05-29T08:43:51Z']]"
https://gitcoin.co/issue/28769,foresight-org,gitcoin-bounties,"[['nwakaku', '2022-04-28T01:39:58Z'], ['astadaniel2', '2022-04-26T16:01:06.041344Z'], ['ogwokalu', '2022-04-25T22:29:55.192307Z'], ['okeaguugochukwu', '2022-04-24T22:45:59.007247Z']]"
https://gitcoin.co/issue/28768,foresight-org,gitcoin-bounties,"[['adrianhacker-pdx', '2022-04-28T14:16:13.261255Z'], ['nwakaku', '2022-04-28T02:54:46.708896Z']]"
https://gitcoin.co/issue/28766,foresight-org,gitcoin-bounties,"[['toledoroy', '2022-05-15T19:19:56.508362Z'], ['marcusboyds', '2022-05-31T03:56:11.391957Z']]"
https://gitcoin.co/issue/28765,foresight-org,gitcoin-bounties,"[['drew7wonders', '2022-05-30T12:41:11.108073Z'], ['marcusboyds', '2022-05-31T02:46:10.372834Z'], ['ogwokalu', '2022-04-21T16:10:06.948700Z'], ['darrendc26', '2022-04-21T08:40:43.404659Z'], ['olajuwon74', '2022-04-20T15:17:05.992157Z'], ['okeaguugochukwu', '2022-04-19T21:56:33.515806Z']]"
https://gitcoin.co/issue/28764,foresight-org,gitcoin-bounties,"[['sepandhaghighi', '2022-05-30T22:49:40Z']]"
https://gitcoin.co/issue/28762,foresight-org,gitcoin-bounties,"[['sepandhaghighi', '2022-05-30T22:52:29Z']]"
https://gitcoin.co/issue/28761,foresight-org,gitcoin-bounties,"[['okeaguugochukwu', '2022-04-28T16:11:04Z']]"
https://gitcoin.co/issue/28760,foresight-org,gitcoin-bounties,"[['erinmagennis', '2022-05-31T02:59:18Z']]"
https://gitcoin.co/issue/28759,foresight-org,gitcoin-bounties,"[['supert99', '2022-04-23T20:25:01Z'], ['okeaguugochukwu', '2022-05-12T01:13:47.026076Z']]"
https://gitcoin.co/issue/28758,foresight-org,gitcoin-bounties,"[['astraioss', '2022-05-13T22:52:01Z']]"
https://gitcoin.co/issue/28728,gitcoinco,skunkworks,"[['annelisa-gitcoin', '2022-04-13T15:19:31Z'], ['developerfred', '2022-04-13T15:28:48.432064Z']]"
https://gitcoin.co/issue/28725,deri-protocol,bounty-program,"[['molecula451', '2022-05-06T22:36:15Z']]"
https://gitcoin.co/issue/28718,aurora-is-near,bounties,"[['vldmkr', '2022-06-25T12:26:18.858776Z']]"
https://gitcoin.co/issue/28709,humanprotocol,hmt-escrow,"[['menezesphill', '2022-06-02T04:18:05.370584Z']]"
https://gitcoin.co/issue/28708,humanprotocol,hmt-escrow,"[['foufrix', '2022-05-13T15:11:25Z']]"
https://gitcoin.co/issue/28690,shapeshift,idle-router,"[['bielwenass', '2022-04-08T00:01:08.548632Z']]"
https://gitcoin.co/issue/28689,messari,gitcoin-grant,"[['tnkrxyz', '2022-05-12T04:18:09.092891Z'], ['tannishmango', '2022-04-15T05:05:17Z']]"
https://gitcoin.co/issue/28682,foresight-org,gitcoin-bounties,"[['kalinapv', '2022-04-25T18:38:03.393631Z'], ['shayanpr', '2022-05-31T20:15:16.325883Z'], ['johnds01', '2022-05-31T19:44:54.145720Z'], ['mohamad1371', '2022-04-27T08:59:46.334531Z'], ['cjthinks', '2022-04-16T23:33:27.432028Z'], ['kodobotocodes', '2022-04-15T19:01:53.399060Z'], ['mweiss427', '2022-04-11T19:36:26.895511Z'], ['sprinkles1113', '2022-04-11T05:49:01.240372Z'], ['ify01', '2022-04-10T12:54:20.380911Z'], ['okeaguugochukwu', '2022-04-08T20:28:01.185726Z'], ['wadyar', '2022-04-07T10:47:51.565027Z'], ['brabus-67', '2022-04-04T02:47:37.933663Z']]"
https://gitcoin.co/issue/28681,foresight-org,gitcoin-bounties,"[['shayanpr', '2022-05-31T19:39:14.118240Z'], ['ify01', '2022-04-11T03:09:32.708023Z']]"
https://gitcoin.co/issue/28654,shapeshift,web,"[['trungtin', '2022-03-27T22:55:45.025664Z']]"
https://gitcoin.co/issue/28650,shapeshift,web,"[['gmsteuart', '2022-03-23T14:02:19.922341Z']]"
https://gitcoin.co/issue/28649,shapeshift,web,"[['stackedq', '2022-03-31T21:38:53.665175Z']]"
https://gitcoin.co/issue/28648,shapeshift,web,"[['nejos97', '2022-03-23T14:43:14.823785Z']]"
https://gitcoin.co/issue/28635,shapeshift,lib,"[['pbteja1998', '2022-03-24T16:25:32.389234Z']]"
https://gitcoin.co/issue/28634,shapeshift,web,"[['0xtekgrinder', '2022-03-22T14:23:59.286671Z']]"
https://gitcoin.co/issue/28633,shapeshift,web,"[['afenton90', '2022-03-22T22:20:24.427853Z']]"
https://gitcoin.co/issue/28628,ARK-Builders,ARK-Navigator,"[['amoweolubusayo', '2022-03-26T08:29:07.810252Z']]"
https://gitcoin.co/issue/28621,shapeshift,web,"[['gmsteuart', '2022-03-21T20:29:33.552321Z']]"
https://gitcoin.co/issue/28620,shapeshift,web,"[['stackedq', '2022-03-24T19:25:55.944873Z']]"
https://gitcoin.co/issue/28619,shapeshift,hdwallet,"[['thengoster', '2022-04-01T16:30:40.573463Z']]"
https://gitcoin.co/issue/28618,shapeshift,hdwallet,"[['0xtekgrinder', '2022-03-18T21:27:27.677507Z']]"
https://gitcoin.co/issue/28617,shapeshift,hdwallet,"[['neomaking', '2022-03-19T16:29:39.121278Z']]"
https://gitcoin.co/issue/28612,mopdo,bounties,"[['connoroday', '2022-03-15T19:10:02Z']]"
https://gitcoin.co/issue/28606,ARK-Builders,ARK-Navigator,"[['payjoe93', '2022-04-02T18:32:42.696703Z'], ['okeaguugochukwu', '2022-03-27T19:26:58.679724Z']]"
https://gitcoin.co/issue/28597,shapeshift,unchained,"[['trungtin', '2022-03-16T16:26:55.993249Z']]"
https://gitcoin.co/issue/28596,shapeshift,unchained,"[['trungtin', '2022-03-14T20:44:29.810341Z']]"
https://gitcoin.co/issue/28594,shapeshift,unchained,"[['bielwenass', '2022-03-18T00:10:21.978929Z']]"
https://gitcoin.co/issue/28587,celo-org,celo-composer,"[['yusrilfana', '2022-08-22T20:35:43.859908Z'], ['slim12kg', '2022-07-19T00:09:11.922908Z'], ['gitcoincode', '2022-06-13T10:38:01.179606Z'], ['darom1998', '2022-04-23T18:06:45.342571Z'], ['hpratt', '2022-04-06T05:39:27.433633Z'], ['superbow1', '2022-04-01T16:35:09.770822Z'], ['0xkenta', '2022-03-28T15:42:46.064798Z'], ['adrianosingolani', '2022-03-28T00:53:50.834832Z'], ['charlie85270', '2022-03-27T01:43:20.971117Z'], ['libengd', '2022-03-26T00:32:18.150961Z'], ['aditya98', '2022-03-26T10:29:00.886901Z'], ['emoo16', '2022-03-25T00:36:17.532828Z'], ['iamoracle', '2022-03-23T10:32:15.467388Z'], ['vividwood', '2022-03-21T18:32:35.405531Z'], ['cryptoster', '2022-03-18T13:41:36.935505Z']]"
https://gitcoin.co/issue/28579,reach-sh,reach-lang,"[['pebanethato', '2022-05-11T18:23:42Z'], ['gconnect', '2022-04-22T16:45:56.391030Z'], ['nwakaku', '2022-04-21T14:54:07.787689Z'], ['temptemp3', '2022-03-26T10:07:29.811875Z'], ['jeapostrophe', '2022-03-23T04:12:05.765994Z']]"
https://gitcoin.co/issue/28578,fairDataSociety,WAM,"[['gitcoindev', '2022-03-18T20:53:40.026785Z']]"
https://gitcoin.co/issue/28569,c3exchange,hackalgo,"[['algodoggo', '2022-03-31T23:11:38Z'], ['gconnect', '2022-04-22T17:18:35.569043Z'], ['pfed-prog', '2022-04-22T05:52:00.987330Z'], ['gitcoindev', '2022-04-06T20:53:53.614196Z'], ['javier-rosas', '2022-04-01T17:03:04.878029Z'], ['algido', '2022-03-17T22:06:39.262909Z']]"
https://gitcoin.co/issue/28565,xBacked-DAO,xbacked-sdk,"[['nameblankslate', '2022-04-22T21:29:22Z'], ['yinkaenoch', '2022-05-03T08:43:31.655885Z'], ['ouromoros', '2022-04-21T14:38:06.392862Z']]"
https://gitcoin.co/issue/28564,Badger-Finance,gitcoin,"[['jack-the-pug', '2022-03-12T13:07:16Z'], ['recep9227', '2022-03-30T16:25:47.102719Z'], ['koksymaglo', '2022-03-24T22:11:25.416910Z'], ['ssgums', '2022-03-18T19:40:19.700503Z'], ['alexni245', '2022-03-12T16:42:30.013980Z'], ['oschleic', '2022-03-10T07:26:20.862897Z']]"
https://gitcoin.co/issue/28563,tinymanorg,tinyman-mobile-sdk,"[['synycboom', '2022-04-22T09:07:58Z'], ['soheil555', '2022-04-22T23:18:11.250299Z'], ['zedonboy', '2022-04-22T23:12:06.730925Z']]"
https://gitcoin.co/issue/28562,Folks-Finance,folks-finance-js-sdk,"[['karlxlee', '2022-04-13T16:47:47Z'], ['jaybee020', '2022-04-22T02:39:57Z'], ['synycboom', '2022-04-22T21:53:35Z'], ['gconnect', '2022-04-22T04:11:13.220855Z'], ['bc0x', '2022-04-20T14:13:08.502359Z'], ['ouromoros', '2022-04-20T13:42:49.380053Z'], ['soptq', '2022-03-17T08:47:35.694974Z']]"
https://gitcoin.co/issue/28561,bcnmy,hyphen-sdk,"[['flyinglimao', '2022-03-27T09:55:59Z'], ['en0c-026', '2022-03-30T19:57:47.187096Z'], ['shad-k', '2022-03-29T20:12:47.369144Z'], ['theehsansarshar', '2022-03-23T18:20:32.593352Z']]"
https://gitcoin.co/issue/28560,bcnmy,hyphen-sdk,"[['rajatbeladiya', '2022-03-25T20:09:41.845406Z']]"
https://gitcoin.co/issue/28559,bcnmy,mexa-sdk,"[['ysongh', '2022-03-30T23:58:28Z'], ['surroundingart64', '2022-03-29T21:11:18.170991Z']]"
https://gitcoin.co/issue/28556,Badger-Finance,gitcoin,"[['daviddrob', '2022-03-30T22:00:58.933168Z'], ['0xdhan', '2022-03-30T19:15:56.452135Z'], ['christopherdancy', '2022-03-29T14:11:15.181162Z'], ['jack-the-pug', '2022-03-15T10:10:09.382829Z'], ['sunnyrk', '2022-03-11T20:30:49.172127Z']]"
https://gitcoin.co/issue/28554,Badger-Finance,gitcoin,"[['taknev83', '2022-03-30T20:57:01.909372Z'], ['twpony', '2022-03-30T13:45:41.151785Z'], ['oschleic', '2022-03-30T05:12:41.933315Z']]"
https://gitcoin.co/issue/28553,Badger-Finance,gitcoin,"[['ajand', '2022-03-30T23:43:36.534140Z'], ['trungtin', '2022-03-30T09:08:32.680650Z'], ['jack-the-pug', '2022-03-21T13:09:08.144357Z']]"
https://gitcoin.co/issue/28551,covalenthq,covalent-gitcoin-bounties,"[['drewcook', '2022-03-31T19:11:22Z'], ['pycomet', '2022-03-29T23:04:39Z'], ['electrone901', '2022-03-30T23:57:31Z'], ['marcialarturo', '2022-03-30T06:13:21Z'], ['nonitmittal', '2022-03-31T03:21:58.485140Z'], ['dezzydez007', '2022-03-30T23:06:28.434292Z'], ['gregtrifan', '2022-03-29T16:38:26.344427Z'], ['koksymaglo', '2022-03-24T22:22:30.765690Z']]"
https://gitcoin.co/issue/28550,covalenthq,covalent-gitcoin-bounties,"[['layinka', '2022-03-29T12:35:46Z'], ['webroyit', '2022-03-30T21:04:25Z'], ['akbaridria', '2022-03-29T22:54:50Z'], ['flyinglimao', '2022-03-30T03:02:13Z'], ['sabelomkhwanzi', '2022-03-30T12:11:41Z'], ['tans', '2022-03-30T20:37:09Z'], ['laurenkumar', '2022-03-18T16:31:00Z'], ['rahulbansal123', '2022-03-30T22:15:20Z'], ['hossein-79', '2022-03-30T22:53:42Z'], ['dezzydez007', '2022-03-30T21:02:11.810981Z']]"
https://gitcoin.co/issue/28549,cyberconnecthq,Gitcoin-Hackathon,"[['wrybakiewicz', '2022-03-30T19:08:25.741437Z'], ['dtiv', '2022-03-30T18:26:24.740603Z'], ['ritikdhasmana', '2022-03-29T15:28:37.219999Z']]"
https://gitcoin.co/issue/28548,cyberconnecthq,Gitcoin-Hackathon,"[['robyn3choi', '2022-03-29T23:35:52.757446Z'], ['soptq', '2022-03-12T15:52:27.080990Z'], ['zappingmadnnes', '2022-03-26T12:22:26.717901Z'], ['wander1ust', '2022-03-30T23:39:13.438500Z'], ['seeergo', '2022-03-21T19:21:40.887029Z']]"
https://gitcoin.co/issue/28547,subquery,developer-guild,"[['zedonboy', '2022-03-30T20:49:53.706888Z']]"
https://gitcoin.co/issue/28546,XDCFoundation,Hackathon-GR13,"[['shepherliu', '2022-03-30T09:57:14Z'], ['lyledavids', '2022-03-30T18:19:31Z'], ['mwbailey', '2022-03-30T23:44:05Z'], ['ballagoes', '2022-03-21T10:01:05.550221Z']]"
https://gitcoin.co/issue/28544,shapeshift,unchained,"[['boyin0x', '2022-03-15T18:12:50.809488Z']]"
https://gitcoin.co/issue/28537,DimensionDev,Maskbook,[]
https://gitcoin.co/issue/28536,vitelabs,bounties,"[['kaffinpx', '2022-04-04T20:06:17Z'], ['0xkarl', '2022-04-08T13:45:23Z'], ['nonitmittal', '2022-03-31T03:14:16.810342Z'], ['sholance', '2022-03-30T20:45:11.989341Z'], ['hritikb27', '2022-03-30T19:26:15.165601Z'], ['esdras-santos', '2022-03-30T02:04:07.757966Z'], ['laurenkumar', '2022-03-18T16:23:08.304374Z'], ['ballagoes', '2022-03-15T08:23:55.781835Z']]"
https://gitcoin.co/issue/28535,vitelabs,bounties,"[['zappingmadnnes', '2022-03-30T10:11:42Z'], ['samuelemarro', '2022-03-15T00:44:29Z'], ['ufe-pr', '2022-03-30T14:56:09Z'], ['aman035', '2022-03-30T21:22:41.244548Z']]"
https://gitcoin.co/issue/28534,vitelabs,bounties,"[['bismarckuxui', '2022-03-30T00:31:41Z'], ['wittyambivert', '2022-03-29T13:41:17Z'], ['lesserhatch', '2022-03-14T20:05:25Z'], ['sonika-25', '2022-03-30T05:52:06Z'], ['samuelemarro', '2022-03-30T14:37:41Z'], ['ufe-pr', '2022-03-29T15:29:31Z'], ['nma06', '2022-03-27T14:29:26Z']]"
https://gitcoin.co/issue/28533,vitelabs,bounties,"[['newman0x', '2022-03-30T10:44:56Z'], ['sonika-25', '2022-03-30T06:34:45Z'], ['adelana001', '2022-03-25T21:36:23Z'], ['ufe-pr', '2022-03-25T15:17:22Z'], ['samuelemarro', '2022-03-28T08:38:20Z']]"
https://gitcoin.co/issue/28532,vitelabs,bounties,"[['adelana001', '2022-03-29T11:01:02Z'], ['ufe-pr', '2022-03-27T19:18:16Z'], ['samuelemarro', '2022-03-14T15:49:12Z'], ['nma06', '2022-03-29T16:21:20Z']]"
https://gitcoin.co/issue/28531,subquery,developer-guild,"[['singulart', '2022-03-30T08:10:38Z'], ['unicornideas', '2022-03-30T19:32:20Z'], ['seeergo', '2022-03-28T08:42:02.266052Z']]"
https://gitcoin.co/issue/28530,subquery,developer-guild,"[['spitko', '2022-03-20T05:45:09Z']]"
https://gitcoin.co/issue/28529,subquery,developer-guild,"[['lpaydat', '2022-03-22T09:15:16Z'], ['spitko', '2022-03-22T15:29:43Z']]"
https://gitcoin.co/issue/28527,DimensionDev,Maskbook,"[['developerfred', '2022-03-18T21:21:18Z']]"
https://gitcoin.co/issue/28526,DimensionDev,Maskbook,[]
https://gitcoin.co/issue/28524,DimensionDev,Maskbook,[]
https://gitcoin.co/issue/28504,DimensionDev,Maskbook,[]
https://gitcoin.co/issue/28503,DimensionDev,Maskbook,[]
https://gitcoin.co/issue/28502,DimensionDev,Maskbook,[]
https://gitcoin.co/issue/28499,DimensionDev,Maskbook,[]
https://gitcoin.co/issue/28478,DimensionDev,Maskbook,[]
https://gitcoin.co/issue/28470,DimensionDev,Maskbook,[]
https://gitcoin.co/issue/28465,shapeshift,unchained,"[['trungtin', '2022-03-09T17:54:54.249469Z']]"
https://gitcoin.co/issue/28462,waku-org,js-waku,"[['soptq', '2022-03-17T08:44:25.793153Z']]"
https://gitcoin.co/issue/27883,shapeshift,web,"[['soptq', '2022-03-05T16:00:04.145416Z']]"
https://gitcoin.co/issue/27881,nervosnetwork,grants,[]
https://gitcoin.co/issue/27880,nervosnetwork,grants,"[['fgfm999', '2022-03-28T12:15:21Z']]"
https://gitcoin.co/issue/27879,nervosnetwork,grants,"[['dezzyboy', '2022-03-30T02:24:11.392385Z'], ['esdras-santos', '2022-03-29T23:07:42.239530Z']]"
https://gitcoin.co/issue/27878,nervosnetwork,grants,"[['fsy412', '2022-03-30T18:04:12Z'], ['blossom124324', '2022-03-30T16:25:17Z'], ['sagar133', '2022-03-31T07:33:29.532278Z'], ['moolahdapps', '2022-03-30T23:49:46.783456Z'], ['shepherliu', '2022-03-30T14:40:05.724054Z'], ['faithful1ofall', '2022-03-19T18:19:38.114951Z']]"
https://gitcoin.co/issue/27877,nervosnetwork,grants,"[['dezzyboy', '2022-03-22T02:12:17Z'], ['esdras-santos', '2022-03-29T23:09:45.851766Z'], ['fgfm999', '2022-03-24T07:03:49.798854Z']]"
https://gitcoin.co/issue/27853,shapeshift,web,"[['neomaking', '2022-03-04T18:38:19.940993Z']]"
https://gitcoin.co/issue/27852,shapeshift,web,"[['stackedq', '2022-03-17T21:26:40.863009Z']]"
https://gitcoin.co/issue/27850,shapeshift,web,"[['trungtin', '2022-03-04T08:32:16.648078Z']]"
https://gitcoin.co/issue/27849,shapeshift,web,"[['ervindimitri', '2022-03-12T20:02:51.632957Z']]"
https://gitcoin.co/issue/27848,fairDataSociety,WAM,"[['k1s0', '2022-03-19T16:50:33.932330Z'], ['shepherliu', '2022-03-04T03:57:20.970108Z'], ['vedantgit', '2022-03-19T18:24:09.936991Z'], ['iuzunma', '2022-03-19T23:46:18.065925Z'], ['rahulbansal123', '2022-03-19T20:57:36.992777Z'], ['ray-blue', '2022-03-19T08:15:20.154564Z'], ['leosiiii', '2022-03-18T17:53:43.598485Z'], ['adeleke5140', '2022-03-18T16:52:50.272897Z'], ['datphamton', '2022-03-18T07:17:57.163928Z'], ['calebtuttle', '2022-03-06T03:25:23.963903Z']]"
https://gitcoin.co/issue/27845,fairDataSociety,WAM,"[['asabya', '2022-03-19T05:46:09.150284Z'], ['pizzooid', '2022-03-19T20:37:11.721985Z'], ['r0qs', '2022-03-19T19:55:21.820818Z'], ['shepherliu', '2022-03-19T11:13:32.640262Z']]"
https://gitcoin.co/issue/27844,fairDataSociety,WAM,"[['edgarbarrantes', '2022-03-19T02:48:18.413997Z'], ['r0qs', '2022-03-19T19:54:07.107187Z'], ['tnkrxyz', '2022-03-19T18:35:15.094339Z'], ['asabya', '2022-03-19T11:21:58.887326Z'], ['shepherliu', '2022-03-06T14:22:46.037928Z']]"
https://gitcoin.co/issue/27841,fairDataSociety,WAM,"[['manotien', '2022-03-19T18:21:15.008265Z'], ['adeleke5140', '2022-03-18T17:53:11.397995Z'], ['henricow', '2022-03-19T20:40:51.488857Z'], ['hnihsan', '2022-03-19T16:17:45.583894Z'], ['developer-piyush', '2022-03-19T13:40:03.833400Z'], ['deosaju', '2022-03-18T17:20:14.529113Z'], ['marcusholloway7', '2022-03-18T17:11:43.011180Z'], ['laurenkumar', '2022-03-18T15:44:11.528655Z']]"
https://gitcoin.co/issue/27840,fairDataSociety,WAM,[]
https://gitcoin.co/issue/27839,fairDataSociety,WAM,"[['laurenkumar', '2022-03-12T10:21:44.175411Z'], ['d0nc0de', '2022-03-19T21:03:58.779073Z'], ['admin-x-code', '2022-03-19T19:20:30.036088Z'], ['walterwhites', '2022-03-20T22:36:18.763154Z'], ['deosaju', '2022-03-18T17:41:07.039664Z'], ['plur9', '2022-03-05T11:18:05.723903Z']]"
https://gitcoin.co/issue/27838,fairDataSociety,WAM,"[['loutre166', '2022-03-19T22:05:51.813635Z'], ['0xbeedao', '2022-03-07T19:50:14.304715Z'], ['isharif', '2022-03-19T20:46:31.098635Z'], ['d0nc0de', '2022-03-19T20:58:36.468248Z'], ['gmiezitis', '2022-03-19T18:50:29.430691Z'], ['m1elnikofff', '2022-03-19T09:19:55.109478Z'], ['ray-blue', '2022-03-19T08:55:42.429508Z'], ['async-dime', '2022-03-18T09:34:47.339120Z'], ['k1s0', '2022-03-18T00:45:31.802922Z'], ['en0c-026', '2022-03-17T14:13:41.352008Z'], ['parpika', '2022-03-17T11:25:08.706418Z'], ['zxx9', '2022-03-14T19:25:06.263878Z'], ['eugenesan1', '2022-03-14T18:30:15.224455Z'], ['admin-x-code', '2022-03-14T15:25:05.040899Z'], ['sacshin', '2022-03-08T00:42:50.444126Z'], ['chenraz', '2022-03-06T19:05:46.282379Z'], ['shepherliu', '2022-03-03T15:36:29.648863Z']]"
https://gitcoin.co/issue/27837,fairDataSociety,WAM,"[['shepherliu', '2022-03-11T14:41:01.550578Z']]"
https://gitcoin.co/issue/27836,fairDataSociety,WAM,"[['shepherliu', '2022-03-17T17:01:08.720688Z'], ['ikalonji', '2022-03-19T22:00:11.746893Z']]"
https://gitcoin.co/issue/27834,fairDataSociety,WAM,"[['laurenkumar', '2022-03-18T18:02:58.844190Z'], ['d0nc0de', '2022-03-19T21:02:19.151669Z'], ['admin-x-code', '2022-03-19T19:42:16.570052Z'], ['walterwhites', '2022-03-20T19:19:14.885488Z'], ['ray-blue', '2022-03-19T20:34:51.624274Z']]"
https://gitcoin.co/issue/27833,fairDataSociety,WAM,"[['cryptotwilight', '2022-03-19T20:48:13.971255Z'], ['thisispalash', '2022-03-16T14:30:20.725460Z'], ['pavik17', '2022-03-20T00:23:27.147496Z'], ['miaskoipastet', '2022-03-20T00:08:57.390721Z'], ['iuzunma', '2022-03-19T23:48:47.660491Z'], ['isharif', '2022-03-19T23:45:57.878681Z'], ['wander1ust', '2022-03-19T23:28:56.978020Z'], ['joggyjagz7', '2022-03-19T22:47:19.502503Z'], ['d0nc0de', '2022-03-19T20:43:33.303460Z'], ['vedantgit', '2022-03-19T18:14:37.610534Z'], ['admin-x-code', '2022-03-19T13:57:27.749257Z'], ['k1s0', '2022-03-19T01:04:12.788523Z'], ['onryldz08', '2022-03-18T14:32:03.359179Z'], ['ray-blue', '2022-03-17T17:36:55.528034Z'], ['eugenesan1', '2022-03-17T09:11:17.783132Z'], ['shepherliu', '2022-03-04T07:33:49.156406Z']]"
https://gitcoin.co/issue/27832,fairDataSociety,WAM,"[['rahulbansal123', '2022-03-19T08:12:56.134878Z'], ['adeleke5140', '2022-03-17T03:04:05.303998Z'], ['d0nc0de', '2022-03-19T20:46:01.268736Z'], ['k1s0', '2022-03-17T23:19:11.428102Z'], ['wander1ust', '2022-03-19T23:39:37.606293Z'], ['ivanmolto', '2022-03-19T22:32:22.149029Z'], ['admin-x-code', '2022-03-19T21:11:01.815863Z'], ['crtahlin', '2022-03-19T14:14:19.307492Z'], ['bash-hash-run', '2022-03-19T12:56:47.945726Z'], ['igar1991', '2022-03-19T09:16:07.685684Z'], ['onryldz08', '2022-03-18T14:14:57.426458Z'], ['bugme-not', '2022-03-17T16:24:51.338446Z'], ['async-dime', '2022-03-17T11:47:32.150381Z'], ['deosaju', '2022-03-17T07:22:32.181485Z'], ['gmiezitis', '2022-03-15T19:13:21.208995Z'], ['skydraw', '2022-03-14T19:07:47.917878Z'], ['zxx9', '2022-03-14T08:52:48.161249Z'], ['wahyu243', '2022-03-14T03:02:39.584502Z'], ['parpika', '2022-03-12T15:37:48.201356Z'], ['m1elnikofff', '2022-03-10T09:29:19.879086Z'], ['marcusholloway7', '2022-03-08T17:23:29.638797Z'], ['sidharthpunathil', '2022-03-08T17:14:09.059754Z'], ['eugenesan1', '2022-03-06T19:23:12.310366Z'], ['payjoe93', '2022-03-06T18:20:40.808500Z'], ['shepherliu', '2022-03-04T12:18:47.583834Z']]"
https://gitcoin.co/issue/27831,fairDataSociety,WAM,"[['hnihsan', '2022-03-17T14:58:17.924312Z'], ['shepherliu', '2022-03-15T06:10:33.040815Z']]"
https://gitcoin.co/issue/27830,fairDataSociety,WAM,"[['ballagoes', '2022-04-08T21:09:45.492011Z'], ['manotien', '2022-03-19T18:22:08.511858Z'], ['r0qs', '2022-03-19T19:53:01.406746Z'], ['iuzunma', '2022-03-19T23:54:46.824450Z'], ['ikalonji', '2022-03-19T22:02:11.890384Z'], ['leosiiii', '2022-03-19T06:40:40.724634Z'], ['henricow', '2022-03-19T00:07:10.030414Z'], ['faithful1ofall', '2022-03-18T23:07:08.769613Z'], ['laurenkumar', '2022-03-18T17:56:03.754926Z'], ['deosaju', '2022-03-18T17:46:19.887678Z'], ['rezahsnz', '2022-03-17T14:46:01.823128Z'], ['redaops', '2022-03-13T01:56:59.562781Z'], ['shepherliu', '2022-03-11T02:41:04.446483Z']]"
https://gitcoin.co/issue/27829,Jameel139,Bounties,"[['ervindimitri', '2022-03-08T17:24:39.048191Z']]"
https://gitcoin.co/issue/27826,fairDataSociety,WAM,"[['rezahsnz', '2022-03-17T14:50:58.473195Z'], ['soheil555', '2022-03-19T17:09:48.067411Z'], ['giraffekey', '2022-03-18T22:00:27.316242Z'], ['ikalonji', '2022-03-16T12:51:25.148245Z'], ['shepherliu', '2022-03-16T04:42:26.324029Z'], ['jusonalien', '2022-03-13T08:34:46.982414Z']]"
https://gitcoin.co/issue/27825,fairDataSociety,WAM,"[['hnihsan', '2022-03-19T20:27:20.304969Z'], ['henricow', '2022-03-19T21:17:32.281040Z'], ['async-dime', '2022-03-19T17:08:12.396826Z'], ['lexycole', '2022-03-18T23:04:29.745217Z'], ['adeleke5140', '2022-03-16T13:19:25.722510Z']]"
https://gitcoin.co/issue/27824,fairDataSociety,WAM,"[['shepherliu', '2022-03-04T06:01:42.077221Z'], ['mikiki22', '2022-03-20T00:08:19.173284Z'], ['payjoe93', '2022-03-19T19:23:21.950425Z'], ['parpika', '2022-03-19T19:17:37.329148Z'], ['vedantgit', '2022-03-19T18:17:42.156601Z'], ['eugenesan1', '2022-03-17T14:55:01.778402Z']]"
https://gitcoin.co/issue/27822,fairDataSociety,WAM,"[['kelvinpraises', '2022-03-20T00:16:10.693547Z']]"
https://gitcoin.co/issue/27818,Badger-Finance,gitcoin,"[['namelsking', '2022-03-01T18:07:22.793951Z'], ['gitcoin111', '2022-03-03T18:55:23.078905Z']]"
https://gitcoin.co/issue/27816,shapeshift,web,"[['chxash', '2022-03-03T17:11:37.196179Z']]"
https://gitcoin.co/issue/27769,shapeshift,web,"[['stackedq', '2022-02-22T14:03:52.949727Z']]"
https://gitcoin.co/issue/27754,CreativerseMC,CreativerseMC-Plugin,"[['ddahon', '2022-02-26T03:13:32.645196Z']]"
https://gitcoin.co/issue/27753,1kxnetwork,codelessconduct,"[['missgorgeoustech', '2022-03-09T23:20:10Z'], ['liquid-glass', '2022-02-26T07:48:40.151994Z'], ['marcusholloway7', '2022-02-25T17:02:40.679747Z'], ['sidharthpunathil', '2022-02-25T16:56:10.154454Z'], ['kingphoat18', '2022-03-03T09:59:48.258415Z'], ['chefash', '2022-03-03T16:58:53.070273Z'], ['selversenguler', '2022-03-10T00:06:07.845384Z']]"
https://gitcoin.co/issue/27752,1kxnetwork,codelessconduct,"[['iheanyi1', '2022-03-08T06:06:31.956215Z'], ['akbaridria', '2022-03-07T18:08:35.781335Z'], ['bizzyvinci', '2022-03-07T17:12:13.614150Z'], ['tonykipkemboi', '2022-03-09T01:50:22.553419Z'], ['isabelgeek', '2022-03-09T21:12:18.149418Z'], ['ivanmolto', '2022-03-09T22:52:34.894144Z'], ['gitcoindev', '2022-03-10T23:05:08.169789Z'], ['nikhilverma360', '2022-03-09T19:13:55.984197Z']]"
https://gitcoin.co/issue/27751,1kxnetwork,codelessconduct,"[['kouei-lin', '2022-03-02T00:51:39Z'], ['trainerhol', '2022-03-09T19:38:46.283328Z'], ['iuzunma', '2022-03-09T21:43:34.980070Z'], ['michemcc', '2022-03-09T21:59:08.878715Z'], ['kingphoat18', '2022-03-04T09:10:28.337054Z'], ['iotaaxel', '2022-03-06T03:48:19.153530Z'], ['maricryp', '2022-03-09T23:17:34.248262Z'], ['alexanderkoh', '2022-03-09T22:46:25.819465Z'], ['rohitmalekar', '2022-03-09T22:12:36.717175Z'], ['robinnagpal', '2022-03-11T23:24:33.224864Z'], ['mosgov', '2022-03-09T18:31:23.454272Z'], ['bayraqi', '2022-03-09T04:03:44.063465Z'], ['leosiiii', '2022-03-06T18:39:37.428277Z']]"
https://gitcoin.co/issue/27750,1kxnetwork,codelessconduct,"[['0xfuje', '2022-03-06T08:37:39.264839Z'], ['adelana001', '2022-02-24T08:54:53.926001Z'], ['yemyat', '2022-02-26T08:18:02.689374Z'], ['wittyambivert', '2022-03-08T19:12:32.588854Z'], ['lessthen-eth', '2022-03-09T11:11:06.618011Z'], ['exezbcz', '2022-03-06T15:00:29.240857Z'], ['manapixels', '2022-03-01T04:47:14.507156Z'], ['almoloo', '2022-03-09T22:06:19.576573Z'], ['tonythezio', '2022-03-09T23:56:11.808629Z'], ['lyledavids', '2022-03-09T22:26:00.760212Z'], ['barszczewskii', '2022-03-09T20:28:33.233726Z'], ['nikhilverma360', '2022-03-09T19:39:32.723841Z'], ['fatfly93', '2022-03-09T05:50:39.935530Z'], ['ufe-pr', '2022-03-08T21:10:53.128983Z'], ['kavishsethi89', '2022-03-08T17:17:14.326340Z'], ['wahyu243', '2022-03-08T02:29:25.163599Z'], ['mandril1', '2022-03-07T11:52:39.298346Z'], ['artespraticas', '2022-03-03T19:04:06.789800Z'], ['malden2', '2022-03-02T23:42:59.785666Z'], ['codegician', '2022-02-24T19:46:47.948911Z'], ['duthperod', '2022-02-23T11:41:25.157908Z']]"
https://gitcoin.co/issue/27749,1kxnetwork,codelessconduct,"[['isharif', '2022-03-09T23:32:39Z'], ['ilberalios', '2022-03-09T11:26:34Z'], ['koptegm', '2022-03-08T23:10:55Z'], ['gkdapp', '2022-03-09T18:22:12Z'], ['mrwildcat7', '2022-03-09T23:08:03Z'], ['nikhilverma360', '2022-03-09T19:32:50.037032Z'], ['mosgov', '2022-03-09T18:32:08.210891Z'], ['iheanyi1', '2022-03-08T13:36:55.022334Z']]"
https://gitcoin.co/issue/27748,1kxnetwork,codelessconduct,"[['kouei-lin', '2022-02-27T09:17:23Z'], ['trainerhol', '2022-03-09T22:49:49Z'], ['lessthen-eth', '2022-03-06T15:27:29.099654Z'], ['0xfuje', '2022-03-04T09:25:37.778084Z'], ['iheanyi1', '2022-03-09T01:37:31.442084Z'], ['wander1ust', '2022-03-09T23:55:05.821324Z'], ['tonythezio', '2022-03-09T21:52:35.434474Z'], ['gitty-zephyr', '2022-03-09T14:50:15.081223Z'], ['solexj1000', '2022-03-09T23:39:57.778300Z'], ['chefash', '2022-03-06T11:13:44.150121Z'], ['robinnagpal', '2022-03-11T23:27:25.682921Z'], ['mosgov', '2022-03-09T18:20:28.352385Z'], ['cryptoblarabi', '2022-03-09T13:36:37.065948Z'], ['iotaaxel', '2022-03-07T00:18:04.422062Z'], ['liquid-glass', '2022-03-04T23:46:52.140498Z']]"
https://gitcoin.co/issue/27697,withtally,CC_Hackathon,"[['iuzunma', '2022-03-09T18:14:46.652868Z'], ['tonythezio', '2022-03-09T23:44:56.936132Z'], ['ashimonye', '2022-03-09T21:55:08.422404Z'], ['boredstray', '2022-03-09T21:22:54.665135Z'], ['chefash', '2022-03-09T18:44:12.549806Z'], ['zenithlel', '2022-03-09T02:39:43.180491Z'], ['sergism77', '2022-02-24T13:40:04.247391Z'], ['domik20', '2022-03-08T18:39:09.930429Z'], ['buyasan', '2022-03-05T10:40:09.368520Z'], ['0xcii', '2022-02-26T14:15:53.330848Z'], ['itssunny322', '2022-02-26T09:59:21.080306Z'], ['neel2904', '2022-02-20T05:54:06.290945Z'], ['rusdyn', '2022-02-18T20:40:58.970461Z'], ['michemcc', '2022-02-18T17:36:49.362264Z'], ['dzuqe', '2022-02-18T15:07:09.892359Z']]"
https://gitcoin.co/issue/27694,deri-protocol,bounty-program,"[['zeplish', '2022-02-23T09:42:55.403435Z'], ['z3ltrex', '2022-02-18T17:47:05.486105Z']]"
https://gitcoin.co/issue/27693,deri-protocol,bounty-program,"[['khafidprayoga', '2022-02-16T11:39:57.476220Z']]"
https://gitcoin.co/issue/27690,deri-protocol,bounty-program,"[['khafidprayoga', '2022-02-16T11:39:22.970196Z']]"
https://gitcoin.co/issue/27684,shapeshift,web,"[['visitskyworld', '2022-02-17T14:37:24.030710Z']]"
https://gitcoin.co/issue/27683,shapeshift,web,"[['stackedq', '2022-02-19T22:26:14.511971Z']]"
https://gitcoin.co/issue/27682,shapeshift,lib,"[['soptq', '2022-02-17T08:36:07.480273Z']]"
https://gitcoin.co/issue/27680,shapeshift,lib,"[['neomaking', '2022-02-15T23:32:08.648653Z']]"
https://gitcoin.co/issue/27679,shapeshift,lib,"[['visitskyworld', '2022-02-16T23:42:50.639162Z']]"
https://gitcoin.co/issue/27677,withtally,CC_Hackathon,"[['jan-o-e', '2022-03-09T15:04:23.852275Z'], ['t-phoenix', '2022-03-11T10:48:11.614576Z'], ['ify01', '2022-03-09T04:06:14.293428Z'], ['kingphoat18', '2022-03-08T11:08:08.714399Z'], ['iheanyi1', '2022-03-05T17:53:39.309868Z'], ['solexj1000', '2022-03-01T22:41:03.338478Z'], ['malden2', '2022-03-01T20:34:46.311763Z'], ['ayush20', '2022-03-01T08:22:46.610724Z']]"
https://gitcoin.co/issue/27674,withtally,CC_Hackathon,"[['zenithlel', '2022-03-08T19:24:17Z'], ['svskaushik', '2022-03-09T22:09:45.466348Z'], ['d0nc0de', '2022-03-09T23:49:58.454226Z'], ['tonythezio', '2022-03-09T23:31:51.685687Z'], ['hiakanksha', '2022-03-09T23:23:19.035970Z'], ['iuzunma', '2022-03-09T22:23:55.424931Z'], ['missgorgeoustech', '2022-03-09T22:19:12.357797Z'], ['shantanu-singh', '2022-03-09T16:08:18.217521Z'], ['wisnuaditya0', '2022-03-09T14:51:51.039401Z'], ['tclxmd', '2022-03-09T13:53:15.752958Z'], ['ndibeafamefuna', '2022-03-09T11:34:01.522490Z'], ['mandril1', '2022-03-09T05:50:48.889329Z'], ['domik20', '2022-03-08T19:15:56.894419Z'], ['bismarckuxui', '2022-03-08T16:25:30.577771Z'], ['tchkvsky', '2022-03-08T13:13:54.524386Z'], ['boredstray', '2022-03-04T16:16:53.802832Z'], ['chefash', '2022-03-02T09:14:43.957983Z'], ['0xcryptochronic', '2022-02-27T23:28:41.440585Z'], ['isfanafely', '2022-02-23T16:20:52.894559Z']]"
https://gitcoin.co/issue/27673,gitcoinco,skunkworks,"[['josiahwebb', '2022-02-15T22:41:50Z'], ['jahnsson', '2022-02-15T21:10:14Z'], ['zenithlel', '2022-02-15T21:42:23Z'], ['ingikim', '2022-02-15T22:38:40Z'], ['erikbjare', '2022-02-15T22:39:20Z'], ['darrylyeo', '2022-02-15T22:38:54Z'], ['kristinayige', '2022-02-15T22:39:03Z'], ['ufkhan97', '2022-02-15T22:39:13Z'], ['michaelgreen06', '2022-02-15T22:39:31Z'], ['youronlinefriend', '2022-02-15T22:40:43Z'], ['explorergeek', '2022-02-15T22:40:22Z'], ['umphams', '2022-02-15T22:43:24Z'], ['arunphilips', '2022-02-15T22:43:18Z'], ['dghelm', '2022-02-15T22:43:57Z'], ['dan-avel', '2022-02-15T22:46:36Z'], ['jscottoz', '2022-02-15T22:55:59Z'], ['spiritupbro', '2022-02-15T22:57:20Z'], ['douglasqian', '2022-02-15T22:59:25Z'], ['mohamad1371', '2022-02-16T06:01:37Z'], ['binsta', '2022-02-16T12:11:36Z'], ['1766left', '2022-02-17T02:48:52Z'], ['nuhhtyy', '2022-02-15T22:41:54Z']]"
https://gitcoin.co/issue/27670,shapeshift,web,"[['stackedq', '2022-02-15T10:28:41.845147Z']]"
https://gitcoin.co/issue/27667,shapeshift,lib,"[['chxash', '2022-02-15T16:48:28.629918Z']]"
https://gitcoin.co/issue/27657,shapeshift,lib,"[['stackedq', '2022-02-25T18:53:03Z'], ['amitojsingh366', '2022-02-12T01:15:47.026535Z']]"
https://gitcoin.co/issue/27654,ARK-Builders,arklib,"[['zannis', '2022-02-22T16:35:18.074341Z']]"
https://gitcoin.co/issue/27653,fairDataSociety,galileo,"[['gitcoindev', '2022-02-21T21:41:22.066273Z']]"
https://gitcoin.co/issue/27650,hoprnet,hoprnet,"[['0xmrh', '2022-02-14T16:24:09.453381Z']]"
https://gitcoin.co/issue/27649,hoprnet,hoprnet,"[['szczebel1995', '2022-03-28T12:13:45.184683Z']]"
https://gitcoin.co/issue/27643,hoprnet,hoprnet,"[['anicolaides', '2022-03-22T13:38:58.339999Z']]"
https://gitcoin.co/issue/27638,foresight-org,gitcoin-bounties,"[['davidmanheim', '2022-02-17T20:34:13Z'], ['mmarmmo', '2022-05-26T18:08:47.812984Z'], ['caryoscelus', '2022-03-28T18:28:46.292724Z'], ['florabene78', '2022-03-25T14:44:36.393425Z'], ['leximits', '2022-03-20T22:14:44.784144Z'], ['worldsaround', '2022-03-06T20:53:08.492581Z'], ['michhuan', '2022-02-20T11:25:35.011522Z'], ['michemcc', '2022-02-19T14:10:43.448059Z'], ['kaimicahmills', '2022-02-18T00:02:42.620354Z'], ['ryancarey', '2022-02-17T21:58:08.187998Z'], ['limchiahau', '2022-02-17T08:10:05.468574Z'], ['zannis', '2022-02-15T01:08:48.909647Z'], ['rzvl', '2022-02-14T22:28:52.962091Z'], ['dale-q', '2022-02-14T21:35:03.690052Z'], ['rezahsnz', '2022-02-14T09:57:24.968874Z'], ['bischcoin', '2022-02-14T01:20:36.879616Z'], ['rshar95', '2022-02-13T20:08:09.381149Z'], ['cyber-bot', '2022-02-12T05:05:54.015895Z'], ['okeaguugochukwu', '2022-02-11T18:16:02.703214Z'], ['ify01', '2022-02-11T16:01:39.091670Z'], ['abuchtela', '2022-02-11T16:00:46.794531Z'], ['ellhe-blaster', '2022-02-10T17:25:13.119819Z']]"
https://gitcoin.co/issue/27630,foresight-org,gitcoin-bounties,"[['ify01', '2022-03-31T00:48:58Z'], ['okeaguugochukwu', '2022-03-26T19:34:16.159827Z']]"
https://gitcoin.co/issue/27628,foresight-org,gitcoin-bounties,"[['okeaguugochukwu', '2022-03-29T17:22:19Z'], ['ezeobi', '2022-04-09T21:05:10.768316Z'], ['marcusboyds', '2022-05-14T03:51:55.279406Z'], ['swatchen', '2022-05-13T18:30:38.599076Z'], ['astadaniel2', '2022-04-29T00:29:40.811666Z'], ['ogwokalu', '2022-04-01T08:04:35.824490Z'], ['ify01', '2022-04-01T01:09:35.112450Z']]"
https://gitcoin.co/issue/27627,foresight-org,gitcoin-bounties,"[['batz12', '2022-04-14T07:45:11Z'], ['johnds01', '2022-05-13T18:49:28.174802Z'], ['davlock', '2022-04-12T01:50:34.695237Z'], ['ezeobi', '2022-04-09T17:59:24.606770Z'], ['ogwokalu', '2022-03-30T21:04:43.848988Z'], ['astadaniel2', '2022-03-29T10:01:55.682658Z'], ['nanopunk', '2022-02-14T12:04:28.689053Z'], ['cyber-bot', '2022-02-12T06:59:33.405733Z'], ['ify01', '2022-02-12T02:45:15.965641Z'], ['okeaguugochukwu', '2022-02-11T15:08:20.176147Z']]"
https://gitcoin.co/issue/27619,shapeshift,web,"[['ufe-pr', '2022-03-02T21:21:01Z']]"
https://gitcoin.co/issue/27618,shapeshift,web,"[['stackedq', '2022-02-10T16:39:33Z']]"
https://gitcoin.co/issue/27617,shapeshift,web,"[['amitojsingh366', '2022-02-11T08:21:43Z']]"
https://gitcoin.co/issue/27616,shapeshift,web,"[['abaqai', '2022-02-25T22:33:25Z']]"
https://gitcoin.co/issue/27614,shapeshift,web,"[['amitojsingh366', '2022-02-14T15:51:56Z']]"
https://gitcoin.co/issue/27613,algorandfoundation,grow-algorand,"[['damees', '2022-03-27T00:10:36.035212Z'], ['gconnect', '2022-03-26T02:08:23.970105Z'], ['pmartinez8241', '2022-03-14T01:40:31.999102Z'], ['wesleymiller1998', '2022-03-02T17:23:23.486933Z'], ['jgomezst', '2022-02-21T21:50:48.894190Z']]"
https://gitcoin.co/issue/27612,shapeshift,web,"[['soptq', '2022-02-15T02:35:30Z']]"
https://gitcoin.co/issue/27603,fairDataSociety,galileo,"[['gitcoindev', '2022-03-11T20:27:41.831077Z']]"
https://gitcoin.co/issue/27602,fairDataSociety,fairdrive-theapp,"[['igar1991', '2022-05-06T18:19:12.872687Z']]"
https://gitcoin.co/issue/27595,shapeshift,web,"[['evandrosaturnino', '2022-02-09T02:17:24.719597Z']]"
https://gitcoin.co/issue/27594,shapeshift,web,"[['visitskyworld', '2022-02-05T15:30:00.497076Z']]"
https://gitcoin.co/issue/27593,shapeshift,web,"[['neomaking', '2022-03-19T16:26:04.632773Z']]"
https://gitcoin.co/issue/27592,shapeshift,web,"[['evandrosaturnino', '2022-02-09T02:18:58.134080Z']]"
https://gitcoin.co/issue/27589,shapeshift,web,"[['amitojsingh366', '2022-02-07T23:16:51.718485Z']]"
https://gitcoin.co/issue/27588,image-rs,image,"[['zhyd1997', '2022-02-03T20:27:43.872420Z']]"
https://gitcoin.co/issue/27587,diadata-org,diadata,"[['hhio618', '2022-02-04T21:09:32.790893Z']]"
https://gitcoin.co/issue/27575,uport-project,veramo,"[['stackedq', '2022-02-04T10:30:10.616238Z']]"
https://gitcoin.co/issue/27568,shapeshift,web,[]
https://gitcoin.co/issue/27567,shapeshift,web,"[['kaspars-gailitis', '2022-02-13T16:07:21.542207Z']]"
https://gitcoin.co/issue/27564,shapeshift,foxfarm,"[['amitojsingh366', '2022-02-01T01:27:35Z']]"
https://gitcoin.co/issue/27563,shapeshift,web,"[['chxash', '2022-02-16T17:52:25.925149Z']]"
https://gitcoin.co/issue/27562,shapeshift,web,"[['kaspars-gailitis', '2022-02-01T07:17:09.947160Z']]"
https://gitcoin.co/issue/27557,fairDataSociety,registry,[]
https://gitcoin.co/issue/27555,fairDataSociety,registry,"[['crtahlin', '2022-01-28T09:54:45.941503Z']]"
https://gitcoin.co/issue/27553,shapeshift,web,"[['amitojsingh366', '2022-01-27T23:26:37.770027Z']]"
https://gitcoin.co/issue/27550,ethereum-optimism,optimism,"[['kaspars-gailitis', '2022-01-29T08:57:13.868885Z']]"
https://gitcoin.co/issue/27549,algorandfoundation,grow-algorand,"[['algodoggo', '2022-02-24T19:50:34.048284Z'], ['noeljacob', '2022-03-17T05:21:30.744816Z'], ['gconnect', '2022-03-10T07:55:01.675241Z'], ['antony-ss', '2022-03-09T19:44:01.880324Z'], ['marcfresquet', '2022-02-24T19:14:08.058969Z']]"
https://gitcoin.co/issue/27544,shapeshift,web,"[['visitskyworld', '2022-02-24T15:52:02.318663Z']]"
https://gitcoin.co/issue/27537,mgrillo75,DeFiArtGame-BE,"[['amitojsingh366', '2022-01-21T21:56:47.179244Z']]"
https://gitcoin.co/issue/27535,shapeshift,web,"[['rbeer', '2022-01-26T18:49:39.443864Z']]"
https://gitcoin.co/issue/27534,shapeshift,web,"[['amitojsingh366', '2022-01-27T19:10:15.099647Z']]"
https://gitcoin.co/issue/27533,vitelabs,bounties,"[['0xkarl', '2022-03-15T22:12:40Z'], ['kaffinpx', '2022-02-07T20:11:42.723643Z']]"
https://gitcoin.co/issue/27528,mmmgtc,bounties,"[['lukerhoads', '2022-01-23T16:59:50.508156Z'], ['maksimjeet20566', '2022-02-09T19:40:51.512483Z'], ['abdurflash67', '2022-02-09T18:14:56.850840Z'], ['mjtbkh', '2022-02-09T15:38:42.607061Z'], ['avinashnayak27', '2022-02-09T03:08:00.457689Z'], ['william-weber', '2022-02-01T06:34:37.711035Z'], ['cyber-bot', '2022-02-08T04:36:30.541575Z'], ['okeaguugochukwu', '2022-01-23T20:26:08.556171Z'], ['hai-yr', '2022-01-21T03:54:42.096180Z'], ['ardiferdiansah07', '2022-01-20T22:01:46.247872Z']]"
https://gitcoin.co/issue/27526,Badger-Finance,gitcoin,"[['tburm', '2022-02-09T21:20:36Z'], ['iamcryptoboi', '2022-02-10T23:54:37.238619Z'], ['gallodasballo', '2022-02-09T22:20:17.188426Z']]"
https://gitcoin.co/issue/27521,mmmgtc,bounties,"[['rodimvs', '2022-02-07T08:36:05.886431Z'], ['bucko504', '2022-02-10T14:23:08.558896Z'], ['kissantas', '2022-02-11T00:13:39.858012Z'], ['snowdot', '2022-02-10T21:59:34.069346Z'], ['johnsence', '2022-02-10T19:43:12.471745Z'], ['sarahfard', '2022-02-10T14:24:02.515351Z'], ['azephiar', '2022-02-09T19:13:17.354640Z'], ['wahyu243', '2022-02-09T11:50:14.675500Z'], ['kavishsethi89', '2022-02-08T11:35:15.139390Z'], ['timi-graphicks', '2022-02-04T22:51:52.275901Z'], ['veronicastevany', '2022-02-03T15:47:09.983824Z'], ['payjoe93', '2022-02-02T16:39:05.333860Z'], ['pushpakraut', '2022-01-31T09:31:02.276341Z'], ['iheanyi1', '2022-01-26T22:48:17.537349Z']]"
https://gitcoin.co/issue/27518,cyberconnecthq,explorer-and-cyberconnected-dapps,"[['jayjiangeth', '2022-02-05T13:02:27.186398Z'], ['snowdot', '2022-02-10T00:10:04.044275Z'], ['strict-beauty', '2022-02-09T09:48:59.789020Z'], ['dtiv', '2022-02-09T19:50:18.589194Z']]"
https://gitcoin.co/issue/27517,cyberconnecthq,explorer-and-cyberconnected-dapps,"[['unicornideas', '2022-02-10T23:00:50.204138Z'], ['qoyyuum', '2022-02-10T08:15:37.321625Z'], ['visdauas', '2022-02-10T20:10:13.486621Z'], ['jethrof22', '2022-02-10T23:23:48.317298Z'], ['weiz16', '2022-02-10T20:54:16.910692Z'], ['imkrish7', '2022-02-10T19:37:53.732235Z'], ['michaelmuenzer', '2022-02-10T06:36:02.333392Z'], ['samixdev', '2022-02-10T00:04:12.301702Z']]"
https://gitcoin.co/issue/27515,shapeshift,hdwallet,"[['sadjosh', '2022-01-22T22:17:05.456775Z']]"
https://gitcoin.co/issue/27514,algorandfoundation,grow-algorand,"[['maadhav', '2022-02-10T14:11:44.078741Z'], ['pcharlesme', '2022-02-13T19:32:26.872243Z'], ['zedonboy', '2022-02-11T16:09:22.793179Z'], ['gregtrifan', '2022-02-10T19:16:24.770130Z'], ['david405', '2022-02-10T16:02:15.028010Z'], ['gconnect', '2022-02-10T06:10:06.612819Z'], ['esdras-santos', '2022-02-10T01:17:08.351333Z']]"
https://gitcoin.co/issue/27513,algorandfoundation,grow-algorand,"[['substructuredek', '2022-02-09T03:48:11Z'], ['iphyman', '2022-02-10T20:20:59.028909Z'], ['gconnect', '2022-02-10T05:48:56.427649Z'], ['zedonboy', '2022-02-09T23:59:18.159377Z'], ['freddyblockchain', '2022-02-09T19:21:56.648973Z'], ['jakobrichert', '2022-02-09T13:42:31.703528Z'], ['estelle544', '2022-01-20T06:53:40.258930Z']]"
https://gitcoin.co/issue/27512,algorandfoundation,grow-algorand,"[['gconnect', '2022-02-10T05:45:09.164352Z'], ['damianb-bitflipper', '2022-02-09T21:05:39.003563Z'], ['petitnau', '2022-02-10T21:56:43.562744Z'], ['ikalonji', '2022-02-10T22:17:05.186032Z'], ['ubinix-warun', '2022-02-10T16:25:55.304182Z'], ['fionnachan', '2022-02-08T19:31:32.607435Z'], ['jakobrichert', '2022-01-31T15:51:57.705098Z']]"
https://gitcoin.co/issue/27507,3commas-io,3commas-official-api-docs,"[['sidharthpunathil', '2022-02-09T15:34:57.155297Z'], ['hossein-79', '2022-02-10T23:33:52.994333Z'], ['laurenkumar', '2022-02-10T14:06:33.439493Z'], ['chrisstef', '2022-02-10T18:17:13.970491Z'], ['marcusholloway7', '2022-02-10T17:50:39.867720Z'], ['0xfuje', '2022-02-10T15:55:54.684978Z'], ['almoloo', '2022-02-10T11:41:20.391177Z'], ['christhai', '2022-02-09T10:21:32.723956Z'], ['grace22411', '2022-02-04T11:17:38.787405Z'], ['mykcib', '2022-02-02T11:03:29.999122Z'], ['kaspars-gailitis', '2022-01-30T13:41:54.426685Z'], ['deosaju', '2022-01-28T07:25:51.558164Z'], ['skimmoest', '2022-01-20T18:33:12.274618Z']]"
https://gitcoin.co/issue/27506,3commas-io,3commas-official-api-docs,"[['zedonboy', '2022-02-10T10:32:06.302356Z'], ['kaspars-gailitis', '2022-01-30T13:44:12.542600Z'], ['pfed-prog', '2022-02-10T19:25:16.557096Z'], ['clopas', '2022-02-11T00:00:40.431164Z'], ['christhai', '2022-02-09T10:20:03.243318Z']]"
https://gitcoin.co/issue/27492,mmmgtc,bounties,"[['iamjvck', '2022-02-09T05:56:30Z'], ['snowdot', '2022-02-10T21:26:38.072334Z'], ['johnsence', '2022-02-10T21:13:30.493459Z'], ['diablo-404', '2022-02-10T15:58:25.847268Z'], ['payjoe93', '2022-02-10T11:59:39.828407Z'], ['azephiar', '2022-02-09T22:25:54.334780Z'], ['kavishsethi89', '2022-02-08T11:47:08.437745Z'], ['0xhell', '2022-02-06T21:45:12.081437Z'], ['guacamole', '2022-02-04T11:07:57.965906Z'], ['wahyu243', '2022-02-04T02:51:40.207800Z']]"
https://gitcoin.co/issue/27491,shapeshift,web,"[['amitojsingh366', '2022-02-01T22:32:48.776308Z']]"
https://gitcoin.co/issue/27489,mmmgtc,bounties,"[['payjoe93', '2022-01-31T13:01:44Z'], ['sevak-fomo', '2022-02-11T04:26:05.704155Z'], ['vanyakot', '2022-02-10T23:51:36.126631Z'], ['gourangghost', '2022-02-09T16:04:38.640390Z'], ['shockingblack', '2022-02-09T10:13:23.869681Z'], ['nda3008', '2022-02-09T08:02:40.216096Z'], ['kavishsethi89', '2022-02-08T11:27:02.728055Z'], ['guacamole', '2022-02-08T03:48:49.733711Z'], ['deosaju', '2022-02-06T09:39:19.836363Z'], ['cyber-bot', '2022-02-02T05:02:42.473030Z']]"
https://gitcoin.co/issue/27487,unstoppabledomains,gitcoin-bounties,"[['soptq', '2022-01-21T04:25:05Z'], ['rafared', '2022-01-23T12:58:07Z'], ['0xpr0f', '2022-01-24T00:24:24Z'], ['praise-eze', '2022-01-24T12:00:34Z'], ['mihir-bl', '2022-01-26T16:51:03Z'], ['lakshh07', '2022-01-27T12:31:42Z'], ['kaspars-gailitis', '2022-01-27T15:41:07Z'], ['henrique1837', '2022-01-27T18:48:59Z'], ['imerkle', '2022-01-27T22:50:20Z'], ['soheil555', '2022-01-30T12:32:58Z'], ['sidduhere', '2022-01-31T05:01:38Z'], ['j0nl1', '2022-02-01T12:01:51Z'], ['piyushpi07', '2022-02-01T16:39:16Z'], ['marcialarturo', '2022-02-02T04:49:38Z'], ['coder4ever', '2022-02-02T07:15:25Z'], ['raghav-sharma272381', '2022-02-02T20:25:55Z'], ['nshmadhani', '2022-02-02T23:19:53Z'], ['denimcodes', '2022-02-03T10:21:50Z'], ['leowangj', '2022-02-04T19:34:53Z'], ['stefan1612', '2022-02-05T03:12:58Z'], ['spiritupbro', '2022-02-05T03:17:18Z'], ['ben-razor', '2022-02-07T17:24:53Z'], ['ikalonji', '2022-02-08T22:44:53Z'], ['realcheapny', '2022-02-08T23:51:57Z'], ['mario-work', '2022-02-09T01:02:56Z'], ['jag-dev', '2022-02-09T02:31:47Z'], ['ray-blue', '2022-02-09T07:26:56Z'], ['pro-gramm-er', '2022-02-09T16:55:35Z'], ['gregtrifan', '2022-02-09T19:09:29Z'], ['hnihsan', '2022-02-10T02:41:36Z'], ['calm-rock', '2022-02-10T05:25:54Z'], ['tchkvsky', '2022-02-10T10:07:39Z'], ['laurenkumar', '2022-02-10T13:46:01Z'], ['mcisne4', '2022-02-10T13:53:23Z'], ['lambo-o', '2022-02-10T17:45:43Z'], ['kimomight', '2022-02-10T18:26:58Z'], ['ysongh', '2022-02-10T07:20:11Z'], ['metaversemoon', '2022-02-10T10:52:12Z'], ['rajatbeladiya', '2022-02-10T13:23:44Z'], ['kunal528', '2022-02-10T14:00:08Z'], ['sabelomkhwanzi', '2022-02-10T15:44:17Z'], ['rlnyc', '2022-02-10T17:36:12Z'], ['dishaagarwalla', '2022-02-10T19:03:08Z'], ['seth-mckilla', '2022-02-10T20:21:48Z'], ['crypto-craze', '2022-02-10T20:58:44Z'], ['af-development', '2022-02-10T20:58:44Z'], ['snowdot', '2022-02-10T21:00:46Z'], ['nikhilverma360', '2022-02-10T22:20:25Z'], ['sekmet', '2022-02-10T23:07:34Z'], ['abcdenews', '2022-02-10T18:59:19.027146Z'], ['ethosgames', '2022-02-10T18:05:35.118285Z'], ['clinkypants', '2022-02-10T17:23:56.015096Z'], ['bradpip', '2022-02-10T16:51:28.421252Z'], ['samixdev', '2022-02-09T22:48:28Z'], ['avinashnayak27', '2022-02-10T15:00:17.598157Z'], ['blossom124324', '2022-02-10T00:17:28.019133Z'], ['alexlixandru', '2022-02-07T21:40:05.555137Z'], ['electrone901', '2022-01-27T23:03:47.771402Z'], ['rohithandique', '2022-01-24T20:31:20.287412Z'], ['harjaapdhillon16', '2022-01-23T13:19:03.368194Z'], ['pfed-prog', '2022-01-23T00:30:28.032391Z']]"
https://gitcoin.co/issue/27486,shapeshift,lib,"[['gomesalexandre', '2022-01-28T14:46:24.509265Z']]"
https://gitcoin.co/issue/27482,covalenthq,covalent-gitcoin-bounties,"[['manotien', '2022-02-09T14:59:29Z'], ['marcusholloway7', '2022-02-10T21:41:58Z'], ['akbaridria', '2022-02-10T01:16:37Z'], ['cryptotwilight', '2022-02-10T15:19:56.436372Z']]"
https://gitcoin.co/issue/27481,covalenthq,covalent-gitcoin-bounties,"[['jakobrichert', '2022-02-04T16:48:20Z'], ['cryptotwilight', '2022-02-10T15:19:21Z'], ['soheil555', '2022-02-10T19:16:42Z']]"
https://gitcoin.co/issue/27480,covalenthq,covalent-gitcoin-bounties,"[['daviddrob', '2022-02-10T21:59:11Z'], ['dtiv', '2022-02-08T20:06:54Z'], ['rafared', '2022-02-01T22:43:57Z']]"
https://gitcoin.co/issue/27478,laika-labs,gitcoin-bounty,"[['liquid-glass', '2022-02-01T04:38:51.405582Z'], ['iheanyi1', '2022-01-24T19:38:21.971910Z'], ['f-sidney', '2022-01-27T13:25:03.660638Z']]"
https://gitcoin.co/issue/27477,laika-labs,gitcoin-bounty,"[['khushi24699', '2022-02-15T11:32:45.030249Z'], ['m3moli', '2022-02-12T19:47:30.395302Z'], ['gitcoindev', '2022-02-09T22:52:00.999013Z'], ['0xefrain', '2022-02-09T20:14:23.775194Z'], ['vcidst', '2022-02-08T12:13:06.384679Z'], ['trickywinner', '2022-02-07T00:35:57.496489Z'], ['st4ng', '2022-02-04T13:39:53.421008Z'], ['maxx6262', '2022-02-03T00:57:39.256120Z'], ['coder4ever', '2022-02-02T04:14:36.374957Z'], ['midhun2002', '2022-02-01T17:29:23.690349Z'], ['realcheapny', '2022-02-02T00:56:24.015208Z'], ['ritikdhasmana', '2022-02-01T11:04:12.720412Z'], ['zimengzhou1', '2022-01-31T18:47:16.483486Z'], ['ajansari95', '2022-01-30T08:35:13.916477Z'], ['shijietopkek', '2022-01-30T04:17:33.061969Z'], ['ccya', '2022-01-30T04:11:22.754558Z'], ['bharathkinto', '2022-01-30T02:16:11.556739Z'], ['ysjprojects', '2022-01-30T01:13:35.177380Z'], ['nelson-crouse', '2022-01-29T18:54:19.413816Z'], ['haasankrzn', '2022-01-29T17:22:40.560735Z'], ['nshmadhani', '2022-01-28T18:25:26.881025Z'], ['siddharth-1698', '2022-01-28T14:36:21.463045Z'], ['itssunny322', '2022-01-28T14:08:27.120114Z'], ['galekseev', '2022-01-28T09:43:43.113824Z'], ['thor8636', '2022-01-27T21:41:58.515532Z'], ['jemcash', '2022-01-27T14:31:32.166053Z'], ['thnass', '2022-01-27T12:25:31.989670Z'], ['marcialarturo', '2022-01-27T05:48:51.091489Z'], ['electrone901', '2022-01-27T04:36:24.576147Z'], ['junzhengca', '2022-02-06T07:10:42.755474Z'], ['greymatter2201', '2022-01-27T03:42:40.900978Z'], ['chatphongp', '2022-01-26T14:22:31.553476Z'], ['pannavich', '2022-01-26T13:11:41.102610Z'], ['sakuboyz', '2022-01-26T12:55:02.231622Z'], ['integer-underflow', '2022-01-26T11:36:34.699737Z'], ['wp-lai', '2022-01-26T10:13:46.399387Z'], ['lulworm', '2022-01-25T18:22:23.851923Z'], ['gh3sthauss', '2022-01-25T15:35:55.144795Z'], ['efan006', '2022-01-25T09:32:34.554908Z'], ['seikysh', '2022-01-25T01:24:24.443298Z'], ['rohithandique', '2022-01-24T21:57:21.691056Z'], ['0xtekgrinder', '2022-01-24T18:25:14.189412Z'], ['ylona', '2022-01-24T14:54:54.451009Z'], ['anchor198607', '2022-01-24T13:10:53.408894Z'], ['f-sidney', '2022-01-23T16:48:00.890413Z'], ['cgewen', '2022-01-22T16:50:02.524617Z'], ['ardiferdiansah07', '2022-01-21T22:33:05.784264Z'], ['yafiabiyyu', '2022-01-21T20:27:45.991493Z'], ['paltryarrow7897', '2022-01-21T11:44:26.567136Z'], ['zgayjjf', '2022-01-24T03:17:21.169708Z'], ['stealzit', '2022-01-18T12:33:46.470873Z'], ['321q', '2022-01-18T11:27:46.666615Z'], ['sksb2180', '2022-01-20T21:35:34.166659Z'], ['josephkoon', '2022-01-20T20:58:13.914837Z'], ['abaqai', '2022-01-20T20:32:07.623442Z'], ['zenithlel', '2022-01-20T20:29:21.117127Z'], ['ankitzm', '2022-01-20T16:29:01.837945Z'], ['drewhopkins', '2022-01-20T15:38:29.493376Z'], ['aegisaurora', '2022-01-20T04:23:27.467417Z'], ['arsandov', '2022-01-19T23:38:33.550182Z'], ['antony-ss', '2022-01-19T15:26:15.849896Z'], ['madu-rosh', '2022-01-19T09:59:54.723105Z'], ['caglarylmz', '2022-01-19T06:38:27.933488Z'], ['shashamousha', '2022-01-18T23:10:54.615962Z'], ['ben-razor', '2022-01-18T19:08:50.391343Z'], ['anhfactor', '2022-01-18T18:20:43.661139Z'], ['jeremyzhang1', '2022-01-18T17:50:54.990860Z'], ['tchkvsky', '2022-01-18T09:25:44.769474Z'], ['soheil555', '2022-01-18T09:08:41.268999Z'], ['edddevs', '2022-01-18T08:22:32.674455Z'], ['orcx', '2022-01-18T06:32:00.194973Z'], ['rshar95', '2022-01-18T04:57:27.475359Z'], ['shr1ftyy', '2022-01-18T04:53:11.532580Z'], ['liquid-glass', '2022-01-18T03:16:55.512722Z'], ['khafidprayoga', '2022-01-18T02:49:16.724280Z'], ['nimapourjafar', '2022-01-17T19:17:53.756292Z'], ['jiminycrypto', '2022-01-17T18:56:40.301826Z'], ['0xbirch', '2022-01-17T18:48:51.058635Z'], ['omkarph', '2022-01-18T07:27:32.578639Z'], ['pondernick', '2022-01-18T07:12:25.356505Z']]"
https://gitcoin.co/issue/27468,shapeshift,web,"[['edwardluu', '2022-01-15T02:30:46.704105Z']]"
https://gitcoin.co/issue/27467,shapeshift,web,"[['helr441', '2022-01-17T05:17:13.362267Z']]"
https://gitcoin.co/issue/27462,diadata-org,diadata,"[['synycboom', '2022-01-23T10:11:28.432685Z']]"
https://gitcoin.co/issue/27451,shapeshift,foxfarm,"[['0xapotheosis', '2022-01-28T00:16:42.193418Z']]"
https://gitcoin.co/issue/27449,shapeshift,web,"[['chxash', '2022-01-17T13:28:55.736559Z']]"
https://gitcoin.co/issue/27447,hoprnet,hoprnet,"[['szczebel1995', '2022-02-03T23:40:01.017262Z']]"
https://gitcoin.co/issue/27444,shapeshift,web,"[['sdmg15', '2022-01-12T20:18:05.858902Z']]"
https://gitcoin.co/issue/27442,shapeshift,web,"[['helr441', '2022-01-21T15:57:55.949565Z'], ['praise-eze', '2022-01-12T23:20:47.568222Z']]"
https://gitcoin.co/issue/27441,shapeshift,web,"[['chxash', '2022-01-12T06:45:58.765206Z']]"
https://gitcoin.co/issue/27440,shapeshift,web,"[['jdambron', '2022-01-11T15:01:58.602778Z']]"
https://gitcoin.co/issue/27439,shapeshift,web,"[['gomesalexandre', '2022-01-12T16:54:41.968322Z']]"
https://gitcoin.co/issue/27436,diadata-org,diadata,"[['synycboom', '2022-01-23T05:34:27.724415Z']]"
https://gitcoin.co/issue/27435,RidgeRock,stickery,"[['synycboom', '2022-02-22T17:17:29.969516Z']]"
https://gitcoin.co/issue/27426,ARK-Builders,ARK-Navigator,"[['sisco0', '2022-01-10T15:05:41.722658Z']]"
https://gitcoin.co/issue/27425,shapeshift,web,"[['developerfred', '2022-01-08T01:11:36.669823Z']]"
https://gitcoin.co/issue/27421,shapeshift,web,"[['gomesalexandre', '2022-01-07T14:34:49Z']]"
https://gitcoin.co/issue/27420,shapeshift,web,"[['tormentv1', '2022-01-06T20:03:28Z']]"
https://gitcoin.co/issue/27415,shapeshift,web,"[['sdmg15', '2022-01-06T20:07:08Z']]"
https://gitcoin.co/issue/27391,k06a,boolinq,"[['nargeslein', '2021-12-30T01:07:07.236281Z']]"
https://gitcoin.co/issue/27390,k06a,boolinq,"[['theosch2', '2021-12-29T17:14:31Z']]"
https://gitcoin.co/issue/27389,k06a,boolinq,"[['helr441', '2021-12-29T16:47:44.238299Z']]"
https://gitcoin.co/issue/27374,ikhsan0x,Swap_Web3,"[['eltneg', '2021-12-27T01:00:38.646092Z']]"
https://gitcoin.co/issue/27359,Jameel139,Bounties,"[['neospu', '2022-01-14T15:35:13Z']]"
https://gitcoin.co/issue/27358,Beasta,etherscan-note-scraper,"[['mindsgn', '2021-12-21T21:05:10.507496Z']]"
https://gitcoin.co/issue/27353,metaversetns,designs,"[['nikolasdan', '2022-02-16T11:15:29.927009Z']]"
https://gitcoin.co/issue/27348,rhys-vdw,ts-auto-guard,"[['tylerferrara', '2022-01-08T18:01:52.462792Z']]"
https://gitcoin.co/issue/27347,shapeshift,web,"[['0xapotheosis', '2022-02-06T18:44:36.710554Z']]"
https://gitcoin.co/issue/27344,diadata-org,diadata,"[['synycboom', '2021-12-23T05:01:19.239088Z']]"
https://gitcoin.co/issue/27338,Beasta,etherscan-note-scraper,"[['theosch2', '2021-12-17T19:36:02.666385Z']]"
https://gitcoin.co/issue/27335,Beasta,etherscan-note-scraper,"[['zerquix18', '2021-12-17T03:05:53Z']]"
https://gitcoin.co/issue/27331,shapeshift,web,"[['0xapotheosis', '2022-01-19T08:34:25.116816Z']]"
https://gitcoin.co/issue/27330,1inch,spot-price-aggregator,"[['coolhill', '2022-01-25T12:00:19Z']]"
https://gitcoin.co/issue/27329,1inch,spot-price-aggregator,"[['coolhill', '2022-01-23T12:57:04Z']]"
https://gitcoin.co/issue/27328,ethereum-optimism,optimism,"[['indeavr', '2021-12-29T15:51:41.334212Z']]"
https://gitcoin.co/issue/27322,shapeshift,lib,"[['zerquix18', '2021-12-15T04:11:19.321100Z']]"
https://gitcoin.co/issue/27321,shapeshift,lib,"[['sdmg15', '2021-12-14T00:17:00Z']]"
https://gitcoin.co/issue/27320,Agoric,agoric-sdk,"[['bharath-123', '2022-04-30T19:34:36Z']]"
https://gitcoin.co/issue/27318,Agoric,agoric-sdk,"[['simpletrontdip', '2022-03-21T02:13:23Z']]"
https://gitcoin.co/issue/27315,FraktalNFT,dapp-frontend,"[['zerquix18', '2021-12-14T02:06:17Z']]"
https://gitcoin.co/issue/27312,FraktalNFT,dapp-frontend,"[['vthonte', '2021-12-13T09:40:44Z']]"
https://gitcoin.co/issue/27302,FraktalNFT,dapp-frontend,"[['sdmg15', '2021-12-13T07:06:07Z']]"
https://gitcoin.co/issue/27301,FraktalNFT,dapp-frontend,"[['zerquix18', '2021-12-11T22:33:43Z']]"
https://gitcoin.co/issue/27299,shapeshift,web,"[['0xtekgrinder', '2021-12-13T19:07:07Z']]"
https://gitcoin.co/issue/27296,reflexer-labs,curve-contract,"[['twpony', '2021-12-23T18:46:32.120649Z'], ['mrazivy-vtak', '2021-12-23T14:41:11.300302Z'], ['infinityloop1309', '2021-12-23T03:31:42.698867Z']]"
https://gitcoin.co/issue/27292,shapeshift,foxfarm,"[['irohdw', '2021-12-11T04:19:54Z']]"
https://gitcoin.co/issue/27286,snowman-money,front-end,"[['subhrajyoti-basu', '2021-12-09T19:12:36Z']]"
https://gitcoin.co/issue/27284,duneanalytics,spellbook,"[['0xtekgrinder', '2021-12-10T14:12:44.148565Z']]"
https://gitcoin.co/issue/27282,vitelabs,bounties,"[['wepsree', '2021-12-27T04:52:40Z'], ['giraffekey', '2021-12-27T02:50:49.828592Z'], ['marhariny', '2021-12-19T19:08:19.426596Z'], ['synycboom', '2021-12-19T18:16:06.620997Z'], ['shryder', '2021-12-07T16:46:48.974146Z'], ['ahmadny', '2021-12-07T05:56:10.163620Z']]"
https://gitcoin.co/issue/27280,duneanalytics,spellbook,"[['zerquix18', '2021-12-08T16:09:43.003963Z']]"
https://gitcoin.co/issue/27278,duneanalytics,spellbook,"[['0xtekgrinder', '2021-12-14T21:36:58.964314Z']]"
https://gitcoin.co/issue/27277,reflexer-labs,auto-crv-gauge-incentive,"[['dxganta', '2021-12-20T18:58:33.617253Z'], ['valentin-seehausen', '2021-12-21T16:03:26.196727Z'], ['scamilcar', '2021-12-20T19:40:08.806604Z'], ['infinityloop1309', '2021-12-20T05:47:35.806096Z'], ['khatammi', '2021-12-12T12:37:23.458042Z']]"
https://gitcoin.co/issue/27275,reflexer-labs,auto-crv-gauge-incentive,"[['scamilcar', '2021-12-20T19:38:48.862533Z'], ['dxganta', '2021-12-20T19:00:06.690488Z'], ['bojesarsi', '2021-12-08T01:56:43.730798Z'], ['lutfimubarok010593', '2021-12-07T14:12:15.614196Z'], ['ahmadny', '2021-12-07T05:46:54.193816Z'], ['juliadin29', '2021-12-06T22:55:36.060543Z']]"
https://gitcoin.co/issue/27274,duneanalytics,spellbook,"[['0xtekgrinder', '2022-04-13T13:23:21.979241Z'], ['arekgotfryd', '2021-12-09T14:58:12.899656Z']]"
https://gitcoin.co/issue/27273,duneanalytics,spellbook,"[['echolon166', '2021-12-11T22:29:30.493540Z']]"
https://gitcoin.co/issue/27272,duneanalytics,spellbook,"[['0xtekgrinder', '2022-03-21T16:15:18.894736Z']]"
https://gitcoin.co/issue/27271,duneanalytics,spellbook,"[['bhargavaparoksham', '2021-12-12T09:02:54.849732Z']]"
https://gitcoin.co/issue/27270,duneanalytics,spellbook,"[['0xtekgrinder', '2022-03-18T12:25:29.186807Z']]"
https://gitcoin.co/issue/27268,duneanalytics,spellbook,"[['echolon166', '2021-12-08T09:32:42Z']]"
https://gitcoin.co/issue/27266,duneanalytics,spellbook,"[['echolon166', '2021-12-09T21:58:16Z']]"
https://gitcoin.co/issue/27265,duneanalytics,spellbook,"[['echolon166', '2022-03-09T01:06:25.699340Z']]"
https://gitcoin.co/issue/27264,duneanalytics,spellbook,"[['echolon166', '2021-12-08T09:32:11Z']]"
https://gitcoin.co/issue/27262,duneanalytics,spellbook,"[['echolon166', '2021-12-13T00:08:47.922397Z']]"
https://gitcoin.co/issue/27261,duneanalytics,spellbook,"[['echolon166', '2021-12-08T01:09:02.646493Z']]"
https://gitcoin.co/issue/27260,duneanalytics,spellbook,"[['0xtekgrinder', '2021-12-10T14:13:34.517797Z']]"
https://gitcoin.co/issue/27259,duneanalytics,spellbook,"[['gall0x', '2021-12-11T19:26:59.235341Z']]"
https://gitcoin.co/issue/27258,duneanalytics,spellbook,"[['0xtekgrinder', '2022-03-25T14:36:56.041974Z']]"
https://gitcoin.co/issue/27244,DimensionDev,Maskbook,[]
https://gitcoin.co/issue/27239,DimensionDev,Maskbook,"[['layinka', '2022-04-01T15:23:09.322153Z']]"
https://gitcoin.co/issue/27238,shapeshift,web,"[['neurone', '2022-01-18T23:56:07.275827Z']]"
https://gitcoin.co/issue/27237,shapeshift,web,"[['armr-dev', '2022-01-05T19:53:08.234158Z']]"
https://gitcoin.co/issue/27236,diadata-org,diadata,"[['harjas27', '2021-12-12T15:53:55.965906Z']]"
https://gitcoin.co/issue/27235,varkiwi,git3,"[['imperiumbrands', '2021-12-03T22:57:24.122850Z']]"
https://gitcoin.co/issue/27230,unigrants,ugp-hacks,"[['gregtrifan', '2021-12-16T19:36:31.146449Z'], ['digitea00', '2021-12-17T19:10:58.139423Z'], ['snzresearch', '2021-12-16T23:54:33.839251Z'], ['syydsn', '2021-12-14T09:08:29.491688Z'], ['salamank', '2021-12-13T14:42:21.656672Z'], ['aleksdor', '2021-12-10T12:30:44.986780Z'], ['sen001412', '2021-12-03T20:35:29.492491Z']]"
https://gitcoin.co/issue/27229,unigrants,ugp-hacks,"[['singulart', '2021-12-15T21:14:09.059186Z'], ['snzresearch', '2021-12-16T23:47:36.201707Z'], ['ivanmolto', '2021-12-16T20:41:47.235988Z'], ['kenthewhalegoddess', '2021-12-04T01:01:20.912900Z']]"
https://gitcoin.co/issue/27228,unigrants,ugp-hacks,"[['fionnachan', '2021-12-12T13:56:01.886347Z'], ['salamank', '2021-12-13T14:43:52.432388Z'], ['syydsn', '2021-12-11T09:43:08.265059Z']]"
https://gitcoin.co/issue/27216,Badger-Finance,gitcoin,"[['jalbrekt85', '2021-12-16T23:00:15Z']]"
https://gitcoin.co/issue/27208,unstoppabledomains,gitcoin-bounties,"[['harjaapdhillon16', '2021-12-09T15:57:39Z'], ['electrone901', '2021-12-10T22:31:45Z'], ['praise-eze', '2021-12-11T19:20:42Z'], ['jag-dev', '2021-12-12T16:33:32Z'], ['samixdev', '2021-12-13T16:05:23Z'], ['somq', '2021-12-13T18:46:25Z'], ['snowdot', '2021-12-13T21:06:24Z'], ['tchkvsky', '2021-12-14T02:28:59Z'], ['agustingabiola', '2021-12-15T01:06:55Z'], ['igorshadurin', '2021-12-15T12:39:09Z'], ['synycboom', '2021-12-15T14:57:49Z'], ['shuajj', '2021-12-15T18:11:29Z'], ['sabelomkhwanzi', '2021-12-15T22:43:06Z'], ['seth-mckilla', '2021-12-16T03:46:31Z'], ['ysongh', '2021-12-16T07:16:40Z'], ['alecj1240', '2021-12-16T07:26:00Z'], ['rajatbeladiya', '2021-12-16T10:49:35Z'], ['codyx', '2021-12-16T15:46:35Z'], ['rlnyc', '2021-12-16T19:11:47Z'], ['calm-rock', '2021-12-16T19:47:28Z'], ['igar1991', '2021-12-16T20:06:13Z'], ['af-development', '2021-12-16T20:11:51Z'], ['marcialarturo', '2021-12-16T20:36:50Z'], ['denimcodes', '2021-12-16T22:11:23Z'], ['laurenkumar', '2021-12-16T22:24:51Z'], ['margarita-sh', '2021-12-16T22:49:04Z'], ['webroyit', '2021-12-16T23:07:36Z'], ['coder4ever', '2021-12-17T00:10:42Z'], ['crypto-craze', '2021-12-16T23:44:02.165569Z'], ['boonetb', '2021-12-16T20:34:36.546286Z'], ['brighttux', '2021-12-16T18:37:27.363649Z'], ['karlxlee', '2021-12-16T17:19:07.841502Z'], ['msakhaei', '2021-12-16T17:10:05.952389Z'], ['pfed-prog', '2021-12-16T11:12:35.325841Z'], ['bash-hash-run', '2021-12-15T23:02:22.040449Z'], ['manotien', '2021-12-07T08:09:46.509248Z']]"
https://gitcoin.co/issue/27203,vitelabs,bounties,"[['ekazukii', '2021-12-16T22:36:01Z'], ['dtiv', '2021-12-16T23:13:44Z']]"
https://gitcoin.co/issue/27202,vitelabs,bounties,"[['peyton', '2021-12-16T23:54:41Z']]"
https://gitcoin.co/issue/27201,vitelabs,bounties,"[['zachdolph', '2022-01-10T00:32:58Z']]"
https://gitcoin.co/issue/27200,vitelabs,bounties,"[['hellojustxn', '2021-12-19T06:56:45Z'], ['imalfect', '2021-12-10T12:04:28Z'], ['binsta', '2021-12-14T16:47:02Z'], ['rowjelio27', '2021-12-16T03:29:47Z'], ['git-under', '2021-12-16T03:43:34Z'], ['duongsky96', '2022-01-01T19:28:34.079112Z'], ['junaidpeer', '2021-12-21T11:55:34.787366Z'], ['nicklinck', '2021-12-15T23:54:53.092498Z'], ['elemontcapital', '2021-12-15T20:25:51.326351Z'], ['ladnft', '2021-12-11T00:17:58.535573Z']]"
https://gitcoin.co/issue/27188,LIT-Protocol,Cloudflare-Lit-Protocol-integration,"[['ansonhkg', '2021-12-15T21:32:03.815377Z'], ['bardinpetr', '2021-12-16T19:10:22.153861Z'], ['synycboom', '2021-12-15T14:56:25.662489Z']]"
https://gitcoin.co/issue/27187,LIT-Protocol,Cross-chain-Lit-Protocol-signature-verification,"[['flyinglimao', '2021-12-12T15:15:45.681255Z']]"
https://gitcoin.co/issue/27183,LIT-Protocol,CommunityEngagementProduct,"[['praise-eze', '2021-12-12T01:57:56.103132Z']]"
https://gitcoin.co/issue/27182,b4mad,racing,"[['mkelly1495', '2021-11-28T18:47:05.533760Z']]"
https://gitcoin.co/issue/27181,algorandfoundation,grow-algorand,"[['david405', '2022-01-07T05:20:47.297231Z'], ['esdras-santos', '2022-01-06T19:42:20.662249Z'], ['allanmangeni', '2022-01-06T18:05:52.775184Z']]"
https://gitcoin.co/issue/27180,algorandfoundation,grow-algorand,"[['ikalonji', '2022-01-02T15:30:37.242273Z'], ['nescampos', '2022-01-02T17:22:47.574681Z'], ['almoloo', '2022-01-06T18:01:33.381267Z'], ['ubinix-warun', '2022-01-06T20:17:46.036778Z'], ['soheil555', '2022-01-06T20:35:54.462455Z'], ['visdauas', '2022-01-06T22:14:38.480581Z'], ['gconnect', '2022-01-06T22:42:48.511346Z'], ['tryzniak', '2022-01-06T19:42:58.075765Z'], ['terkea', '2021-12-03T16:59:44.735990Z']]"
https://gitcoin.co/issue/27179,algorandfoundation,grow-algorand,"[['jakobrichert', '2022-01-05T19:12:13Z'], ['janisb111', '2022-01-06T20:42:20.632696Z'], ['danigorbaciov', '2021-12-15T18:30:12.628733Z'], ['azullazullyah', '2021-12-03T17:48:27.975744Z'], ['adnan-crypto', '2021-12-02T16:39:10.683252Z'], ['liuyi123321', '2021-12-01T17:20:02.975484Z'], ['fluksurasak', '2021-11-29T22:52:34.356750Z'], ['battal1', '2021-11-26T22:21:37.572823Z']]"
https://gitcoin.co/issue/27176,subquery,developer-guild,"[['moehringen', '2021-12-15T02:47:41Z'], ['gregtrifan', '2021-12-12T18:04:00.134588Z'], ['aleksdor', '2021-12-10T12:33:02.882150Z']]"
https://gitcoin.co/issue/27175,subquery,developer-guild,"[['developerinprogress', '2021-12-17T11:06:05Z']]"
https://gitcoin.co/issue/27174,subquery,developer-guild,"[['moehringen', '2021-12-15T15:16:49Z']]"
https://gitcoin.co/issue/27173,subquery,developer-guild,"[['ashikmeerankutty', '2021-12-14T16:21:57Z'], ['moehringen', '2021-12-16T14:55:22Z'], ['caiyiliang', '2021-12-16T23:43:20Z']]"
https://gitcoin.co/issue/27171,diadata-org,diadata,"[['harjas27', '2021-12-03T16:07:30.483976Z']]"
https://gitcoin.co/issue/27167,cyberconnecthq,cyberconnect-arweave,"[['tarekj03', '2021-12-16T00:06:36Z'], ['odyssey2077', '2021-12-16T08:48:42Z'], ['codista', '2021-12-16T12:48:35Z'], ['grmkris', '2021-12-11T13:34:02.283150Z']]"
https://gitcoin.co/issue/27155,ArweaveTeam,Bounties,"[['acolytec3', '2021-11-27T11:38:45.285483Z'], ['jorahw3', '2021-12-01T12:48:08.610871Z'], ['theweaver19', '2021-12-01T00:23:33.864765Z']]"
https://gitcoin.co/issue/27154,hoprnet,hoprnet,"[['kedziapawel', '2022-02-07T19:21:38.458091Z']]"
https://gitcoin.co/issue/27150,web3swift-team,web3swift,"[['veerchauhan', '2021-11-19T13:08:26.957102Z']]"
https://gitcoin.co/issue/27149,tezos-contrib,gitcoin-bounties,"[['stepandra', '2021-12-18T22:47:59Z'], ['paralogoss', '2021-12-18T23:52:19.490851Z'], ['dreitser', '2021-12-18T21:35:47.767568Z'], ['ddragonard', '2021-12-19T09:07:23.610606Z'], ['electrone901', '2021-12-19T07:21:13.847192Z'], ['2boxx', '2021-12-18T23:47:30.278084Z'], ['thakur-patel', '2021-12-18T23:44:00.419356Z'], ['bo202', '2021-12-18T20:21:32.527791Z'], ['shreedee', '2021-12-18T18:25:08.472448Z'], ['dmytrobaida', '2021-12-17T17:35:24.124458Z']]"
https://gitcoin.co/issue/27148,tezos-contrib,gitcoin-bounties,"[['schwittlick', '2021-12-18T22:24:06.261853Z'], ['priyanshudangi', '2021-12-18T18:29:47.977719Z'], ['i3games', '2021-12-18T20:53:54.746604Z'], ['ddragonard', '2021-12-19T09:10:21.217387Z'], ['thakur-patel', '2021-12-18T23:52:01.308041Z'], ['markiat', '2021-12-18T22:27:39.616286Z'], ['dreitser', '2021-12-18T21:47:32.539367Z'], ['digitea00', '2021-12-10T00:21:19.038845Z']]"
https://gitcoin.co/issue/27147,tezos-contrib,gitcoin-bounties,"[['karthi1908', '2021-12-18T20:01:44.425138Z'], ['ddragonard', '2021-12-19T09:10:50.622088Z'], ['spacetristan', '2021-12-18T22:36:59.494462Z'], ['dreitser', '2021-12-18T21:42:00.821467Z'], ['jonathan-b-peters', '2021-12-18T18:03:00.340871Z'], ['digitea00', '2021-12-07T19:33:07.435048Z']]"
https://gitcoin.co/issue/27146,tezos-contrib,gitcoin-bounties,"[['teddy-quadrata', '2021-12-18T21:07:50.845945Z'], ['anshujalan', '2021-12-18T20:12:00.255231Z'], ['ddragonard', '2021-12-19T09:11:02.571029Z'], ['dreitser', '2021-12-18T21:51:10.270649Z'], ['wesxdz', '2021-12-18T14:43:02.578360Z'], ['sathiya13', '2021-12-18T13:38:23.546381Z'], ['digitea00', '2021-12-18T00:38:24.216514Z']]"
https://gitcoin.co/issue/27145,tezos-contrib,gitcoin-bounties,"[['a-digitalarcana', '2021-12-19T00:34:20Z'], ['ivan-tigan', '2021-12-18T22:47:31.782899Z'], ['2boxx', '2021-12-18T23:53:40.985750Z'], ['ddragonard', '2021-12-19T09:11:19.433761Z'], ['electrone901', '2021-12-19T05:01:57.949067Z'], ['stanarts', '2021-12-18T23:46:40.966603Z'], ['rlnyc', '2021-12-18T22:55:49.952486Z'], ['schwittlick', '2021-12-18T22:16:49.187903Z'], ['stepandra', '2021-12-18T22:11:55.862542Z'], ['dreitser', '2021-12-18T21:38:59.104747Z'], ['sb-saksham', '2021-12-18T20:38:36.746154Z'], ['digitea00', '2021-12-08T02:00:05.757647Z']]"
https://gitcoin.co/issue/27143,shapeshift,web,"[['jdambron', '2021-11-17T17:53:45.569168Z']]"
https://gitcoin.co/issue/27142,shapeshift,web,"[['jdambron', '2021-11-17T17:55:16.562381Z']]"
https://gitcoin.co/issue/27137,shapeshift,web,"[['jdambron', '2021-11-17T16:35:19.964564Z']]"
https://gitcoin.co/issue/27136,shapeshift,web,"[['jdambron', '2021-11-16T19:34:53.041131Z']]"
https://gitcoin.co/issue/27129,iotaledger,iota-wiki,"[['dr-electron', '2021-11-28T20:03:05.969444Z']]"
https://gitcoin.co/issue/27092,SpacedVentures,POAPathon,"[['bobsub218', '2021-11-20T22:38:00.861420Z'], ['shayanpr', '2021-11-21T21:23:12.762127Z'], ['hx6068', '2021-11-19T15:48:45.640670Z'], ['fbello142', '2021-11-21T20:39:00.621265Z'], ['pfed-prog', '2021-11-21T06:25:01.227223Z'], ['jaytberry77', '2021-11-20T12:14:11.130494Z'], ['adoodledoo08', '2021-11-20T01:02:59.003729Z'], ['vinhbhn', '2021-11-19T07:38:32.032105Z'], ['zhangeder', '2021-11-19T07:32:35.605071Z'], ['artespraticas', '2021-11-18T18:48:46.196757Z'], ['amansharma45147', '2021-11-18T12:23:06.097203Z'], ['wahyu243', '2021-11-18T04:04:43.481083Z'], ['arrhen44', '2021-11-17T03:39:04.012515Z'], ['wwwwy321', '2021-11-15T17:46:25.050187Z'], ['jbnitutkun', '2021-11-14T14:43:14.480773Z']]"
https://gitcoin.co/issue/27091,SpacedVentures,POAPathon,"[['wwwwy321', '2021-11-15T16:21:54.803121Z'], ['bobsub218', '2021-11-20T22:42:16.706236Z'], ['cosmoburn', '2021-11-14T23:58:03.831428Z'], ['axjue', '2021-11-21T23:32:10.113052Z'], ['fbello142', '2021-11-21T20:38:15.773551Z'], ['jessalvina', '2021-11-21T15:51:00.444717Z'], ['apippudin86', '2021-11-20T06:22:43.833021Z'], ['hx6068', '2021-11-19T16:40:39.888600Z'], ['vinhbhn', '2021-11-19T07:37:29.366716Z'], ['artespraticas', '2021-11-18T18:27:04.022665Z'], ['omahs', '2021-11-18T12:33:58.576193Z'], ['amansharma45147', '2021-11-18T12:21:42.337175Z'], ['wahyu243', '2021-11-18T04:14:48.645452Z'], ['arrhen44', '2021-11-18T04:00:02.698973Z'], ['pfed-prog', '2021-11-17T01:15:04.453228Z'], ['jbnitutkun', '2021-11-14T12:30:53.467904Z']]"
https://gitcoin.co/issue/27046,harvest-finance,harvest,"[['hx6068', '2021-11-17T16:25:27Z'], ['egorofmylife', '2021-11-21T06:57:20Z'], ['bobsub218', '2021-11-21T21:25:02.180565Z'], ['hambrehoy', '2021-11-21T20:19:25.116671Z'], ['belatri', '2021-11-21T17:52:41.865772Z'], ['power458', '2021-11-20T21:08:59.121054Z'], ['muratgozel', '2021-11-19T07:43:04.465634Z'], ['nftiste', '2021-11-18T23:41:42.462795Z'], ['artespraticas', '2021-11-18T17:53:06.626450Z'], ['dcjanio', '2021-11-18T16:11:17.754581Z'], ['clubnugget', '2021-11-18T08:45:10.924977Z'], ['fita45', '2021-11-18T03:41:44.920131Z'], ['masontdaniel', '2021-11-17T01:07:03.235741Z'], ['jbnitutkun', '2021-11-16T13:26:32.301976Z'], ['wahyu243', '2021-11-16T09:37:12.715756Z'], ['mooonrockets', '2021-11-16T03:24:48.825847Z'], ['vinhbhn', '2021-11-15T13:27:45.513795Z'], ['dkcam', '2021-11-12T17:51:13.480498Z']]"
https://gitcoin.co/issue/27045,harvest-finance,harvest,"[['mooonrockets', '2021-11-17T04:38:23Z'], ['egorofmylife', '2021-11-21T06:51:47Z'], ['bobsub218', '2021-11-21T21:27:38.588064Z'], ['hambrehoy', '2021-11-21T20:14:45.659031Z'], ['belatri', '2021-11-21T17:51:05.366895Z'], ['power458', '2021-11-20T19:46:08.313577Z'], ['muratgozel', '2021-11-19T07:46:44.611591Z'], ['nftiste', '2021-11-18T23:02:43.471291Z'], ['artespraticas', '2021-11-18T17:26:17.001595Z'], ['amansharma45147', '2021-11-18T12:32:27.509357Z'], ['omahs', '2021-11-18T12:28:47.607156Z'], ['hx6068', '2021-11-17T17:18:16.962010Z'], ['sr0ka', '2021-11-17T09:03:22.212810Z'], ['arrhen44', '2021-11-17T06:58:02.607684Z'], ['spwashere', '2021-11-16T15:33:39.674454Z'], ['wahyu243', '2021-11-16T11:22:56.204933Z'], ['vinhbhn', '2021-11-15T12:44:36.457519Z'], ['red-crystal-dragon', '2021-11-15T05:07:42.707408Z'], ['jbnitutkun', '2021-11-14T11:54:48.343297Z']]"
https://gitcoin.co/issue/27044,harvest-finance,harvest,"[['hx6068', '2021-11-17T18:32:33Z'], ['egorofmylife', '2021-11-21T06:45:00Z'], ['jaypatelme', '2021-11-21T23:21:32.789008Z'], ['bobsub218', '2021-11-21T21:29:56.056561Z'], ['hambrehoy', '2021-11-21T20:08:37.714429Z'], ['amitesh03', '2021-11-21T19:11:55.511048Z'], ['belatri', '2021-11-21T17:49:12.679346Z'], ['power458', '2021-11-19T20:25:20.750143Z'], ['spwashere', '2021-11-19T09:22:02.580765Z'], ['muratgozel', '2021-11-19T07:49:30.665596Z'], ['creative-ed', '2021-11-19T07:30:03.495899Z'], ['nftiste', '2021-11-18T23:01:20.180045Z'], ['arrhen44', '2021-11-18T21:52:27.953753Z'], ['artespraticas', '2021-11-18T17:07:38.284659Z'], ['chloeqty', '2021-11-18T12:55:32.350792Z'], ['amansharma45147', '2021-11-18T12:33:54.800076Z'], ['wahyu243', '2021-11-17T12:37:27.250179Z'], ['mooonrockets', '2021-11-16T04:16:48.514004Z'], ['vinhbhn', '2021-11-15T12:43:08.953979Z'], ['jbnitutkun', '2021-11-13T19:42:10.238822Z'], ['gfbernardjambon', '2021-11-13T02:18:57.457900Z']]"
https://gitcoin.co/issue/27043,harvest-finance,harvest,"[['mooonrockets', '2021-11-17T04:49:23Z'], ['spwashere', '2021-11-20T11:47:27Z'], ['jaypatelme', '2021-11-21T23:19:32.002986Z'], ['bobsub218', '2021-11-21T21:31:47.137214Z'], ['hambrehoy', '2021-11-21T19:57:28.770910Z'], ['belatri', '2021-11-21T17:47:09.277510Z'], ['the-hack-god', '2021-11-21T06:57:04.717688Z'], ['egorofmylife', '2021-11-21T06:41:56.786502Z'], ['stefanscherzer', '2021-11-20T23:21:03.250674Z'], ['kreasis', '2021-11-20T04:00:41.832163Z'], ['power458', '2021-11-19T17:43:05.777703Z'], ['muratgozel', '2021-11-19T07:52:06.182169Z'], ['creative-ed', '2021-11-19T07:25:18.675067Z'], ['nftiste', '2021-11-18T22:58:35.690968Z'], ['artespraticas', '2021-11-18T17:05:33.689532Z'], ['chloeqty', '2021-11-18T12:43:36.995411Z'], ['amansharma45147', '2021-11-18T12:31:17.987458Z'], ['omahs', '2021-11-18T12:25:43.369812Z'], ['clubnugget', '2021-11-18T11:42:54.817839Z'], ['hx6068', '2021-11-17T16:14:24.803834Z'], ['wahyu243', '2021-11-16T12:24:41.752203Z'], ['adoodledoo08', '2021-11-16T01:12:49.944731Z'], ['vinhbhn', '2021-11-15T12:39:25.319078Z'], ['jaytberry77', '2021-11-14T20:03:57.530522Z'], ['jbnitutkun', '2021-11-13T18:32:41.844011Z'], ['pfed-prog', '2021-11-13T14:09:57.266544Z'], ['rob-lw', '2021-11-13T13:17:46.916336Z'], ['jackbuscombe', '2021-11-13T12:03:05.042418Z'], ['heruvim78', '2021-11-12T14:48:05.954627Z']]"
https://gitcoin.co/issue/27014,Balancer-DAO,Poapathon,"[['alexcbruno', '2021-11-16T18:55:45.203843Z'], ['hambrehoy', '2021-11-21T21:55:41.536973Z'], ['hx6068', '2021-11-20T17:24:55.957190Z'], ['francocoin1701', '2021-11-19T04:46:58.525261Z'], ['amansharma45147', '2021-11-18T11:38:12.046023Z'], ['nerd257', '2021-11-16T21:53:22.911463Z'], ['jbnitutkun', '2021-11-16T11:28:35.246063Z'], ['spwashere', '2021-11-16T00:57:18.542425Z'], ['vinhbhn', '2021-11-14T13:19:27.147893Z'], ['artespraticas', '2021-11-12T19:26:34.451677Z'], ['aviral-11', '2021-11-09T17:48:03.852975Z'], ['ardiferdiansah07', '2021-11-07T21:22:05.392364Z'], ['wahyu243', '2021-11-06T13:28:38.414096Z']]"
https://gitcoin.co/issue/27012,Balancer-DAO,Poapathon,"[['jmfoot', '2021-11-17T22:19:33Z'], ['hambrehoy', '2021-11-21T21:52:56.724462Z'], ['vallentinac', '2021-11-21T16:05:58.743089Z'], ['hx6068', '2021-11-20T17:50:26.308469Z'], ['chunza2542', '2021-11-19T05:26:38.047877Z'], ['francocoin1701', '2021-11-19T04:39:20.025453Z'], ['amansharma45147', '2021-11-18T11:34:52.985334Z'], ['jbnitutkun', '2021-11-16T09:58:08.016623Z'], ['vinhbhn', '2021-11-14T13:16:13.150341Z'], ['artespraticas', '2021-11-12T19:25:39.772299Z'], ['aviral-11', '2021-11-09T05:22:21.327872Z'], ['ardiferdiansah07', '2021-11-07T22:24:25.655943Z'], ['wahyu243', '2021-11-06T04:00:12.383203Z'], ['ssshiine', '2021-11-05T22:28:31.204960Z']]"
https://gitcoin.co/issue/27011,Balancer-DAO,Poapathon,"[['spwashere', '2021-11-16T00:57:55Z'], ['sakasnek', '2021-11-21T22:06:47.725042Z'], ['hx6068', '2021-11-20T18:24:21.947907Z'], ['yeahweretrying1', '2021-11-20T00:26:04.095912Z'], ['jaytberry77', '2021-11-19T18:24:54.081809Z'], ['francocoin1701', '2021-11-19T04:35:26.625378Z'], ['amansharma45147', '2021-11-18T11:33:39.369732Z'], ['stanton-brown', '2021-11-18T08:45:17.663411Z'], ['nerd257', '2021-11-18T03:58:26.059800Z'], ['snowdot', '2021-11-17T15:02:45.324086Z'], ['alexcbruno', '2021-11-16T19:03:11.929905Z'], ['jbnitutkun', '2021-11-16T09:38:42.844147Z'], ['reflectwithraksha', '2021-11-15T21:06:15.804606Z'], ['phounsouk', '2021-11-14T20:41:03.213069Z'], ['vinhbhn', '2021-11-14T13:11:50.864055Z'], ['artespraticas', '2021-11-12T19:23:52.983980Z'], ['kvantrum', '2021-11-12T03:02:00.079319Z'], ['wahyu243', '2021-11-10T01:45:47.000342Z'], ['aviral-11', '2021-11-09T16:04:09.877842Z'], ['ardiferdiansah07', '2021-11-08T19:35:07.972705Z'], ['ssshiine', '2021-11-05T22:31:59.223560Z']]"
https://gitcoin.co/issue/27009,Balancer-DAO,Poapathon,"[['amansharma45147', '2021-11-18T11:30:19Z'], ['sakasnek', '2021-11-21T22:09:29.348548Z'], ['hambrehoy', '2021-11-21T21:49:09.939350Z'], ['fabianaugustus', '2021-11-21T00:25:41.832016Z'], ['hx6068', '2021-11-20T18:43:32.097611Z'], ['kreasis', '2021-11-20T05:08:46.728513Z'], ['francocoin1701', '2021-11-19T04:31:26.669660Z'], ['alexcbruno', '2021-11-17T19:06:14.506358Z'], ['snowdot', '2021-11-17T15:02:06.120246Z'], ['chunza2542', '2021-11-17T14:42:01.591667Z'], ['qingyunshanshang', '2021-11-17T07:19:06.190159Z'], ['aviral-11', '2021-11-16T20:28:40.264708Z'], ['jbnitutkun', '2021-11-16T09:12:15.010890Z'], ['spwashere', '2021-11-16T00:56:39.933496Z'], ['pfed-prog', '2021-11-14T23:17:03.433220Z'], ['vinhbhn', '2021-11-14T13:13:39.548755Z'], ['phounsouk', '2021-11-13T21:32:59.896525Z'], ['artespraticas', '2021-11-12T19:22:19.942980Z'], ['ahelmsing', '2021-11-12T00:11:24.841988Z'], ['wahyu243', '2021-11-09T12:27:15.626155Z'], ['ardiferdiansah07', '2021-11-08T19:31:49.191626Z']]"
https://gitcoin.co/issue/27008,Balancer-DAO,Poapathon,"[['omahs', '2021-11-18T12:12:34Z'], ['kartike66', '2021-11-21T22:19:26.712214Z'], ['hambrehoy', '2021-11-21T21:46:51.699593Z'], ['belatri', '2021-11-21T18:05:19.437357Z'], ['0xcryptosummer', '2021-11-21T12:19:13.104428Z'], ['hx6068', '2021-11-20T19:24:20.527700Z'], ['caramelizer', '2021-11-20T15:06:32.269416Z'], ['kreasis', '2021-11-20T04:31:38.165563Z'], ['yeahweretrying1', '2021-11-19T23:32:27.962173Z'], ['fabianaugustus', '2021-11-19T16:37:27.661898Z'], ['francocoin1701', '2021-11-19T04:27:03.029479Z'], ['sakasnek', '2021-11-18T21:42:17.717593Z'], ['amitesh03', '2021-11-18T15:41:57.615039Z'], ['artespraticas', '2021-11-18T15:21:13.642686Z'], ['amansharma45147', '2021-11-18T11:32:25.760124Z'], ['jmeketchup', '2021-11-18T07:25:07.278184Z'], ['dcardines-design', '2021-11-18T04:26:27.784321Z'], ['nftiste', '2021-11-17T17:17:36.817009Z'], ['snowdot', '2021-11-17T15:00:21.508092Z'], ['ibfahd', '2021-11-17T11:35:44.354824Z'], ['jbnitutkun', '2021-11-15T17:53:24.136158Z'], ['synxero354', '2021-11-15T02:37:52.803004Z'], ['vinhbhn', '2021-11-14T13:17:42.093287Z'], ['pfed-prog', '2021-11-13T17:37:12.489612Z'], ['ahelmsing', '2021-11-12T00:07:31.054223Z'], ['aviral-11', '2021-11-10T08:43:57.635522Z'], ['wahyu243', '2021-11-10T02:35:51.226289Z'], ['ardiferdiansah07', '2021-11-08T19:39:23.388032Z']]"
https://gitcoin.co/issue/27003,ethereum-optimism,optimism,"[['coolhill', '2021-11-19T20:44:07Z']]"
https://gitcoin.co/issue/27002,ethereum-optimism,optimism,"[['coolhill', '2021-12-15T00:55:22.508269Z'], ['ridwan1995', '2021-11-02T16:30:35.247359Z']]"
https://gitcoin.co/issue/26999,metaverse-eth,bsc,"[['meetmangukiya', '2021-10-31T12:36:57.796982Z']]"
https://gitcoin.co/issue/26967,iExecBlockchainComputing,iexec-apps,"[['manyrios', '2021-12-02T08:22:06.192923Z']]"
https://gitcoin.co/issue/26937,AlfaBlok,safe_deploy,"[['blockchain-nz', '2021-10-26T19:10:31Z']]"
https://gitcoin.co/issue/26933,withtally,Tally-Hackathon,"[['markcarey', '2021-11-12T19:43:50.641290Z']]"
https://gitcoin.co/issue/26930,withtally,Tally-Hackathon,"[['khafidprayoga', '2021-11-09T09:15:01.848922Z']]"
https://gitcoin.co/issue/26928,reflexer-labs,geb-safe-saviours,"[['massun-onibakuchi', '2021-11-14T10:41:36.862022Z'], ['hmmdeif', '2021-11-12T17:32:19.855870Z'], ['shadydark', '2021-10-24T18:48:03.408479Z']]"
https://gitcoin.co/issue/26926,reflexer-labs,geb,"[['pfed-prog', '2021-10-31T20:14:45.044936Z'], ['maliknaber', '2021-10-31T13:47:08.098139Z'], ['davidpius95', '2021-10-25T14:41:17.374955Z'], ['rashmiranjan123274', '2021-10-24T19:25:45.139690Z']]"
https://gitcoin.co/issue/26904,umbrella-network,hackathon,"[['chris124567', '2021-11-08T20:31:23.247161Z'], ['meetmangukiya', '2021-11-07T07:57:15.726141Z']]"
https://gitcoin.co/issue/26903,umbrella-network,hackathon,"[['meetmangukiya', '2021-11-07T07:59:08.230523Z'], ['frgs-0', '2021-11-08T14:48:57.404199Z']]"
https://gitcoin.co/issue/26902,algorandfoundation,grow-algorand,"[['battlebearsdev', '2021-12-07T23:58:06Z'], ['arash9900', '2021-12-07T17:54:01Z'], ['dreitser', '2021-12-07T23:58:06.300361Z'], ['art-maniac', '2021-12-07T23:40:50.033333Z'], ['deadzen', '2021-12-07T23:02:40.395928Z'], ['wtinney', '2021-12-07T22:37:03.533768Z'], ['the-hack-god', '2021-12-07T22:04:42.489791Z'], ['valepavo', '2021-12-07T22:03:17.189997Z'], ['masket-bask', '2021-12-07T21:42:46.746671Z'], ['catcatm200', '2021-12-07T17:43:57.894310Z'], ['aircraftcarriertaiho', '2021-12-07T17:02:00.006852Z'], ['lychees', '2021-12-07T05:45:51.978178Z'], ['newdawnstudios', '2021-12-07T01:51:12.463116Z'], ['patrik7', '2021-12-06T13:06:37.130358Z'], ['gitdid', '2021-11-18T17:22:09.282522Z'], ['iover2020', '2021-11-14T03:44:16.635524Z'], ['cryptosans', '2021-10-19T20:03:18.573873Z']]"
https://gitcoin.co/issue/26901,algorandfoundation,grow-algorand,"[['frankszendzielarz', '2021-11-29T18:19:05.446135Z']]"
https://gitcoin.co/issue/26898,pokt-network,bounties,"[['seth-mckilla', '2021-11-12T10:46:10.065880Z'], ['calm-rock', '2021-11-12T23:53:21.925541Z'], ['sudutt', '2021-11-13T00:04:19.452890Z']]"
https://gitcoin.co/issue/26885,tezos-contrib,gitcoin-bounties,"[['karthi1908', '2021-11-07T16:38:29Z'], ['jebq', '2021-11-07T19:50:17Z']]"
https://gitcoin.co/issue/26884,tezos-contrib,gitcoin-bounties,"[['giraffekey', '2021-11-08T22:52:03Z'], ['defiprince', '2021-11-08T23:40:35.714581Z']]"
https://gitcoin.co/issue/26882,tezos-contrib,gitcoin-bounties,"[['shreedee', '2021-11-08T19:48:37.513076Z']]"
https://gitcoin.co/issue/26840,reef-defi,reef-finance-bounties,"[['briancraig', '2021-11-07T03:04:32Z'], ['adi99', '2021-11-09T12:51:25.437335Z'], ['carlbarrdahl', '2021-11-08T19:01:45.467439Z'], ['boonetb', '2021-11-08T01:13:59.373904Z'], ['nqtacn', '2021-10-22T06:11:21.293223Z']]"
https://gitcoin.co/issue/26839,reef-defi,reef-finance-bounties,"[['acevikings', '2021-11-08T14:46:24Z'], ['boo-0x', '2021-11-08T21:11:15Z'], ['andithemudkip', '2021-11-08T22:19:26Z'], ['adi99', '2021-11-09T12:54:29.857333Z'], ['nullvoidzz', '2021-11-09T00:00:32.926327Z'], ['haouproject', '2021-11-08T23:20:47.682596Z'], ['therealharpaljadeja', '2021-11-08T16:26:24.859462Z']]"
https://gitcoin.co/issue/26837,reef-defi,reef-finance-bounties,"[['kelvinpraises', '2021-11-08T23:38:56Z'], ['thomasewilson', '2021-11-09T06:01:25.156453Z'], ['iphyman', '2021-11-08T23:48:44.217555Z'], ['rtre84', '2021-11-08T22:50:09.948464Z'], ['fsy412', '2021-11-08T16:08:44.873729Z'], ['carlbarrdahl', '2021-11-07T15:55:36.992027Z']]"
https://gitcoin.co/issue/26836,parsiq,gitcoin2021,"[['karlxlee', '2021-11-08T23:40:03Z'], ['lucasespinosa28', '2021-11-06T23:50:10Z'], ['hedgefair', '2021-11-04T14:17:14.524044Z']]"
https://gitcoin.co/issue/26835,parsiq,gitcoin2021,"[['michaelmuenzer', '2021-11-08T06:36:32Z'], ['pfed-prog', '2021-11-08T22:04:14Z'], ['karlxlee', '2021-11-08T23:55:23.166882Z'], ['metavisa', '2021-11-08T10:14:54.178916Z'], ['ardiferdiansah07', '2021-11-07T23:21:09.992281Z']]"
https://gitcoin.co/issue/26834,parsiq,gitcoin2021,"[['alexanderkirilin', '2021-11-05T23:23:17Z'], ['acevikings', '2021-11-08T21:16:07Z'], ['lucasespinosa28', '2021-11-06T12:11:44Z'], ['omnianalytics', '2021-11-08T00:13:01Z']]"
https://gitcoin.co/issue/26833,parsiq,gitcoin2021,"[['jitrz', '2021-11-08T22:42:02Z'], ['jethrof22', '2021-11-08T20:29:11Z'], ['filipepolizel', '2021-10-21T21:30:50Z'], ['ervindimitri', '2021-11-01T23:00:49Z'], ['gitcoindev', '2021-11-05T15:30:17Z'], ['anhfactor', '2021-11-06T08:36:45Z'], ['visdauas', '2021-11-08T00:31:53Z'], ['michaelmuenzer', '2021-11-08T06:34:46Z'], ['pfed-prog', '2021-11-04T02:31:41Z'], ['madanyc', '2021-11-08T18:27:33.215147Z']]"
https://gitcoin.co/issue/26821,covalenthq,covalent-gitcoin-bounties,"[['daviddrob', '2021-11-07T23:08:11Z'], ['zpencerguy', '2021-11-08T23:44:16Z'], ['bizzyvinci', '2021-11-08T18:48:47Z'], ['dtiv', '2021-11-08T07:55:14Z'], ['sabelomkhwanzi', '2021-11-09T03:44:33Z'], ['karlxlee', '2021-11-08T23:48:31.844735Z']]"
https://gitcoin.co/issue/26820,covalenthq,covalent-gitcoin-bounties,"[['ahsan-ehtesham', '2021-11-05T21:12:57Z'], ['rnhttr', '2021-11-06T15:40:58Z'], ['tgrecojs', '2021-11-09T08:45:31Z'], ['karlxlee', '2021-11-08T23:50:55Z'], ['calm-rock', '2021-11-08T23:49:51Z']]"
https://gitcoin.co/issue/26816,algorandfoundation,grow-algorand,"[['poopoothegorilla', '2021-12-05T19:06:58Z'], ['tejas-kothari', '2021-12-11T04:41:25.949555Z'], ['dreitser', '2021-12-07T23:59:21.596863Z'], ['valepavo', '2021-12-07T22:01:08.967664Z'], ['wesxdz', '2021-12-06T22:53:06.292380Z'], ['mankal111', '2021-12-06T22:00:07.233249Z'], ['fraccas', '2021-12-06T04:28:48.561713Z'], ['chronicdl', '2021-12-05T21:51:15.243674Z'], ['iover2020', '2021-11-14T03:51:00.781154Z']]"
https://gitcoin.co/issue/26815,algorandfoundation,grow-algorand,"[['dreitser', '2021-12-08T00:00:20.192193Z'], ['sagarjethideveloper', '2021-12-07T18:53:22.338650Z'], ['lychees', '2021-12-07T05:41:44.517636Z'], ['iover2020', '2021-11-14T03:50:03.505478Z'], ['1sere54', '2021-11-01T19:44:15.442758Z']]"
https://gitcoin.co/issue/26814,algorandfoundation,grow-algorand,"[['dreitser', '2021-12-08T00:01:11.929097Z'], ['valepavo', '2021-12-07T22:01:16.771186Z'], ['poopoothegorilla', '2021-12-05T19:08:57.443574Z'], ['diegocardoso93', '2021-11-19T02:29:12.657065Z'], ['iover2020', '2021-11-14T03:48:32.202446Z']]"
https://gitcoin.co/issue/26813,algorandfoundation,grow-algorand,"[['lucasvanmol', '2021-12-06T21:53:42.107990Z'], ['wesxdz', '2021-12-05T15:07:30.840696Z'], ['iover2020', '2021-11-14T03:47:16.575106Z']]"
https://gitcoin.co/issue/26812,bnb-chain,Grant-projects,"[['bizzyvinci', '2021-11-08T18:18:20Z'], ['samixdev', '2021-11-08T17:17:54Z'], ['karlxlee', '2021-11-08T23:44:16.537108Z'], ['ajand', '2021-11-08T23:30:03.677049Z'], ['vbstreetz', '2021-11-08T23:11:30.500718Z']]"
https://gitcoin.co/issue/26811,bnb-chain,Grant-projects,"[['synycboom', '2021-11-08T22:04:41Z'], ['0xroad', '2021-11-08T23:57:31.001456Z'], ['coinlordd', '2021-11-08T16:35:46.931820Z'], ['shaansundar', '2021-10-29T08:18:45.425501Z'], ['oleksiivinogradov', '2021-10-20T08:44:37.148891Z']]"
https://gitcoin.co/issue/26768,keep-network,Bounties-and-Grants,"[['benlongstaff', '2021-10-12T22:57:24.653424Z']]"
https://gitcoin.co/issue/26756,mgrillo75,New_DefiArtGame,"[['mhmulford0', '2021-10-11T00:14:39.268890Z']]"
https://gitcoin.co/issue/26752,shapeshift,unchained,"[['uivlis', '2021-10-18T18:02:28Z']]"
https://gitcoin.co/issue/26741,Lamden,bounties,"[['fokoenecke', '2021-10-12T15:38:00.042931Z']]"
https://gitcoin.co/issue/26710,algorandfoundation,grow-algorand,"[['3dlifee', '2021-11-22T11:37:41.847368Z'], ['fionnachan', '2021-11-19T14:58:24.018188Z'], ['eadlam', '2021-11-22T05:08:00.743078Z'], ['murasame233', '2021-11-21T23:09:29.915689Z'], ['pfed-prog', '2021-11-21T21:59:55.709072Z'], ['gconnect', '2021-11-17T21:44:41.666961Z'], ['camilledubois', '2021-10-17T18:11:27.241321Z'], ['squazher', '2021-10-07T11:56:48.091179Z']]"
https://gitcoin.co/issue/26701,reflexer-labs,saddle-contract,"[['stobiewan', '2021-10-26T23:00:15.740601Z'], ['codista', '2021-10-18T12:34:45.112417Z'], ['deptulalukas', '2021-10-06T23:10:07.478912Z'], ['cup1011', '2021-10-04T18:45:11.026729Z'], ['arifdetha', '2021-10-03T10:51:32.082276Z']]"
https://gitcoin.co/issue/26691,Lamden,bounties,"[['dapiguabc', '2021-10-09T05:53:18.436130Z']]"
https://gitcoin.co/issue/26675,harmony-one,bounties,"[['ranmses', '2021-10-30T15:47:38.410165Z']]"
https://gitcoin.co/issue/26666,crustio,crust,"[['joshtharakan', '2021-09-27T05:11:29.336549Z']]"
https://gitcoin.co/issue/26650,Agoric,agoric-sdk,"[['simpletrontdip', '2021-11-13T06:44:17Z']]"
https://gitcoin.co/issue/26642,AvadoDServer,DAppNode_Installer_AVADO,"[['onepabz', '2021-10-05T15:46:06.196407Z']]"
https://gitcoin.co/issue/26633,1inch,limit-order-protocol,"[['0xzinth', '2021-09-28T23:27:38Z']]"
https://gitcoin.co/issue/26631,1inch,limit-order-protocol,"[['massun-onibakuchi', '2021-09-28T05:06:57Z']]"
https://gitcoin.co/issue/26541,akash-network,awesome-akash,"[['jonathanf', '2021-11-07T16:18:44Z'], ['spiritupbro', '2021-11-08T21:59:55.439026Z'], ['rodri-r', '2021-09-29T00:38:30.722328Z'], ['mandelliant', '2021-09-28T21:37:13.470667Z']]"
https://gitcoin.co/issue/26540,akash-network,awesome-akash,"[['slowriot', '2021-10-19T22:56:05Z']]"
https://gitcoin.co/issue/26539,akash-network,awesome-akash,"[['spacepotahto', '2021-09-29T23:53:34.676568Z'], ['rashmi-278', '2021-09-25T10:54:38Z'], ['blockpill', '2021-09-29T13:21:04.721444Z'], ['bild96', '2021-09-29T09:12:34.387711Z'], ['developer-piyush', '2021-09-28T17:09:29.530563Z'], ['odiovock', '2021-09-28T00:21:58.991359Z'], ['minatofund', '2021-09-27T15:25:55.946340Z'], ['ubinix-warun', '2021-09-24T07:26:05.563372Z'], ['jonathanf', '2021-09-23T22:05:17.126293Z'], ['slowriot', '2021-09-16T15:20:58.278234Z']]"
https://gitcoin.co/issue/26537,akash-network,awesome-akash,"[['amrosaeed', '2021-09-29T14:54:14Z']]"
https://gitcoin.co/issue/26535,crustio,crust,"[['goojal', '2021-09-10T18:30:55.395505Z']]"
https://gitcoin.co/issue/26524,iotexproject,halogrants,"[['brianspha', '2021-09-29T23:39:11.799981Z'], ['nicky-ru', '2021-09-26T22:00:32.262096Z']]"
https://gitcoin.co/issue/26513,perpetual-protocol,perp-bounties,"[['brymut', '2021-09-27T10:29:12Z'], ['developerinprogress', '2021-09-27T20:45:37Z'], ['d5shen', '2021-09-26T01:54:14Z'], ['wanchalong19', '2021-10-04T15:15:43.066836Z'], ['udit-gulati', '2021-09-29T23:50:40.117717Z']]"
https://gitcoin.co/issue/26512,Idle-Labs,idle-contracts,"[['sunnyrk', '2021-09-28T03:07:06.203722Z'], ['massun-onibakuchi', '2021-09-28T04:21:27.155478Z']]"
https://gitcoin.co/issue/26509,Badger-Finance,gitcoin,"[['tabshaikh', '2021-09-14T11:02:58.227702Z'], ['calusaca', '2021-09-29T21:55:55.036685Z'], ['jalbrekt85', '2021-09-29T19:46:16.582340Z'], ['chuck-1', '2021-09-29T01:59:32.020024Z'], ['dxganta', '2021-09-21T17:32:49.366509Z']]"
https://gitcoin.co/issue/26507,daimyolabs,Gitcoin_hackathon,"[['l-kh', '2021-09-11T16:34:05Z'], ['nerd257', '2021-09-14T23:06:40Z'], ['bobsub218', '2021-09-17T12:53:23Z'], ['vinhbhn', '2021-09-17T23:48:06Z'], ['maystro4', '2021-09-20T19:57:59Z'], ['wahyu243', '2021-09-21T06:07:36Z'], ['shockingblack', '2021-09-21T07:22:13Z'], ['poppppop', '2021-09-21T14:39:17Z'], ['writeprovidence', '2021-09-29T13:09:29Z'], ['anupriyalathey', '2021-09-28T15:12:29Z'], ['creative-ed', '2021-09-28T11:35:50Z']]"
https://gitcoin.co/issue/26505,Badger-Finance,gitcoin,"[['meetmangukiya', '2021-09-29T10:17:04.451408Z'], ['sejpalkalpesh', '2021-09-29T19:29:15.240969Z'], ['viswanathkgp12', '2021-09-29T18:21:21.562821Z']]"
https://gitcoin.co/issue/26500,Badger-Finance,gitcoin,"[['uxio0', '2021-10-02T21:02:37.568952Z']]"
https://gitcoin.co/issue/26494,Badger-Finance,badger-system,"[['shakotn', '2021-09-24T13:25:12.212129Z'], ['ratik21', '2021-09-29T23:25:20.451190Z']]"
https://gitcoin.co/issue/26473,cennznet,grants,"[['leetdev', '2021-09-29T16:28:51Z']]"
https://gitcoin.co/issue/26469,octopus-network,oct-token-eth,"[['mreza00', '2021-09-12T08:11:45.889854Z'], ['ngocdino95', '2021-09-11T15:21:15.805832Z'], ['khascun', '2021-09-08T20:59:28.154557Z'], ['icebert04', '2021-09-08T15:53:33.662525Z'], ['developerfred', '2021-09-06T18:29:45.376760Z'], ['bidodido', '2021-09-07T06:44:43.473087Z'], ['ananias1976', '2021-09-07T06:13:46.501832Z'], ['minhmeo828', '2021-09-07T05:13:50.139521Z'], ['anon79', '2021-09-07T04:17:16.686050Z'], ['fljlglove2012', '2021-09-06T23:28:10.655084Z']]"
https://gitcoin.co/issue/26461,vitelabs,bounties,"[['sarmatdev', '2021-09-29T22:29:14.805672Z'], ['0xkarl', '2021-09-26T14:05:54.177747Z']]"
https://gitcoin.co/issue/26460,vitelabs,bounties,"[['imalfect', '2021-10-10T08:31:31.220997Z'], ['jeanouina2', '2021-09-30T04:18:17.701951Z'], ['wepsree', '2021-09-29T23:44:11.311867Z'], ['dtiv', '2021-09-29T21:04:10.981416Z'], ['crypto-craze', '2021-09-29T20:12:08.924758Z'], ['jeanouina', '2021-09-29T16:15:31.435721Z'], ['johngarnham', '2021-09-20T22:31:18.804185Z'], ['elemontcapital', '2021-09-19T23:00:44.081996Z'], ['akunclone1a', '2021-09-08T17:26:39.299303Z']]"
https://gitcoin.co/issue/26459,vitelabs,bounties,"[['aben', '2021-10-26T07:35:51.497646Z'], ['kaffinpx', '2021-09-29T20:36:31.584871Z'], ['dandevel', '2021-09-28T21:04:22.194604Z'], ['flyinglimao', '2021-09-25T18:14:44.472079Z']]"
https://gitcoin.co/issue/26458,vitelabs,bounties,"[['zachdolph', '2021-09-29T20:33:34.027368Z']]"
https://gitcoin.co/issue/26457,vitelabs,bounties,"[['martvall', '2021-10-01T07:14:36.221056Z'], ['zenithlel', '2021-09-30T22:02:09.512765Z'], ['louisemedova', '2021-09-29T05:30:45.203422Z']]"
https://gitcoin.co/issue/26456,reflexer-labs,geb-subgraph,"[['jairofra', '2021-09-19T18:31:47.530282Z'], ['testguid', '2021-09-20T21:26:00.244338Z'], ['johnmgrimm', '2021-09-19T20:41:52.703748Z'], ['anon79', '2021-09-06T16:58:52.703764Z']]"
https://gitcoin.co/issue/26452,nknorg,nBounty,"[['the-hack-god', '2021-09-29T22:45:43.218396Z'], ['artipedia', '2021-09-25T12:56:01.271383Z'], ['oldmantom-nkn', '2021-09-26T13:42:51.403799Z'], ['pisagorcuu', '2021-10-11T20:34:58.923691Z'], ['masket-bask', '2021-09-29T23:04:28.923120Z'], ['iamdiegoinacio', '2021-09-29T01:08:55.538436Z'], ['creative-ed', '2021-09-28T11:42:50.279338Z'], ['panigale120', '2021-09-28T07:46:41.515013Z'], ['anupriyalathey', '2021-09-27T17:07:57.060975Z'], ['mledy', '2021-09-23T21:02:15.224565Z'], ['vinhbhn', '2021-09-17T23:56:23.420162Z'], ['wahyu243', '2021-09-16T02:56:49.086889Z']]"
https://gitcoin.co/issue/26451,nknorg,nBounty,"[['pccourt', '2021-09-29T20:29:13.574611Z'], ['arrivets', '2021-09-29T22:55:43.626245Z'], ['dev-blockchain', '2021-09-30T00:00:41.365324Z'], ['huming0618', '2021-09-29T23:18:49.122680Z'], ['akunclone1a', '2021-09-08T17:32:25.665217Z']]"
https://gitcoin.co/issue/26450,nknorg,nBounty,"[['cryptofervid', '2021-09-27T12:54:54.630431Z'], ['abooabdirahman', '2021-09-28T19:30:19.349256Z']]"
https://gitcoin.co/issue/26449,nknorg,nBounty,"[['jithinks97', '2021-09-26T02:56:04.892374Z'], ['zedonboy', '2021-09-27T20:21:04.587869Z']]"
https://gitcoin.co/issue/26444,nknorg,nBounty,"[['crackdavid', '2021-11-17T15:58:15.239497Z'], ['terapi09', '2021-09-23T23:53:52.540183Z'], ['kampenk', '2021-09-22T17:30:06.665809Z'], ['rude69', '2021-09-08T22:32:59.210200Z'], ['akunclone1a', '2021-09-08T17:15:06.395730Z']]"
https://gitcoin.co/issue/26439,akash-network,awesome-akash,"[['kama2225', '2022-09-15T20:21:24.796779Z'], ['zjor', '2021-10-21T18:11:47.851534Z'], ['spacepotahto', '2021-10-21T06:59:46.779329Z'], ['unameit10000000', '2021-10-21T06:56:18.358977Z'], ['brianhhough', '2021-10-21T06:00:05.263713Z'], ['rodri-r', '2021-10-20T05:55:31.065242Z'], ['figurestudios', '2021-10-19T21:59:18.597688Z'], ['paolobui', '2021-09-02T04:34:15.530448Z'], ['sahilasif', '2021-09-01T18:53:07.734185Z']]"
https://gitcoin.co/issue/26434,reflexer-labs,curve-contract,"[['stobiewan', '2021-09-13T21:48:58.851253Z'], ['saputra888', '2021-08-31T12:35:07.745971Z']]"
https://gitcoin.co/issue/26427,t3rmdotdev,t3rm.dev,"[['meetmangukiya', '2021-08-31T08:14:20Z']]"
https://gitcoin.co/issue/26418,Agoric,agoric-sdk,[]
https://gitcoin.co/issue/26408,DePayFi,depay-evm-launchpad,"[['icebert04', '2021-08-28T07:40:06.596791Z']]"
https://gitcoin.co/issue/26396,gitcoinco,skunkworks,"[['pawanakhil', '2021-09-06T13:29:27Z'], ['ajand', '2021-09-07T22:38:15Z'], ['filipealeixo', '2021-09-04T18:02:46Z'], ['rude69', '2021-09-08T07:30:47.859344Z'], ['aturx', '2021-09-07T16:45:31.841819Z'], ['lucasespinosa28', '2021-09-06T08:46:08.684161Z'], ['developer-piyush', '2021-09-05T16:43:42.544711Z']]"
https://gitcoin.co/issue/26395,gitcoinco,skunkworks,"[['mccoady', '2021-09-07T21:58:02Z'], ['filipealeixo', '2021-09-04T17:55:40Z'], ['chunza2542', '2021-09-05T12:51:49Z'], ['lazrus8', '2021-09-08T14:54:06.808205Z'], ['rude69', '2021-09-08T04:26:29.122342Z'], ['0xcharchar', '2021-09-07T22:49:01.810924Z'], ['aturx', '2021-09-07T14:33:01.944183Z'], ['the-wary-one', '2021-09-06T18:21:32.092380Z'], ['massun-onibakuchi', '2021-09-06T06:58:36.681636Z'], ['developer-piyush', '2021-09-04T17:22:04.938031Z'], ['duythien', '2021-08-28T13:27:05.092661Z'], ['aidan-starke', '2021-08-25T23:45:47.090193Z']]"
https://gitcoin.co/issue/26394,gitcoinco,skunkworks,"[['adityachakra16', '2021-09-07T23:14:31.462216Z'], ['zoek1', '2021-09-08T02:22:44.180741Z'], ['ajand', '2021-09-07T22:37:00Z'], ['karlxlee', '2021-09-07T23:47:16.260806Z'], ['rude69', '2021-08-31T14:46:50.525275Z']]"
https://gitcoin.co/issue/26390,Badger-Finance,gitcoin,"[['jitrz', '2021-09-13T14:10:35.500079Z'], ['pfed-prog', '2021-09-08T21:13:32.031948Z'], ['karlxlee', '2021-08-29T13:28:54.104819Z']]"
https://gitcoin.co/issue/26380,dhedge,dhedge-docs,"[['echolon166', '2021-09-03T18:22:44Z'], ['rob-lw', '2021-09-03T19:01:31.398891Z'], ['aaaapsouuu', '2021-09-03T17:50:12.763096Z']]"
https://gitcoin.co/issue/26367,nervosnetwork,grants,"[['lazrus8', '2021-08-19T22:01:45Z'], ['clarkccc', '2021-09-06T10:38:23.407741Z'], ['jinusean', '2021-09-05T11:34:03.500596Z'], ['majesticlotus', '2021-08-31T22:35:26.359765Z'], ['scentlxss', '2021-08-30T16:57:48.973498Z'], ['anhfactor', '2021-08-28T18:04:29.056286Z'], ['assafom', '2021-08-21T08:45:27Z'], ['gentlebutapril', '2021-08-22T12:40:03.292655Z'], ['leomanza', '2021-08-21T22:58:32.441331Z'], ['theyashmhatre', '2021-08-21T21:31:55.476769Z'], ['chaitanyasjoshi', '2021-08-21T15:57:57.499951Z'], ['andrewpsp', '2021-08-21T13:44:46.472932Z'], ['tech-engine', '2021-08-21T06:57:20.921591Z'], ['crispysandwhich', '2021-08-21T06:21:54.915969Z'], ['orhanors', '2021-08-20T12:38:40.208547Z'], ['criusxx', '2021-08-20T07:35:12.786527Z'], ['jpeterd', '2021-08-19T17:34:59.706392Z'], ['raiden1411', '2021-08-19T16:24:15.923601Z'], ['ben-razor', '2021-08-19T11:43:27.984415Z'], ['oceansxq', '2021-08-19T11:20:55.983398Z'], ['soptq', '2021-08-19T08:35:25.660872Z'], ['bianyafeng', '2021-08-21T08:02:15.548348Z'], ['x777', '2021-08-21T01:40:45.746573Z'], ['mosqu1to3zz', '2021-08-20T17:56:37.007173Z'], ['terryboy', '2021-08-20T16:24:44.457689Z'], ['1m1axx', '2021-08-20T14:26:25.070920Z'], ['lianghowe', '2021-08-20T14:05:24.035950Z'], ['dex68', '2021-08-20T12:11:16.495350Z'], ['bayou020', '2021-08-19T21:50:48.290355Z'], ['oritwoen', '2021-08-19T21:49:06.556176Z'], ['ttnguyendev', '2021-08-19T19:20:08.973161Z'], ['vinhbhn', '2021-08-19T08:53:03.296754Z'], ['berkayermis', '2021-08-20T13:50:03.835025Z']]"
https://gitcoin.co/issue/26366,nervosnetwork,grants,"[['sunydev', '2021-09-08T17:46:34.423876Z'], ['morning-bird', '2021-09-07T13:53:46.678801Z'], ['mistakeone', '2021-09-04T23:57:57.877520Z'], ['maxx6262', '2021-09-04T23:55:46.312585Z'], ['philippeomalley', '2021-09-04T23:55:24.453277Z'], ['readingshades', '2021-09-04T23:39:04.872201Z'], ['dvgmoon', '2021-09-04T22:31:48.843880Z'], ['long-blade', '2021-09-04T20:52:03.563962Z'], ['jackieyewang', '2021-09-04T16:31:28.117337Z'], ['sirantogp', '2021-09-04T15:17:05.331811Z'], ['happylolonly', '2021-09-04T13:42:09.712752Z'], ['xcshuan', '2021-09-04T13:38:59.316630Z'], ['u1dxpool', '2021-09-04T11:50:16.174201Z'], ['ufrok1', '2021-09-04T11:24:21.681865Z'], ['u2rust', '2021-09-04T10:49:29.333529Z'], ['w5pand', '2021-09-04T10:08:08.061392Z'], ['revathi616', '2021-09-04T08:58:07.617447Z'], ['anitamartin', '2021-09-04T07:29:41.817629Z'], ['kidneyweakx', '2021-09-04T07:16:36.538196Z'], ['juanantoaf', '2021-09-04T05:38:57.489763Z'], ['sundarg954', '2021-09-04T02:39:23.367126Z'], ['cagdo92', '2021-09-02T23:23:37.960389Z'], ['andithemudkip', '2021-09-02T17:14:04.729564Z'], ['dio7', '2021-09-02T16:59:50.560841Z'], ['leonngen', '2021-09-02T14:20:26.848392Z'], ['patekfilipe', '2021-09-02T13:16:32.485206Z'], ['iremsals', '2021-09-02T12:20:06.958195Z'], ['el-tumero', '2021-09-02T11:25:17.816643Z'], ['ruggedcardigan', '2021-09-02T03:08:16.394278Z'], ['ode233', '2021-09-02T01:27:41.806015Z'], ['ysongh', '2021-09-01T23:21:29.317692Z'], ['dziobakwszafie', '2021-09-01T22:29:42.672517Z'], ['vivensy', '2021-09-01T19:01:22.095968Z'], ['elfelf2', '2021-09-01T18:38:54.815195Z'], ['aliabdullah54', '2021-09-01T18:19:50.722870Z'], ['superburst', '2021-09-01T18:01:11.129023Z'], ['taurenshaman', '2021-09-01T13:18:49.776480Z'], ['namex44', '2021-09-01T11:40:15.397334Z'], ['nhaga', '2021-09-01T06:06:45.333994Z'], ['borisgang4', '2021-08-31T21:16:31.345116Z'], ['da3dalus88', '2021-08-31T15:10:17.734547Z'], ['majesticlotus', '2021-08-31T13:25:31.718248Z'], ['cito-lito', '2021-08-31T10:24:54.402313Z'], ['fabianosl1', '2021-08-31T04:47:23.886178Z'], ['ntabamanzi', '2021-08-30T21:24:02.189471Z'], ['ysuf06', '2021-08-30T13:26:50.595056Z'], ['mmcel', '2021-08-30T08:54:24.184632Z'], ['uguryuksel', '2021-08-29T17:22:20.456424Z'], ['scentlxss', '2021-08-29T16:17:37.226356Z'], ['jamiryoquay', '2021-08-29T15:41:05.476062Z'], ['micheledurden43', '2021-08-29T13:33:26.547274Z'], ['venoox', '2021-08-29T13:30:03.023937Z'], ['anhfactor', '2021-08-29T11:04:28.858484Z'], ['bacbacmimo', '2021-08-29T09:10:35.967484Z'], ['jordanflick75', '2021-08-28T21:36:18.794047Z'], ['meathewww', '2021-08-28T20:39:07.357802Z'], ['drugurares', '2021-08-28T18:01:29.764601Z'], ['thanhnhann', '2021-08-28T14:47:27.384755Z'], ['howinoc', '2021-08-28T14:23:36.518976Z'], ['buketmizrak', '2021-08-28T14:14:43.383097Z'], ['caneryy', '2021-08-28T10:45:03.388881Z'], ['samet1998', '2021-08-28T10:43:49.694704Z'], ['food', '2021-08-28T09:13:39.289865Z'], ['zenithlel', '2021-08-27T18:31:49.471782Z'], ['zyra-zia', '2021-08-27T18:12:11.759598Z'], ['blockgeek0', '2021-08-27T16:38:21.072943Z'], ['lutpin1', '2021-08-26T20:26:45.113325Z'], ['assafom', '2021-08-20T03:29:53Z'], ['cqtkr1995', '2021-08-26T15:36:07.356935Z'], ['zacky1886', '2021-08-26T15:25:56.289427Z'], ['agus1224', '2021-08-26T09:11:17.112216Z'], ['nasino2', '2021-08-26T08:58:21.088998Z'], ['mashmzc', '2021-08-25T19:56:12.584124Z'], ['awaissaeeed', '2021-08-25T19:54:34.405343Z'], ['michaelshapkin', '2021-08-22T15:31:20.604482Z'], ['mecforlove', '2021-08-22T14:50:19.454346Z'], ['icaroo', '2021-08-22T14:29:43.975810Z'], ['nargeslein', '2021-08-22T14:20:26.109971Z'], ['timfaner', '2021-08-22T08:51:48.632751Z'], ['bitcoineazy', '2021-08-21T19:27:11.203670Z'], ['theyashmhatre', '2021-08-21T18:48:15.058014Z'], ['taylorkhalifa', '2021-08-21T12:39:10.232259Z'], ['celoaken', '2021-08-21T12:20:37.407518Z'], ['tech-engine', '2021-08-21T10:25:17.412114Z'], ['niedhui', '2021-08-21T06:25:29.747990Z'], ['rafat', '2021-08-21T05:40:07.053150Z'], ['fsy412', '2021-08-21T05:22:16.269728Z'], ['siti050687', '2021-08-21T00:22:13.428514Z'], ['deryyy', '2021-08-21T00:11:42.238978Z'], ['schrubitteflau', '2021-08-20T23:20:49.387870Z'], ['textrocr', '2021-08-20T15:17:28.184223Z'], ['juzkiddin', '2021-08-20T10:40:22.779077Z'], ['alanfreud', '2021-08-20T08:58:26.821089Z'], ['criusxx', '2021-08-20T08:37:30.533362Z'], ['chaitanyasjoshi', '2021-08-20T07:07:27.137912Z'], ['gentlebutapril', '2021-08-20T01:59:50.657993Z'], ['bianyafeng', '2021-08-20T01:57:40.252811Z'], ['ben-razor', '2021-08-20T00:22:04.599193Z'], ['x777', '2021-08-19T22:23:07.575700Z'], ['tayfun-yuksel', '2021-08-19T20:05:34.356602Z'], ['gapro8', '2021-08-19T18:22:18.030072Z'], ['jiddukrish', '2021-08-19T16:35:56.027284Z'], ['nervos2021', '2021-08-19T16:35:55.615159Z'], ['homerosland', '2021-08-19T15:34:19.247888Z'], ['orhanors', '2021-08-19T14:27:41.596018Z'], ['mindolam', '2021-08-19T14:20:30.113593Z'], ['berkayermis', '2021-08-19T13:01:01.039914Z'], ['ttnguyendev', '2021-08-19T08:19:21.683707Z'], ['jpeterd', '2021-08-19T03:42:05.130116Z'], ['vinhbhn', '2021-08-19T02:45:06.051869Z'], ['gpgith', '2021-08-24T09:03:11.094673Z'], ['wahyu1236', '2021-08-23T09:16:03.686375Z'], ['dikky88', '2021-08-23T08:46:24.146622Z'], ['nicky-ru', '2021-08-23T08:28:33.362154Z'], ['bugieman', '2021-08-23T01:33:33.144126Z'], ['xrustx', '2021-08-25T14:09:37.063070Z'], ['exiv22', '2021-08-24T14:57:46.772532Z'], ['jinusean', '2021-08-24T11:33:57.375282Z'], ['domix14', '2021-08-25T18:27:34.140878Z'], ['carljungvibe', '2021-08-22T21:35:25.468359Z'], ['olugbenga2000', '2021-08-22T20:51:27.811049Z'], ['wizardlog', '2021-08-22T20:48:32.104666Z'], ['0xtwoface', '2021-08-22T10:26:40.516638Z'], ['ircrp', '2021-08-21T10:36:05.872252Z'], ['7h2x5e', '2021-08-20T20:59:24.021356Z'], ['leomanza', '2021-08-20T19:03:31.851624Z'], ['phlyk', '2021-08-20T17:10:19.551805Z'], ['acereer', '2021-08-20T16:52:55.351947Z'], ['1m1axx', '2021-08-20T14:35:35.544504Z'], ['lianghowe', '2021-08-20T12:59:17.490517Z'], ['tharunrai14', '2021-08-20T11:39:26.816149Z'], ['techmeupnl', '2021-08-19T23:06:05.306612Z'], ['bayou020', '2021-08-19T17:26:57.366087Z'], ['oceansxq', '2021-08-19T10:39:51.020919Z'], ['skinnynoizze', '2021-08-19T10:11:22.895616Z'], ['visdauas', '2021-08-19T10:01:20.829619Z'], ['soptq', '2021-08-19T09:45:37.530528Z'], ['terryboy', '2021-08-19T08:55:37.263303Z'], ['jcervante', '2021-08-24T08:34:39.565187Z'], ['oritwoen', '2021-08-24T07:26:38.463094Z'], ['tanishqdsharma', '2021-08-24T05:41:19.495322Z'], ['ubinix-warun', '2021-08-24T03:24:16.491578Z'], ['0xlam0n', '2021-08-25T18:04:41.318478Z'], ['ronalddas', '2021-08-25T08:50:22.854972Z'], ['gggsssaaa', '2021-08-25T01:03:49.537836Z'], ['puppetmaster66', '2021-08-24T23:31:21.133476Z'], ['pulth', '2021-08-24T22:22:02.028406Z'], ['tfthecoder', '2021-08-24T12:19:25.334209Z'], ['dex68', '2021-08-20T10:54:52.756074Z']]"
https://gitcoin.co/issue/26363,dhedge,dhedge-docs,"[['0xzinth', '2021-09-07T23:17:11Z']]"
https://gitcoin.co/issue/26361,dhedge,dhedge-docs,"[['viswanathkgp12', '2021-09-07T18:18:20Z'], ['karlxlee', '2021-09-07T23:36:09.342358Z']]"
https://gitcoin.co/issue/26343,CreamFi,Open-Defi,"[['defiprophecy', '2021-09-08T18:16:39.574461Z'], ['0xszeth', '2021-09-08T20:42:10.084407Z'], ['ahmetmnr', '2021-09-08T22:20:26.009921Z'], ['ayrtonbayer25', '2021-09-08T03:08:26.833460Z'], ['riki1498', '2021-08-18T13:40:38.808756Z']]"
https://gitcoin.co/issue/26342,CreamFi,Open-Defi,"[['massun-onibakuchi', '2021-09-08T21:09:23.265091Z'], ['degenrobot', '2021-09-08T16:23:46.178808Z']]"
https://gitcoin.co/issue/26341,CreamFi,Open-Defi,"[['seungjulee', '2021-09-07T18:42:48.780311Z'], ['smoothbot', '2021-09-08T05:18:08.159666Z']]"
https://gitcoin.co/issue/26324,Badger-Finance,gitcoin,"[['soptq', '2021-08-19T07:41:09.112136Z']]"
https://gitcoin.co/issue/26323,thxprotocol,api,"[['shakotn', '2021-08-29T13:32:16.767725Z']]"
https://gitcoin.co/issue/26313,harmony-one,hackathon,"[['agin-dropdisco', '2021-09-30T16:37:45Z'], ['bmgalego', '2021-10-01T00:35:29Z'], ['midmatch', '2021-09-30T17:45:33Z'], ['lejoys', '2021-10-10T05:35:15.273205Z'], ['kingster-will', '2021-10-01T07:05:39.008195Z'], ['johnwhitton', '2021-10-01T00:24:36.165567Z'], ['edbong123', '2021-09-30T21:46:11.129761Z'], ['adirery', '2021-09-30T15:59:41.962063Z']]"
https://gitcoin.co/issue/26301,harmony-one,hackathon,"[['acevikings', '2021-09-30T16:57:32Z'], ['powerbombfi', '2021-09-30T13:38:41Z'], ['creativedrewy', '2021-09-30T06:04:14Z'], ['harsh8196', '2021-09-30T12:08:08Z'], ['philogy', '2021-10-01T00:23:32Z'], ['isaacschwab', '2021-09-30T23:57:15Z'], ['kyona776', '2021-10-01T07:46:12.948287Z'], ['blockjoe', '2021-10-01T06:16:19.105699Z'], ['adinda-ratna', '2021-09-30T22:53:36.510974Z'], ['agin-dropdisco', '2021-09-30T16:34:01.642032Z'], ['dylanckawalec', '2021-09-28T00:23:11.830511Z'], ['panichmaxim', '2021-09-21T14:55:19.845764Z']]"
https://gitcoin.co/issue/26300,harmony-one,hackathon,"[['johnwhitton', '2021-10-04T03:34:31Z'], ['tailchakra', '2021-09-30T20:54:54.635505Z'], ['maxklenk', '2021-09-30T20:54:29.001555Z'], ['adirery', '2021-09-30T15:57:08.657577Z']]"
https://gitcoin.co/issue/26298,algorandfoundation,grow-algorand,"[['dzuqe', '2021-09-07T23:10:38.103494Z'], ['3dlifee', '2021-09-29T22:03:57.941436Z'], ['leshatat', '2021-09-25T20:55:50.801583Z'], ['salvatorecorvaglia', '2021-09-24T20:35:52.016694Z'], ['gconnect', '2021-09-19T02:30:49.877514Z'], ['petitnau', '2021-09-07T12:40:08.242183Z']]"
https://gitcoin.co/issue/26286,gitcoinco,skunkworks,"[['developer-piyush', '2021-08-19T20:32:40Z']]"
https://gitcoin.co/issue/26276,UMAprotocol,Hackathon-Prizes-,"[['tomosaigon', '2021-09-07T12:42:31Z'], ['olliten', '2021-09-03T06:05:39Z'], ['teamyonks', '2021-09-07T23:54:33.983696Z'], ['wojciechsokolowski', '2021-09-07T23:42:52.132489Z'], ['pfed-prog', '2021-09-07T16:51:44.542913Z']]"
https://gitcoin.co/issue/26273,UMAprotocol,Hackathon-Prizes-,"[['hahz48', '2021-08-29T17:20:18Z'], ['teamyonks', '2021-09-04T22:55:55Z']]"
https://gitcoin.co/issue/26271,reflexer-labs,geb-subgraph,"[['testguid', '2021-08-30T23:00:40.858062Z'], ['stormle', '2021-08-31T12:19:29.945364Z'], ['jairofra', '2021-08-31T17:15:50.523082Z'], ['soptq', '2021-08-28T04:31:15.469458Z'], ['aranhaagency', '2021-08-25T23:41:22.156773Z'], ['dragondev1906', '2021-08-17T12:30:09.624640Z'], ['tranvanlap95', '2021-08-18T02:47:17.069856Z']]"
https://gitcoin.co/issue/26261,ScopeLift,umbra-protocol,"[['radchukd', '2021-08-18T20:46:19.264486Z']]"
https://gitcoin.co/issue/26250,crustio,crust,"[['sidduhere', '2021-08-18T04:37:34.715120Z']]"
https://gitcoin.co/issue/26239,diadata-org,diadata,"[['tn024687', '2021-08-10T18:29:28.537677Z']]"
https://gitcoin.co/issue/26237,diadata-org,diadata,"[['sidduhere', '2021-08-10T18:12:24.944114Z']]"
https://gitcoin.co/issue/26229,YieldHand,OptionsMarket,"[['leetdev', '2021-08-11T15:59:31.165036Z']]"
https://gitcoin.co/issue/26228,gitcoinco,creative,"[['panigale120', '2021-09-02T10:27:17.887100Z'], ['sidharthpunathil', '2021-08-23T14:57:40.697170Z'], ['writeprovidence', '2021-09-06T00:38:00.007054Z'], ['nerd257', '2021-08-30T22:11:03.592231Z'], ['artipedia', '2021-08-31T13:21:58.555055Z'], ['mrtravdev', '2021-08-28T13:02:26.589676Z'], ['shockingblack', '2021-08-27T14:27:27.844984Z'], ['wahyu243', '2021-08-27T10:52:55.155844Z'], ['tevin-isaac', '2021-08-28T21:25:59.075360Z'], ['kushmd', '2021-08-29T16:31:25.935923Z']]"
https://gitcoin.co/issue/26217,nervosnetwork,grants,"[['mmcel', '2021-08-30T08:50:39.676966Z'], ['cito-lito', '2021-08-30T09:02:11.284050Z'], ['exiv22', '2021-08-31T01:03:18.807677Z'], ['michaelshapkin', '2021-09-01T07:48:19.616327Z'], ['el-tumero', '2021-09-01T06:21:15.261392Z'], ['gpgith', '2021-08-31T13:38:06.932531Z'], ['superburst', '2021-09-01T17:52:37.242931Z'], ['0xlam0n', '2021-09-03T07:38:49.851445Z'], ['da3dalus88', '2021-08-31T14:25:02.601025Z'], ['0xtwoface', '2021-08-31T14:40:59.801824Z'], ['aliabdullah54', '2021-09-01T18:13:08.783471Z'], ['u2rust', '2021-09-04T08:44:49.722765Z'], ['xrustx', '2021-09-03T07:13:12.317586Z'], ['w5pand', '2021-09-04T08:39:07.818351Z'], ['ufrok1', '2021-09-04T09:06:54.949508Z'], ['gggsssaaa', '2021-09-02T17:46:35.724033Z'], ['xcshuan', '2021-09-04T12:45:56.675166Z'], ['bacbacmimo', '2021-09-04T13:18:37.517009Z'], ['zenithlel', '2021-09-07T12:42:28.503375Z'], ['jackieyewang', '2021-09-04T14:11:57.093737Z'], ['crispysandwhich', '2021-09-02T02:52:53.581691Z'], ['sunydev', '2021-09-07T15:08:24.233476Z'], ['mistakeone', '2021-09-04T22:18:09.976049Z'], ['ttnguyendev', '2021-08-16T09:44:27.491872Z'], ['nhaga', '2021-08-16T12:06:47.828882Z'], ['huazhouwang', '2021-08-19T03:32:02.320552Z'], ['nargeslein', '2021-08-24T21:39:57.916951Z'], ['arnaudatcomet', '2021-08-25T16:47:07.761359Z'], ['thanhnhann', '2021-08-25T17:30:18.952197Z'], ['pulth', '2021-08-23T03:24:00.021073Z'], ['schrubitteflau', '2021-08-23T16:07:58.479729Z'], ['ayush20', '2021-08-12T06:17:08.159503Z'], ['gentlebutapril', '2021-08-11T05:34:45Z'], ['jcervante', '2021-08-24T05:43:04.750055Z'], ['drugurares', '2021-08-13T00:09:05.470689Z'], ['deryyy', '2021-08-13T02:09:21.473590Z'], ['dex68', '2021-08-16T03:05:53.750918Z'], ['juzkiddin', '2021-08-16T08:35:53.866031Z'], ['x777', '2021-08-16T09:12:49.113107Z'], ['ronalddas', '2021-08-16T14:43:53.657339Z'], ['anhfactor', '2021-08-16T16:30:06.357978Z'], ['dikky88', '2021-08-17T11:31:37.720765Z'], ['7h2x5e', '2021-08-17T19:23:31.169053Z'], ['happylolonly', '2021-08-17T19:53:09.219757Z'], ['scentlxss', '2021-08-17T22:57:22.914401Z'], ['theyashmhatre', '2021-08-18T08:42:47.217783Z'], ['hhuuaa', '2021-08-19T03:29:14.042662Z'], ['raiden1411', '2021-08-19T09:14:26.618287Z'], ['tanishqdsharma', '2021-08-24T11:18:55.295820Z'], ['lianghowe', '2021-08-19T13:29:54.773847Z'], ['1m1axx', '2021-08-19T17:05:51.634760Z'], ['acereer', '2021-08-20T15:47:40.216322Z'], ['techmeupnl', '2021-08-20T18:14:44.241585Z'], ['alexchun1011', '2021-08-22T08:10:10.136799Z'], ['asinghvishen', '2021-08-22T12:39:29.484824Z'], ['gabrycina', '2021-08-22T12:49:12.913217Z'], ['jaeaster', '2021-08-23T09:53:22.770097Z'], ['selimkafa', '2021-08-10T11:01:50.369369Z'], ['ubinix-warun', '2021-08-10T11:59:45.934974Z'], ['antonyip', '2021-08-10T13:31:33.349969Z'], ['superheavytoken', '2021-08-10T23:32:05.557353Z'], ['vinhbhn', '2021-08-11T03:01:31.419352Z'], ['terryboy', '2021-08-11T04:41:49.310943Z'], ['andrewpsp', '2021-08-11T18:50:24.415346Z'], ['sabaiprimo', '2021-08-11T19:02:35.458449Z'], ['criusxx', '2021-08-12T03:41:48.048692Z'], ['rzbck', '2021-08-12T07:58:59.205219Z'], ['bulentbozdag', '2021-08-13T22:23:39.726988Z'], ['jinusean', '2021-08-24T07:48:31.809250Z'], ['schen1', '2021-08-15T17:06:41.355389Z'], ['skyonedot', '2021-08-16T12:01:50.013337Z'], ['orhanors', '2021-08-16T16:01:00.457817Z'], ['kidneyweakx', '2021-08-16T16:59:12.315506Z'], ['sidharthpunathil', '2021-08-16T17:47:33.119278Z'], ['gapro8', '2021-08-16T19:27:53.100247Z'], ['oritwoen', '2021-08-16T19:32:53.260466Z'], ['soptq', '2021-08-16T18:21:36.301624Z'], ['tech-engine', '2021-08-16T23:12:13.601385Z'], ['tungtobe', '2021-08-17T02:47:45.783494Z'], ['walkertraylor', '2021-08-17T05:01:00.613736Z'], ['bayou020', '2021-08-17T09:49:43.392880Z'], ['nervos2021', '2021-08-17T11:50:06.769656Z'], ['sidduhere', '2021-08-17T12:08:05.086387Z'], ['tharunrai14', '2021-08-17T12:16:51.764729Z'], ['armujahid', '2021-08-17T14:43:35.549450Z'], ['dragondev1906', '2021-08-17T15:29:20.995888Z'], ['ode233', '2021-08-17T17:00:03.563695Z'], ['cesheep', '2021-08-17T18:06:49.658637Z'], ['ben-razor', '2021-08-17T19:45:19.436408Z'], ['deepansharya1111', '2021-08-17T21:51:13.173588Z'], ['niedhui', '2021-08-18T02:55:47.474225Z'], ['oceansxq', '2021-08-18T06:07:21.566852Z'], ['berkayermis', '2021-08-18T15:00:22.677452Z'], ['simiku', '2021-08-18T17:07:16.205734Z'], ['lehoi2195', '2021-08-19T01:47:06.523062Z'], ['maxx6262', '2021-08-24T11:14:28.827201Z'], ['icaroo', '2021-08-19T12:45:51.563179Z'], ['chaitanyasjoshi', '2021-08-20T05:52:56.822844Z'], ['asfman', '2021-08-20T07:27:35.237696Z'], ['puppetmaster66', '2021-08-20T09:05:21.500901Z'], ['jpeterd', '2021-08-21T00:34:08.626735Z'], ['siti050687', '2021-08-21T03:22:06.196427Z'], ['alanfreud', '2021-08-21T09:51:34.711499Z'], ['celoaken', '2021-08-21T11:41:07.302857Z'], ['taylorkhalifa', '2021-08-21T12:37:39.610657Z'], ['amrosaeed', '2021-08-21T15:15:31.604523Z'], ['demoncash08', '2021-08-21T17:39:02.542265Z'], ['stgllr', '2021-08-21T21:31:06.699232Z'], ['timfaner', '2021-08-22T07:46:37.050066Z'], ['pgonday', '2021-08-22T14:45:33.680311Z'], ['flippinroo2', '2021-08-25T18:42:48.833341Z'], ['long-blade', '2021-08-25T23:41:17.716239Z'], ['bianyafeng', '2021-08-26T13:16:26.487306Z'], ['assafom', '2021-08-14T02:14:24Z'], ['dziobakwszafie', '2021-08-26T22:44:45.873878Z'], ['ysongh', '2021-08-26T23:38:03.900909Z'], ['caneryy', '2021-08-27T00:21:03.050834Z'], ['leomanza', '2021-08-27T02:07:56.948515Z'], ['wizardlog', '2021-08-27T21:18:34.196654Z'], ['tayfun-yuksel', '2021-08-27T21:34:04.958040Z'], ['elfelf2', '2021-08-28T08:17:06.210243Z'], ['vivensy', '2021-08-28T08:25:16.133441Z'], ['cultless', '2021-08-28T11:31:57.426410Z'], ['olugbenga2000', '2021-08-28T12:09:26.870923Z'], ['rafat', '2021-08-28T12:29:18.936886Z'], ['howinoc', '2021-08-28T13:23:29.975381Z'], ['meathewww', '2021-08-28T20:41:01.934851Z'], ['ircrp', '2021-08-29T10:35:14.976960Z'], ['bugieman', '2021-08-29T14:08:45.224154Z'], ['uguryuksel', '2021-08-29T17:21:40.126087Z']]"
https://gitcoin.co/issue/26216,nervosnetwork,grants,"[['fabianosl1', '2021-08-31T02:22:13.949993Z'], ['sunydev', '2021-08-31T18:59:39.097692Z'], ['namex44', '2021-09-01T10:57:19.325010Z'], ['dio7', '2021-09-02T16:15:32.130514Z'], ['readingshades', '2021-09-04T05:26:09.312590Z'], ['keheira', '2021-09-05T09:11:18.097512Z'], ['waverune', '2021-09-05T22:39:05.047213Z'], ['leonngen', '2021-09-02T02:30:43.218067Z'], ['exiv22', '2021-08-24T09:46:56.411264Z'], ['nhaga', '2021-08-09T21:39:39.911425Z'], ['sondq', '2021-08-10T08:42:53.232529Z'], ['vinhbhn', '2021-08-05T11:26:47.150332Z'], ['rickmort', '2021-08-05T18:40:51.868506Z'], ['jinusean', '2021-08-06T11:14:26.194899Z'], ['rezahsnz', '2021-08-07T06:52:30.003992Z'], ['0xlam0n', '2021-08-25T17:12:23.318340Z'], ['missgeds', '2021-08-07T13:24:21.550553Z'], ['7h2x5e', '2021-08-07T19:17:34.796789Z'], ['andithemudkip', '2021-08-08T17:07:51.129619Z'], ['cryptowingnut', '2021-08-08T22:34:21.978578Z'], ['johnalgo', '2021-08-09T02:37:04.195034Z'], ['admud', '2021-08-09T14:53:03.207800Z'], ['sidharthpunathil', '2021-08-09T17:22:28.935726Z'], ['maxencealvarez', '2021-08-09T17:46:05.712040Z'], ['francov99', '2021-08-09T17:22:52.721744Z'], ['asinghvishen', '2021-08-09T17:55:41.433452Z'], ['raiden1411', '2021-08-09T17:44:28.593871Z'], ['tharunrai14', '2021-08-09T18:22:17.135714Z'], ['luiscrag', '2021-08-09T22:24:51.823079Z'], ['ronalddas', '2021-08-09T22:51:29.160344Z'], ['andermarce', '2021-08-09T23:35:53.480219Z'], ['nervos2021', '2021-08-09T23:53:47.623002Z'], ['cesheep', '2021-08-10T00:46:22.842387Z'], ['quocson95', '2021-08-10T05:43:55.281212Z'], ['niedhui', '2021-08-10T12:52:12.217113Z'], ['simiku', '2021-08-10T17:44:35.923773Z'], ['deepansharya1111', '2021-08-11T06:39:47.913612Z'], ['gabrycina', '2021-08-11T09:48:34.404793Z'], ['ufrok1', '2021-08-11T10:27:03.365581Z'], ['knnlrts', '2021-08-11T11:34:44.746102Z'], ['ayush20', '2021-08-12T06:11:05.178543Z'], ['preet-aulokh', '2021-08-12T06:21:37.485203Z'], ['asfman', '2021-08-12T08:42:15.871731Z'], ['nicky-ru', '2021-08-12T09:35:00.659066Z'], ['puppetmaster66', '2021-08-12T14:36:32.861764Z'], ['aliabdullah54', '2021-08-12T15:02:50.776092Z'], ['xinbadev', '2021-08-13T00:02:18.708863Z'], ['voldown', '2021-08-13T04:06:26.569115Z'], ['alanfreud', '2021-08-14T00:06:32.563076Z'], ['thanhnhann', '2021-08-14T10:33:38.464982Z'], ['amrosaeed', '2021-08-14T16:59:39.393806Z'], ['fabioktldaf', '2021-08-14T18:03:41.589948Z'], ['stgllr', '2021-08-14T22:05:47.485858Z'], ['taylorkhalifa', '2021-08-14T22:41:47.911606Z'], ['da3dalus88', '2021-08-14T23:17:35.099581Z'], ['larricane', '2021-08-15T21:59:30.043720Z'], ['mindolam', '2021-08-17T18:44:50.673784Z'], ['1m1axx', '2021-08-19T17:04:51.193087Z'], ['acereer', '2021-08-20T15:47:59.100797Z'], ['tanishqdsharma', '2021-08-21T16:33:10.069311Z'], ['michaelshapkin', '2021-08-22T14:19:47.491984Z'], ['soptq', '2021-08-05T05:44:11.648356Z'], ['antonyip', '2021-08-05T11:43:07.087212Z'], ['gggsssaaa', '2021-08-25T01:02:26.531626Z'], ['l-kh', '2021-08-07T09:18:00.387627Z'], ['xrustx', '2021-08-25T13:11:45.964224Z'], ['jpeterd', '2021-08-07T11:42:37.460187Z'], ['hsamndo', '2021-08-07T14:55:43.969131Z'], ['orangemio', '2021-08-08T07:45:47.147291Z'], ['domix14', '2021-08-08T10:45:12.693819Z'], ['taurenshaman', '2021-08-08T12:47:27.593378Z'], ['xcshuan', '2021-08-08T14:40:56.199340Z'], ['schen1', '2021-08-08T22:48:22.408718Z'], ['tungtobe', '2021-08-09T00:55:45.577447Z'], ['criusxx', '2021-08-09T06:16:24.654094Z'], ['happylolonly', '2021-08-09T07:22:10.292607Z'], ['ndduc-fpt', '2021-08-09T07:29:52.455001Z'], ['x777', '2021-08-09T08:49:24.146820Z'], ['huutrung', '2021-08-09T08:55:00.988969Z'], ['pgonday', '2021-08-09T09:27:11.249120Z'], ['alexchun1011', '2021-08-09T10:37:49.922209Z'], ['dex68', '2021-08-09T12:40:54.362214Z'], ['juzkiddin', '2021-08-09T14:06:07.780694Z'], ['crispysandwhich', '2021-08-23T03:31:27.914380Z'], ['yasinkirazci', '2021-08-09T17:02:03.468432Z'], ['luisantoniocrag', '2021-08-09T16:59:48.308711Z'], ['anhfactor', '2021-08-09T17:13:25.220789Z'], ['ttnguyendev', '2021-08-09T17:24:39.846762Z'], ['wangjianyeart', '2021-08-09T18:12:41.844807Z'], ['maxx6262', '2021-08-09T18:35:26.696615Z'], ['oritwoen', '2021-08-09T18:55:16.441710Z'], ['mirrormirage0', '2021-08-09T19:15:13.996878Z'], ['skyonedot', '2021-08-09T19:43:09.779578Z'], ['mrjacobsullivan', '2021-08-09T20:46:12.496866Z'], ['jaeaster', '2021-08-09T20:33:11.267204Z'], ['gapro8', '2021-08-09T21:15:57.170076Z'], ['wahyu1236', '2021-08-23T08:54:31.199460Z'], ['lofravaz', '2021-08-09T23:30:08.156304Z'], ['orhanors', '2021-08-10T00:36:41.099823Z'], ['walkertraylor', '2021-08-10T01:02:07.706840Z'], ['pfed-prog', '2021-08-10T01:16:17.266350Z'], ['kidneyweakx', '2021-08-10T02:13:47.209900Z'], ['long-blade', '2021-08-10T01:27:44.195660Z'], ['baoanh1310', '2021-08-10T02:42:33.251433Z'], ['duylinh196tb', '2021-08-10T04:08:38.945492Z'], ['lehoi2195', '2021-08-10T04:13:55.382778Z'], ['nishuzumi', '2021-08-10T04:55:38.025673Z'], ['tech-engine', '2021-08-10T06:37:26.866815Z'], ['ubinix-warun', '2021-08-10T07:17:17.773524Z'], ['quocson100', '2021-08-10T10:15:41.521497Z'], ['bayou020', '2021-08-10T10:53:54.247440Z'], ['selimkafa', '2021-08-10T10:59:37.030408Z'], ['dragondev1906', '2021-08-10T11:35:51.934452Z'], ['dikky88', '2021-08-10T14:04:22.420678Z'], ['jcervante', '2021-08-10T14:51:59.673853Z'], ['celoaken', '2021-08-10T15:07:31.448157Z'], ['armujahid', '2021-08-10T18:31:40.571201Z'], ['pulth', '2021-08-10T18:40:37.638962Z'], ['hodlrtodlrfarmr', '2021-08-10T18:45:05.129130Z'], ['jackieyewang', '2021-08-10T19:34:26.981291Z'], ['edricngo', '2021-08-10T19:04:31.378961Z'], ['ode233', '2021-08-10T19:36:49.429381Z'], ['postman56', '2021-08-10T20:31:30.686914Z'], ['andres-andretti', '2021-08-10T21:37:21.055749Z'], ['superheavytoken', '2021-08-10T23:28:24.510289Z'], ['ben-razor', '2021-08-10T23:32:16.339334Z'], ['gentlebutapril', '2021-08-11T02:50:25.089790Z'], ['terryboy', '2021-08-11T03:47:24.169057Z'], ['scentlxss', '2021-08-11T04:52:06.687375Z'], ['theyashmhatre', '2021-08-11T10:01:14.498761Z'], ['u1dxpool', '2021-08-11T10:18:08.329821Z'], ['u2rust', '2021-08-11T10:39:56.099059Z'], ['w5pand', '2021-08-11T10:50:22.622345Z'], ['caneryy', '2021-08-11T11:05:01.876519Z'], ['rzbck', '2021-08-11T13:14:21.196559Z'], ['elfelf2', '2021-08-11T13:17:26.701486Z'], ['stone-rocket', '2021-08-11T14:15:55.224601Z'], ['superburst', '2021-08-11T16:53:11.025186Z'], ['meathewww', '2021-08-11T17:02:55.644558Z'], ['demoncash08', '2021-08-11T18:23:22.174976Z'], ['sabaiprimo', '2021-08-11T18:30:57.379222Z'], ['andrewpsp', '2021-08-11T18:47:19.160096Z'], ['ircrp', '2021-08-11T20:11:14.872548Z'], ['ysongh', '2021-08-11T21:28:13.948916Z'], ['berkayermis', '2021-08-12T00:13:54.628246Z'], ['mistakeone', '2021-08-12T03:29:06.568558Z'], ['homerosland', '2021-08-12T02:56:02.955193Z'], ['awaissaeeed', '2021-08-12T08:21:25.869867Z'], ['mashmzc', '2021-08-12T09:27:10.266352Z'], ['liushooter', '2021-08-12T10:02:47.419921Z'], ['hhuuaa', '2021-08-12T10:10:19.889330Z'], ['huazhouwang', '2021-08-12T10:12:38.665825Z'], ['mmcel', '2021-08-12T19:59:28.924255Z'], ['icaroo', '2021-08-12T20:05:41.184599Z'], ['bulentbozdag', '2021-08-12T20:50:57.891369Z'], ['howinoc', '2021-08-12T21:30:43.840953Z'], ['drugurares', '2021-08-12T22:09:39.105047Z'], ['vivensy', '2021-08-12T22:31:23.287469Z'], ['deryyy', '2021-08-13T00:40:04.847494Z'], ['bcvsv', '2021-08-13T07:48:26.480807Z'], ['jiddukrish', '2021-08-13T10:49:17.286880Z'], ['chaitanyasjoshi', '2021-08-13T15:03:03.208072Z'], ['techmeupnl', '2021-08-13T22:57:54.028147Z'], ['el-tumero', '2021-08-14T12:04:28.554992Z'], ['arnaudatcomet', '2021-08-15T10:11:47.393098Z'], ['dziobakwszafie', '2021-08-15T22:14:12.956204Z'], ['schrubitteflau', '2021-08-16T07:25:34.495332Z'], ['oceansxq', '2021-08-16T10:16:22.715481Z'], ['wizardlog', '2021-08-16T11:16:40.455329Z'], ['cito-lito', '2021-08-16T15:56:42.214604Z'], ['flippinroo2', '2021-08-17T00:06:26.972399Z'], ['fsy412', '2021-08-17T01:19:00.468152Z'], ['bianyafeng', '2021-08-17T10:17:32.535734Z'], ['uguryuksel', '2021-08-17T21:19:08.609309Z'], ['nargeslein', '2021-08-17T22:22:46.113278Z'], ['visdauas', '2021-08-18T11:53:06.202128Z'], ['tayfun-yuksel', '2021-08-18T17:17:36.497199Z'], ['gpgith', '2021-08-24T10:01:22.993720Z'], ['skinnynoizze', '2021-08-19T07:31:10.948175Z'], ['lianghowe', '2021-08-19T13:30:33.655200Z'], ['rafat', '2021-08-20T03:52:45.189766Z'], ['leomanza', '2021-08-20T12:20:43.338367Z'], ['cultless', '2021-08-20T13:49:44.447345Z'], ['siti050687', '2021-08-21T03:29:12.338175Z'], ['mecforlove', '2021-08-21T15:58:07.380312Z'], ['olugbenga2000', '2021-08-21T18:20:42.917431Z'], ['0xtwoface', '2021-08-21T21:43:56.911716Z'], ['timfaner', '2021-08-04T17:19:24.028842Z'], ['sidduhere', '2021-08-04T18:06:21.867501Z'], ['bugieman', '2021-08-23T00:04:59.662757Z'], ['agus1224', '2021-08-26T07:00:14.528910Z'], ['bacbacmimo', '2021-08-26T08:14:33.802728Z'], ['nasino2', '2021-08-26T09:04:56.463577Z'], ['zacky1886', '2021-08-26T14:34:02.935091Z'], ['assafom', '2021-08-07T09:07:18Z'], ['zenithlel', '2021-08-26T22:00:50.588671Z'], ['food', '2021-08-27T22:23:25.184941Z'], ['venoox', '2021-08-28T14:29:54.684146Z'], ['micheledurden43', '2021-08-29T13:05:14.154940Z']]"
https://gitcoin.co/issue/26215,nervosnetwork,grants,"[['7h2x5e', '2021-08-30T18:45:32.174916Z'], ['namex44', '2021-08-31T22:25:09.748572Z'], ['borisgang4', '2021-09-01T07:28:22.883402Z'], ['ruggedcardigan', '2021-09-02T16:19:15.055987Z'], ['majesticlotus', '2021-08-31T21:40:54.158288Z'], ['philippeomalley', '2021-09-02T17:04:31.908965Z'], ['patekfilipe', '2021-09-03T20:08:36.613334Z'], ['keheira', '2021-09-05T08:50:54.858433Z'], ['leonngen', '2021-09-02T00:10:43.119825Z'], ['long-blade', '2021-09-04T16:09:19.114988Z'], ['waverune', '2021-09-04T20:43:23.096021Z'], ['olugbenga2000', '2021-09-04T22:28:36.005812Z'], ['moonlotto', '2021-09-05T00:00:55.084665Z'], ['tfthecoder', '2021-08-24T11:35:03.288624Z'], ['wahyu1236', '2021-08-25T03:20:08.329401Z'], ['siti050687', '2021-08-25T08:14:58.905010Z'], ['vinhbhn', '2021-08-08T15:50:52.235280Z'], ['sking789', '2021-08-09T16:27:42.970950Z'], ['raiden1411', '2021-08-09T17:28:32.731319Z'], ['andermarce', '2021-08-09T21:58:32.402948Z'], ['tech-engine', '2021-08-10T05:33:41.395490Z'], ['niedhui', '2021-08-10T12:39:41.547393Z'], ['dex68', '2021-08-11T05:16:11.580665Z'], ['andithemudkip', '2021-08-11T11:59:28.764827Z'], ['oritwoen', '2021-08-11T22:47:05.429977Z'], ['nicky-ru', '2021-08-12T09:00:53.815427Z'], ['hhuuaa', '2021-08-12T09:11:16.511496Z'], ['jcervante', '2021-08-12T18:01:59.996021Z'], ['scentlxss', '2021-08-13T04:49:44.150830Z'], ['x777', '2021-08-13T20:22:24.632083Z'], ['alanfreud', '2021-08-13T23:53:37.111423Z'], ['jinusean', '2021-08-14T04:32:28.251718Z'], ['techmeupnl', '2021-08-14T20:12:14.799648Z'], ['taylorkhalifa', '2021-08-14T22:28:34.568353Z'], ['fabioktldaf', '2021-08-14T17:42:39.152295Z'], ['arnaudatcomet', '2021-08-15T09:43:13.794861Z'], ['fsy412', '2021-08-17T03:10:17.941457Z'], ['uguryuksel', '2021-08-17T21:17:02.729475Z'], ['bianyafeng', '2021-08-18T01:48:52.072109Z'], ['deryyy', '2021-08-18T06:52:11.914359Z'], ['lianghowe', '2021-08-19T13:29:08.058351Z'], ['sharpcx', '2021-08-19T16:59:09Z'], ['1m1axx', '2021-08-19T17:04:03.422842Z'], ['leomanza', '2021-08-20T03:36:39.676608Z'], ['cultless', '2021-08-21T16:51:18.822618Z'], ['soptq', '2021-08-06T06:41:47.327425Z'], ['timfaner', '2021-08-08T11:12:01.946758Z'], ['sidduhere', '2021-08-09T12:26:37.352162Z'], ['lehoi2195', '2021-08-09T16:06:38.595892Z'], ['stwith', '2021-08-09T17:15:38.652380Z'], ['ronalddas', '2021-08-09T22:38:18.098824Z'], ['orhanors', '2021-08-10T00:17:31.253108Z'], ['duylinh196tb', '2021-08-10T03:47:56.949404Z'], ['quocson95', '2021-08-10T05:33:44.583892Z'], ['edricngo', '2021-08-10T08:29:22.491801Z'], ['sondq', '2021-08-10T08:39:52.269912Z'], ['quocson100', '2021-08-10T10:13:18.744870Z'], ['selimkafa', '2021-08-10T10:57:39.283245Z'], ['domix14', '2021-08-10T10:58:23.292307Z'], ['michsss', '2021-08-10T12:15:56.489570Z'], ['celoaken', '2021-08-10T14:07:19.776787Z'], ['ttnguyendev', '2021-08-10T16:49:55.557752Z'], ['hodlrtodlrfarmr', '2021-08-10T18:02:11.410592Z'], ['knnlrts', '2021-08-10T21:35:45.460025Z'], ['gabrycina', '2021-08-10T21:44:49.816562Z'], ['ben-razor', '2021-08-10T21:59:44.627257Z'], ['nervos2021', '2021-08-10T23:03:54.918951Z'], ['superheavytoken', '2021-08-10T23:25:53.622118Z'], ['assafom', '2021-08-11T06:04:07Z'], ['theyashmhatre', '2021-08-11T09:25:48.008561Z'], ['terryboy', '2021-08-11T09:59:23.641300Z'], ['carljungvibe', '2021-08-11T13:16:44.277728Z'], ['bayou020', '2021-08-11T18:06:22.955139Z'], ['anhfactor', '2021-08-11T18:18:25.587493Z'], ['ircrp', '2021-08-11T18:19:30.753597Z'], ['andrewpsp', '2021-08-11T18:44:15.270555Z'], ['jpeterd', '2021-08-11T19:39:16.109409Z'], ['pulth', '2021-08-11T20:33:29.678444Z'], ['berkayermis', '2021-08-11T22:33:11.538289Z'], ['homerosland', '2021-08-12T02:42:55.595167Z'], ['mistakeone', '2021-08-12T02:54:50.884307Z'], ['gentlebutapril', '2021-08-12T07:29:49.144782Z'], ['huazhouwang', '2021-08-12T09:17:54.266843Z'], ['ubinix-warun', '2021-08-12T08:42:45.776476Z'], ['kidneyweakx', '2021-08-12T17:37:58.805328Z'], ['criusxx', '2021-08-13T01:54:15.080434Z'], ['chaitanyasjoshi', '2021-08-13T09:40:05.404250Z'], ['jiddukrish', '2021-08-13T10:39:04.739343Z'], ['cryptostwich', '2021-08-13T14:34:39.188769Z'], ['cryptohong', '2021-08-13T14:46:38.345066Z'], ['bulentbozdag', '2021-08-13T21:21:18.799578Z'], ['nhaga', '2021-08-13T23:17:23.785071Z'], ['pfed-prog', '2021-08-14T05:50:42.754277Z'], ['da3dalus88', '2021-08-14T23:02:55.741901Z'], ['kizna1ver', '2021-08-15T12:26:19.031809Z'], ['icaroo', '2021-08-15T13:46:00.452312Z'], ['oceansxq', '2021-08-16T10:06:53.906779Z'], ['wizardlog', '2021-08-16T11:05:13.892673Z'], ['stgllr', '2021-08-16T11:33:24.415426Z'], ['cito-lito', '2021-08-16T13:45:59.403110Z'], ['elfelf2', '2021-08-16T16:25:18.121307Z'], ['ode233', '2021-08-17T00:28:29.676504Z'], ['caneryy', '2021-08-18T07:22:08.351074Z'], ['happylolonly', '2021-08-18T15:46:29.925991Z'], ['tayfun-yuksel', '2021-08-18T17:15:48.671685Z'], ['schrubitteflau', '2021-08-20T21:23:10.892952Z'], ['0xtwoface', '2021-08-21T21:32:12.424806Z'], ['crispysandwhich', '2021-08-22T20:39:20.186869Z'], ['mindolam', '2021-08-23T00:23:33.248151Z'], ['lutpin1', '2021-08-25T21:34:34.872444Z'], ['puppetmaster66', '2021-08-26T10:06:47.170214Z'], ['blockgeek0', '2021-08-27T16:07:20.739258Z'], ['food', '2021-08-27T21:27:48.089275Z'], ['buketmizrak', '2021-08-28T13:37:13.444724Z'], ['venoox', '2021-08-28T14:08:58.495621Z'], ['sunydev', '2021-08-28T20:30:22.855780Z'], ['jordanflick75', '2021-08-28T21:04:52.932105Z'], ['micheledurden43', '2021-08-29T12:53:47.725850Z'], ['ysongh', '2021-08-29T22:37:18.686034Z']]"
https://gitcoin.co/issue/26214,nervosnetwork,grants,"[['majesticlotus', '2021-08-30T20:49:21.138201Z'], ['keheira', '2021-08-31T08:48:27.090221Z'], ['borisgang4', '2021-08-31T20:42:13.496119Z'], ['patekfilipe', '2021-09-03T16:09:34.946809Z'], ['hdbhandari', '2021-09-03T18:23:54.455491Z'], ['namex44', '2021-08-31T17:03:15.511932Z'], ['leonngen', '2021-09-01T20:34:47.424177Z'], ['ruggedcardigan', '2021-09-01T20:43:38.216323Z'], ['maxx6262', '2021-09-04T23:43:10.962279Z'], ['ttnguyendev', '2021-08-09T19:36:51.989924Z'], ['wahyu1236', '2021-08-25T03:11:04.523827Z'], ['siti050687', '2021-08-25T07:57:23.956879Z'], ['vinhbhn', '2021-08-08T03:48:27.677184Z'], ['orangemio', '2021-08-08T10:01:51.361779Z'], ['stwith', '2021-08-09T17:09:31.991975Z'], ['ubinix-warun', '2021-08-09T17:54:13.912075Z'], ['duylinh196tb', '2021-08-09T18:03:48.157549Z'], ['shinyhunters', '2021-08-09T18:08:34.638658Z'], ['celoaken', '2021-08-09T23:38:18.915220Z'], ['quocson95', '2021-08-10T05:21:46.013341Z'], ['sondq', '2021-08-10T08:31:41.974506Z'], ['tn024687', '2021-08-10T10:46:48.954983Z'], ['domix14', '2021-08-10T10:53:36.438126Z'], ['postman56', '2021-08-10T17:10:18.105921Z'], ['cocdap', '2021-08-10T17:40:53.480468Z'], ['jackieyewang', '2021-08-10T19:40:02.570318Z'], ['assafom', '2021-08-11T03:04:07Z'], ['theyashmhatre', '2021-08-11T06:12:59.832411Z'], ['berkayermis', '2021-08-11T07:06:25.477901Z'], ['happylolonly', '2021-08-11T08:52:19.456534Z'], ['terryboy', '2021-08-11T09:34:26.340500Z'], ['ircrp', '2021-08-11T15:24:04.505164Z'], ['hhuuaa', '2021-08-12T07:13:28.353816Z'], ['liushooter', '2021-08-12T09:33:09.536467Z'], ['arnaudatcomet', '2021-08-12T11:30:52.008888Z'], ['fabioktldaf', '2021-08-13T14:16:20.404602Z'], ['el-tumero', '2021-08-13T19:30:18.419425Z'], ['alanfreud', '2021-08-13T20:58:30.671141Z'], ['techmeupnl', '2021-08-13T21:13:49.951963Z'], ['fsy412', '2021-08-14T03:53:29.965947Z'], ['crispysandwhich', '2021-08-14T20:57:29.240457Z'], ['kizna1ver', '2021-08-14T21:07:44.879379Z'], ['ode233', '2021-08-15T01:41:43.650858Z'], ['mirrormirage0', '2021-08-15T11:36:25.094178Z'], ['flippinroo2', '2021-08-17T02:47:33.372208Z'], ['7kms', '2021-08-17T15:46:02.974201Z'], ['leomanza', '2021-08-17T18:30:22.557076Z'], ['sgnovo8', '2021-08-17T20:11:00.536972Z'], ['uguryuksel', '2021-08-17T21:15:03.599490Z'], ['philippeomalley', '2021-08-18T00:28:41.489493Z'], ['caneryy', '2021-08-18T07:20:54.928669Z'], ['olugbenga2000', '2021-08-20T19:22:28.114514Z'], ['cultless', '2021-08-21T10:40:20.855678Z'], ['antonyip', '2021-08-05T14:30:26.235336Z'], ['soptq', '2021-08-05T19:58:11.652655Z'], ['lutpin1', '2021-08-25T02:59:38.641619Z'], ['l-kh', '2021-08-06T18:40:41.667000Z'], ['timfaner', '2021-08-07T17:56:19.323163Z'], ['sidduhere', '2021-08-08T08:10:32.505738Z'], ['raiden1411', '2021-08-09T13:36:46.040029Z'], ['lehoi2195', '2021-08-09T15:04:40.942114Z'], ['sking789', '2021-08-09T15:39:14.635480Z'], ['andermarce', '2021-08-09T18:02:25.089534Z'], ['ronalddas', '2021-08-09T19:41:34.384071Z'], ['orhanors', '2021-08-09T21:11:27.420835Z'], ['edricngo', '2021-08-09T22:39:50.915367Z'], ['tech-engine', '2021-08-10T02:27:26.464670Z'], ['xinbadev', '2021-08-10T02:54:55.217764Z'], ['nishuzumi', '2021-08-10T03:57:33.311363Z'], ['mistakeone', '2021-08-10T04:28:44.891140Z'], ['niedhui', '2021-08-10T09:16:16.808751Z'], ['rzbck', '2021-08-10T09:20:42.379181Z'], ['quocson100', '2021-08-10T10:01:26.961689Z'], ['carmen0208', '2021-08-10T10:39:08.921544Z'], ['tfthecoder', '2021-08-23T17:00:02.593677Z'], ['nicky-ru', '2021-08-10T10:49:07.001559Z'], ['selimkafa', '2021-08-10T10:56:10.254076Z'], ['hodlrtodlrfarmr', '2021-08-10T12:17:22.031267Z'], ['samet1998', '2021-08-10T12:28:09.569758Z'], ['dex68', '2021-08-10T13:35:17.555601Z'], ['da3dalus88', '2021-08-10T14:32:09.768888Z'], ['cryptohong', '2021-08-10T15:10:15.132222Z'], ['pfed-prog', '2021-08-10T15:04:48.640423Z'], ['carljungvibe', '2021-08-10T16:43:31.534243Z'], ['gabrycina', '2021-08-10T16:47:24.302084Z'], ['ben-razor', '2021-08-10T17:03:45.639552Z'], ['knnlrts', '2021-08-10T18:19:09.930253Z'], ['bayou020', '2021-08-10T19:40:36.753764Z'], ['nervos2021', '2021-08-10T20:08:23.569886Z'], ['andithemudkip', '2021-08-10T23:10:41.620508Z'], ['superheavytoken', '2021-08-10T23:22:25.956749Z'], ['jpeterd', '2021-08-10T23:15:15.770193Z'], ['pulth', '2021-08-11T02:56:03.837157Z'], ['scentlxss', '2021-08-11T04:31:29.797743Z'], ['tanishqdsharma', '2021-08-11T10:30:10.562591Z'], ['cryptostwich', '2021-08-11T11:09:08.917358Z'], ['jcervante', '2021-08-11T12:24:16.929881Z'], ['anhfactor', '2021-08-11T12:34:49.531442Z'], ['sabaiprimo', '2021-08-11T18:09:11.467324Z'], ['andrewpsp', '2021-08-11T18:40:28.790557Z'], ['oritwoen', '2021-08-11T22:38:37.205133Z'], ['homerosland', '2021-08-12T00:52:51.525094Z'], ['kidneyweakx', '2021-08-12T04:00:26.039998Z'], ['gentlebutapril', '2021-08-12T07:00:26.674313Z'], ['nhaga', '2021-08-12T07:27:58.500497Z'], ['xcshuan', '2021-08-12T08:06:16.792998Z'], ['huazhouwang', '2021-08-12T08:34:22.915947Z'], ['criusxx', '2021-08-12T10:18:22.667580Z'], ['jinusean', '2021-08-12T13:59:36.783204Z'], ['chaitanyasjoshi', '2021-08-12T17:25:05.354950Z'], ['bulentbozdag', '2021-08-12T19:47:32.113565Z'], ['x777', '2021-08-12T21:25:59.531940Z'], ['jiddukrish', '2021-08-12T22:19:59.821277Z'], ['lqne', '2021-08-13T04:15:33.400655Z'], ['stgllr', '2021-08-13T21:22:15.802894Z'], ['cito-lito', '2021-08-13T21:56:28.311392Z'], ['icaroo', '2021-08-13T22:48:20.138437Z'], ['alexfedotovqq', '2021-08-14T10:05:34.278272Z'], ['sunydev', '2021-08-14T13:48:26.567966Z'], ['amrosaeed', '2021-08-14T14:48:27.813590Z'], ['taylorkhalifa', '2021-08-14T21:07:52.150210Z'], ['schrubitteflau', '2021-08-14T23:30:48.789450Z'], ['wizardlog', '2021-08-15T23:25:53.545361Z'], ['oceansxq', '2021-08-16T09:42:11.967161Z'], ['elfelf2', '2021-08-16T16:23:29.098412Z'], ['puppetmaster66', '2021-08-16T23:52:05.234036Z'], ['bianyafeng', '2021-08-17T09:16:05.625565Z'], ['deryyy', '2021-08-18T08:07:08.467506Z'], ['tayfun-yuksel', '2021-08-18T17:13:34.133057Z'], ['waverune', '2021-08-18T16:33:41.954719Z'], ['ysongh', '2021-08-19T00:03:33.670743Z'], ['lianghowe', '2021-08-19T13:26:44.171668Z'], ['1m1axx', '2021-08-19T17:02:13.734899Z'], ['moonlotto', '2021-08-19T19:33:58.162193Z'], ['0xtwoface', '2021-08-21T19:09:07.053964Z'], ['mindolam', '2021-08-21T20:01:51.865021Z'], ['food', '2021-08-26T18:12:04.606837Z'], ['sharpcx', '2021-08-18T07:50:52Z'], ['blockgeek0', '2021-08-26T21:09:52.878030Z'], ['okcomputerb', '2021-08-27T08:34:54.834313Z'], ['venoox', '2021-08-27T17:36:17.655426Z'], ['buketmizrak', '2021-08-28T12:44:58.868605Z'], ['jordanflick75', '2021-08-28T20:17:32.175514Z'], ['micheledurden43', '2021-08-29T11:28:27.286362Z'], ['long-blade', '2021-08-29T12:34:29.515869Z'], ['7h2x5e', '2021-08-29T19:47:16.227138Z']]"
https://gitcoin.co/issue/26213,nervosnetwork,grants,"[['learninggeneral', '2021-08-30T09:43:37.884580Z'], ['aryabhat1', '2021-08-30T11:52:49.512802Z'], ['namex44', '2021-08-30T20:34:48.802948Z'], ['hdbhandari', '2021-08-11T13:18:57Z'], ['thatguyiknow', '2021-09-04T12:07:12.537159Z'], ['galleluci', '2021-09-02T21:05:06.378130Z'], ['frankhouston', '2021-09-04T15:20:39.236023Z'], ['cryptodsyne', '2021-09-06T19:20:04.908863Z'], ['no-huy', '2021-09-02T04:49:04.707380Z'], ['dginza', '2021-09-02T06:27:59.286892Z'], ['jpeterd', '2021-08-07T11:26:27.529180Z'], ['gdawson771', '2021-08-10T17:34:08.306547Z'], ['antonyip', '2021-08-04T23:07:58.580810Z'], ['vinhbhn', '2021-08-05T09:38:25.136188Z'], ['l-kh', '2021-08-06T09:03:12.953705Z'], ['jinusean', '2021-08-06T10:31:27.353896Z'], ['venoox', '2021-08-06T12:55:15.814535Z'], ['rezahsnz', '2021-08-06T14:25:08.974422Z'], ['sisco0', '2021-08-07T06:22:05.019369Z'], ['assafom', '2021-08-07T07:38:19Z'], ['missgeds', '2021-08-07T13:01:04.591209Z'], ['hsamndo', '2021-08-07T14:45:00.356909Z'], ['epsilon-638', '2021-08-07T15:28:19.159330Z'], ['domix14', '2021-08-07T18:09:15.271000Z'], ['7h2x5e', '2021-08-07T18:46:44.955264Z'], ['edricngo', '2021-08-07T20:28:00.354056Z'], ['nicky-ru', '2021-08-08T04:12:11.672151Z'], ['xcshuan', '2021-08-08T06:06:11.454596Z'], ['hg00', '2021-08-08T11:41:49.999434Z'], ['xinbadev', '2021-08-08T12:41:44.190759Z'], ['maxx6262', '2021-08-08T23:10:44.677915Z'], ['scentlxss', '2021-08-09T03:37:33.575894Z'], ['criusxx', '2021-08-09T03:47:24.381027Z'], ['ttnguyendev', '2021-08-09T07:10:13.556914Z'], ['lqne', '2021-08-09T10:59:09.100399Z'], ['linhphamsg', '2021-08-09T11:25:21.895709Z'], ['dex68', '2021-08-09T11:35:14.250277Z'], ['carmen0208', '2021-08-09T13:03:34.100316Z'], ['wahyu1236', '2021-08-23T03:25:21.031561Z'], ['sking789', '2021-08-09T14:34:19.590263Z'], ['jefferson-pham', '2021-08-09T14:47:52.735992Z'], ['shinyhunters', '2021-08-09T16:01:37.067152Z'], ['fabioktldaf', '2021-08-09T16:54:30.569941Z'], ['maxencealvarez', '2021-08-09T17:22:50.610111Z'], ['rzbck', '2021-08-09T18:48:49.441492Z'], ['skyonedot', '2021-08-09T19:18:54.283382Z'], ['celoaken', '2021-08-09T19:54:08.997120Z'], ['mrjacobsullivan', '2021-08-09T20:01:49.832813Z'], ['nhaga', '2021-08-09T21:04:16.305400Z'], ['preet-aulokh', '2021-08-09T22:07:47.197564Z'], ['lofravaz', '2021-08-09T23:14:22.045955Z'], ['miklosbarabas', '2021-08-10T00:10:55.433258Z'], ['dziobakwszafie', '2021-08-10T00:28:53.751641Z'], ['dorian333', '2021-08-10T00:44:31.929635Z'], ['sgnovo8', '2021-08-10T03:00:16.726290Z'], ['herzog5', '2021-08-10T05:27:09.690426Z'], ['pulth', '2021-08-10T05:34:53.453742Z'], ['chaitanyasjoshi', '2021-08-10T08:02:03.559684Z'], ['mmcel', '2021-08-10T08:16:24.317798Z'], ['sondq', '2021-08-10T08:16:47.706580Z'], ['u1dxpool', '2021-08-10T09:31:39.622423Z'], ['quocson100', '2021-08-10T09:52:52.989674Z'], ['deepansharya1111', '2021-08-10T12:57:12.327425Z'], ['huazhouwang', '2021-08-10T17:07:40.268019Z'], ['bulentbozdag', '2021-08-11T06:53:47.936543Z'], ['crispysandwhich', '2021-08-12T02:28:55.214126Z'], ['andrewpsp', '2021-08-12T05:48:33.111884Z'], ['jnditifei', '2021-08-12T11:07:22.551698Z'], ['freriks', '2021-08-12T15:05:03.374963Z'], ['kizna1ver', '2021-08-13T03:02:07.894028Z'], ['asfman', '2021-08-13T05:51:45.007500Z'], ['deryyy', '2021-08-14T04:35:12.388037Z'], ['helmihidzir', '2021-08-15T15:43:31.847992Z'], ['donkross360', '2021-08-16T07:39:52.732312Z'], ['flippinroo2', '2021-08-17T02:45:08.284108Z'], ['freebot', '2021-08-18T05:00:04.628343Z'], ['spaceunicorn-bit', '2021-08-20T16:41:08.348712Z'], ['gpgith', '2021-08-22T20:44:59.339814Z'], ['bugieman', '2021-08-22T23:26:25.403156Z'], ['cultless', '2021-08-24T15:23:36.814665Z'], ['soptq', '2021-08-05T04:09:06.589584Z'], ['x777', '2021-08-05T14:53:20.886574Z'], ['rickmort', '2021-08-05T15:57:16.101375Z'], ['fabianosl1', '2021-08-06T22:43:09.755208Z'], ['orangemio', '2021-08-07T11:34:29.711477Z'], ['taurenshaman', '2021-08-07T12:23:56.246159Z'], ['newtrong', '2021-08-08T03:36:04.743859Z'], ['ubinix-warun', '2021-08-08T05:24:51.625933Z'], ['rafat', '2021-08-08T08:06:27.388421Z'], ['ayush20', '2021-08-08T13:50:17.466614Z'], ['johnalgo', '2021-08-08T14:38:40.151736Z'], ['gabrycina', '2021-08-08T15:21:39.001922Z'], ['tech-engine', '2021-08-08T15:42:20.964157Z'], ['pgonday', '2021-08-08T15:44:35.128816Z'], ['thanphl', '2021-08-08T16:01:03.322861Z'], ['stephane303', '2021-08-08T16:23:13.273714Z'], ['tungtobe', '2021-08-08T16:29:46.598522Z'], ['andithemudkip', '2021-08-08T16:37:26.578451Z'], ['sunguru98', '2021-08-08T17:49:46.670737Z'], ['guidieudo', '2021-08-08T18:43:48.002923Z'], ['ronalddas', '2021-08-08T18:44:45.006012Z'], ['immodestextant', '2021-08-08T19:13:44.895437Z'], ['ircrp', '2021-08-08T19:46:08.472615Z'], ['ben-razor', '2021-08-08T20:37:34.148870Z'], ['schen1', '2021-08-08T21:07:48.848936Z'], ['cryptowingnut', '2021-08-08T22:22:50.659105Z'], ['galileocap', '2021-08-08T22:38:11.632236Z'], ['alizain5693', '2021-08-08T23:33:57.552652Z'], ['orhanors', '2021-08-09T00:40:53.540414Z'], ['raiden1411', '2021-08-09T00:48:18.670331Z'], ['stevenhva', '2021-08-09T02:00:16.708732Z'], ['hodlrtodlrfarmr', '2021-08-09T03:07:41.044639Z'], ['happylolonly', '2021-08-09T04:15:07.378506Z'], ['nomicid', '2021-08-09T05:02:51.371457Z'], ['ndduc-fpt', '2021-08-09T06:59:08.247956Z'], ['phuonghovn', '2021-08-09T07:37:46.905703Z'], ['juzkiddin', '2021-08-09T07:17:06.128851Z'], ['ramshreyas', '2021-08-09T07:39:50.621678Z'], ['huutrung', '2021-08-09T08:17:10.377511Z'], ['el-tumero', '2021-08-09T08:21:26.003594Z'], ['da3dalus88', '2021-08-09T08:45:21.789284Z'], ['nishuzumi', '2021-08-09T09:32:47.111778Z'], ['alexchun1011', '2021-08-09T10:35:27.276808Z'], ['bayou020', '2021-08-09T12:24:10.253105Z'], ['lehoi2195', '2021-08-09T12:31:42.432684Z'], ['w5pand', '2021-08-09T12:43:12.384837Z'], ['admud', '2021-08-09T14:03:49.833761Z'], ['bcvsv', '2021-08-09T14:31:07.196097Z'], ['sidharthpunathil', '2021-08-09T15:01:32.827643Z'], ['asinghvishen', '2021-08-09T14:53:34.528815Z'], ['tn024687', '2021-08-09T15:09:01.603155Z'], ['duylinh196tb', '2021-08-09T16:07:01.752275Z'], ['oritwoen', '2021-08-09T16:07:53.364991Z'], ['drugurares', '2021-08-09T16:17:44.980186Z'], ['andermarce', '2021-08-09T16:32:38.681640Z'], ['niedhui', '2021-08-09T16:35:15.028971Z'], ['cito-lito', '2021-08-09T16:48:55.509202Z'], ['stwith', '2021-08-09T16:56:07.451317Z'], ['luisantoniocrag', '2021-08-09T17:00:53.983940Z'], ['sabaiprimo', '2021-08-09T16:57:52.299480Z'], ['anhfactor', '2021-08-09T17:01:05.391713Z'], ['mirrormirage0', '2021-08-09T17:16:19.953547Z'], ['nervos2021', '2021-08-09T17:25:18.971435Z'], ['theyashmhatre', '2021-08-09T17:24:52.811824Z'], ['francov99', '2021-08-09T17:03:24.883032Z'], ['tharunrai14', '2021-08-09T17:43:37.526325Z'], ['mistakeone', '2021-08-09T18:18:44.710270Z'], ['zzhengzhuo', '2021-08-09T18:41:50.446273Z'], ['waverune', '2021-08-09T19:35:59.832681Z'], ['stgllr', '2021-08-09T19:41:01.049064Z'], ['knnlrts', '2021-08-09T20:09:28.032754Z'], ['jaeaster', '2021-08-09T20:18:17.342180Z'], ['gapro8', '2021-08-09T20:33:06.800354Z'], ['cesheep', '2021-08-09T21:13:52.855920Z'], ['luiscrag', '2021-08-09T22:13:07.536456Z'], ['ulices2', '2021-08-09T23:16:43.223684Z'], ['postman56', '2021-08-09T23:17:11.383166Z'], ['long-blade', '2021-08-10T00:27:39.480274Z'], ['pfed-prog', '2021-08-10T00:29:54.840785Z'], ['walkertraylor', '2021-08-10T00:36:57.818691Z'], ['kevinchensr', '2021-08-10T00:38:14.871548Z'], ['baoanh1310', '2021-08-10T00:39:50.528088Z'], ['yiniandawn', '2021-08-10T00:44:42.661218Z'], ['kidneyweakx', '2021-08-10T01:47:03.747492Z'], ['misty444', '2021-08-10T02:17:06.722933Z'], ['wangjianyeart', '2021-08-10T01:54:28.207686Z'], ['mindolam', '2021-08-10T02:05:58.058213Z'], ['philippeomalley', '2021-08-10T02:53:41.039644Z'], ['abrandec', '2021-08-10T03:10:08.889217Z'], ['reiss-d', '2021-08-10T04:07:18.617528Z'], ['quocson95', '2021-08-10T04:03:22.944029Z'], ['berkayermis', '2021-08-10T04:04:19.028655Z'], ['exiv22', '2021-08-23T13:31:40.506321Z'], ['tanishqdsharma', '2021-08-10T06:46:47.124306Z'], ['hoangnd298', '2021-08-10T06:48:01.130156Z'], ['mashmzc', '2021-08-10T07:25:52.497797Z'], ['awaissaeeed', '2021-08-10T07:04:38.724652Z'], ['zyra-zia', '2021-08-10T07:29:56.277756Z'], ['billkirschner', '2021-08-10T07:53:22.621706Z'], ['vivensy', '2021-08-10T08:08:53.033670Z'], ['aliabdullah54', '2021-08-10T08:12:13.372902Z'], ['u2rust', '2021-08-10T08:24:08.764816Z'], ['michsss', '2021-08-10T08:35:38.824542Z'], ['howinoc', '2021-08-10T08:44:21.281977Z'], ['amitesh03', '2021-08-10T08:46:25.713126Z'], ['locvalucha', '2021-08-10T08:29:24.483449Z'], ['superburst', '2021-08-10T08:47:00.501137Z'], ['elfelf2', '2021-08-10T08:50:24.005951Z'], ['caneryy', '2021-08-10T08:53:14.136272Z'], ['ufrok1', '2021-08-10T08:55:34.526769Z'], ['meathewww', '2021-08-10T08:52:04.916069Z'], ['rncrypto06', '2021-08-10T09:14:14.677132Z'], ['d4rkgh0', '2021-08-10T10:03:29.305903Z'], ['feravasica', '2021-08-10T10:08:15.057431Z'], ['kenyatta666', '2021-08-10T10:09:12.598112Z'], ['cocdap', '2021-08-10T10:16:45.577757Z'], ['bitcoineazy', '2021-08-10T10:19:14.388259Z'], ['sunydev', '2021-08-10T10:26:28.287791Z'], ['selimkafa', '2021-08-10T10:53:54.337813Z'], ['dhruv035', '2021-08-10T11:09:52.971952Z'], ['dragondev1906', '2021-08-10T11:22:18.217728Z'], ['rodrig7', '2021-08-10T12:19:53.328899Z'], ['samet1998', '2021-08-10T12:24:02.648850Z'], ['thanhnhann', '2021-08-10T13:08:55.506133Z'], ['ode233', '2021-08-10T13:12:17.284917Z'], ['dikky88', '2021-08-10T13:27:27.584159Z'], ['iktumi', '2021-08-10T14:05:58.291096Z'], ['gaspreth', '2021-08-10T14:39:28.467588Z'], ['jcervante', '2021-08-10T14:45:55.968217Z'], ['j174in', '2021-08-10T16:27:52.006129Z'], ['hhuuaa', '2021-08-10T17:04:38.100366Z'], ['techmeupnl', '2021-08-10T17:43:31.794027Z'], ['armujahid', '2021-08-10T18:01:18.378672Z'], ['jackieyewang', '2021-08-10T19:39:45.201830Z'], ['icaroo', '2021-08-10T19:53:16.079096Z'], ['rkr-dev', '2021-08-10T20:22:32.331194Z'], ['superheavytoken', '2021-08-10T23:14:29.123965Z'], ['fsy412', '2021-08-11T01:46:11.328835Z'], ['ysongh', '2021-08-11T02:08:39.760827Z'], ['gentlebutapril', '2021-08-11T02:10:13.809044Z'], ['terryboy', '2021-08-11T03:26:48.655125Z'], ['raghav1997', '2021-08-11T04:42:57.397330Z'], ['arnaudatcomet', '2021-08-11T10:09:05.985076Z'], ['stone-rocket', '2021-08-11T13:46:24.129772Z'], ['demoncash08', '2021-08-11T16:46:45.320655Z'], ['amrosaeed', '2021-08-11T20:13:08.230402Z'], ['voldown', '2021-08-12T02:14:32.039522Z'], ['liushooter', '2021-08-12T08:03:44.874103Z'], ['puppetmaster66', '2021-08-12T14:01:26.707200Z'], ['ykoyote', '2021-08-12T22:10:11.405338Z'], ['josemariasosa', '2021-08-12T22:31:26.287686Z'], ['playflycode', '2021-08-13T01:20:41.133469Z'], ['chochinlu', '2021-08-13T07:50:34.928335Z'], ['schrubitteflau', '2021-08-13T22:02:34.729603Z'], ['cuongtuanvu', '2021-08-14T08:34:06.441912Z'], ['erredll', '2021-08-15T11:39:08.851914Z'], ['rynsm4rt', '2021-08-15T13:40:17.891758Z'], ['topma', '2021-08-15T19:04:49.475808Z'], ['larricane', '2021-08-15T19:57:38.576548Z'], ['mrxmod5', '2021-08-15T22:36:21.718138Z'], ['oceansxq', '2021-08-16T07:26:42.859528Z'], ['7kms', '2021-08-16T08:33:28.874176Z'], ['sharpcx', '2021-08-16T14:27:48Z'], ['food', '2021-08-16T15:51:44.352306Z'], ['leomanza', '2021-08-17T06:00:34.166623Z'], ['skinnynoizze', '2021-08-17T13:20:39.196062Z'], ['mosqu1to3zz', '2021-08-17T14:52:37.548228Z'], ['nargeslein', '2021-08-17T15:08:50.725862Z'], ['yexiaozhu05', '2021-08-18T04:14:18.323049Z'], ['visdauas', '2021-08-18T11:42:41.295657Z'], ['earthnook', '2021-08-18T11:51:20.806184Z'], ['keheira', '2021-08-18T18:48:14.247881Z'], ['okcomputerb', '2021-08-19T12:01:55.814276Z'], ['vigiliusosloensis', '2021-08-19T13:15:56.051732Z'], ['lianghowe', '2021-08-19T13:26:19.961444Z'], ['1m1axx', '2021-08-19T17:02:19.551577Z'], ['ppecotot', '2021-08-20T07:47:58.322333Z'], ['siti050687', '2021-08-21T04:10:34.819907Z'], ['timfaner', '2021-08-04T17:12:45.669680Z'], ['michaelshapkin', '2021-08-22T11:20:47.797950Z'], ['sidduhere', '2021-08-04T17:37:45.653459Z'], ['agus1224', '2021-08-26T05:34:47.736635Z'], ['nasino2', '2021-08-26T09:19:51.717942Z'], ['zacky1886', '2021-08-26T14:19:06.497218Z'], ['ntabamanzi', '2021-08-29T11:22:21.458631Z'], ['dexhunter', '2021-08-29T14:02:18.156628Z']]"
https://gitcoin.co/issue/26212,nervosnetwork,grants,"[['learninggeneral', '2021-08-30T08:30:49.673667Z'], ['aryabhat1', '2021-08-30T11:05:15.670491Z'], ['dginza', '2021-09-01T00:41:25.636874Z'], ['frankhouston', '2021-09-04T09:35:31.769022Z'], ['thatguyiknow', '2021-09-04T11:46:40.677990Z'], ['galleluci', '2021-09-02T19:47:12.953677Z'], ['cryptodsyne', '2021-09-06T18:57:04.986834Z'], ['no-huy', '2021-09-02T04:29:34.020683Z'], ['admud', '2021-08-09T11:41:59.332129Z'], ['gapro8', '2021-08-09T19:17:47.523088Z'], ['elfelf2', '2021-08-10T07:55:16.062172Z'], ['vinhbhn', '2021-08-05T09:21:07.732070Z'], ['taurenshaman', '2021-08-06T13:13:47.787171Z'], ['rezahsnz', '2021-08-06T13:33:27.587153Z'], ['assafom', '2021-08-07T06:07:14Z'], ['hsamndo', '2021-08-07T14:24:11.769558Z'], ['xcshuan', '2021-08-07T15:40:22.070474Z'], ['domix14', '2021-08-07T17:48:51.789544Z'], ['edricngo', '2021-08-07T19:42:04.555670Z'], ['mindolam', '2021-08-07T22:49:50.487784Z'], ['ubinix-warun', '2021-08-08T03:41:19.244628Z'], ['happylolonly', '2021-08-08T04:40:26.783147Z'], ['sunguru98', '2021-08-08T10:01:16.281601Z'], ['hg00', '2021-08-08T10:20:03.781193Z'], ['xinbadev', '2021-08-08T12:29:04.220797Z'], ['ayush20', '2021-08-08T13:13:14.627478Z'], ['gabrycina', '2021-08-08T15:03:45.697398Z'], ['tech-engine', '2021-08-08T15:14:59.575038Z'], ['stephane303', '2021-08-08T15:58:00.977264Z'], ['thanphl', '2021-08-08T15:36:43.758192Z'], ['schen1', '2021-08-08T20:44:00.863090Z'], ['cryptowingnut', '2021-08-08T21:45:23.444208Z'], ['stevenhva', '2021-08-08T23:49:27.206185Z'], ['raiden1411', '2021-08-09T00:09:39.037733Z'], ['luisantoniocrag', '2021-08-09T03:21:59.846490Z'], ['juzkiddin', '2021-08-09T05:17:28.357200Z'], ['ndduc-fpt', '2021-08-09T06:38:26.223326Z'], ['phuonghovn', '2021-08-09T06:45:17.586912Z'], ['ramshreyas', '2021-08-09T07:13:06.520905Z'], ['da3dalus88', '2021-08-09T08:31:16.399461Z'], ['w5pand', '2021-08-09T11:30:01.326755Z'], ['bcvsv', '2021-08-09T13:30:56.243859Z'], ['asinghvishen', '2021-08-09T14:14:53.897679Z'], ['shinyhunters', '2021-08-09T14:35:31.269007Z'], ['tn024687', '2021-08-09T14:37:04.520631Z'], ['sidharthpunathil', '2021-08-09T14:38:08.639405Z'], ['anhfactor', '2021-08-09T15:51:10.250220Z'], ['niedhui', '2021-08-09T16:02:20.751732Z'], ['oritwoen', '2021-08-09T15:41:48.432807Z'], ['andermarce', '2021-08-09T16:01:52.256142Z'], ['theyashmhatre', '2021-08-09T16:34:42.880487Z'], ['stwith', '2021-08-09T16:51:46.408053Z'], ['maxencealvarez', '2021-08-09T16:49:58.923122Z'], ['armujahid', '2021-08-09T17:01:09.663784Z'], ['tharunrai14', '2021-08-09T16:57:48.131851Z'], ['mistakeone', '2021-08-09T17:56:39.853683Z'], ['mrjacobsullivan', '2021-08-09T18:02:17.186725Z'], ['rzbck', '2021-08-09T18:08:57.612342Z'], ['skyonedot', '2021-08-09T18:58:27.847687Z'], ['knnlrts', '2021-08-09T19:21:06.336945Z'], ['celoaken', '2021-08-09T19:26:32.725746Z'], ['jaeaster', '2021-08-09T19:58:23.345395Z'], ['preet-aulokh', '2021-08-09T22:06:36.057549Z'], ['lofravaz', '2021-08-09T22:18:27.069782Z'], ['postman56', '2021-08-09T22:20:28.579015Z'], ['dziobakwszafie', '2021-08-09T23:04:39.946811Z'], ['mashmzc', '2021-08-09T23:16:58.881421Z'], ['misty444', '2021-08-10T02:04:59.262995Z'], ['azmora', '2021-08-10T02:18:47.152315Z'], ['herzog5', '2021-08-10T05:14:38.088462Z'], ['meathewww', '2021-08-10T07:58:31.361682Z'], ['howinoc', '2021-08-10T08:01:01.312320Z'], ['michsss', '2021-08-10T08:18:28.240741Z'], ['quocson100', '2021-08-10T09:42:04.583414Z'], ['cocdap', '2021-08-10T09:51:26.492779Z'], ['sunydev', '2021-08-10T10:24:00.266641Z'], ['thanhnhann', '2021-08-10T12:38:02.131233Z'], ['gentlebutapril', '2021-08-10T12:45:45.137483Z'], ['dikky88', '2021-08-10T12:58:30.709676Z'], ['techmeupnl', '2021-08-10T17:40:53.330779Z'], ['icaroo', '2021-08-10T18:32:51.189674Z'], ['jackieyewang', '2021-08-10T19:38:40.272097Z'], ['wahyu1236', '2021-08-24T00:34:37.388686Z'], ['bulentbozdag', '2021-08-11T06:27:39.777222Z'], ['andrewpsp', '2021-08-12T05:16:38.487329Z'], ['jnditifei', '2021-08-12T10:25:53.422935Z'], ['chochinlu', '2021-08-12T10:51:47.386683Z'], ['hashan89', '2021-08-12T14:14:34.171221Z'], ['cuongtuanvu', '2021-08-13T09:26:44.787726Z'], ['schrubitteflau', '2021-08-13T20:49:08.565293Z'], ['rynsm4rt', '2021-08-13T23:41:27.640413Z'], ['ppecotot', '2021-08-14T10:59:31.288241Z'], ['earthnook', '2021-08-16T04:50:32.174209Z'], ['nargeslein', '2021-08-17T14:29:26.223160Z'], ['okcomputerb', '2021-08-18T06:30:16.238152Z'], ['vigiliusosloensis', '2021-08-18T20:40:45.810272Z'], ['siti050687', '2021-08-24T10:07:37.868129Z'], ['gpgith', '2021-08-22T18:03:00.285021Z'], ['nicky-ru', '2021-08-07T12:36:58.994209Z'], ['antonyip', '2021-08-04T22:52:44.486026Z'], ['rickmort', '2021-08-05T02:32:17.622002Z'], ['soptq', '2021-08-05T03:35:02.007926Z'], ['sisco0', '2021-08-05T06:30:35.508779Z'], ['cultless', '2021-08-24T14:59:52.626468Z'], ['x777', '2021-08-05T14:08:00.037620Z'], ['venoox', '2021-08-05T18:02:27.905302Z'], ['l-kh', '2021-08-06T00:04:52.886053Z'], ['jinusean', '2021-08-06T07:34:56.090172Z'], ['fabianosl1', '2021-08-06T20:51:32.150851Z'], ['jpeterd', '2021-08-07T04:42:46.266986Z'], ['orangemio', '2021-08-07T11:25:53.749066Z'], ['epsilon-638', '2021-08-07T12:13:54.182853Z'], ['missgeds', '2021-08-07T12:22:27.499419Z'], ['7h2x5e', '2021-08-07T18:06:42.278863Z'], ['rafat', '2021-08-08T05:17:34.889163Z'], ['ben-razor', '2021-08-08T12:10:21.481337Z'], ['johnalgo', '2021-08-08T14:37:47.122419Z'], ['pgonday', '2021-08-08T15:25:22.518881Z'], ['andithemudkip', '2021-08-08T16:13:31.724256Z'], ['tungtobe', '2021-08-08T16:14:45.012833Z'], ['ronalddas', '2021-08-08T18:06:33.357877Z'], ['guidieudo', '2021-08-08T18:13:12.186616Z'], ['immodestextant', '2021-08-08T18:14:11.861377Z'], ['ircrp', '2021-08-08T18:42:01.162964Z'], ['maxx6262', '2021-08-08T20:15:41.953313Z'], ['alizain5693', '2021-08-08T21:40:25.401660Z'], ['el-tumero', '2021-08-08T21:50:20.004849Z'], ['galileocap', '2021-08-08T22:11:47.306118Z'], ['dragondev1906', '2021-08-08T22:14:09.022952Z'], ['orhanors', '2021-08-08T23:35:52.351701Z'], ['criusxx', '2021-08-09T02:31:07.744430Z'], ['hodlrtodlrfarmr', '2021-08-09T02:34:16.452450Z'], ['scentlxss', '2021-08-09T02:59:35.029295Z'], ['nomicid', '2021-08-09T04:50:35.718005Z'], ['francov99', '2021-08-09T05:19:25.373770Z'], ['huutrung', '2021-08-09T06:35:41.032004Z'], ['ttnguyendev', '2021-08-09T06:38:55.278259Z'], ['lehoi2195', '2021-08-09T07:04:28.329799Z'], ['bitcoineazy', '2021-08-09T08:54:17.528934Z'], ['nishuzumi', '2021-08-09T09:11:49.339107Z'], ['dex68', '2021-08-09T10:50:07.681557Z'], ['linhphamsg', '2021-08-09T10:55:54.827783Z'], ['lqne', '2021-08-09T10:33:23.120113Z'], ['alexchun1011', '2021-08-09T10:33:27.626496Z'], ['bayou020', '2021-08-09T12:02:55.063295Z'], ['jefferson-pham', '2021-08-09T12:04:37.501111Z'], ['fabioktldaf', '2021-08-09T12:09:49.016311Z'], ['mirrormirage0', '2021-08-09T12:36:36.386717Z'], ['kevinchensr', '2021-08-09T12:39:56.925699Z'], ['carmen0208', '2021-08-09T12:38:43.367559Z'], ['sking789', '2021-08-09T13:54:32.863642Z'], ['duylinh196tb', '2021-08-09T15:14:28.636456Z'], ['drugurares', '2021-08-09T15:18:28.557396Z'], ['mrbearp', '2021-08-09T15:43:34.948576Z'], ['cito-lito', '2021-08-09T15:51:47.427400Z'], ['sabaiprimo', '2021-08-09T16:26:54.536560Z'], ['wangjianyeart', '2021-08-09T16:54:26.096134Z'], ['nervos2021', '2021-08-09T16:48:43.344107Z'], ['waverune', '2021-08-09T17:35:56.181068Z'], ['kidneyweakx', '2021-08-09T18:13:31.608355Z'], ['zzhengzhuo', '2021-08-09T18:22:48.344836Z'], ['stgllr', '2021-08-09T18:44:08.777280Z'], ['baoanh1310', '2021-08-09T18:45:55.956361Z'], ['carlososuna11', '2021-08-09T19:42:57.217273Z'], ['nhaga', '2021-08-09T20:36:44.551701Z'], ['cesheep', '2021-08-09T20:51:41.703314Z'], ['pfed-prog', '2021-08-09T21:23:34.636237Z'], ['stefanofa', '2021-08-09T21:45:49.263029Z'], ['luiscrag', '2021-08-09T21:47:18.542690Z'], ['miklosbarabas', '2021-08-09T22:16:54.106121Z'], ['ulices2', '2021-08-09T22:50:19.120283Z'], ['yiniandawn', '2021-08-09T23:30:00.689481Z'], ['zyra-zia', '2021-08-09T23:32:57.174615Z'], ['walkertraylor', '2021-08-09T23:51:53.418408Z'], ['awaissaeeed', '2021-08-09T23:18:50.584377Z'], ['nabilanam', '2021-08-09T23:30:51.907213Z'], ['long-blade', '2021-08-09T23:17:44.428559Z'], ['exiv22', '2021-08-23T09:48:34.478862Z'], ['dorian333', '2021-08-10T00:33:53.654668Z'], ['sgnovo8', '2021-08-10T02:17:27.633543Z'], ['philippeomalley', '2021-08-10T02:30:10.149279Z'], ['feravasica', '2021-08-10T02:48:33.908444Z'], ['reiss-d', '2021-08-10T03:00:28.813877Z'], ['rncrypto06', '2021-08-10T03:37:29.293189Z'], ['berkayermis', '2021-08-10T03:10:34.827372Z'], ['quocson95', '2021-08-10T03:55:14.964521Z'], ['pulth', '2021-08-10T04:14:09.616586Z'], ['tanishqdsharma', '2021-08-10T06:20:04.522461Z'], ['hoangnd298', '2021-08-10T06:38:10.866804Z'], ['billkirschner', '2021-08-10T06:59:15.604896Z'], ['chaitanyasjoshi', '2021-08-10T07:33:28.998757Z'], ['u2rust', '2021-08-10T07:50:09.430926Z'], ['caneryy', '2021-08-10T07:52:38.583222Z'], ['superburst', '2021-08-10T07:57:01.653401Z'], ['ufrok1', '2021-08-10T07:58:02.170232Z'], ['mmcel', '2021-08-10T08:03:08.737846Z'], ['vivensy', '2021-08-10T08:06:56.389879Z'], ['amitesh03', '2021-08-10T08:05:21.660748Z'], ['locvalucha', '2021-08-10T08:03:15.491765Z'], ['sondq', '2021-08-10T08:08:59.017967Z'], ['aliabdullah54', '2021-08-10T08:04:45.389553Z'], ['kenyatta666', '2021-08-10T09:57:35.627061Z'], ['dhruv035', '2021-08-10T10:46:04.588201Z'], ['selimkafa', '2021-08-10T10:52:10.694975Z'], ['iktumi', '2021-08-10T11:33:38.149868Z'], ['u1dxpool', '2021-08-10T11:49:54.094651Z'], ['deepansharya1111', '2021-08-10T12:28:33.320593Z'], ['ode233', '2021-08-10T13:11:03.636616Z'], ['raghav1997', '2021-08-10T14:36:54.179014Z'], ['gaspreth', '2021-08-10T14:38:23.666842Z'], ['jcervante', '2021-08-10T14:44:57.948286Z'], ['j174in', '2021-08-10T14:45:11.946104Z'], ['huazhouwang', '2021-08-10T15:12:14.517586Z'], ['thien-nguyen1308', '2021-08-10T15:38:39.303515Z'], ['hhuuaa', '2021-08-10T15:08:33.600239Z'], ['ajit766', '2021-08-10T14:46:05.655661Z'], ['fsy412', '2021-08-10T16:08:18.040439Z'], ['gdawson771', '2021-08-10T17:02:52.456841Z'], ['rkr-dev', '2021-08-10T19:48:33.339436Z'], ['superheavytoken', '2021-08-10T23:08:56.234878Z'], ['ysongh', '2021-08-11T00:20:41.764171Z'], ['mxdui', '2021-08-11T01:42:27.007598Z'], ['terryboy', '2021-08-11T03:17:39.316899Z'], ['arnaudatcomet', '2021-08-11T09:22:50.579799Z'], ['kizna1ver', '2021-08-11T12:22:00.200331Z'], ['hdbhandari', '2021-08-11T12:30:10.410032Z'], ['stone-rocket', '2021-08-11T13:23:17.629168Z'], ['demoncash08', '2021-08-11T15:00:38.009864Z'], ['voldown', '2021-08-11T17:00:56.450080Z'], ['amrosaeed', '2021-08-11T17:43:56.968859Z'], ['crispysandwhich', '2021-08-12T02:03:01.432956Z'], ['liushooter', '2021-08-12T07:14:12.614187Z'], ['puppetmaster66', '2021-08-12T12:03:22.969784Z'], ['ykoyote', '2021-08-12T20:55:45.495017Z'], ['josemariasosa', '2021-08-12T21:48:39.454948Z'], ['playflycode', '2021-08-13T00:20:02.055038Z'], ['asfman', '2021-08-13T04:26:09.555782Z'], ['food', '2021-08-13T14:32:01.883896Z'], ['deryyy', '2021-08-14T03:25:39.511510Z'], ['erredll', '2021-08-14T22:51:52.607914Z'], ['helmihidzir', '2021-08-15T14:51:13.648841Z'], ['flippinroo2', '2021-08-15T15:23:55.550766Z'], ['topma', '2021-08-15T17:24:14.933097Z'], ['larricane', '2021-08-15T17:54:58.971744Z'], ['7kms', '2021-08-16T08:22:01.417770Z'], ['oceansxq', '2021-08-16T10:29:31.536435Z'], ['leomanza', '2021-08-17T05:32:39.874373Z'], ['mosqu1to3zz', '2021-08-17T05:55:38.350633Z'], ['skinnynoizze', '2021-08-17T12:50:31.117086Z'], ['yexiaozhu05', '2021-08-17T13:36:58.484076Z'], ['freebot', '2021-08-18T04:28:02.208068Z'], ['keheira', '2021-08-18T08:11:13.408215Z'], ['visdauas', '2021-08-18T11:12:02.787196Z'], ['lianghowe', '2021-08-19T13:24:03.264251Z'], ['1m1axx', '2021-08-19T17:00:38.798791Z'], ['spaceunicorn-bit', '2021-08-20T05:09:28.583684Z'], ['timfaner', '2021-08-04T17:00:12.654140Z'], ['michaelshapkin', '2021-08-22T09:47:55.293205Z'], ['sidduhere', '2021-08-04T17:22:10.652146Z'], ['bugieman', '2021-08-22T21:50:53.381044Z'], ['agus1224', '2021-08-26T04:31:04.791385Z'], ['nasino2', '2021-08-26T09:10:19.023432Z'], ['zacky1886', '2021-08-26T14:03:28.187361Z'], ['sharpcx', '2021-08-16T13:46:39Z'], ['namex44', '2021-08-27T22:18:47.113943Z'], ['dexhunter', '2021-08-28T09:42:09.657504Z']]"
https://gitcoin.co/issue/26211,nervosnetwork,grants,"[['aryabhat1', '2021-08-30T09:27:36.559337Z'], ['dginza', '2021-08-31T04:36:05.870543Z'], ['galleluci', '2021-09-02T07:45:01.694107Z'], ['thatguyiknow', '2021-09-04T10:55:16.479298Z'], ['frankhouston', '2021-09-04T07:09:45.891058Z'], ['cryptodsyne', '2021-09-06T18:36:41.116403Z'], ['vinhbhn', '2021-08-05T08:53:57.227180Z'], ['taurenshaman', '2021-08-06T10:52:44.000378Z'], ['pgonday', '2021-08-08T13:22:24.509493Z'], ['stevenhva', '2021-08-08T19:48:50.255100Z'], ['ajit766', '2021-08-10T14:22:21.562453Z'], ['7kms', '2021-08-15T07:07:23.059006Z'], ['soptq', '2021-08-05T02:59:13.927486Z'], ['zaidankn', '2021-08-24T20:46:44.642596Z'], ['jinusean', '2021-08-06T06:57:28.780437Z'], ['w5pand', '2021-08-06T11:04:38.154582Z'], ['jpeterd', '2021-08-07T03:51:37.612838Z'], ['assafom', '2021-08-07T05:24:36Z'], ['nicky-ru', '2021-08-07T10:56:05.957453Z'], ['xcshuan', '2021-08-07T14:36:01.992782Z'], ['edricngo', '2021-08-07T17:00:09.433490Z'], ['ben-razor', '2021-08-07T17:46:13.555383Z'], ['mindolam', '2021-08-07T21:30:26.800509Z'], ['ronalddas', '2021-08-08T12:24:06.740478Z'], ['ayush20', '2021-08-08T12:38:43.688191Z'], ['rncrypto06', '2021-08-08T15:06:47.490000Z'], ['andithemudkip', '2021-08-08T15:58:08.340708Z'], ['guidieudo', '2021-08-08T17:55:19.495213Z'], ['ircrp', '2021-08-08T18:08:27.775863Z'], ['el-tumero', '2021-08-08T21:08:48.097175Z'], ['raiden1411', '2021-08-08T23:23:38.941203Z'], ['hodlrtodlrfarmr', '2021-08-09T01:52:31.633286Z'], ['criusxx', '2021-08-09T01:54:28.034715Z'], ['bayou020', '2021-08-09T11:21:59.621694Z'], ['sabaiprimo', '2021-08-09T13:06:00.245774Z'], ['oritwoen', '2021-08-09T14:38:09.618207Z'], ['theyashmhatre', '2021-08-09T15:52:31.035819Z'], ['stwith', '2021-08-09T16:43:47.552532Z'], ['wangjianyeart', '2021-08-09T16:56:53.800767Z'], ['selimkafa', '2021-08-09T17:32:23.420375Z'], ['rzbck', '2021-08-09T17:33:14.244823Z'], ['mrjacobsullivan', '2021-08-09T17:43:39.011328Z'], ['zzhengzhuo', '2021-08-09T18:06:56.937259Z'], ['gapro8', '2021-08-09T18:49:47.740922Z'], ['skyonedot', '2021-08-09T18:46:09.207140Z'], ['miklosbarabas', '2021-08-09T19:05:50.364613Z'], ['celoaken', '2021-08-09T19:10:20.996305Z'], ['carlososuna11', '2021-08-09T19:14:10.834696Z'], ['nhaga', '2021-08-09T19:47:16.814116Z'], ['jaeaster', '2021-08-09T19:43:08.501914Z'], ['luiscrag', '2021-08-09T21:32:02.361606Z'], ['lofravaz', '2021-08-09T21:56:32.208632Z'], ['mashmzc', '2021-08-09T22:09:22.619585Z'], ['awaissaeeed', '2021-08-09T22:27:07.538122Z'], ['azmora', '2021-08-10T00:57:09.463269Z'], ['sgnovo8', '2021-08-10T01:31:10.061719Z'], ['feravasica', '2021-08-10T02:19:36.065050Z'], ['berkayermis', '2021-08-10T02:33:42.690883Z'], ['herzog5', '2021-08-10T05:03:41.117206Z'], ['michsss', '2021-08-10T08:12:09.163125Z'], ['cocdap', '2021-08-10T09:23:45.502700Z'], ['quocson100', '2021-08-10T09:37:28.235142Z'], ['d4rkgh0', '2021-08-10T09:38:15.225050Z'], ['joshien', '2021-08-10T10:42:04.023368Z'], ['huazhouwang', '2021-08-10T10:49:17.481122Z'], ['gentlebutapril', '2021-08-10T12:30:29.603850Z'], ['dikky88', '2021-08-10T12:37:23.425254Z'], ['rodrig7', '2021-08-10T12:38:14.188041Z'], ['raghav1997', '2021-08-10T12:54:20.931023Z'], ['icaroo', '2021-08-10T17:31:16.264650Z'], ['emindu', '2021-08-11T07:29:43.511672Z'], ['arnaudatcomet', '2021-08-11T08:52:24.352424Z'], ['crispysandwhich', '2021-08-12T01:39:09.915802Z'], ['donkross360', '2021-08-12T09:35:14.034312Z'], ['puppetmaster66', '2021-08-12T11:34:21.241037Z'], ['asfman', '2021-08-13T03:04:55.041883Z'], ['cuongtuanvu', '2021-08-13T08:37:11.859319Z'], ['food', '2021-08-13T13:44:10.686460Z'], ['schrubitteflau', '2021-08-13T19:50:32.452450Z'], ['erredll', '2021-08-14T20:25:08.067492Z'], ['topma', '2021-08-14T20:39:43.670455Z'], ['larricane', '2021-08-15T09:19:37.275040Z'], ['helmihidzir', '2021-08-15T11:33:57.133712Z'], ['sharpcx', '2021-08-16T13:33:54Z'], ['leomanza', '2021-08-17T04:49:29.192525Z'], ['yexiaozhu05', '2021-08-17T11:50:46.957761Z'], ['nargeslein', '2021-08-17T13:15:03.623590Z'], ['okcomputerb', '2021-08-18T01:42:10.533220Z'], ['timfaner', '2021-08-04T16:47:28.890710Z'], ['mecforlove', '2021-08-22T12:25:35.268623Z'], ['bugieman', '2021-08-22T20:51:34.241264Z'], ['x777', '2021-08-04T23:52:32.543917Z'], ['rickmort', '2021-08-05T01:25:53.144864Z'], ['sisco0', '2021-08-05T06:15:10.085540Z'], ['venoox', '2021-08-05T17:17:51.805487Z'], ['fabianosl1', '2021-08-05T18:38:26.220967Z'], ['l-kh', '2021-08-05T23:35:39.639128Z'], ['rezahsnz', '2021-08-06T13:06:44.800043Z'], ['epsilon-638', '2021-08-06T22:28:00.196117Z'], ['hsamndo', '2021-08-07T03:17:30.176279Z'], ['happylolonly', '2021-08-07T05:34:41.702717Z'], ['orangemio', '2021-08-07T11:16:34.182038Z'], ['missgeds', '2021-08-07T11:58:47.161341Z'], ['7h2x5e', '2021-08-07T16:44:32.353448Z'], ['domix14', '2021-08-07T17:28:48.443657Z'], ['ubinix-warun', '2021-08-07T17:40:44.254043Z'], ['hg00', '2021-08-08T00:11:34.021284Z'], ['rafat', '2021-08-08T03:27:38.289129Z'], ['newtrong', '2021-08-08T03:30:07.646853Z'], ['sunguru98', '2021-08-08T09:42:18.265252Z'], ['xinbadev', '2021-08-08T11:47:15.026114Z'], ['johnalgo', '2021-08-08T14:36:18.107916Z'], ['gabrycina', '2021-08-08T14:47:37.216645Z'], ['tech-engine', '2021-08-08T14:52:53.747370Z'], ['thanphl', '2021-08-08T15:22:11.525613Z'], ['tungtobe', '2021-08-08T15:36:06.249773Z'], ['stephane303', '2021-08-08T15:37:05.677604Z'], ['ttnguyendev', '2021-08-08T17:29:23.885230Z'], ['immodestextant', '2021-08-08T17:47:45.754428Z'], ['maxx6262', '2021-08-08T19:12:38.204067Z'], ['schen1', '2021-08-08T20:29:41.200859Z'], ['stgllr', '2021-08-08T20:40:55.325597Z'], ['cryptowingnut', '2021-08-08T21:04:06.484162Z'], ['alizain5693', '2021-08-08T21:12:37.422639Z'], ['dragondev1906', '2021-08-08T21:33:27.664534Z'], ['galileocap', '2021-08-08T21:52:47.708064Z'], ['orhanors', '2021-08-08T23:07:37.858550Z'], ['drugurares', '2021-08-09T00:54:49.779961Z'], ['juzkiddin', '2021-08-09T02:35:21.099304Z'], ['scentlxss', '2021-08-09T02:46:47.826302Z'], ['luisantoniocrag', '2021-08-09T03:02:19.303764Z'], ['ndduc-fpt', '2021-08-09T04:01:09.175797Z'], ['nomicid', '2021-08-09T04:40:40.856351Z'], ['francov99', '2021-08-09T04:54:11.341157Z'], ['andermarce', '2021-08-09T04:56:04.541069Z'], ['huutrung', '2021-08-09T06:00:28.284302Z'], ['lehoi2195', '2021-08-09T06:05:39.187354Z'], ['ramshreyas', '2021-08-09T06:36:20.588639Z'], ['0xcatgenius', '2021-08-09T07:46:00.679245Z'], ['phuonghovn', '2021-08-09T07:48:37.061681Z'], ['da3dalus88', '2021-08-09T08:14:20.081987Z'], ['bitcoineazy', '2021-08-09T08:18:56.029663Z'], ['abrandec', '2021-08-09T07:19:48.334964Z'], ['wahyu1236', '2021-08-23T02:59:22.892141Z'], ['admud', '2021-08-09T08:52:20.952473Z'], ['nishuzumi', '2021-08-09T08:53:04.131350Z'], ['lqne', '2021-08-09T09:21:19.074098Z'], ['dex68', '2021-08-09T09:43:50.509646Z'], ['alexchun1011', '2021-08-09T10:23:48.817745Z'], ['jefferson-pham', '2021-08-09T10:30:19.405744Z'], ['linhphamsg', '2021-08-09T10:32:45.684553Z'], ['mirrormirage0', '2021-08-09T10:52:49.258061Z'], ['fabioktldaf', '2021-08-09T10:58:04.274936Z'], ['bcvsv', '2021-08-09T12:09:05.950141Z'], ['kevinchensr', '2021-08-09T12:11:09.448241Z'], ['carmen0208', '2021-08-09T12:19:15.331742Z'], ['sking789', '2021-08-09T13:40:31.793300Z'], ['asinghvishen', '2021-08-09T13:49:21.404292Z'], ['tn024687', '2021-08-09T14:05:45.103352Z'], ['sidharthpunathil', '2021-08-09T14:07:13.817974Z'], ['wzor', '2021-08-09T14:27:17.604430Z'], ['shinyhunters', '2021-08-09T14:15:11.993610Z'], ['anhfactor', '2021-08-09T14:51:20.479713Z'], ['tharunrai14', '2021-08-09T14:53:03.162271Z'], ['duylinh196tb', '2021-08-09T14:56:15.521925Z'], ['cito-lito', '2021-08-09T15:19:02.013774Z'], ['mrbearp', '2021-08-09T15:27:20.880770Z'], ['niedhui', '2021-08-09T15:45:32.488916Z'], ['baoanh1310', '2021-08-09T15:39:27.922790Z'], ['maxencealvarez', '2021-08-09T16:13:46.295513Z'], ['armujahid', '2021-08-09T16:24:00.573230Z'], ['nervos2021', '2021-08-09T16:14:55.692401Z'], ['waverune', '2021-08-09T16:37:30.588107Z'], ['mistakeone', '2021-08-09T17:03:54.940344Z'], ['kidneyweakx', '2021-08-09T17:50:31.272897Z'], ['knnlrts', '2021-08-09T18:45:24.299319Z'], ['pfed-prog', '2021-08-09T20:14:13.750011Z'], ['cesheep', '2021-08-09T20:38:27.828276Z'], ['stefanofa', '2021-08-09T21:33:41.368628Z'], ['postman56', '2021-08-09T21:36:12.825586Z'], ['preet-aulokh', '2021-08-09T22:05:02.722629Z'], ['exiv22', '2021-08-23T09:12:33.207506Z'], ['ulices2', '2021-08-09T22:37:03.391962Z'], ['long-blade', '2021-08-09T22:46:06.456698Z'], ['dziobakwszafie', '2021-08-09T22:37:29.382971Z'], ['eduwr', '2021-08-09T22:40:21.508629Z'], ['nabilanam', '2021-08-09T23:07:32.175238Z'], ['yiniandawn', '2021-08-09T23:13:29.187588Z'], ['zyra-zia', '2021-08-09T23:28:35.699013Z'], ['walkertraylor', '2021-08-09T23:29:26.224019Z'], ['dorian333', '2021-08-10T00:22:54.640202Z'], ['misty444', '2021-08-10T01:52:06.498333Z'], ['philippeomalley', '2021-08-10T01:54:23.410787Z'], ['pulth', '2021-08-10T03:44:17.927182Z'], ['quocson95', '2021-08-10T03:47:37.009329Z'], ['tanishqdsharma', '2021-08-10T05:44:11.197282Z'], ['billkirschner', '2021-08-10T06:04:56.714159Z'], ['hoangnd298', '2021-08-10T06:26:31.959620Z'], ['chaitanyasjoshi', '2021-08-10T07:05:00.194483Z'], ['locvalucha', '2021-08-10T07:22:08.141785Z'], ['u2rust', '2021-08-10T07:27:24.848192Z'], ['ufrok1', '2021-08-10T07:35:49.599053Z'], ['amitesh03', '2021-08-10T07:46:09.720014Z'], ['caneryy', '2021-08-10T07:51:35.021409Z'], ['vivensy', '2021-08-10T08:08:16.124555Z'], ['thien-nguyen1308', '2021-08-10T07:57:51.650604Z'], ['sondq', '2021-08-10T08:03:14.733990Z'], ['aliabdullah54', '2021-08-10T08:10:53.452930Z'], ['mmcel', '2021-08-10T08:14:07.906014Z'], ['howinoc', '2021-08-10T08:43:11.088835Z'], ['superburst', '2021-08-10T08:46:29.650256Z'], ['elfelf2', '2021-08-10T08:50:40.469569Z'], ['meathewww', '2021-08-10T08:52:18.242411Z'], ['hhuuaa', '2021-08-10T09:21:00.201936Z'], ['kenyatta666', '2021-08-10T09:46:38.738261Z'], ['sunydev', '2021-08-10T10:18:02.447565Z'], ['seanho96', '2021-08-10T10:21:38.580849Z'], ['dhruv035', '2021-08-10T10:22:56.392789Z'], ['iktumi', '2021-08-10T10:53:06.544491Z'], ['samet1998', '2021-08-10T10:49:26.806787Z'], ['terryboy', '2021-08-10T11:41:08.645776Z'], ['deepansharya1111', '2021-08-10T11:58:25.664340Z'], ['thanhnhann', '2021-08-10T12:15:49.172174Z'], ['u1dxpool', '2021-08-10T11:50:27.195498Z'], ['kizna1ver', '2021-08-10T13:02:17.471883Z'], ['alexfedotovqq', '2021-08-10T13:05:38.510097Z'], ['ode233', '2021-08-10T13:08:52.284176Z'], ['tomlloyd92', '2021-08-10T13:25:40.217814Z'], ['stone-rocket', '2021-08-10T13:55:55.646329Z'], ['j174in', '2021-08-10T13:57:29.409138Z'], ['gaspreth', '2021-08-10T14:36:28.112194Z'], ['jcervante', '2021-08-10T14:42:51.949389Z'], ['fsy412', '2021-08-10T14:47:25.260246Z'], ['gdawson771', '2021-08-10T16:30:40.351466Z'], ['techmeupnl', '2021-08-10T17:38:04.508887Z'], ['elod23', '2021-08-10T17:39:20.352582Z'], ['rkr-dev', '2021-08-10T19:04:24.802575Z'], ['jackieyewang', '2021-08-10T19:38:38.551780Z'], ['bulentbozdag', '2021-08-10T20:24:01.883921Z'], ['voldown', '2021-08-10T21:39:22.642438Z'], ['ysongh', '2021-08-10T22:17:56.678920Z'], ['superheavytoken', '2021-08-10T23:03:25.450331Z'], ['mxdui', '2021-08-10T21:46:09.860194Z'], ['hdbhandari', '2021-08-11T09:10:01.777395Z'], ['demoncash08', '2021-08-11T13:05:06.193112Z'], ['hashan89', '2021-08-11T15:28:58.887503Z'], ['yehohanan7', '2021-08-11T16:14:59.309532Z'], ['amrosaeed', '2021-08-11T17:19:38.903264Z'], ['andrewpsp', '2021-08-12T04:22:06.608199Z'], ['liushooter', '2021-08-12T06:50:20.771540Z'], ['jnditifei', '2021-08-12T10:04:12.760798Z'], ['chochinlu', '2021-08-12T10:11:37.058439Z'], ['playflycode', '2021-08-12T16:37:48.373568Z'], ['josemariasosa', '2021-08-12T19:49:59.441369Z'], ['ykoyote', '2021-08-12T20:24:05.708804Z'], ['deryyy', '2021-08-13T11:44:35.234343Z'], ['rynsm4rt', '2021-08-13T22:37:59.946710Z'], ['ppecotot', '2021-08-14T10:24:08.080283Z'], ['cultless', '2021-08-14T13:41:38.118688Z'], ['flippinroo2', '2021-08-15T13:27:09.917159Z'], ['earthnook', '2021-08-15T15:13:49.604315Z'], ['icecr34m', '2021-08-16T22:07:27.263319Z'], ['oceansxq', '2021-08-17T02:05:15.394922Z'], ['mosqu1to3zz', '2021-08-17T05:09:29.604380Z'], ['skinnynoizze', '2021-08-17T11:58:39.696769Z'], ['freebot', '2021-08-18T02:57:42.197449Z'], ['keheira', '2021-08-18T07:45:24.811566Z'], ['visdauas', '2021-08-18T10:34:46.836326Z'], ['vigiliusosloensis', '2021-08-18T18:20:59.182978Z'], ['spaceunicorn-bit', '2021-08-19T00:48:35.112173Z'], ['siti050687', '2021-08-19T09:58:08.615633Z'], ['lianghowe', '2021-08-19T13:23:07.902543Z'], ['1m1axx', '2021-08-19T16:58:47.119654Z'], ['antonyip', '2021-08-04T15:28:59.969640Z'], ['acereer', '2021-08-20T15:37:51.285015Z'], ['sidduhere', '2021-08-04T16:41:38.333175Z'], ['0xtwoface', '2021-08-21T16:19:21.962414Z'], ['michaelshapkin', '2021-08-22T09:03:35.573451Z'], ['gpgith', '2021-08-22T17:16:02.945546Z'], ['stanojevic-dev', '2021-08-22T19:56:44.618113Z'], ['ntabamanzi', '2021-08-25T20:12:25.514393Z'], ['agus1224', '2021-08-26T03:43:02.911033Z'], ['nasino2', '2021-08-26T08:45:58.405310Z'], ['zacky1886', '2021-08-26T13:48:24.351592Z'], ['namex44', '2021-08-27T21:50:16.635202Z'], ['no-huy', '2021-08-28T03:13:32.921400Z'], ['dexhunter', '2021-08-28T08:26:05.827942Z'], ['learninggeneral', '2021-08-28T13:08:18.597358Z']]"
https://gitcoin.co/issue/26210,nervosnetwork,grants,"[['frankhouston', '2021-09-01T10:53:19.049840Z'], ['thatguyiknow', '2021-09-04T10:37:24.175739Z'], ['cryptodsyne', '2021-09-06T18:02:01.405823Z'], ['galleluci', '2021-09-02T06:24:06.777627Z'], ['fabianosl1', '2021-08-04T14:45:47.042419Z'], ['w5pand', '2021-08-06T07:36:15.509416Z'], ['stefanofa', '2021-08-09T21:14:12.660580Z'], ['elod23', '2021-08-10T06:32:01.362699Z'], ['thanhnhann', '2021-08-10T10:09:46.691241Z'], ['x777', '2021-08-04T22:45:27.726239Z'], ['rickmort', '2021-08-05T00:36:18.692301Z'], ['vinhbhn', '2021-08-05T08:27:07.597535Z'], ['agus1224', '2021-08-24T17:22:40.992541Z'], ['venoox', '2021-08-05T16:49:18.483598Z'], ['l-kh', '2021-08-05T22:44:33.018732Z'], ['taurenshaman', '2021-08-06T08:22:56.074940Z'], ['jinusean', '2021-08-06T09:03:34.598832Z'], ['dhruv035', '2021-08-06T14:50:18.769433Z'], ['icecr34m', '2021-08-06T16:35:52.331202Z'], ['ben-razor', '2021-08-06T23:51:03.035270Z'], ['assafom', '2021-08-07T04:04:20Z'], ['nicky-ru', '2021-08-07T09:18:20.189321Z'], ['edricngo', '2021-08-07T10:57:36.286681Z'], ['ubinix-warun', '2021-08-07T13:04:28.838210Z'], ['xcshuan', '2021-08-07T13:46:06.223802Z'], ['rafat', '2021-08-07T14:10:18.137550Z'], ['7h2x5e', '2021-08-07T15:50:44.562612Z'], ['domix14', '2021-08-07T16:59:26.735395Z'], ['criusxx', '2021-08-08T12:14:37.569135Z'], ['el-tumero', '2021-08-08T12:18:06.298602Z'], ['pgonday', '2021-08-08T12:51:40.991919Z'], ['tech-engine', '2021-08-08T14:16:46.479550Z'], ['gabrycina', '2021-08-08T14:25:02.442031Z'], ['johnalgo', '2021-08-08T14:35:31.040790Z'], ['stephane303', '2021-08-08T15:09:04.298471Z'], ['andithemudkip', '2021-08-08T15:37:06.921917Z'], ['ttnguyendev', '2021-08-08T16:27:02.730330Z'], ['maxx6262', '2021-08-08T17:54:08.150845Z'], ['guidieudo', '2021-08-08T17:58:18.028186Z'], ['stgllr', '2021-08-08T19:28:29.504976Z'], ['cryptowingnut', '2021-08-08T20:48:12.583608Z'], ['galileocap', '2021-08-08T21:36:22.780278Z'], ['mirrormirage0', '2021-08-08T22:00:44.863466Z'], ['orhanors', '2021-08-08T22:30:56.796774Z'], ['juzkiddin', '2021-08-09T01:28:07.949457Z'], ['scentlxss', '2021-08-09T02:29:07.748927Z'], ['azmora', '2021-08-09T02:43:08.821510Z'], ['ndduc-fpt', '2021-08-09T03:41:10.649890Z'], ['lehoi2195', '2021-08-09T04:27:52.196348Z'], ['abrandec', '2021-08-09T06:44:16.194270Z'], ['linhphamsg', '2021-08-09T09:29:53.128476Z'], ['sidharthpunathil', '2021-08-09T13:07:10.786886Z'], ['tn024687', '2021-08-09T13:11:46.770829Z'], ['sking789', '2021-08-09T13:20:27.683541Z'], ['shinyhunters', '2021-08-09T13:32:53.582129Z'], ['stwith', '2021-08-09T13:36:46.408555Z'], ['jaeaster', '2021-08-09T14:21:14.493315Z'], ['carlososuna11', '2021-08-09T16:40:06.134503Z'], ['selimkafa', '2021-08-09T17:30:13.646280Z'], ['preet-aulokh', '2021-08-09T18:10:33.610048Z'], ['gapro8', '2021-08-09T18:12:38.498089Z'], ['celoaken', '2021-08-09T18:14:52.858375Z'], ['miklosbarabas', '2021-08-09T18:23:35.907577Z'], ['duylinh298ptit', '2021-08-09T19:09:02.866977Z'], ['nhaga', '2021-08-09T19:23:59.993129Z'], ['tanishqdsharma', '2021-08-09T19:24:59.282213Z'], ['awaissaeeed', '2021-08-09T19:55:21.418539Z'], ['zyra-zia', '2021-08-09T19:55:42.048624Z'], ['long-blade', '2021-08-09T22:02:20.998901Z'], ['eduwr', '2021-08-09T22:03:36.189173Z'], ['amitesh03', '2021-08-09T21:47:48.758424Z'], ['nabilanam', '2021-08-09T22:33:30.099454Z'], ['sgnovo8', '2021-08-09T22:56:39.371375Z'], ['ulices2', '2021-08-09T22:17:05.849894Z'], ['dorian333', '2021-08-10T00:11:38.637812Z'], ['philippeomalley', '2021-08-10T00:56:02.484284Z'], ['misty444', '2021-08-10T01:35:38.134972Z'], ['billkirschner', '2021-08-10T05:04:48.274263Z'], ['hhuuaa', '2021-08-10T05:30:12.516070Z'], ['u2rust', '2021-08-10T06:39:21.920606Z'], ['cocdap', '2021-08-10T08:23:34.477580Z'], ['kenyatta666', '2021-08-10T09:33:41.581793Z'], ['samet1998', '2021-08-10T09:44:05.096811Z'], ['u1dxpool', '2021-08-10T10:55:27.157459Z'], ['kizna1ver', '2021-08-10T10:52:38.847701Z'], ['techmeupnl', '2021-08-10T17:35:24.779646Z'], ['hdbhandari', '2021-08-11T07:27:34.755163Z'], ['liushooter', '2021-08-12T06:15:21.574617Z'], ['chochinlu', '2021-08-12T07:08:08.044640Z'], ['puppetmaster66', '2021-08-12T09:28:14.777000Z'], ['playflycode', '2021-08-12T15:33:13.716234Z'], ['rynsm4rt', '2021-08-13T06:44:29.885615Z'], ['food', '2021-08-13T09:04:09.144352Z'], ['my-gem', '2021-08-13T11:44:40.772657Z'], ['helmihidzir', '2021-08-14T17:42:17.572798Z'], ['larricane', '2021-08-15T07:55:23.449445Z'], ['mosqu1to3zz', '2021-08-16T13:40:31.595550Z'], ['nargeslein', '2021-08-17T12:41:52.478245Z'], ['freebot', '2021-08-18T02:26:29.641049Z'], ['lianghowe', '2021-08-19T13:18:37.902888Z'], ['luv135', '2021-08-21T01:20:01.319351Z'], ['ntabamanzi', '2021-08-25T18:11:33.729384Z'], ['soptq', '2021-08-04T19:37:08.938228Z'], ['sisco0', '2021-08-05T05:53:43.426873Z'], ['zaidankn', '2021-08-24T19:45:30.134137Z'], ['epsilon-638', '2021-08-05T21:50:32.573624Z'], ['hsamndo', '2021-08-07T02:19:29.505382Z'], ['jpeterd', '2021-08-07T02:23:10.421930Z'], ['happylolonly', '2021-08-07T05:01:03.987136Z'], ['orangemio', '2021-08-07T10:58:29.023398Z'], ['missgeds', '2021-08-07T11:17:42.091150Z'], ['mindolam', '2021-08-07T21:06:54.472342Z'], ['hg00', '2021-08-07T22:54:32.744235Z'], ['sunguru98', '2021-08-08T09:05:45.999588Z'], ['xinbadev', '2021-08-08T11:21:47.399376Z'], ['armujahid', '2021-08-08T11:45:47.405762Z'], ['ronalddas', '2021-08-08T12:03:11.128283Z'], ['ayush20', '2021-08-08T12:04:12.082809Z'], ['rncrypto06', '2021-08-08T14:02:42.923473Z'], ['thanphl', '2021-08-08T14:53:34.681358Z'], ['tungtobe', '2021-08-08T14:57:57.741110Z'], ['tomlloyd92', '2021-08-08T16:34:30.255856Z'], ['immodestextant', '2021-08-08T17:24:12.318169Z'], ['ircrp', '2021-08-08T17:26:37.560421Z'], ['hodlrtodlrfarmr', '2021-08-08T17:50:07.522141Z'], ['bitcoineazy', '2021-08-08T18:18:35.573178Z'], ['stevenhva', '2021-08-08T18:46:57.289287Z'], ['dragondev1906', '2021-08-08T19:20:03.774711Z'], ['schen1', '2021-08-08T20:02:44.803689Z'], ['alizain5693', '2021-08-08T20:43:22.656279Z'], ['raiden1411', '2021-08-08T21:59:17.194921Z'], ['drugurares', '2021-08-08T23:33:39.422509Z'], ['luisantoniocrag', '2021-08-09T02:34:11.016096Z'], ['anhfactor', '2021-08-09T03:52:57.434026Z'], ['andermarce', '2021-08-09T04:09:29.089075Z'], ['francov99', '2021-08-09T04:16:56.634979Z'], ['nomicid', '2021-08-09T04:24:34.553234Z'], ['huutrung', '2021-08-09T04:56:56.125670Z'], ['ramshreyas', '2021-08-09T05:41:51.677881Z'], ['admud', '2021-08-09T06:41:23.804087Z'], ['wahyu1236', '2021-08-23T02:42:09.138370Z'], ['0xcatgenius', '2021-08-09T07:16:27.885135Z'], ['bcvsv', '2021-08-09T07:29:36.347906Z'], ['da3dalus88', '2021-08-09T07:50:18.320285Z'], ['phuonghovn', '2021-08-09T07:46:48.161981Z'], ['lqne', '2021-08-09T08:05:25.155977Z'], ['nishuzumi', '2021-08-09T08:30:05.226143Z'], ['jefferson-pham', '2021-08-09T08:58:11.840481Z'], ['dex68', '2021-08-09T09:00:45.658194Z'], ['fabioktldaf', '2021-08-09T09:56:42.685289Z'], ['alexchun1011', '2021-08-09T10:21:34.812374Z'], ['bayou020', '2021-08-09T10:41:15.319536Z'], ['kevinchensr', '2021-08-09T10:59:28.220192Z'], ['carmen0208', '2021-08-09T11:49:25.977427Z'], ['tharunrai14', '2021-08-09T12:05:46.774585Z'], ['sabaiprimo', '2021-08-09T12:10:06.051899Z'], ['wzor', '2021-08-09T12:26:15.488465Z'], ['waverune', '2021-08-09T11:42:06.795289Z'], ['asinghvishen', '2021-08-09T13:14:09.349212Z'], ['caneryy', '2021-08-09T13:32:25.793944Z'], ['oritwoen', '2021-08-09T13:52:59.166132Z'], ['baoanh1310', '2021-08-09T14:04:15.142903Z'], ['cito-lito', '2021-08-09T14:30:04.001446Z'], ['duylinh196tb', '2021-08-09T14:31:12.914009Z'], ['theyashmhatre', '2021-08-09T14:51:03.167459Z'], ['mrbearp', '2021-08-09T14:52:51.565731Z'], ['niedhui', '2021-08-09T15:04:48.559798Z'], ['rzbck', '2021-08-09T15:05:33.847092Z'], ['knnlrts', '2021-08-09T15:20:50.454214Z'], ['maxencealvarez', '2021-08-09T15:14:57.151053Z'], ['nervos2021', '2021-08-09T15:38:03.047599Z'], ['mistakeone', '2021-08-09T15:49:13.113056Z'], ['wangjianyeart', '2021-08-09T16:58:13.066632Z'], ['mrjacobsullivan', '2021-08-09T17:06:43.079364Z'], ['kidneyweakx', '2021-08-09T17:15:24.021376Z'], ['zzhengzhuo', '2021-08-09T17:33:56.571222Z'], ['skyonedot', '2021-08-09T18:26:50.212491Z'], ['cesheep', '2021-08-09T18:21:31.057761Z'], ['pfed-prog', '2021-08-09T18:43:15.008626Z'], ['mashmzc', '2021-08-09T20:06:07.252936Z'], ['eseptiansyah15', '2021-08-23T08:32:19.062208Z'], ['walkertraylor', '2021-08-09T20:35:56.508473Z'], ['postman56', '2021-08-09T20:37:54.824463Z'], ['luiscrag', '2021-08-09T21:16:41.255838Z'], ['dziobakwszafie', '2021-08-09T21:19:59.740292Z'], ['lofravaz', '2021-08-09T21:27:45.219979Z'], ['yiniandawn', '2021-08-09T22:44:56.634474Z'], ['feravasica', '2021-08-10T01:13:37.137832Z'], ['reiss-d', '2021-08-10T02:18:25.917184Z'], ['berkayermis', '2021-08-10T01:53:10.475108Z'], ['quocson95', '2021-08-10T03:36:51.394064Z'], ['thien-nguyen1308', '2021-08-10T03:47:03.512866Z'], ['pulth', '2021-08-10T03:08:31.856290Z'], ['andres-andretti', '2021-08-10T04:12:12.446829Z'], ['herzog5', '2021-08-10T04:52:13.453494Z'], ['locvalucha', '2021-08-10T05:18:15.194458Z'], ['hoangnd298', '2021-08-10T05:42:01.892821Z'], ['vivensy', '2021-08-10T06:07:37.991992Z'], ['michsss', '2021-08-10T06:21:16.911502Z'], ['aliabdullah54', '2021-08-10T06:25:21.296546Z'], ['chaitanyasjoshi', '2021-08-10T06:35:23.555141Z'], ['howinoc', '2021-08-10T06:49:52.496980Z'], ['mmcel', '2021-08-10T06:37:59.127672Z'], ['ufrok1', '2021-08-10T06:58:44.202467Z'], ['huazhouwang', '2021-08-10T07:01:42.360027Z'], ['kumakun0v0', '2021-08-10T07:03:31.438407Z'], ['superburst', '2021-08-10T07:21:26.253501Z'], ['elfelf2', '2021-08-10T07:07:55.448842Z'], ['meathewww', '2021-08-10T07:34:12.602472Z'], ['quanhuynh2007', '2021-08-10T07:39:34.662450Z'], ['sondq', '2021-08-10T07:55:46.834090Z'], ['j174in', '2021-08-10T09:13:41.403926Z'], ['quocson100', '2021-08-10T09:17:24.246904Z'], ['d4rkgh0', '2021-08-10T08:56:23.841111Z'], ['seanho96', '2021-08-10T10:00:25.073875Z'], ['sunydev', '2021-08-10T10:08:56.913799Z'], ['raghav1997', '2021-08-10T10:44:48.089838Z'], ['dikky88', '2021-08-10T10:59:43.356090Z'], ['deepansharya1111', '2021-08-10T11:15:06.669577Z'], ['terryboy', '2021-08-10T11:28:01.322416Z'], ['gentlebutapril', '2021-08-10T12:03:28.265286Z'], ['rodrig7', '2021-08-10T12:16:51.326506Z'], ['alexfedotovqq', '2021-08-10T12:58:28.297784Z'], ['ode233', '2021-08-10T13:06:48.642095Z'], ['stone-rocket', '2021-08-10T13:32:30.551480Z'], ['ajit766', '2021-08-10T13:42:31.601573Z'], ['fsy412', '2021-08-10T13:58:26.702834Z'], ['gaspreth', '2021-08-10T14:34:44.328015Z'], ['jcervante', '2021-08-10T14:41:38.156792Z'], ['gdawson771', '2021-08-10T15:57:42.150904Z'], ['cy6erninja', '2021-08-10T16:31:14.023057Z'], ['icaroo', '2021-08-10T16:30:17.740902Z'], ['rkr-dev', '2021-08-10T17:50:41.535750Z'], ['mxdui', '2021-08-10T18:19:03.585905Z'], ['bulentbozdag', '2021-08-10T19:33:35.476389Z'], ['jackieyewang', '2021-08-10T19:36:19.798663Z'], ['arnaudatcomet', '2021-08-10T20:31:12.221233Z'], ['voldown', '2021-08-10T20:33:27.994094Z'], ['ysongh', '2021-08-10T20:42:07.369951Z'], ['superheavytoken', '2021-08-10T22:57:04.387362Z'], ['emindu', '2021-08-11T03:08:53.163018Z'], ['hongquanvn1998', '2021-08-11T06:10:17.402639Z'], ['jnditifei', '2021-08-11T10:09:00.885791Z'], ['demoncash08', '2021-08-11T12:24:59.147149Z'], ['hashan89', '2021-08-11T14:24:47.313319Z'], ['yehohanan7', '2021-08-11T15:24:28.191947Z'], ['amrosaeed', '2021-08-11T16:34:23.884407Z'], ['andrewpsp', '2021-08-11T18:37:24.485139Z'], ['crispysandwhich', '2021-08-12T00:16:59.235391Z'], ['donkross360', '2021-08-12T08:10:47.853251Z'], ['panxianhai', '2021-08-12T09:13:27.591102Z'], ['ykoyote', '2021-08-12T12:03:20.809928Z'], ['josemariasosa', '2021-08-12T18:59:26.251994Z'], ['asfman', '2021-08-13T02:00:51.926780Z'], ['cuongtuanvu', '2021-08-13T07:29:56.912026Z'], ['schrubitteflau', '2021-08-13T17:54:21.929568Z'], ['topma', '2021-08-14T02:05:53.179862Z'], ['timfaner', '2021-08-04T13:30:16.543156Z'], ['ppecotot', '2021-08-14T09:34:29.405934Z'], ['erredll', '2021-08-14T12:02:52.480837Z'], ['cultless', '2021-08-14T12:43:46.567015Z'], ['7kms', '2021-08-15T03:55:30.705205Z'], ['flippinroo2', '2021-08-15T11:58:11.468935Z'], ['earthnook', '2021-08-15T12:04:36.054607Z'], ['sharpcx', '2021-08-16T12:56:37Z'], ['tuturu-tech', '2021-08-16T17:43:23.463437Z'], ['leomanza', '2021-08-16T23:46:49.834315Z'], ['okcomputerb', '2021-08-17T07:18:31.614273Z'], ['skinnynoizze', '2021-08-17T09:00:30.341861Z'], ['yexiaozhu05', '2021-08-17T11:21:58.602502Z'], ['vigiliusosloensis', '2021-08-17T21:17:26.146445Z'], ['keheira', '2021-08-18T05:42:09.312472Z'], ['visdauas', '2021-08-18T10:08:39.501219Z'], ['sidduhere', '2021-08-04T14:39:15.039039Z'], ['spaceunicorn-bit', '2021-08-18T23:34:30.260055Z'], ['antonyip', '2021-08-04T14:53:50.592616Z'], ['1m1axx', '2021-08-19T16:38:45.769489Z'], ['siti050687', '2021-08-20T01:31:36.120063Z'], ['deryyy', '2021-08-20T04:12:33.913635Z'], ['dexhunter', '2021-08-21T10:23:29.675382Z'], ['michaelshapkin', '2021-08-22T08:32:02.260370Z'], ['gpgith', '2021-08-22T16:07:01.585710Z'], ['exiv22', '2021-08-22T16:16:09.265442Z'], ['bugieman', '2021-08-22T16:24:59.205744Z'], ['stanojevic-dev', '2021-08-22T17:28:16.567131Z'], ['nasino2', '2021-08-26T08:34:07.193791Z'], ['zacky1886', '2021-08-26T12:22:37.273689Z'], ['cyberdudeninja', '2021-08-27T00:29:45.103838Z'], ['zenithlel', '2021-08-27T13:52:33.093145Z'], ['namex44', '2021-08-27T21:26:18.393051Z'], ['no-huy', '2021-08-28T02:40:02.411103Z'], ['dginza', '2021-08-28T06:59:36.780897Z'], ['learninggeneral', '2021-08-28T09:49:50.643841Z'], ['softwaredevpro', '2021-08-29T06:15:33.568916Z'], ['aryabhat1', '2021-08-29T17:24:11.230875Z']]"
https://gitcoin.co/issue/26209,nervosnetwork,grants,"[['thatguyiknow', '2021-09-04T09:59:24.585402Z'], ['cryptodsyne', '2021-09-06T17:31:18.332842Z'], ['galleluci', '2021-09-02T05:40:17.857808Z'], ['jpeterd', '2021-08-07T01:53:18.528651Z'], ['celoaken', '2021-08-09T17:56:21.430684Z'], ['freriks', '2021-08-11T15:56:41.561744Z'], ['chochinlu', '2021-08-12T06:23:11.350731Z'], ['mosqu1to3zz', '2021-08-16T12:05:08.157849Z'], ['visdauas', '2021-08-18T09:26:48.506008Z'], ['bugieman', '2021-08-22T12:56:06.002729Z'], ['vinhbhn', '2021-08-05T07:46:12.540406Z'], ['xcshuan', '2021-08-05T15:30:39.864060Z'], ['zaidankn', '2021-08-24T18:41:32.223804Z'], ['dragondev1906', '2021-08-05T17:04:47.490290Z'], ['oritwoen', '2021-08-05T19:53:04.409702Z'], ['taurenshaman', '2021-08-06T04:35:12.521602Z'], ['rezahsnz', '2021-08-06T10:24:31.545854Z'], ['icecr34m', '2021-08-06T14:51:52.821829Z'], ['ben-razor', '2021-08-06T18:58:07.124023Z'], ['assafom', '2021-08-07T03:40:27Z'], ['nicky-ru', '2021-08-07T08:17:08.098846Z'], ['7h2x5e', '2021-08-07T14:12:35.887703Z'], ['mindolam', '2021-08-07T20:50:11.785259Z'], ['hg00', '2021-08-07T21:00:38.296040Z'], ['newtrong', '2021-08-08T00:53:32.882187Z'], ['xinbadev', '2021-08-08T11:08:07.422836Z'], ['ronalddas', '2021-08-08T11:45:12.427624Z'], ['gabrycina', '2021-08-08T14:01:30.926682Z'], ['thanphl', '2021-08-08T14:26:30.956675Z'], ['tomlloyd92', '2021-08-08T15:33:11.418224Z'], ['ttnguyendev', '2021-08-08T15:54:21.207265Z'], ['tarique1988', '2021-08-08T16:34:44.370829Z'], ['immodestextant', '2021-08-08T16:53:57.842841Z'], ['guidieudo', '2021-08-08T17:57:40.672210Z'], ['stgllr', '2021-08-08T18:21:08.346390Z'], ['juzkiddin', '2021-08-08T19:00:13.843588Z'], ['mirrormirage0', '2021-08-08T20:23:08.909696Z'], ['galileocap', '2021-08-08T21:17:52.909594Z'], ['raiden1411', '2021-08-08T21:31:23.577624Z'], ['da3dalus88', '2021-08-08T23:19:26.674380Z'], ['scentlxss', '2021-08-09T02:09:16.212370Z'], ['lehoi2195', '2021-08-09T02:26:35.622334Z'], ['phuonghovn', '2021-08-09T03:59:25.273021Z'], ['carmen0208', '2021-08-09T11:08:14.563155Z'], ['shinyhunters', '2021-08-09T13:04:00.148498Z'], ['theyashmhatre', '2021-08-09T13:24:42.284324Z'], ['cito-lito', '2021-08-09T13:41:00.711959Z'], ['stone-rocket', '2021-08-09T16:38:29.745477Z'], ['wangjianyeart', '2021-08-09T16:59:38.269351Z'], ['zzhengzhuo', '2021-08-09T17:00:46.069023Z'], ['eseptiansyah15', '2021-08-23T07:24:46.607244Z'], ['nhaga', '2021-08-09T18:56:40.307516Z'], ['dziobakwszafie', '2021-08-09T19:02:52.339258Z'], ['awaissaeeed', '2021-08-09T19:17:41.298586Z'], ['mashmzc', '2021-08-09T19:30:57.473246Z'], ['postman56', '2021-08-09T19:58:06.410120Z'], ['ulices2', '2021-08-09T22:00:37.994777Z'], ['nabilanam', '2021-08-09T22:12:42.681815Z'], ['amitesh03', '2021-08-09T21:50:35.831045Z'], ['berkayermis', '2021-08-10T00:46:46.510411Z'], ['misty444', '2021-08-10T01:26:37.422775Z'], ['alexfedotovqq', '2021-08-10T02:02:04.517313Z'], ['kumakun0v0', '2021-08-10T04:36:35.487745Z'], ['u2rust', '2021-08-10T05:36:46.553828Z'], ['hoangnd298', '2021-08-10T05:41:16.490694Z'], ['mmcel', '2021-08-10T06:32:32.474776Z'], ['meathewww', '2021-08-10T07:27:13.836852Z'], ['cocdap', '2021-08-10T07:43:01.763065Z'], ['yafiabiyyu', '2021-08-10T09:24:50.851342Z'], ['seanho96', '2021-08-10T09:29:01.061709Z'], ['mxdui', '2021-08-10T16:50:13.543500Z'], ['techmeupnl', '2021-08-10T17:32:35.890700Z'], ['yehohanan7', '2021-08-10T17:51:23.716335Z'], ['demoncash08', '2021-08-11T09:36:26.499749Z'], ['liushooter', '2021-08-12T05:42:28.520776Z'], ['panxianhai', '2021-08-12T08:45:45.039991Z'], ['josemariasosa', '2021-08-12T15:11:35.030601Z'], ['dexhunter', '2021-08-12T16:01:27.887364Z'], ['cuongtuanvu', '2021-08-13T06:07:48.463299Z'], ['schrubitteflau', '2021-08-13T07:17:00.756342Z'], ['erredll', '2021-08-14T10:51:47.499386Z'], ['7kms', '2021-08-15T03:34:25.319465Z'], ['larricane', '2021-08-15T07:11:31.850729Z'], ['okcomputerb', '2021-08-17T02:36:48.233840Z'], ['vigiliusosloensis', '2021-08-17T19:51:23.923513Z'], ['freebot', '2021-08-18T01:54:29.150360Z'], ['keheira', '2021-08-18T05:41:06.157137Z'], ['antonyip', '2021-08-04T14:43:36.567727Z'], ['acereer', '2021-08-20T15:36:04.910245Z'], ['phlyk', '2021-08-20T17:17:28.318300Z'], ['x777', '2021-08-04T16:50:16.425319Z'], ['mecforlove', '2021-08-22T12:52:24.508704Z'], ['amoghavb', '2021-08-22T12:55:28.200226Z'], ['soptq', '2021-08-04T18:51:51.245228Z'], ['rickmort', '2021-08-04T23:44:51.873694Z'], ['sisco0', '2021-08-05T05:34:57.707536Z'], ['agus1224', '2021-08-24T16:34:03.256008Z'], ['venoox', '2021-08-05T16:22:06.979618Z'], ['epsilon-638', '2021-08-05T21:00:59.274222Z'], ['l-kh', '2021-08-05T22:22:09.916827Z'], ['w5pand', '2021-08-06T03:20:18.389507Z'], ['jinusean', '2021-08-06T05:37:53.814577Z'], ['ntabamanzi', '2021-08-25T01:27:11.738076Z'], ['dhruv035', '2021-08-06T12:47:18.653531Z'], ['missgeds', '2021-08-06T21:45:09.420526Z'], ['hsamndo', '2021-08-07T01:56:19.821359Z'], ['rafat', '2021-08-07T02:31:29.336753Z'], ['happylolonly', '2021-08-07T04:41:49.435141Z'], ['edricngo', '2021-08-07T09:58:08.846691Z'], ['orangemio', '2021-08-07T10:51:13.409218Z'], ['xrustx', '2021-08-25T13:02:25.011608Z'], ['ubinix-warun', '2021-08-07T11:32:24.821039Z'], ['ohyeahgogo', '2021-08-07T15:23:57.035261Z'], ['domix14', '2021-08-07T16:10:52.829233Z'], ['anhfactor', '2021-08-08T05:33:03.485291Z'], ['sunguru98', '2021-08-08T08:37:10.182349Z'], ['criusxx', '2021-08-08T11:06:24.814406Z'], ['armujahid', '2021-08-08T11:06:47.991963Z'], ['el-tumero', '2021-08-08T11:16:04.361524Z'], ['ayush20', '2021-08-08T11:32:56.095666Z'], ['pgonday', '2021-08-08T12:36:12.961587Z'], ['rncrypto06', '2021-08-08T13:21:36.883461Z'], ['tech-engine', '2021-08-08T13:46:31.162676Z'], ['tungtobe', '2021-08-08T14:28:10.802560Z'], ['johnalgo', '2021-08-08T14:34:03.105513Z'], ['maxx6262', '2021-08-08T14:38:42.368079Z'], ['stephane303', '2021-08-08T14:40:20.599130Z'], ['andithemudkip', '2021-08-08T15:19:11.731434Z'], ['ircrp', '2021-08-08T16:04:10.197917Z'], ['wahyu1236', '2021-08-23T02:35:10.775100Z'], ['stevenhva', '2021-08-08T16:08:48.564186Z'], ['hodlrtodlrfarmr', '2021-08-08T17:07:58.345870Z'], ['waverune', '2021-08-08T17:36:14.278967Z'], ['bitcoineazy', '2021-08-08T17:52:16.484357Z'], ['schen1', '2021-08-08T19:40:56.444489Z'], ['alizain5693', '2021-08-08T20:18:34.142783Z'], ['cryptowingnut', '2021-08-08T20:31:09.019134Z'], ['maxencealvarez', '2021-08-08T20:55:03.811722Z'], ['orhanors', '2021-08-08T21:59:20.190295Z'], ['drugurares', '2021-08-08T23:03:56.325423Z'], ['luisantoniocrag', '2021-08-09T00:50:09.611352Z'], ['azmora', '2021-08-09T02:02:58.298193Z'], ['ramshreyas', '2021-08-09T03:03:59.503147Z'], ['ndduc-fpt', '2021-08-09T03:16:41.654930Z'], ['francov99', '2021-08-09T03:36:20.977093Z'], ['andermarce', '2021-08-09T03:41:35.461333Z'], ['nomicid', '2021-08-09T04:06:20.026015Z'], ['huutrung', '2021-08-09T04:08:26.597059Z'], ['admud', '2021-08-09T05:40:51.927653Z'], ['sking789', '2021-08-09T05:15:51.541169Z'], ['abrandec', '2021-08-09T05:59:37.885687Z'], ['0xcatgenius', '2021-08-09T06:30:01.281474Z'], ['bcvsv', '2021-08-09T06:49:18.009430Z'], ['lqne', '2021-08-09T06:59:19.467543Z'], ['dex68', '2021-08-09T07:21:39.676941Z'], ['jefferson-pham', '2021-08-09T07:46:07.041465Z'], ['nishuzumi', '2021-08-09T08:12:40.214562Z'], ['linhphamsg', '2021-08-09T08:53:33.556267Z'], ['fabioktldaf', '2021-08-09T09:23:22.916420Z'], ['duylinh196tb', '2021-08-09T09:37:02.640283Z'], ['tharunrai14', '2021-08-09T09:46:35.832167Z'], ['bayou020', '2021-08-09T09:32:49.470228Z'], ['kevinchensr', '2021-08-09T10:13:08.423317Z'], ['niedhui', '2021-08-09T10:14:18.466075Z'], ['alexchun1011', '2021-08-09T10:18:21.138920Z'], ['tatsujoestar', '2021-08-09T10:21:57.114700Z'], ['sabaiprimo', '2021-08-09T10:33:22.660666Z'], ['baoanh1310', '2021-08-09T11:43:57.418462Z'], ['wzor', '2021-08-09T12:27:27.882543Z'], ['caneryy', '2021-08-09T12:33:04.022354Z'], ['sidharthpunathil', '2021-08-09T12:38:01.881434Z'], ['asinghvishen', '2021-08-09T12:39:39.093283Z'], ['tn024687', '2021-08-09T12:48:19.211236Z'], ['stwith', '2021-08-09T13:30:51.343153Z'], ['rzbck', '2021-08-09T13:48:02.371562Z'], ['walkertraylor', '2021-08-09T14:00:13.107183Z'], ['jaeaster', '2021-08-09T13:55:13.831360Z'], ['mrbearp', '2021-08-09T14:10:59.557572Z'], ['preet-aulokh', '2021-08-09T14:16:08.869329Z'], ['knnlrts', '2021-08-09T14:52:43.723490Z'], ['nervos2021', '2021-08-09T14:57:05.664654Z'], ['mistakeone', '2021-08-09T15:08:27.815200Z'], ['miklosbarabas', '2021-08-09T15:51:40.505707Z'], ['carlososuna11', '2021-08-09T15:50:17.752469Z'], ['kidneyweakx', '2021-08-09T16:24:49.719237Z'], ['cesheep', '2021-08-09T16:30:12.071776Z'], ['pfed-prog', '2021-08-09T16:51:25.074727Z'], ['mrjacobsullivan', '2021-08-09T16:40:22.343388Z'], ['long-blade', '2021-08-09T17:11:41.629424Z'], ['selimkafa', '2021-08-09T17:26:52.667267Z'], ['gapro8', '2021-08-09T17:40:51.182585Z'], ['tanishqdsharma', '2021-08-09T17:44:24.659640Z'], ['skyonedot', '2021-08-09T18:17:20.183927Z'], ['ajit766', '2021-08-09T18:31:00.308995Z'], ['zyra-zia', '2021-08-09T18:47:50.400840Z'], ['duylinh298ptit', '2021-08-09T19:01:34.853185Z'], ['elod23', '2021-08-09T19:43:11.247527Z'], ['stefanofa', '2021-08-09T20:55:13.271271Z'], ['luiscrag', '2021-08-09T21:03:59.242985Z'], ['samet1998', '2021-08-09T21:22:02.721109Z'], ['lofravaz', '2021-08-09T21:04:02.960965Z'], ['eduwr', '2021-08-09T21:37:57.697689Z'], ['sgnovo8', '2021-08-09T21:45:52.870045Z'], ['yiniandawn', '2021-08-09T22:19:10.989612Z'], ['sirakberhane', '2021-08-09T23:00:18.401743Z'], ['dorian333', '2021-08-10T00:01:35.783437Z'], ['philippeomalley', '2021-08-10T00:20:13.252692Z'], ['ysongh', '2021-08-10T00:32:17.661724Z'], ['feravasica', '2021-08-10T00:30:56.068823Z'], ['pulth', '2021-08-10T00:43:10.017906Z'], ['reiss-d', '2021-08-10T01:56:51.385080Z'], ['thien-nguyen1308', '2021-08-10T03:19:39.855851Z'], ['quocson95', '2021-08-10T03:24:17.279280Z'], ['andres-andretti', '2021-08-10T03:29:16.373692Z'], ['billkirschner', '2021-08-10T03:34:32.695113Z'], ['locvalucha', '2021-08-10T04:16:54.986197Z'], ['hhuuaa', '2021-08-10T04:35:03.746633Z'], ['huazhouwang', '2021-08-10T04:35:14.044796Z'], ['herzog5', '2021-08-10T04:42:01.911410Z'], ['vivensy', '2021-08-10T05:58:21.488880Z'], ['chaitanyasjoshi', '2021-08-10T06:00:26.061399Z'], ['michsss', '2021-08-10T06:10:02.091780Z'], ['ufrok1', '2021-08-10T06:22:44.054979Z'], ['aliabdullah54', '2021-08-10T06:23:23.315970Z'], ['howinoc', '2021-08-10T06:45:05.998672Z'], ['quanhuynh2007', '2021-08-10T06:35:51.002493Z'], ['elfelf2', '2021-08-10T06:57:34.230194Z'], ['dikky88', '2021-08-10T06:58:25.066460Z'], ['superburst', '2021-08-10T07:14:23.722666Z'], ['cy6erninja', '2021-08-10T07:18:28.137437Z'], ['noelisfirst', '2021-08-10T07:33:05.672161Z'], ['sikure', '2021-08-10T07:44:13.241230Z'], ['sondq', '2021-08-10T07:48:02.069047Z'], ['moonlighter286', '2021-08-10T07:54:44.316454Z'], ['d4rkgh0', '2021-08-10T08:26:20.061917Z'], ['j174in', '2021-08-10T08:31:28.514418Z'], ['thanhnhann', '2021-08-10T08:40:29.836223Z'], ['thanhthai3010', '2021-08-10T08:42:31.839146Z'], ['quocson100', '2021-08-10T09:11:45.515501Z'], ['deepansharya1111', '2021-08-10T08:56:33.101300Z'], ['raghav1997', '2021-08-10T09:58:18.824378Z'], ['kizna1ver', '2021-08-10T10:26:37.327365Z'], ['sunydev', '2021-08-10T10:13:43.965962Z'], ['u1dxpool', '2021-08-10T10:56:11.077075Z'], ['terryboy', '2021-08-10T11:35:23.495963Z'], ['gentlebutapril', '2021-08-10T12:00:29.193255Z'], ['supertrampdeve', '2021-08-10T12:46:37.602047Z'], ['ode233', '2021-08-10T13:05:14.639867Z'], ['fsy412', '2021-08-10T13:19:44.258229Z'], ['rkr-dev', '2021-08-10T13:43:36.491206Z'], ['gdawson771', '2021-08-10T14:22:28.653479Z'], ['fabianosl1', '2021-08-04T12:16:06.491386Z'], ['jcervante', '2021-08-10T14:40:42.231914Z'], ['gaspreth', '2021-08-10T14:42:33.288560Z'], ['icaroo', '2021-08-10T15:13:11.342161Z'], ['hdbhandari', '2021-08-10T16:38:24.846020Z'], ['jnditifei', '2021-08-10T18:22:00.961385Z'], ['bulentbozdag', '2021-08-10T19:11:23.180763Z'], ['jackieyewang', '2021-08-10T19:36:21.910529Z'], ['voldown', '2021-08-10T19:45:50.119161Z'], ['arnaudatcomet', '2021-08-10T19:57:23.827161Z'], ['superheavytoken', '2021-08-10T22:49:26.063550Z'], ['helmihidzir', '2021-08-10T23:04:35.568550Z'], ['emindu', '2021-08-11T02:24:10.127125Z'], ['hongquanvn1998', '2021-08-11T04:25:43.777053Z'], ['destotomas07', '2021-08-11T05:16:46.300706Z'], ['ocean-bee', '2021-08-11T11:00:50.734486Z'], ['christiantpw', '2021-08-11T12:14:47.958757Z'], ['hashan89', '2021-08-11T13:26:37.747508Z'], ['amrosaeed', '2021-08-11T16:02:06.782844Z'], ['mechawrench', '2021-08-11T22:36:27.119460Z'], ['crispysandwhich', '2021-08-11T22:42:04.117899Z'], ['puppetmaster66', '2021-08-12T00:00:05.905843Z'], ['andrewpsp', '2021-08-12T02:36:22.878234Z'], ['ykoyote', '2021-08-12T04:42:23.537419Z'], ['donkross360', '2021-08-12T06:44:16.858821Z'], ['asfman', '2021-08-12T10:24:16.354259Z'], ['playflycode', '2021-08-12T13:01:42.422786Z'], ['food', '2021-08-12T13:38:17.840293Z'], ['timfaner', '2021-08-04T13:18:06.555646Z'], ['gangsterschnitzel', '2021-08-12T15:33:48.380400Z'], ['rynsm4rt', '2021-08-13T05:33:35.896061Z'], ['my-gem', '2021-08-13T10:50:07.548087Z'], ['earthnook', '2021-08-13T17:19:12.036391Z'], ['topma', '2021-08-13T22:24:03.999170Z'], ['deryyy', '2021-08-14T00:56:32.433898Z'], ['ppecotot', '2021-08-14T09:05:29.303946Z'], ['cultless', '2021-08-14T12:00:55.342426Z'], ['flippinroo2', '2021-08-15T11:52:32.597404Z'], ['tuturu-tech', '2021-08-16T17:03:41.446209Z'], ['developer-walnoot', '2021-08-16T19:19:17.793526Z'], ['leomanza', '2021-08-16T22:00:41.001898Z'], ['yexiaozhu05', '2021-08-17T04:50:52.458552Z'], ['skinnynoizze', '2021-08-17T07:50:03.412472Z'], ['jdrxcr', '2021-08-17T09:06:20.634754Z'], ['nargeslein', '2021-08-17T12:01:59.871947Z'], ['spaceunicorn-bit', '2021-08-18T04:07:56.001431Z'], ['sidduhere', '2021-08-04T14:15:19.086717Z'], ['siti050687', '2021-08-19T08:23:20.611819Z'], ['lianghowe', '2021-08-19T13:20:07.578288Z'], ['1m1axx', '2021-08-19T16:45:57.699790Z'], ['theding0x', '2021-08-19T18:17:57.090065Z'], ['thmstrmnd', '2021-08-19T19:22:53.312539Z'], ['luv135', '2021-08-20T15:48:29.330882Z'], ['olugbenga2000', '2021-08-20T19:40:28.158746Z'], ['aalvag', '2021-08-21T03:50:08.792707Z'], ['0xtwoface', '2021-08-21T16:00:26.018312Z'], ['michaelshapkin', '2021-08-21T20:07:01.982357Z'], ['gpgith', '2021-08-22T14:36:24.112518Z'], ['exiv22', '2021-08-22T15:25:01.124551Z'], ['stanojevic-dev', '2021-08-22T16:54:33.836608Z'], ['dginza', '2021-08-26T05:42:04.864662Z'], ['nasino2', '2021-08-26T08:17:09.134839Z'], ['zacky1886', '2021-08-26T12:03:01.568701Z'], ['sharpcx', '2021-08-16T12:32:16Z'], ['cyberdudeninja', '2021-08-26T23:57:48.822434Z'], ['zenithlel', '2021-08-27T12:29:38.336165Z'], ['namex44', '2021-08-27T21:05:21.656172Z'], ['no-huy', '2021-08-28T02:03:20.043389Z'], ['softwaredevpro', '2021-08-28T05:36:56.232064Z'], ['learninggeneral', '2021-08-28T07:16:43.954062Z'], ['frankhouston', '2021-08-29T11:57:09.912733Z'], ['trungng1992', '2021-08-29T11:58:02.991141Z'], ['aryabhat1', '2021-08-29T12:38:15.225359Z']]"
https://gitcoin.co/issue/26208,nervosnetwork,grants,"[['galleluci', '2021-09-01T06:22:05.388622Z'], ['thatguyiknow', '2021-09-04T09:30:13.132149Z'], ['cryptodsyne', '2021-09-06T16:44:54.971676Z'], ['hodlrtodlrfarmr', '2021-08-08T16:34:56.326803Z'], ['elod23', '2021-08-09T06:50:21.476083Z'], ['clmerden', '2021-08-09T12:48:41.508026Z'], ['superburst', '2021-08-10T01:55:25.679579Z'], ['wugong68', '2021-08-10T07:05:37.877940Z'], ['piresg', '2021-08-11T15:01:21.748258Z'], ['phlyk', '2021-08-20T17:16:00.867727Z'], ['dragondev1906', '2021-08-04T20:37:21.450163Z'], ['hexmanshu', '2021-08-04T20:40:44.219692Z'], ['rickmort', '2021-08-04T23:00:09.961977Z'], ['ksd015-cyb', '2021-08-05T01:45:49.617304Z'], ['zaidankn', '2021-08-24T17:21:40.684464Z'], ['l-kh', '2021-08-05T17:28:42.389323Z'], ['dhruv035', '2021-08-06T08:35:50.437299Z'], ['happylolonly', '2021-08-06T14:59:36.233983Z'], ['jpeterd', '2021-08-07T00:35:26.457849Z'], ['hsamndo', '2021-08-07T01:34:54.086513Z'], ['assafom', '2021-08-07T02:20:35Z'], ['7h2x5e', '2021-08-07T06:48:33.779762Z'], ['xrustx', '2021-08-25T12:50:21.345856Z'], ['domix14', '2021-08-07T14:43:43.446652Z'], ['mindolam', '2021-08-07T19:55:20.758064Z'], ['sunguru98', '2021-08-08T08:07:46.667255Z'], ['rncrypto06', '2021-08-08T10:23:03.515651Z'], ['tech-engine', '2021-08-08T13:18:56.891546Z'], ['tomlloyd92', '2021-08-08T13:28:58.151850Z'], ['maxencealvarez', '2021-08-08T13:59:20.225094Z'], ['stephane303', '2021-08-08T14:10:18.909119Z'], ['tungtobe', '2021-08-08T14:03:51.508390Z'], ['wahyu1236', '2021-08-23T02:25:47.725293Z'], ['waverune', '2021-08-08T15:56:12.160988Z'], ['cryptowingnut', '2021-08-08T16:24:26.617021Z'], ['bitcoineazy', '2021-08-08T16:27:51.592510Z'], ['dex68', '2021-08-08T16:55:24.073131Z'], ['guidieudo', '2021-08-08T17:56:33.355890Z'], ['lehoi2195', '2021-08-08T18:04:12.671191Z'], ['bcvsv', '2021-08-08T19:22:24.581197Z'], ['jonil85', '2021-08-08T22:08:57.522632Z'], ['drugurares', '2021-08-08T22:24:40.667192Z'], ['cesheep', '2021-08-08T23:52:44.209258Z'], ['ngocanhth', '2021-08-09T00:20:45.531962Z'], ['feravasica', '2021-08-09T01:15:16.342029Z'], ['scentlxss', '2021-08-09T01:54:28.192993Z'], ['ramshreyas', '2021-08-09T01:58:41.120047Z'], ['stoneyv', '2021-08-09T02:39:13.790888Z'], ['ndduc-fpt', '2021-08-09T02:56:26.799762Z'], ['francov99', '2021-08-09T02:58:42.122984Z'], ['huutrung', '2021-08-09T02:59:34.760950Z'], ['andermarce', '2021-08-09T03:11:16.710891Z'], ['nomicid', '2021-08-09T03:55:33.896513Z'], ['0xcatgenius', '2021-08-09T04:48:22.174822Z'], ['gapro8', '2021-08-09T07:47:10.225969Z'], ['raghav1997', '2021-08-09T08:29:34.299957Z'], ['awaissaeeed', '2021-08-09T09:09:28.493127Z'], ['baoanh1310', '2021-08-09T11:13:42.428628Z'], ['mistakeone', '2021-08-09T11:14:44.992558Z'], ['stwith', '2021-08-09T13:22:48.397766Z'], ['amitesh03', '2021-08-09T14:20:05.654030Z'], ['samet1998', '2021-08-09T14:48:44.474638Z'], ['mrjacobsullivan', '2021-08-09T16:02:42.546733Z'], ['sikure', '2021-08-09T16:26:54.582362Z'], ['agus1224', '2021-08-23T04:21:58.557576Z'], ['parley1991', '2021-08-09T17:30:37.686828Z'], ['dziobakwszafie', '2021-08-09T17:51:01.725966Z'], ['helixo1', '2021-08-09T17:58:40.310834Z'], ['chaitanyasjoshi', '2021-08-09T18:04:01.576281Z'], ['paraeagle1989', '2021-08-09T18:19:34.635369Z'], ['skyonedot', '2021-08-09T17:44:32.458801Z'], ['leon-africa', '2021-08-09T19:01:49.438645Z'], ['gilfrog21', '2021-08-09T19:06:46.494240Z'], ['rhenushail', '2021-08-09T19:27:00.319560Z'], ['yiniandawn', '2021-08-09T21:34:16.358965Z'], ['spiceydev', '2021-08-09T22:30:15.289286Z'], ['topma', '2021-08-09T22:54:48.981822Z'], ['berkayermis', '2021-08-09T23:53:17.478545Z'], ['pulth', '2021-08-10T00:03:30.236700Z'], ['alexfedotovqq', '2021-08-10T01:33:41.093409Z'], ['elfelf2', '2021-08-10T01:56:20.714720Z'], ['hongquanvn1998', '2021-08-10T02:19:56.711310Z'], ['meathewww', '2021-08-10T02:05:47.627615Z'], ['locvalucha', '2021-08-10T03:37:47.633021Z'], ['vivensy', '2021-08-10T05:05:55.035908Z'], ['deepansharya1111', '2021-08-10T05:09:23.817933Z'], ['ass77', '2021-08-10T07:45:55.358159Z'], ['d4rkgh0', '2021-08-10T07:47:29.626467Z'], ['thanhthai3010', '2021-08-10T08:22:55.590139Z'], ['seanho96', '2021-08-10T09:02:07.639939Z'], ['timfaner', '2021-08-04T09:38:45Z'], ['donkross360', '2021-08-10T09:56:03.741299Z'], ['gentlebutapril', '2021-08-10T10:57:25.538492Z'], ['u1dxpool', '2021-08-10T10:55:46.779269Z'], ['supertrampdeve', '2021-08-10T12:42:21.333162Z'], ['ode233', '2021-08-10T12:51:03.259434Z'], ['andrewpsp', '2021-08-11T06:48:13.575618Z'], ['deryyy', '2021-08-12T05:37:22.564314Z'], ['gangsterschnitzel', '2021-08-12T14:24:50.420098Z'], ['schrubitteflau', '2021-08-12T22:41:27.040208Z'], ['erredll', '2021-08-12T23:51:31.323369Z'], ['rynsm4rt', '2021-08-13T03:53:40.822939Z'], ['amalnathsathyan', '2021-08-13T06:09:20.996211Z'], ['mosquida', '2021-08-13T06:52:40.027935Z'], ['7kms', '2021-08-15T02:17:35.933116Z'], ['tuturu-tech', '2021-08-15T11:28:28.703972Z'], ['ralphilius', '2021-08-16T09:54:35.934351Z'], ['sidduhere', '2021-08-04T13:43:10.367335Z'], ['visdauas', '2021-08-17T20:27:35.756972Z'], ['spaceunicorn-bit', '2021-08-17T23:12:15.707141Z'], ['freebot', '2021-08-17T23:39:41.744684Z'], ['yaiba', '2021-08-19T14:33:14.360904Z'], ['venoox', '2021-08-04T15:06:59.639235Z'], ['x777', '2021-08-04T15:35:26.551257Z'], ['frankhouston', '2021-08-20T13:59:23.421608Z'], ['luv135', '2021-08-20T15:09:31.929323Z'], ['jrperezjr', '2021-08-20T15:42:32.077638Z'], ['amoghavb', '2021-08-22T11:52:12.554918Z'], ['tanishqdsharma', '2021-08-07T10:50:12.772380Z'], ['sisco0', '2021-08-05T05:10:05.319362Z'], ['w5pand', '2021-08-05T05:26:08.706054Z'], ['vinhbhn', '2021-08-05T05:28:13.195516Z'], ['xcshuan', '2021-08-05T15:09:20.722246Z'], ['epsilon-638', '2021-08-05T19:58:59.985607Z'], ['ntabamanzi', '2021-08-24T23:07:52.601044Z'], ['taurenshaman', '2021-08-06T02:18:02.402857Z'], ['jinusean', '2021-08-06T04:53:28.580367Z'], ['rezahsnz', '2021-08-06T08:06:59.802888Z'], ['ljshwyykl', '2021-08-06T08:20:30.744308Z'], ['rafat', '2021-08-06T12:18:25.932033Z'], ['icecr34m', '2021-08-06T12:33:07.845442Z'], ['ben-razor', '2021-08-06T14:33:34.683004Z'], ['caneryy', '2021-08-06T17:10:05.509751Z'], ['imalfect', '2021-08-06T17:56:39.081468Z'], ['missgeds', '2021-08-06T20:16:32.993870Z'], ['nicky-ru', '2021-08-07T06:00:22.500253Z'], ['edricngo', '2021-08-07T06:28:42.509025Z'], ['pranshurastogi', '2021-08-07T07:51:21.209245Z'], ['tn024687', '2021-08-07T09:52:57.803114Z'], ['criusxx', '2021-08-07T10:14:58.569910Z'], ['orangemio', '2021-08-07T10:38:22.714524Z'], ['ubinix-warun', '2021-08-07T11:11:14.299361Z'], ['ohyeahgogo', '2021-08-07T12:11:26.342956Z'], ['hg00', '2021-08-07T19:46:04.237545Z'], ['stgllr', '2021-08-07T21:04:05.742469Z'], ['newtrong', '2021-08-08T00:42:46.492011Z'], ['sandrogomes94', '2021-08-08T02:11:53.376327Z'], ['anhfactor', '2021-08-08T03:49:56.755346Z'], ['z330789559', '2021-08-08T05:37:11.895295Z'], ['pgonday', '2021-08-08T10:06:33.777769Z'], ['el-tumero', '2021-08-08T10:27:36.751682Z'], ['armujahid', '2021-08-08T10:30:32.417936Z'], ['ayush20', '2021-08-08T10:58:34.098934Z'], ['ronalddas', '2021-08-08T11:25:08.432823Z'], ['ttnguyendev', '2021-08-08T11:06:37.073130Z'], ['gabrycina', '2021-08-08T11:27:18.341520Z'], ['xinbadev', '2021-08-08T11:06:45.595796Z'], ['maxx6262', '2021-08-08T12:38:45.745681Z'], ['rzbck', '2021-08-08T13:59:54.199669Z'], ['stevenhva', '2021-08-08T14:08:13.059492Z'], ['thanphl', '2021-08-08T14:03:11.040039Z'], ['ircrp', '2021-08-08T14:32:09.091602Z'], ['johnalgo', '2021-08-08T14:32:51.988773Z'], ['andithemudkip', '2021-08-08T14:35:41.196684Z'], ['techmeupnl', '2021-08-08T14:51:41.627250Z'], ['admud', '2021-08-08T14:53:50.482151Z'], ['paradiselab', '2021-08-08T16:12:00.195707Z'], ['tarique1988', '2021-08-08T16:14:22.653205Z'], ['immodestextant', '2021-08-08T16:23:33.119959Z'], ['juzkiddin', '2021-08-08T17:41:34.291481Z'], ['himself65', '2021-08-08T17:41:42.600644Z'], ['miklosbarabas', '2021-08-08T18:45:31.762742Z'], ['vschepilo', '2021-08-08T19:02:36.109020Z'], ['raiden1411', '2021-08-08T19:04:42.762887Z'], ['schen1', '2021-08-08T19:11:51.481154Z'], ['alizain5693', '2021-08-08T19:20:02.279198Z'], ['mirrormirage0', '2021-08-08T19:38:17.539343Z'], ['jefferson-pham', '2021-08-08T19:24:11.233358Z'], ['fabioktldaf', '2021-08-08T20:53:20.065392Z'], ['luisantoniocrag', '2021-08-08T20:58:12.043767Z'], ['chakibhi', '2021-08-08T21:05:46.429774Z'], ['galileocap', '2021-08-08T21:03:55.683279Z'], ['orhanors', '2021-08-08T21:45:36.772929Z'], ['da3dalus88', '2021-08-08T21:57:26.023926Z'], ['walkertraylor', '2021-08-08T23:10:34.561531Z'], ['paulfranco', '2021-08-23T02:36:20.226482Z'], ['theyashmhatre', '2021-08-09T00:56:19.580741Z'], ['zachstecko', '2021-08-09T00:57:15.075842Z'], ['azmora', '2021-08-09T01:05:43.389161Z'], ['phuonghovn', '2021-08-09T03:26:01.444631Z'], ['nervos2021', '2021-08-09T04:24:38.268142Z'], ['lqne', '2021-08-09T04:36:26.859177Z'], ['carlososuna11', '2021-08-09T04:25:04.891059Z'], ['sking789', '2021-08-09T05:09:22.887318Z'], ['abrandec', '2021-08-09T05:15:26.365936Z'], ['sii0', '2021-08-09T05:35:44.438074Z'], ['nishuzumi', '2021-08-09T07:51:36.384733Z'], ['kevinchensr', '2021-08-09T07:58:39.312411Z'], ['wzor', '2021-08-09T07:59:41.404936Z'], ['linhphamsg', '2021-08-09T08:08:24.612334Z'], ['tharunrai14', '2021-08-09T08:38:50.116895Z'], ['asinghvishen', '2021-08-09T08:40:29.739232Z'], ['niedhui', '2021-08-09T08:47:34.103503Z'], ['bayou020', '2021-08-09T08:59:22.098955Z'], ['billkirschner', '2021-08-09T09:02:36.162064Z'], ['duylinh196tb', '2021-08-09T09:24:25.327973Z'], ['sabaiprimo', '2021-08-09T09:40:56.678031Z'], ['tatsujoestar', '2021-08-09T09:42:39.470660Z'], ['nqmtri86', '2021-08-09T10:26:15.996142Z'], ['alexchun1011', '2021-08-09T10:14:25.557593Z'], ['preet-aulokh', '2021-08-09T10:30:50.634878Z'], ['carmen0208', '2021-08-09T10:56:48.830258Z'], ['mashmzc', '2021-08-09T11:47:41.866120Z'], ['sidharthpunathil', '2021-08-09T12:00:33.660151Z'], ['knnlrts', '2021-08-09T12:37:33.685711Z'], ['shinyhunters', '2021-08-09T12:33:07.400345Z'], ['cito-lito', '2021-08-09T12:48:58.754179Z'], ['jaeaster', '2021-08-09T12:56:52.152761Z'], ['mrbearp', '2021-08-09T13:18:08.799377Z'], ['cyberfifteen', '2021-08-09T14:14:40.357473Z'], ['cy6erninja', '2021-08-09T14:32:42.989626Z'], ['noelisfirst', '2021-08-09T15:28:39.808677Z'], ['kidneyweakx', '2021-08-09T15:38:56.010047Z'], ['hhuuaa', '2021-08-09T15:48:02.715998Z'], ['pfed-prog', '2021-08-09T15:53:26.926665Z'], ['sunydev', '2021-08-09T15:39:32.942442Z'], ['long-blade', '2021-08-09T15:52:24.149922Z'], ['dikky88', '2021-08-09T16:01:14.859611Z'], ['stone-rocket', '2021-08-09T16:02:39.817531Z'], ['zzhengzhuo', '2021-08-09T16:21:00.427833Z'], ['moonlighter286', '2021-08-09T16:46:50.529638Z'], ['thien-nguyen1308', '2021-08-09T16:55:12.064380Z'], ['yehohanan7', '2021-08-09T17:08:01.434299Z'], ['wangjianyeart', '2021-08-09T17:01:34.293248Z'], ['celoaken', '2021-08-09T17:06:30.317026Z'], ['ajit766', '2021-08-09T17:07:43.935178Z'], ['huazhouwang', '2021-08-09T17:17:27.751756Z'], ['selimkafa', '2021-08-09T17:22:03.063144Z'], ['phuc-obama', '2021-08-09T17:22:03.124887Z'], ['klaxxon6', '2021-08-09T17:12:05.131049Z'], ['haotang12', '2021-08-09T17:39:48.337076Z'], ['sirakberhane', '2021-08-09T17:42:46.291036Z'], ['zyra-zia', '2021-08-09T18:31:17.778321Z'], ['nhaga', '2021-08-09T18:36:21.983821Z'], ['pnp1712', '2021-08-09T18:40:18.489995Z'], ['zach-cook', '2021-08-09T18:45:10.882690Z'], ['postman56', '2021-08-09T18:52:08.411177Z'], ['duylinh298ptit', '2021-08-09T18:55:05.643702Z'], ['sgnovo8', '2021-08-09T19:03:53.921614Z'], ['thanhnhann', '2021-08-09T19:45:47.748280Z'], ['luiscrag', '2021-08-09T20:16:15.292657Z'], ['lofravaz', '2021-08-09T20:32:11.708929Z'], ['stefanofa', '2021-08-09T20:36:59.917631Z'], ['eduwr', '2021-08-09T20:53:22.571462Z'], ['nabilanam', '2021-08-09T21:25:40.830560Z'], ['ulices2', '2021-08-09T21:44:17.886037Z'], ['philippeomalley', '2021-08-09T22:05:40.358058Z'], ['ysongh', '2021-08-09T23:04:56.900489Z'], ['andres-andretti', '2021-08-09T23:37:29.042635Z'], ['dorian333', '2021-08-09T23:50:53.050616Z'], ['mxdui', '2021-08-10T00:03:15.900782Z'], ['imabdullahjan', '2021-08-09T23:06:06.777770Z'], ['misty444', '2021-08-10T01:16:25.464228Z'], ['reiss-d', '2021-08-10T01:26:39.919966Z'], ['karyabina23', '2021-08-10T02:48:51.670360Z'], ['quocson95', '2021-08-10T03:06:34.316754Z'], ['kumakun0v0', '2021-08-10T03:08:12.986961Z'], ['herzog5', '2021-08-10T04:26:54.317066Z'], ['u2rust', '2021-08-10T04:28:03.007513Z'], ['cocdap', '2021-08-10T04:35:20.167406Z'], ['ufrok1', '2021-08-10T04:50:33.170319Z'], ['mmcel', '2021-08-10T04:53:46.911117Z'], ['quanhuynh2007', '2021-08-10T04:54:20.888874Z'], ['howinoc', '2021-08-10T04:56:51.734827Z'], ['aliabdullah54', '2021-08-10T05:00:47.926990Z'], ['j174in', '2021-08-10T05:37:00.765633Z'], ['hoangnd298', '2021-08-10T05:40:26.535713Z'], ['michsss', '2021-08-10T05:58:47.620722Z'], ['ty1b', '2021-08-10T06:57:29.205929Z'], ['sondq', '2021-08-10T07:29:13.748213Z'], ['kizna1ver', '2021-08-10T08:35:50.897963Z'], ['fsy412', '2021-08-10T08:15:01.717239Z'], ['joshien', '2021-08-10T08:56:15.319206Z'], ['quocson100', '2021-08-10T09:07:51.769578Z'], ['ptisserand', '2021-08-10T09:12:42.043962Z'], ['kenyatta666', '2021-08-10T09:12:56.445311Z'], ['yafiabiyyu', '2021-08-10T09:14:32.216173Z'], ['m-sekhon', '2021-08-10T09:53:04.761285Z'], ['gdawson771', '2021-08-10T11:12:29.571513Z'], ['clppvn', '2021-08-10T11:25:07.009668Z'], ['rkr-dev', '2021-08-10T11:32:36.747481Z'], ['terryboy', '2021-08-10T11:32:49.737935Z'], ['destotomas07', '2021-08-10T13:26:51.041091Z'], ['rodrig7', '2021-08-10T13:08:32.709334Z'], ['fabianosl1', '2021-08-04T12:08:34.554160Z'], ['hashan89', '2021-08-10T14:04:06.761239Z'], ['icaroo', '2021-08-10T14:15:14.289440Z'], ['bulentbozdag', '2021-08-10T14:28:34.257558Z'], ['jcervante', '2021-08-10T14:38:25.794108Z'], ['gaspreth', '2021-08-10T14:41:26.113312Z'], ['bruceyangman', '2021-08-10T14:57:30.704779Z'], ['hsouf', '2021-08-10T15:03:13.717584Z'], ['hdbhandari', '2021-08-10T15:22:44.049290Z'], ['jnditifei', '2021-08-10T16:32:59.482959Z'], ['voldown', '2021-08-10T18:15:17.052185Z'], ['arnaudatcomet', '2021-08-10T18:36:07.046982Z'], ['jackieyewang', '2021-08-10T19:37:10.442900Z'], ['elliot0x3', '2021-08-10T20:16:32.662620Z'], ['helmihidzir', '2021-08-10T20:48:21.363951Z'], ['superheavytoken', '2021-08-10T22:38:03.034269Z'], ['emindu', '2021-08-11T01:51:28.784942Z'], ['christiantpw', '2021-08-11T04:40:36.271114Z'], ['demoncash08', '2021-08-11T09:02:59.925600Z'], ['ocean-bee', '2021-08-11T10:32:23.669242Z'], ['liushooter', '2021-08-11T12:32:23.811811Z'], ['amrosaeed', '2021-08-11T15:22:53.756083Z'], ['puppetmaster66', '2021-08-11T15:31:54.663019Z'], ['freriks', '2021-08-11T15:51:39.373547Z'], ['betosmith2000', '2021-08-11T17:31:16.914877Z'], ['alegatto', '2021-08-11T17:35:15.329237Z'], ['crispysandwhich', '2021-08-11T21:30:04.905081Z'], ['mechawrench', '2021-08-11T22:12:20.442268Z'], ['food', '2021-08-11T22:17:36.232567Z'], ['josemariasosa', '2021-08-12T00:20:50.025089Z'], ['chochinlu', '2021-08-12T02:52:53.246963Z'], ['ykoyote', '2021-08-12T04:06:19.340816Z'], ['panxianhai', '2021-08-12T07:45:49.024073Z'], ['cuongtuanvu', '2021-08-12T07:51:49.553493Z'], ['asfman', '2021-08-12T07:56:24.340057Z'], ['dexhunter', '2021-08-12T09:35:41.623538Z'], ['playflycode', '2021-08-12T12:28:26.664761Z'], ['rsercano', '2021-08-04T13:09:22.413645Z'], ['jdrxcr', '2021-08-12T18:19:18.062932Z'], ['my-gem', '2021-08-13T09:30:09.010905Z'], ['cultless', '2021-08-13T12:56:05.269137Z'], ['earthnook', '2021-08-13T15:29:32.609048Z'], ['flippinroo2', '2021-08-14T00:42:48.118280Z'], ['ppecotot', '2021-08-14T06:02:57.515450Z'], ['elmarchk0', '2021-08-15T04:14:12.335609Z'], ['keheira', '2021-08-15T06:01:43.742899Z'], ['larricane', '2021-08-15T06:46:25.417124Z'], ['okcomputerb', '2021-08-16T01:10:14.610646Z'], ['mosqu1to3zz', '2021-08-16T10:44:39.792146Z'], ['yexiaozhu05', '2021-08-16T13:44:32.303290Z'], ['developer-walnoot', '2021-08-16T18:30:54.172445Z'], ['leomanza', '2021-08-16T21:20:28.730314Z'], ['madanyc', '2021-08-17T06:35:09.660084Z'], ['skinnynoizze', '2021-08-17T07:11:10.681789Z'], ['nargeslein', '2021-08-17T09:15:52.606701Z'], ['olugbenga2000', '2021-08-17T16:54:58.458942Z'], ['vigiliusosloensis', '2021-08-17T18:20:30.127308Z'], ['oritwoen', '2021-08-04T14:11:10.672210Z'], ['thmstrmnd', '2021-08-18T14:54:15.590721Z'], ['antonyip', '2021-08-04T14:21:58.821456Z'], ['siti050687', '2021-08-19T07:51:20.612942Z'], ['lianghowe', '2021-08-19T13:16:09.337804Z'], ['theding0x', '2021-08-19T15:02:52.949705Z'], ['1m1axx', '2021-08-19T16:33:55.741147Z'], ['acereer', '2021-08-20T15:30:50.918385Z'], ['aalvag', '2021-08-21T01:17:56.646351Z'], ['mecforlove', '2021-08-21T10:34:37.065601Z'], ['michaelshapkin', '2021-08-21T14:55:34.421443Z'], ['0xtwoface', '2021-08-21T15:58:10.165659Z'], ['gpgith', '2021-08-21T21:07:54.361121Z'], ['deltajavelina21', '2021-08-21T22:23:49.047557Z'], ['bugieman', '2021-08-22T02:22:26.336047Z'], ['exiv22', '2021-08-22T11:51:01.753616Z'], ['stanojevic-dev', '2021-08-22T16:19:12.038088Z'], ['eseptiansyah15', '2021-08-22T19:34:01.425895Z'], ['soptq', '2021-08-04T18:39:22.964351Z'], ['dginza', '2021-08-25T20:40:37.009695Z'], ['cyberdudeninja', '2021-08-26T05:55:38.932870Z'], ['nasino2', '2021-08-26T08:03:15.304818Z'], ['zacky1886', '2021-08-26T11:13:52.678389Z'], ['zenithlel', '2021-08-26T17:51:55.781136Z'], ['sharpcx', '2021-08-16T11:48:59Z'], ['softwaredevpro', '2021-08-27T00:37:40.919890Z'], ['bojes23', '2021-08-27T01:25:11.218595Z'], ['no-huy', '2021-08-26T23:58:28.902653Z'], ['namex44', '2021-08-27T20:37:10.087543Z'], ['aryabhat1', '2021-08-27T20:55:12.588471Z'], ['learninggeneral', '2021-08-28T03:42:42.235317Z'], ['trungng1992', '2021-08-29T11:24:21.537014Z'], ['omarking05', '2021-08-29T12:49:10.963953Z'], ['niore', '2021-08-29T15:03:40.082291Z']]"
https://gitcoin.co/issue/26195,Badger-Finance,badger-system,"[['hattyot', '2021-08-04T20:32:51.402239Z'], ['soptq', '2021-08-09T15:07:50.475098Z']]"
https://gitcoin.co/issue/26193,algorandfoundation,grow-algorand,"[['scholtz', '2021-09-05T13:43:01.824887Z'], ['dragondev1906', '2021-08-03T13:43:33.177822Z'], ['meutz12', '2021-08-02T16:57:02.264073Z'], ['johnmgrimm', '2021-08-08T23:56:11.949039Z'], ['theosch', '2021-08-07T05:44:47.343034Z'], ['x24xc', '2021-08-03T14:06:38.267875Z']]"
https://gitcoin.co/issue/26188,web3swift-team,web3swift,"[['sche', '2021-08-20T10:57:37.592562Z']]"
https://gitcoin.co/issue/26182,algorandfoundation,grow-algorand,"[['ipaleka', '2021-09-07T08:20:28.421320Z'], ['crypblockcode', '2021-10-04T17:06:56.665404Z'], ['gidonkatten', '2021-09-12T23:06:08.330754Z'], ['gmcgoldr', '2021-12-13T19:27:18.159601Z'], ['juweber99', '2021-10-22T17:12:41.150102Z'], ['damees', '2021-11-22T19:49:46.992261Z'], ['bobsub218', '2021-11-28T16:13:41.033300Z'], ['rssalessio', '2021-12-04T14:09:54.148176Z'], ['santiagogregory', '2022-02-07T04:40:09.412713Z'], ['pfed-prog', '2022-07-01T18:31:55.818814Z'], ['oluwatunmise-olat', '2022-03-31T18:11:10.195700Z'], ['damianb-bitflipper', '2021-08-03T19:40:11.335152Z']]"
https://gitcoin.co/issue/26176,nervosnetwork,grants,"[['cryptodsyne', '2021-08-31T19:33:50.784245Z'], ['thatguyiknow', '2021-09-04T08:38:53.182369Z'], ['emanuelceballos', '2021-08-31T15:29:24.690701Z'], ['ntabamanzi', '2021-08-24T14:09:21.597741Z'], ['ohyeahgogo', '2021-08-07T10:52:28.046868Z'], ['patrickbrouwer', '2021-08-08T09:57:08.377285Z'], ['bayou020', '2021-08-08T16:10:19.411129Z'], ['arnaudatcomet', '2021-08-09T14:47:22.956463Z'], ['piresg', '2021-08-09T17:14:30.281804Z'], ['reiss-d', '2021-08-10T00:29:38.952788Z'], ['cultless', '2021-08-11T06:19:50.815358Z'], ['luisantoniocrag', '2021-08-04T20:04:50.483771Z'], ['vinhbhn', '2021-08-05T02:55:06.945062Z'], ['terryboy', '2021-08-05T07:58:43.711572Z'], ['taurenshaman', '2021-08-05T11:34:58.603143Z'], ['tomlloyd92', '2021-08-05T16:59:02.422517Z'], ['nicky-ru', '2021-08-05T17:24:10.465792Z'], ['epsilon-638', '2021-08-05T17:36:07.294041Z'], ['icecr34m', '2021-08-06T03:28:49.368939Z'], ['assafom', '2021-08-06T15:35:16Z'], ['caneryy', '2021-08-06T16:04:04.517210Z'], ['happylolonly', '2021-08-07T04:26:27.225045Z'], ['raghav1997', '2021-08-07T08:11:24.511801Z'], ['tn024687', '2021-08-07T08:37:42.887249Z'], ['anhfactor', '2021-08-07T09:11:28.466788Z'], ['domix14', '2021-08-07T13:11:41.497783Z'], ['kykim-gh', '2021-08-08T01:27:46.423456Z'], ['cwf96991', '2021-08-08T06:11:03.253017Z'], ['armujahid', '2021-08-08T08:21:47.775204Z'], ['el-tumero', '2021-08-08T09:05:32.206313Z'], ['gabrycina', '2021-08-08T10:19:14.514039Z'], ['rzbck', '2021-08-08T11:19:30.841527Z'], ['orhanors', '2021-08-08T11:39:20.700565Z'], ['thanphl', '2021-08-08T11:39:36.865263Z'], ['tungtobe', '2021-08-08T12:07:19.125205Z'], ['sii0', '2021-08-08T12:22:51.020415Z'], ['ircrp', '2021-08-08T12:30:20.741908Z'], ['mahendran216', '2021-08-08T12:35:22.453593Z'], ['juzkiddin', '2021-08-08T12:45:36.111707Z'], ['maxencealvarez', '2021-08-08T12:47:30.329429Z'], ['tarique1988', '2021-08-08T12:48:14.563762Z'], ['linhphamsg', '2021-08-08T13:11:32.973524Z'], ['khoi', '2021-08-08T13:14:02.942707Z'], ['ramshreyas', '2021-08-08T13:22:27.756049Z'], ['nikidze', '2021-08-08T13:27:55.421393Z'], ['admud', '2021-08-08T14:00:13.521368Z'], ['long-blade', '2021-08-08T14:02:41.952207Z'], ['elm3nt0r', '2021-08-08T14:18:37.378801Z'], ['johnalgo', '2021-08-08T14:31:05.218913Z'], ['aaronml10', '2021-08-08T15:07:21.222425Z'], ['immodestextant', '2021-08-08T15:47:53.811519Z'], ['cryptowingnut', '2021-08-08T15:54:55.300758Z'], ['miklosbarabas', '2021-08-08T16:39:47.714489Z'], ['dtdanh03', '2021-08-08T16:50:32.664586Z'], ['chakibhi', '2021-08-08T16:23:44.833930Z'], ['gapro8', '2021-08-08T17:19:30.495982Z'], ['fabioktldaf', '2021-08-08T17:51:58.271665Z'], ['raiden1411', '2021-08-08T17:50:39.268543Z'], ['gaspreth', '2021-08-08T18:07:01.509089Z'], ['bcvsv', '2021-08-08T18:11:14.120049Z'], ['jester91', '2021-08-08T18:58:29.427220Z'], ['drugurares', '2021-08-08T19:31:41.697675Z'], ['francov99', '2021-08-08T21:11:52.196107Z'], ['ajit766', '2021-08-08T21:40:06.067762Z'], ['knnlrts', '2021-08-08T22:07:57.733356Z'], ['cesheep', '2021-08-08T22:11:41.367107Z'], ['bitcoineazy', '2021-08-08T22:13:24.295493Z'], ['svserden', '2021-08-08T22:47:37.824855Z'], ['dziobakwszafie', '2021-08-08T23:26:05.525471Z'], ['theyashmhatre', '2021-08-08T23:33:40.631691Z'], ['lqne', '2021-08-09T01:12:01.371116Z'], ['andermarce', '2021-08-09T01:46:40.419241Z'], ['leechunhao2000', '2021-08-09T01:58:19.807176Z'], ['danielekeroth', '2021-08-09T02:40:29.189196Z'], ['night-mar3', '2021-08-09T06:49:09.706574Z'], ['preet-aulokh', '2021-08-09T07:12:24.683065Z'], ['billkirschner', '2021-08-09T07:18:46.220729Z'], ['tudinh29', '2021-08-09T08:32:06.430088Z'], ['cocdap', '2021-08-09T08:43:58.421078Z'], ['micfenne', '2021-08-09T11:00:54.077637Z'], ['baoanh1310', '2021-08-09T11:12:05.289332Z'], ['shinyhunters', '2021-08-09T11:37:53.555612Z'], ['chibihate', '2021-08-09T12:57:41.232026Z'], ['cicekerdn', '2021-08-09T13:16:53.562488Z'], ['d4rkgh0', '2021-08-09T13:39:17.802645Z'], ['thanhnhann', '2021-08-09T13:32:03.476150Z'], ['leon-africa', '2021-08-09T14:23:04.364531Z'], ['stone-rocket', '2021-08-09T14:51:19.168329Z'], ['hashan89', '2021-08-09T14:52:21.967041Z'], ['topma', '2021-08-09T14:58:02.636679Z'], ['pnp1712', '2021-08-09T15:22:40.774611Z'], ['cryptostwich', '2021-08-09T15:39:23.138230Z'], ['lythan2211', '2021-08-09T16:39:55.149340Z'], ['aliabdullah54', '2021-08-09T16:46:22.682759Z'], ['skyonedot', '2021-08-09T16:53:36.843057Z'], ['selimkafa', '2021-08-09T16:57:43.122809Z'], ['jamescarolina', '2021-08-09T17:02:24.615717Z'], ['phuc-obama', '2021-08-09T17:20:01.339238Z'], ['evolofthings', '2021-08-09T17:48:56.162062Z'], ['nhaga', '2021-08-09T17:51:39.296732Z'], ['yiniandawn', '2021-08-09T18:04:51.080266Z'], ['joseph-garza-411', '2021-08-09T18:06:31.974656Z'], ['hdbhandari', '2021-08-09T18:58:59.905107Z'], ['icaroo', '2021-08-09T18:42:57.257368Z'], ['utmichael', '2021-08-09T18:44:39.194186Z'], ['safix', '2021-08-09T19:16:41.521829Z'], ['stefanofa', '2021-08-09T20:05:51.205492Z'], ['amoghavb', '2021-08-09T21:37:47.226620Z'], ['pulth', '2021-08-09T22:19:21.443690Z'], ['elliot0x3', '2021-08-09T22:49:52.935838Z'], ['dorian333', '2021-08-09T23:29:01.968897Z'], ['alexfedotovqq', '2021-08-10T00:24:05.113791Z'], ['credd1', '2021-08-09T23:31:01.961353Z'], ['misty444', '2021-08-10T00:58:14.876100Z'], ['quanhuynh2007', '2021-08-10T02:05:21.803317Z'], ['m-sekhon', '2021-08-10T05:03:00.211384Z'], ['yamez69', '2021-08-10T05:39:02.313477Z'], ['hoangnd298', '2021-08-10T05:39:14.968863Z'], ['timfaner', '2021-08-04T09:32:59.426230Z'], ['acraycrayon', '2021-08-10T08:13:49.216173Z'], ['teeradondue', '2021-08-10T09:05:16.975201Z'], ['rkr-dev', '2021-08-10T09:28:15.020214Z'], ['gentlebutapril', '2021-08-10T10:19:40.252469Z'], ['jferrer', '2021-08-10T10:41:36.650735Z'], ['clppvn', '2021-08-10T10:14:16.237670Z'], ['supertrampdeve', '2021-08-10T12:36:37.641293Z'], ['antisaa', '2021-08-10T14:46:42.309061Z'], ['shisukeurahara', '2021-08-10T16:09:15.549976Z'], ['lsosa3', '2021-08-10T17:40:27.266154Z'], ['chochinlu', '2021-08-11T03:02:25.604170Z'], ['andrewpsp', '2021-08-11T04:14:12.337551Z'], ['roloum', '2021-08-11T05:09:46.217529Z'], ['thoufeekx', '2021-08-11T08:36:29.936015Z'], ['cuongtuanvu', '2021-08-11T08:37:53.082431Z'], ['demoncash08', '2021-08-11T08:59:49.717331Z'], ['puppetmaster66', '2021-08-11T09:05:39.235045Z'], ['ocean-bee', '2021-08-11T09:22:31.989235Z'], ['amrosaeed', '2021-08-11T11:45:40.781420Z'], ['colinajd', '2021-08-11T23:30:13.120584Z'], ['ykoyote', '2021-08-12T02:01:58.883641Z'], ['playflycode', '2021-08-12T07:14:24.767020Z'], ['deltajavelina21', '2021-08-12T08:34:23.211477Z'], ['rynsm4rt', '2021-08-13T02:12:17.150911Z'], ['fffrrreeegithub', '2021-08-13T04:29:32.751420Z'], ['yaiba', '2021-08-14T04:47:56.658076Z'], ['okcomputerb', '2021-08-15T09:12:17.904220Z'], ['tuturu-tech', '2021-08-15T10:08:36.559144Z'], ['kfuq', '2021-08-15T15:54:30.380065Z'], ['sharpcx', '2021-08-16T06:20:23Z'], ['madanyc', '2021-08-17T02:58:03.080235Z'], ['frankhouston', '2021-08-17T12:40:22.622413Z'], ['hzeghari', '2021-08-18T22:40:38.379182Z'], ['bugieman', '2021-08-19T03:29:25.977851Z'], ['gpgith', '2021-08-20T22:27:07.750390Z'], ['kevgllt', '2021-08-21T02:30:22.565821Z'], ['paulfranco', '2021-08-22T10:39:30.963220Z'], ['mklebrasseur', '2021-08-04T18:04:08.014424Z'], ['discovermyself', '2021-08-22T15:35:32.913826Z'], ['xcshuan', '2021-08-05T14:43:04.128444Z'], ['vincen7su', '2021-08-05T10:09:08.877608Z'], ['ljshwyykl', '2021-08-05T13:56:28.482731Z'], ['stbnlen', '2021-08-24T16:12:18.449861Z'], ['zaidankn', '2021-08-24T16:32:31.939521Z'], ['haliloncen', '2021-08-05T20:32:18.424342Z'], ['zenithlel', '2021-08-24T22:39:09.330126Z'], ['criusxx', '2021-08-05T23:38:05.131469Z'], ['jinusean', '2021-08-06T02:01:25.199968Z'], ['niravmultani', '2021-08-06T02:36:12.587926Z'], ['dhruv035', '2021-08-06T08:02:59.636385Z'], ['tanishqdsharma', '2021-08-06T08:05:42.023690Z'], ['missgeds', '2021-08-06T09:26:20.917320Z'], ['newtrong', '2021-08-06T12:53:15.896540Z'], ['no-huy', '2021-08-25T07:52:19.467235Z'], ['pranshurastogi', '2021-08-06T18:00:28.203893Z'], ['7h2x5e', '2021-08-06T18:25:16.231809Z'], ['edricngo', '2021-08-06T21:26:14.902489Z'], ['hsamndo', '2021-08-06T21:30:52.645169Z'], ['ubinix-warun', '2021-08-07T01:36:01.198637Z'], ['kevinchensr', '2021-08-07T06:41:58.798590Z'], ['bznsix', '2021-08-07T09:16:49.187068Z'], ['stgllr', '2021-08-07T09:40:04.059829Z'], ['xrustx', '2021-08-25T12:26:01.648398Z'], ['louraider', '2021-08-07T19:46:26.695883Z'], ['hg00', '2021-08-07T21:08:54.179224Z'], ['maxx6262', '2021-08-08T05:36:01.552992Z'], ['zachstecko', '2021-08-08T06:29:43.055422Z'], ['sunguru98', '2021-08-08T07:21:48.963362Z'], ['pgonday', '2021-08-08T08:05:39.929843Z'], ['zacharyhrq', '2021-08-08T08:17:41.594484Z'], ['ttnguyendev', '2021-08-08T08:29:25.900497Z'], ['ayush20', '2021-08-08T08:34:03.489652Z'], ['jordanmack', '2021-08-08T08:43:13.249623Z'], ['rncrypto06', '2021-08-08T09:13:26.053772Z'], ['duylinh196tb', '2021-08-08T09:29:13.285698Z'], ['guidieudo', '2021-08-08T09:30:42.307003Z'], ['bluesmell', '2021-08-08T10:11:43.342949Z'], ['schen1', '2021-08-08T10:26:16.652372Z'], ['hodlrtodlrfarmr', '2021-08-08T10:34:37.897608Z'], ['ronalddas', '2021-08-08T10:41:10.223586Z'], ['dex68', '2021-08-08T10:43:04.563526Z'], ['rasamaher', '2021-08-08T10:42:51.407803Z'], ['lehoi2195', '2021-08-08T10:54:44.734426Z'], ['ebeaude7', '2021-08-23T01:50:46.137068Z'], ['mirrormirage0', '2021-08-08T10:56:21.676123Z'], ['xinbadev', '2021-08-08T11:05:24.858459Z'], ['ben-razor', '2021-08-08T11:20:10.806925Z'], ['elod23', '2021-08-08T11:54:30.740010Z'], ['tech-engine', '2021-08-08T12:11:18.630726Z'], ['longndb', '2021-08-08T13:03:41.512554Z'], ['waverune', '2021-08-08T13:06:43.422173Z'], ['stephane303', '2021-08-08T13:39:01.892261Z'], ['andithemudkip', '2021-08-08T13:51:35.240180Z'], ['paradiselab', '2021-08-08T13:52:21.284965Z'], ['nomicid', '2021-08-08T14:33:39.355375Z'], ['ptisserand', '2021-08-08T15:23:13.463243Z'], ['jonil85', '2021-08-08T16:09:57.257273Z'], ['n-cryptd', '2021-08-08T16:23:11.563096Z'], ['mtunon', '2021-08-08T17:11:38.801650Z'], ['jefferson-pham', '2021-08-08T17:25:36.461893Z'], ['phuonghovn', '2021-08-08T17:31:23.403683Z'], ['b8n4s8n', '2021-08-08T17:56:54.991817Z'], ['alizain5693', '2021-08-08T17:50:30.300531Z'], ['carlososuna11', '2021-08-08T18:20:18.355191Z'], ['a526735a', '2021-08-08T18:25:45.368797Z'], ['matousik', '2021-08-08T18:30:07.997235Z'], ['thegoodluckcats', '2021-08-08T18:49:30.789312Z'], ['vschepilo', '2021-08-08T18:57:38.218175Z'], ['sabaiprimo', '2021-08-08T19:41:18.933092Z'], ['l-kh', '2021-08-08T20:03:11.643383Z'], ['da3dalus88', '2021-08-08T20:07:06.381456Z'], ['stoneyv', '2021-08-08T20:17:32.201554Z'], ['galileocap', '2021-08-08T20:25:28.595965Z'], ['jaeaster', '2021-08-08T20:41:15.041786Z'], ['cito-lito', '2021-08-08T20:37:01.445574Z'], ['indranil-tiwary', '2021-08-08T20:50:00.420667Z'], ['asinghvishen', '2021-08-08T21:45:58.313603Z'], ['rishabhdewang', '2021-08-08T21:50:10.700301Z'], ['walkertraylor', '2021-08-08T21:51:20.357322Z'], ['azmora', '2021-08-08T22:00:49.550821Z'], ['legitty', '2021-08-08T23:00:15.549861Z'], ['montbra', '2021-08-08T23:35:33.224251Z'], ['feravasica', '2021-08-08T23:39:53.109577Z'], ['pfed-prog', '2021-08-09T00:18:03.935179Z'], ['scentlxss', '2021-08-09T00:57:28.062292Z'], ['huutrung', '2021-08-09T01:04:34.182800Z'], ['ndduc-fpt', '2021-08-09T02:24:47.954047Z'], ['locvalucha', '2021-08-09T02:49:27.971250Z'], ['nervos2021', '2021-08-09T02:51:41.944310Z'], ['ercanerdenn', '2021-08-09T03:11:28.995048Z'], ['alfonsus', '2021-08-09T03:21:49.343279Z'], ['abrandec', '2021-08-09T03:41:09.250388Z'], ['0xcatgenius', '2021-08-09T04:02:44.526656Z'], ['thien-nguyen1308', '2021-08-09T04:03:07.533897Z'], ['nabilanam', '2021-08-09T04:11:34.944262Z'], ['lvertiz4', '2021-08-09T04:21:42.109516Z'], ['deryyy', '2021-08-09T04:22:40.326646Z'], ['sking789', '2021-08-09T04:50:54.368754Z'], ['niedhui', '2021-08-09T05:30:55.674764Z'], ['nqmtri86', '2021-08-09T06:02:52.586428Z'], ['tharunrai14', '2021-08-09T06:22:38.268971Z'], ['rohithreddy', '2021-08-09T06:28:09.497763Z'], ['nishuzumi', '2021-08-09T07:08:06.066009Z'], ['tatsujoestar', '2021-08-09T06:44:52.379228Z'], ['christiantpw', '2021-08-09T08:19:28.415192Z'], ['shubhranshuthakur24', '2021-08-09T08:25:46.464431Z'], ['dellwatson', '2021-08-09T08:34:44.620957Z'], ['yehohanan7', '2021-08-09T08:42:52.953333Z'], ['hadhod', '2021-08-09T08:55:37.078870Z'], ['carmen0208', '2021-08-09T08:54:44.699921Z'], ['sidharthpunathil', '2021-08-09T09:03:52.765522Z'], ['kidneyweakx', '2021-08-09T10:04:27.356771Z'], ['alexchun1011', '2021-08-09T10:08:40.987043Z'], ['kumakun0v0', '2021-08-09T10:23:17.116853Z'], ['amitesh03', '2021-08-09T10:41:59.098556Z'], ['samet1998', '2021-08-09T10:53:04.488387Z'], ['ulices2', '2021-08-09T11:41:27.021607Z'], ['huazhouwang', '2021-08-09T12:18:18.823135Z'], ['dikky88', '2021-08-09T12:26:03.911021Z'], ['cyberfifteen', '2021-08-09T12:13:01.479061Z'], ['quocson95', '2021-08-09T12:33:58.075720Z'], ['vaibhavtevatia', '2021-08-09T12:47:24.543772Z'], ['wzor', '2021-08-09T12:37:35.334100Z'], ['hhuuaa', '2021-08-09T12:47:45.115601Z'], ['clmerden', '2021-08-09T12:53:05.454064Z'], ['stwith', '2021-08-09T13:47:14.367561Z'], ['celoaken', '2021-08-09T13:53:19.706043Z'], ['gizemsrc', '2021-08-09T13:55:07.027773Z'], ['ash20pk', '2021-08-09T13:59:01.817300Z'], ['mistakeone', '2021-08-09T14:19:06.179131Z'], ['sgnovo8', '2021-08-09T14:50:11.533331Z'], ['mraf', '2021-08-09T14:48:16.031030Z'], ['tipcitrader', '2021-08-09T14:59:08.811868Z'], ['elfelf2', '2021-08-09T14:59:58.899363Z'], ['sunydev', '2021-08-09T15:03:41.184344Z'], ['cryptohong', '2021-08-09T15:36:33.653363Z'], ['haotang12', '2021-08-09T15:08:00.134221Z'], ['mrjacobsullivan', '2021-08-09T15:21:10.973978Z'], ['hongquanvn1998', '2021-08-09T15:21:13.135499Z'], ['mihirverma7781', '2021-08-09T15:48:18.118931Z'], ['brohamgoham', '2021-08-09T15:49:50.782082Z'], ['zzhengzhuo', '2021-08-09T15:39:53.955715Z'], ['meathewww', '2021-08-09T16:05:35.661629Z'], ['shanks3373', '2021-08-09T16:23:02.381336Z'], ['superburst', '2021-08-09T16:06:09.831866Z'], ['sirakberhane', '2021-08-09T16:14:53.501481Z'], ['ayobami99', '2021-08-09T16:16:19.785133Z'], ['howinoc', '2021-08-09T16:52:31.022549Z'], ['mmcel', '2021-08-09T16:40:34.267206Z'], ['eduwr', '2021-08-09T16:46:20.654174Z'], ['vivensy', '2021-08-09T16:49:36.088113Z'], ['chaitanyasjoshi', '2021-08-09T16:57:13.437990Z'], ['imabdullahjan', '2021-08-09T17:02:24.122177Z'], ['codoctor1997', '2021-08-09T17:18:41.771122Z'], ['praneethmendu', '2021-08-09T17:21:39.745882Z'], ['postman56', '2021-08-09T17:02:54.565281Z'], ['joshien', '2021-08-09T17:11:42.643647Z'], ['zach-cook', '2021-08-09T17:28:37.604085Z'], ['duylinh298ptit', '2021-08-09T18:38:41.365659Z'], ['luiscrag', '2021-08-09T19:13:41.593594Z'], ['mxdui', '2021-08-09T19:42:56.268376Z'], ['jdamiron', '2021-08-09T19:38:08.699532Z'], ['j174in', '2021-08-09T20:12:17.433204Z'], ['gdawson771', '2021-08-09T20:29:05.758478Z'], ['lofravaz', '2021-08-09T20:35:36.443295Z'], ['spiceydev', '2021-08-09T21:40:19.018632Z'], ['berkayermis', '2021-08-09T22:19:42.174034Z'], ['mohassn', '2021-08-09T23:32:36.570009Z'], ['yas46', '2021-08-10T01:13:32.453188Z'], ['karyabina23', '2021-08-10T02:18:53.609749Z'], ['mschemerii', '2021-08-10T01:57:07.318593Z'], ['apinanyogaratnam', '2021-08-10T02:37:42.730250Z'], ['donkross360', '2021-08-10T03:12:58.918241Z'], ['wugong68', '2021-08-10T03:28:50.434483Z'], ['kizna1ver', '2021-08-10T03:50:07.458381Z'], ['thanhthai3010', '2021-08-10T04:03:06.897032Z'], ['deepansharya1111', '2021-08-10T04:22:27.191530Z'], ['hhenry88', '2021-08-10T04:14:50.465751Z'], ['fsy412', '2021-08-10T05:14:44.018934Z'], ['irischen666', '2021-08-10T06:24:37.149923Z'], ['ode233', '2021-08-10T06:31:57.127214Z'], ['fabianosl1', '2021-08-03T23:38:21.658555Z'], ['sondq', '2021-08-10T07:14:55.615362Z'], ['ass77', '2021-08-10T07:42:07.761842Z'], ['rickmort', '2021-08-04T06:59:07.888089Z'], ['koru1130', '2021-08-04T07:21:27.532443Z'], ['seanho96', '2021-08-10T08:11:19.332987Z'], ['panxianhai', '2021-08-10T08:54:09.107626Z'], ['quocson100', '2021-08-10T08:58:15.008822Z'], ['so1z', '2021-08-10T11:11:18.245890Z'], ['bruceyangman', '2021-08-10T11:26:09.186717Z'], ['yetilfx', '2021-08-04T01:39:57.641050Z'], ['dragondev1906', '2021-08-04T10:59:22.257610Z'], ['bulentbozdag', '2021-08-10T12:50:11.999112Z'], ['oritwoen', '2021-08-04T11:06:28.952828Z'], ['jgresalfi', '2021-08-10T14:09:00.396342Z'], ['jcervante', '2021-08-10T14:36:27.022583Z'], ['erredll', '2021-08-10T16:01:00.265023Z'], ['crispysandwhich', '2021-08-10T16:03:16.234547Z'], ['jnditifei', '2021-08-10T16:29:07.325620Z'], ['voldown', '2021-08-10T17:45:19.588050Z'], ['helmihidzir', '2021-08-10T18:33:57.165054Z'], ['jackieyewang', '2021-08-10T19:33:34.390001Z'], ['qasem11', '2021-08-10T20:22:48.819857Z'], ['flippinroo2', '2021-08-10T21:04:58.417299Z'], ['superheavytoken', '2021-08-10T22:10:57.498604Z'], ['alegatto', '2021-08-10T22:30:11.830966Z'], ['robertvan1', '2021-08-10T23:54:55.968785Z'], ['edgardo-mkr', '2021-08-11T01:33:26.486657Z'], ['sammyni', '2021-08-11T03:33:58.475971Z'], ['luciafava', '2021-08-11T06:10:00.513255Z'], ['liushooter', '2021-08-11T10:23:16.014915Z'], ['dexhunter', '2021-08-11T12:08:19.111305Z'], ['viciuzvoid', '2021-08-11T13:35:03.334789Z'], ['betosmith2000', '2021-08-11T14:06:46.906282Z'], ['dginza', '2021-08-24T04:07:26.195275Z'], ['gangsterschnitzel', '2021-08-11T15:08:08.442777Z'], ['larricane', '2021-08-11T15:49:19.748898Z'], ['h-mactavish', '2021-08-11T16:15:29.374938Z'], ['asfman', '2021-08-11T16:02:26.775854Z'], ['food', '2021-08-11T17:38:18.264343Z'], ['mulima', '2021-08-11T18:03:32.329823Z'], ['josemariasosa', '2021-08-11T18:32:59.648735Z'], ['mechawrench', '2021-08-11T21:17:17.962542Z'], ['hehanbo1990', '2021-08-12T02:38:01.126944Z'], ['unmesh28', '2021-08-12T11:35:39.770751Z'], ['vipinmadhaan', '2021-08-12T13:14:51.151917Z'], ['nowzdev', '2021-08-12T13:52:26.612721Z'], ['yexiaozhu05', '2021-08-12T12:47:50.421805Z'], ['mosquida', '2021-08-12T17:19:26.029730Z'], ['jdrxcr', '2021-08-12T18:08:50.332444Z'], ['schrubitteflau', '2021-08-12T18:52:10.608230Z'], ['soptq', '2021-08-04T13:20:32.269174Z'], ['earthnook', '2021-08-13T10:25:01.190912Z'], ['ppecotot', '2021-08-13T18:08:44.143349Z'], ['nick1227223', '2021-08-13T19:07:31.981146Z'], ['7kms', '2021-08-14T05:57:01.436842Z'], ['keheira', '2021-08-15T04:15:22.673191Z'], ['elmarchk0', '2021-08-15T04:18:35.702420Z'], ['jamesmormon', '2021-08-15T12:39:06.519105Z'], ['ujjwalvats16', '2021-08-15T15:12:52.442408Z'], ['mosqu1to3zz', '2021-08-15T15:36:48.340500Z'], ['trepechov', '2021-08-15T22:08:46.335396Z'], ['edumannarino', '2021-08-15T22:12:54.988765Z'], ['rawdata', '2021-08-16T15:07:32.324296Z'], ['leomanza', '2021-08-16T15:22:21.344797Z'], ['developer-walnoot', '2021-08-16T17:05:40.657679Z'], ['skinnynoizze', '2021-08-16T17:54:53.308435Z'], ['x777', '2021-08-04T13:37:19.795581Z'], ['vigiliusosloensis', '2021-08-16T22:14:02.988171Z'], ['visdauas', '2021-08-17T11:06:02.411131Z'], ['antonyip', '2021-08-04T13:55:20.664348Z'], ['venoox', '2021-08-04T14:02:36.325440Z'], ['siti050687', '2021-08-19T03:02:27.346735Z'], ['owo160403', '2021-08-04T15:02:11.056051Z'], ['lianghowe', '2021-08-19T13:13:56.937717Z'], ['theding0x', '2021-08-19T13:35:30.148068Z'], ['cleoslen', '2021-08-19T15:54:41.111764Z'], ['1m1axx', '2021-08-19T16:45:18.358762Z'], ['icepaigez', '2021-08-19T23:22:09.942801Z'], ['jrperezjr', '2021-08-20T09:40:44.151178Z'], ['acereer', '2021-08-20T15:30:25.266155Z'], ['aalvag', '2021-08-20T23:33:09.967053Z'], ['wahyu1236', '2021-08-21T04:36:55.119854Z'], ['taufikpanda', '2021-08-21T08:46:10.404983Z'], ['eseptiansyah15', '2021-08-21T09:16:08.293036Z'], ['agus1224', '2021-08-21T10:46:52.676384Z'], ['michaelshapkin', '2021-08-21T11:19:22.996142Z'], ['egisopian21', '2021-08-21T12:01:01.390203Z'], ['mecforlove', '2021-08-21T15:41:59.636141Z'], ['efraimsutopo', '2021-08-21T16:11:02.273829Z'], ['dennatattuy', '2021-08-21T22:33:24.588143Z'], ['exiv22', '2021-08-22T05:28:31.139556Z'], ['stanojevic-dev', '2021-08-22T10:59:20.237789Z'], ['cyberdudeninja', '2021-08-26T04:37:01.825404Z'], ['bacbacmimo', '2021-08-26T07:49:47.146679Z'], ['nasino2', '2021-08-26T07:57:11.432930Z'], ['zacky1886', '2021-08-26T09:48:46.575507Z'], ['kizumarin', '2021-08-26T14:47:11.968288Z'], ['softwaredevpro', '2021-08-26T23:39:06.059869Z'], ['superdonk-ai', '2021-08-27T06:21:03.016530Z'], ['bojes23', '2021-08-27T00:56:03.207857Z'], ['aryabhat1', '2021-08-27T11:44:27.102619Z'], ['learninggeneral', '2021-08-27T16:23:18.018049Z'], ['mo2ti', '2021-08-27T18:04:28.533729Z'], ['namex44', '2021-08-27T19:34:04.236888Z'], ['trungng1992', '2021-08-28T12:58:07.781426Z'], ['galleluci', '2021-08-29T04:59:16.176912Z'], ['flyer88', '2021-08-29T08:35:50.065850Z'], ['omarking05', '2021-08-29T11:48:16.666792Z'], ['niore', '2021-08-29T14:27:58.172123Z']]"
https://gitcoin.co/issue/26172,algorandfoundation,grow-algorand,"[['damianb-bitflipper', '2021-10-05T14:50:53.132165Z'], ['crypblockcode', '2021-09-29T19:23:06.045814Z'], ['lorenzhw', '2021-10-25T20:30:33.620783Z'], ['fionnachan', '2021-11-16T04:17:35.215526Z'], ['gconnect', '2022-02-17T22:56:41.527907Z'], ['temptemp3', '2022-02-11T12:31:02.988056Z'], ['atifyushri', '2022-01-23T06:52:29.634192Z'], ['danmurphy1217', '2021-07-26T20:36:17.088696Z'], ['cryptofervid', '2021-08-20T17:55:19.980450Z'], ['sepandhaghighi', '2021-08-05T12:09:36.464167Z'], ['iliuxa1989', '2021-07-29T02:35:54.837147Z'], ['jkschin', '2021-07-31T03:12:44.973131Z'], ['omadren67', '2021-08-21T04:28:42.616266Z']]"
https://gitcoin.co/issue/26166,unigrants,ugp-hacks,"[['leon-do', '2021-07-25T03:21:39.115050Z'], ['developer-piyush', '2021-07-25T12:45:56.493017Z'], ['aadorian', '2021-07-25T13:57:19.098459Z'], ['llllvvuu', '2021-07-25T14:44:54.340439Z'], ['gitcoindeveloper', '2021-07-25T06:13:44.757091Z'], ['grandrivertransit', '2021-07-25T13:57:05.174798Z'], ['ohjia', '2021-07-25T14:26:21.985160Z'], ['agin-dropdisco', '2021-07-25T14:54:56.127628Z'], ['appswarehouse', '2021-07-25T12:10:58.143212Z']]"
https://gitcoin.co/issue/26163,YieldHand,OptionsMarketLiquidityPool,"[['davidpius95', '2021-07-28T22:11:20.523995Z']]"
https://gitcoin.co/issue/26160,paraswap,ethcc_hackathon,"[['apoorvlathey', '2021-07-25T11:58:52.151829Z'], ['aadorian', '2021-07-25T06:13:38.560895Z'], ['rajatbeladiya', '2021-07-25T10:22:19.845099Z'], ['polyswaporg', '2021-07-25T11:22:57.103245Z'], ['johnalgo', '2021-07-25T02:31:17.795885Z']]"
https://gitcoin.co/issue/26156,sushiswap,sushiswap,"[['massun-onibakuchi', '2021-07-25T12:06:31.861761Z'], ['llllvvuu', '2021-07-25T16:13:59.696953Z'], ['amirhosseinghadimizadeh', '2021-07-25T15:12:11.181375Z'], ['waylad', '2021-07-25T11:42:57.709546Z'], ['apoorvlathey', '2021-07-25T14:56:06.447075Z'], ['aadorian', '2021-07-25T14:57:17.952399Z']]"
https://gitcoin.co/issue/26144,Badger-Finance,gitcoin,"[['antonyip', '2021-07-23T04:04:44.979086Z']]"
https://gitcoin.co/issue/26135,graphprotocol,ethcc-hackathon,"[['robertmcforster', '2021-07-25T15:13:22.395815Z'], ['3scava1i3r', '2021-07-25T14:56:20.464301Z'], ['lopeselio', '2021-07-25T07:00:46.641134Z'], ['darrylyeo', '2021-07-25T06:34:37.946855Z'], ['ohjia', '2021-07-25T14:22:51.366823Z'], ['rob-lw', '2021-07-25T13:19:27.284272Z'], ['it-unchained-fr', '2021-07-25T15:43:25.909492Z'], ['nandyba', '2021-07-25T15:17:57.916331Z']]"
https://gitcoin.co/issue/26134,graphprotocol,ethcc-hackathon,"[['aurelienwery', '2021-07-25T15:00:35.886658Z'], ['rob-lw', '2021-07-25T13:18:30.265733Z'], ['polyswaporg', '2021-07-25T13:17:38.058533Z'], ['aerhy', '2021-07-25T12:26:15.158221Z'], ['nandyba', '2021-07-25T15:13:23.883859Z'], ['developer-piyush', '2021-07-25T06:21:01.140415Z'], ['nguyentrongsang', '2021-07-25T00:28:01.362854Z'], ['it-unchained-fr', '2021-07-25T15:45:30.051528Z'], ['apuyou', '2021-07-25T11:53:51.248909Z'], ['robertmcforster', '2021-07-25T15:10:59.588813Z'], ['3scava1i3r', '2021-07-25T14:57:30.156692Z']]"
https://gitcoin.co/issue/26130,YieldHand,OptionsMarket,"[['bytesoul', '2021-07-23T02:40:36.938074Z']]"
https://gitcoin.co/issue/26127,Badger-Finance,gitcoin,"[['benbaessler', '2021-08-02T21:58:27.273335Z'], ['jazinheira', '2021-07-25T19:15:38.290553Z'], ['scpmx', '2021-07-24T04:59:11.439826Z']]"
https://gitcoin.co/issue/26126,umbrella-network,hackathon,"[['cryptotwilight', '2021-07-25T12:58:34.140536Z'], ['bytesoul', '2021-07-25T15:43:49.402620Z'], ['manapixels', '2021-07-25T09:34:20.096986Z'], ['enckrish', '2021-07-25T14:19:32.388584Z']]"
https://gitcoin.co/issue/26125,umbrella-network,hackathon,"[['bobsub218', '2021-07-25T14:57:11.252123Z'], ['enckrish', '2021-07-27T17:58:58.985929Z'], ['cryptotwilight', '2021-07-27T16:42:55.646707Z']]"
https://gitcoin.co/issue/26121,tezos-contrib,gitcoin-bounties,"[['ibisolutions', '2021-08-21T20:54:49.316559Z'], ['ivan-tigan', '2021-08-21T20:52:41.486376Z'], ['serdnad', '2021-08-21T23:59:37.006091Z'], ['jebq', '2021-08-20T16:42:33.388900Z'], ['trewaters', '2021-08-21T18:19:21Z'], ['dianedrubay', '2021-08-21T17:42:39.925700Z'], ['stemak', '2021-08-17T22:49:31.292706Z'], ['mathisgd', '2021-08-21T23:58:04.889850Z'], ['coop-art', '2021-08-21T01:28:14.720536Z'], ['rishabhkeshan', '2021-08-22T04:46:53.390781Z'], ['defiprince', '2021-08-21T23:07:16.261664Z'], ['aidandedecker', '2021-08-21T22:50:31.938011Z'], ['sagar133', '2021-08-21T21:53:32.689576Z'], ['niklr', '2021-08-21T21:50:37.191905Z'], ['t-phoenix', '2021-08-21T20:15:01.693278Z'], ['karthi1908', '2021-08-21T18:45:56.725077Z'], ['bscdapps', '2021-08-21T18:16:23.521161Z'], ['personalcrm', '2021-08-21T15:20:51.959547Z'], ['nathanganser', '2021-08-21T15:13:16.437298Z'], ['timongty', '2021-08-21T12:37:31.409293Z'], ['dapotatoman', '2021-08-21T12:21:19.727325Z'], ['vinhyenvodoi98', '2021-08-20T16:20:16.548365Z'], ['damianb-bitflipper', '2021-08-18T18:41:52.868818Z'], ['faithful1ofall', '2021-08-10T18:14:59.310652Z'], ['tranvanlap95', '2021-07-25T01:57:45.978348Z'], ['shri4net', '2021-08-21T23:42:29.104842Z'], ['jojo0-07', '2021-07-21T15:40:50.032834Z'], ['bladrak', '2021-08-20T16:16:28.297501Z'], ['suhailvs', '2021-08-20T13:14:24.624579Z']]"
https://gitcoin.co/issue/26119,BitgesellOfficial,bitgesell,"[['slowriot', '2021-08-20T00:04:23.704936Z'], ['developer-piyush', '2021-07-22T14:34:02.158853Z'], ['antonyip', '2021-07-22T05:33:53.306258Z'], ['setiaj700', '2021-07-20T00:21:17.486611Z'], ['soptq', '2021-08-08T06:18:51.454773Z'], ['berbagi12', '2021-07-20T15:24:09.560875Z'], ['ayushkumar63123', '2021-07-20T08:10:18.441953Z']]"
https://gitcoin.co/issue/26111,algorandfoundation,grow-algorand,"[['crypblockcode', '2021-07-22T11:51:52.287043Z'], ['gconnect', '2021-08-03T14:13:07.083682Z'], ['3dlifee', '2021-08-05T15:34:49.382258Z'], ['petitnau', '2021-08-15T14:40:55.470606Z'], ['robert-zaremba', '2021-07-26T14:14:18.369325Z'], ['dzuqe', '2021-08-12T09:03:58.909392Z'], ['nqtacn', '2021-07-18T20:26:55.950610Z']]"
https://gitcoin.co/issue/26110,unlock-protocol,unlock,"[['manyrios', '2021-08-24T19:08:41.968014Z']]"
https://gitcoin.co/issue/26109,iExecBlockchainComputing,iexec-apps,"[['georgesmith9914', '2021-11-20T23:05:38.685302Z']]"
https://gitcoin.co/issue/26107,shapeshift,airdrop-merkle,"[['vinogradovdanya', '2021-07-19T16:54:33.769150Z']]"
https://gitcoin.co/issue/26105,Harems-io,Front-end,"[['nresh', '2021-07-19T18:57:07.535521Z']]"
https://gitcoin.co/issue/26092,Badger-Finance,gitcoin,"[['aranhaagency', '2021-07-26T15:47:35.048375Z'], ['radchukd', '2021-07-28T08:45:07Z'], ['en0c-026', '2021-07-27T21:15:50.662660Z']]"
https://gitcoin.co/issue/26086,FugueWeb,fugue,"[['annnoo', '2021-08-07T13:51:14.751967Z']]"
https://gitcoin.co/issue/26081,datafruits,streampusher-api,"[['nresh', '2021-07-10T04:27:04.172814Z']]"
https://gitcoin.co/issue/26079,harmony-one,bounties,"[['drspinosa', '2021-09-20T18:06:35.511427Z'], ['sekmet', '2021-08-09T21:48:21.611450Z'], ['benzfccr7', '2021-07-16T11:15:27.672658Z']]"
https://gitcoin.co/issue/26073,asmrfinance,bounties,"[['vinogradovdanya', '2021-07-09T22:17:48.173635Z'], ['royaldi', '2021-07-09T12:36:15.380852Z']]"
https://gitcoin.co/issue/26062,datafruits,streampusher-api,"[['hernanrz', '2021-07-08T21:19:44.430175Z']]"
https://gitcoin.co/issue/26054,algorandfoundation,grow-algorand,"[['thumbpark', '2021-08-04T14:18:18.893584Z'], ['tomkim90', '2021-06-30T07:34:17.744082Z']]"
https://gitcoin.co/issue/26053,web3index,web3index-org,"[['baldator', '2021-07-08T10:12:04.750040Z']]"
https://gitcoin.co/issue/26046,golemfactory,yagna,"[['controlcpluscontrolv', '2021-08-26T22:01:00.126497Z']]"
https://gitcoin.co/issue/26042,web3swift-team,web3swift,"[['xdozorx', '2021-06-27T18:55:31.281770Z']]"
https://gitcoin.co/issue/26040,AletheaAI,Gitcoin-Bounties,"[['naps62', '2021-07-08T19:09:07.834454Z']]"
https://gitcoin.co/issue/26033,reflexer-labs,geb,"[['mds1', '2021-07-07T14:37:37.779654Z'], ['stobiewan', '2021-07-09T07:05:14.767006Z'], ['thibault23', '2021-07-08T20:07:48.733016Z'], ['massun-onibakuchi', '2021-07-03T10:53:56.505432Z'], ['shafique7309', '2021-06-27T22:52:09.849167Z'], ['gamma88', '2021-06-27T17:45:33.685068Z'], ['zoeacker', '2021-07-01T10:22:08.029298Z'], ['voanhcung', '2021-06-26T20:35:13.723864Z'], ['tranvanlap95', '2021-06-25T21:39:50.034443Z'], ['k-agau', '2021-07-09T00:48:45.733978Z']]"
https://gitcoin.co/issue/26032,mushroomsforest,deployment,"[['fractalvisionz', '2021-07-16T16:52:06.995473Z']]"
https://gitcoin.co/issue/26030,AletheaAI,Gitcoin-Bounties,"[['icebert04', '2021-07-01T03:35:49.276806Z']]"
https://gitcoin.co/issue/26029,harmony-one,bounties,"[['zheli', '2021-06-27T09:44:29.481477Z'], ['zerquix18', '2021-06-26T04:14:26.950680Z']]"
https://gitcoin.co/issue/26027,FugueWeb,fugue,"[['annnoo', '2021-07-07T19:38:19.645519Z']]"
https://gitcoin.co/issue/26014,graphprotocol,gitcoin-grants-round-10-hackathon,"[['minatofund', '2021-07-05T14:01:04.829710Z'], ['rob-lw', '2021-07-07T21:16:13.381416Z'], ['ssomraaj', '2021-07-07T16:30:44.178584Z'], ['developer-piyush', '2021-07-03T06:24:38.053610Z'], ['3scava1i3r', '2021-07-05T09:15:21.382866Z'], ['aturx', '2021-07-06T03:40:49.592626Z'], ['apoorvlathey', '2021-07-15T22:23:53.626912Z'], ['adi99', '2021-07-09T06:50:40.187015Z'], ['agin-dropdisco', '2021-07-08T06:23:14.916524Z'], ['antonyip', '2021-07-04T03:51:48.331474Z'], ['viraja1', '2021-07-07T21:27:16.315662Z']]"
https://gitcoin.co/issue/26013,Gajesh2007,GitcoinBounty,"[['developer-piyush', '2021-06-23T18:31:49.054491Z'], ['erysup', '2021-06-23T14:57:38.437674Z'], ['jjones2000', '2021-06-25T14:24:47.031208Z'], ['shivadave', '2021-06-25T14:06:38.284887Z'], ['gitcoindeveloper', '2021-06-23T18:19:19.882465Z'], ['rohitprogamer', '2021-06-23T03:57:41.289968Z']]"
https://gitcoin.co/issue/26009,Badger-Finance,gitcoin,"[['antonyip', '2021-06-24T00:33:56Z'], ['badri001', '2021-06-22T20:07:01.309519Z'], ['colliepixels', '2021-06-22T18:18:36.384945Z'], ['en0c-026', '2021-06-23T04:31:02Z'], ['acevikings', '2021-06-24T11:31:01Z']]"
https://gitcoin.co/issue/26006,Agoric,agoric-sdk,"[['yashpatel5400', '2021-08-25T20:20:30Z']]"
https://gitcoin.co/issue/26003,unigrants,ugp-hacks,"[['sagar133', '2021-07-07T14:51:26.798347Z'], ['sunnyrk', '2021-07-08T00:25:10.158284Z'], ['errorcode1999', '2021-07-06T13:11:31.035454Z'], ['developer-piyush', '2021-06-30T07:45:04.022199Z'], ['viraja1', '2021-07-07T21:29:57.219316Z'], ['jinhongkuan', '2021-07-06T19:08:52.374501Z']]"
https://gitcoin.co/issue/26000,harmony-one,bounties,"[['nicholasangks', '2021-07-25T16:11:26.435687Z'], ['touhonoob', '2021-06-30T17:42:48.159978Z'], ['jotagep', '2021-07-24T02:51:53.921093Z']]"
https://gitcoin.co/issue/25998,algorandfoundation,grow-algorand,"[['mrjiazi', '2021-09-27T09:15:57.624799Z'], ['kryptonurd', '2021-09-04T03:36:05.064278Z'], ['sanchitbanati33', '2021-07-19T03:22:33.440732Z'], ['algohq', '2021-08-08T19:08:00.857428Z'], ['aroundtheblockchain', '2021-06-23T02:35:58.632820Z'], ['konaytk1990', '2021-06-21T19:01:04.753382Z']]"
https://gitcoin.co/issue/25997,cennznet,grants,"[['shad-k', '2021-10-11T23:36:55.843305Z']]"
https://gitcoin.co/issue/25971,algorandfoundation,grow-algorand,"[['shenyuanjs', '2021-07-27T15:56:53.962054Z']]"
https://gitcoin.co/issue/25969,algorandfoundation,grow-algorand,"[['vvinyll', '2021-06-30T13:57:03.445237Z']]"
https://gitcoin.co/issue/25968,algorandfoundation,grow-algorand,"[['jboetticher', '2021-06-22T06:10:45.745124Z'], ['riyasoganii', '2021-07-22T23:04:17.392829Z'], ['edwardtay', '2021-07-01T01:32:06.663370Z'], ['bobsub218', '2021-06-30T21:17:20.147526Z'], ['laststar2233', '2021-07-11T19:10:40.568839Z'], ['algomerican', '2021-07-01T15:00:27.596077Z'], ['wahyu243', '2021-07-04T14:14:49.948409Z'], ['shenyuanjs', '2021-07-26T15:00:33.235803Z']]"
https://gitcoin.co/issue/25962,bluzelle,Gitcoin10Hack,"[['spiritupbro', '2021-07-14T04:15:14.195764Z'], ['mushroomgenie', '2021-07-07T15:06:42.916446Z'], ['pkalab', '2021-06-26T15:48:05.060169Z'], ['echolon166', '2021-07-19T20:01:37.720619Z'], ['aadorian', '2021-07-06T07:10:27.678773Z']]"
https://gitcoin.co/issue/25960,bluzelle,Gitcoin10Hack,"[['echolon166', '2021-07-12T17:59:36Z'], ['hhio618', '2021-08-16T20:40:41Z']]"
https://gitcoin.co/issue/25959,bluzelle,Gitcoin10Hack,"[['dxganta', '2021-08-10T02:33:45.638519Z']]"
https://gitcoin.co/issue/25947,district0x,memefactory,"[['touhonoob', '2021-06-28T12:52:55.873646Z']]"
https://gitcoin.co/issue/25946,district0x,memefactory,"[['ginesdt', '2021-07-06T23:30:43.154579Z'], ['touhonoob', '2021-07-06T15:39:50.790145Z'], ['giddyphysicist', '2021-07-07T01:29:07.053448Z']]"
https://gitcoin.co/issue/25945,district0x,district-registry,"[['ginesdt', '2021-07-06T23:52:01.243144Z']]"
https://gitcoin.co/issue/25944,district0x,new_project_template,"[['gitcoindeveloper', '2021-07-11T12:00:53.361653Z'], ['stshort', '2021-07-07T10:51:42.977961Z']]"
https://gitcoin.co/issue/25943,Badger-Finance,gitcoin,"[['antonyip', '2021-07-07T01:40:05.473523Z'], ['riyasoganii', '2021-07-02T00:40:14Z'], ['developer-piyush', '2021-06-27T05:55:37.759666Z'], ['gitcoindeveloper', '2021-06-29T12:42:03.154696Z'], ['brianspha', '2021-07-07T23:41:22Z'], ['lopeselio', '2021-07-07T12:08:23Z']]"
https://gitcoin.co/issue/25936,alto-io,gr-10,"[['marcpolican', '2021-07-07T16:21:45.910118Z'], ['kilogold', '2021-07-07T02:23:10.193859Z'], ['brianspha', '2021-07-07T21:35:00.512262Z']]"
https://gitcoin.co/issue/25933,alto-io,gr-10,"[['brianspha', '2021-07-07T23:39:16.137154Z'], ['kilogold', '2021-07-07T02:18:09.064892Z'], ['marcpolican', '2021-07-07T16:31:54.111846Z'], ['sagar133', '2021-07-07T14:53:09.878322Z'], ['gitcoindeveloper', '2021-07-04T14:47:03.744849Z']]"
https://gitcoin.co/issue/25932,Badger-Finance,gitcoin,"[['bobsub218', '2021-07-07T21:03:43Z'], ['creative-ed', '2021-07-06T15:58:39Z'], ['sirvlas', '2021-07-07T23:51:30.201336Z'], ['bhosaleharshita', '2021-07-07T18:06:06Z'], ['sriram-vasudevan', '2021-07-07T19:39:59Z'], ['maniraj12', '2021-07-07T17:01:09.321351Z'], ['developer-piyush', '2021-06-28T18:02:54.149250Z'], ['massimoanglarill', '2021-07-07T23:46:22.772205Z'], ['ryanhmd04', '2021-07-07T23:05:04.873309Z'], ['santiagogregory', '2021-07-06T04:16:40.551163Z'], ['walterburns', '2021-07-07T20:11:05Z']]"
https://gitcoin.co/issue/25931,Badger-Finance,gitcoin,"[['agin-dropdisco', '2021-07-08T00:02:34Z'], ['dylanjunior', '2021-07-10T09:46:24Z'], ['michael-neuman', '2021-07-09T18:36:23Z']]"
https://gitcoin.co/issue/25930,Badger-Finance,gitcoin,"[['uwe', '2021-07-06T19:14:59Z']]"
https://gitcoin.co/issue/25929,Badger-Finance,gitcoin,"[['agin-dropdisco', '2021-07-08T06:20:33.418686Z'], ['antonyip', '2021-06-27T09:05:09Z']]"
https://gitcoin.co/issue/25928,Badger-Finance,gitcoin,"[['sunnyrk', '2021-07-08T00:55:48.190414Z'], ['iamcryptoboi', '2021-07-07T23:32:20Z'], ['dxganta', '2021-07-06T20:01:46Z']]"
https://gitcoin.co/issue/25927,Badger-Finance,gitcoin,"[['mrtravdev', '2021-06-24T19:08:00.307805Z'], ['antonyip', '2021-06-24T00:14:44.846615Z'], ['natyshi', '2021-07-05T13:03:43Z'], ['enc7236', '2021-06-22T22:55:52.341612Z'], ['agent-egg', '2021-07-05T04:10:27.352900Z'], ['shockingblack', '2021-07-07T15:55:05Z'], ['art-maniac', '2021-07-07T14:29:00.837208Z'], ['maximus-designer', '2021-07-07T14:19:37.704278Z'], ['gravity-arts', '2021-07-07T14:14:37.266709Z'], ['basnyat27', '2021-07-07T05:28:39.939171Z'], ['danny-ji', '2021-07-07T03:59:29.317592Z'], ['heniinmay', '2021-06-20T15:39:15.461995Z'], ['riyasoganii', '2021-07-02T00:23:50.613754Z'], ['wahyu243', '2021-06-26T04:01:46.608314Z'], ['doubleoroos', '2021-06-24T07:50:42.489149Z'], ['vivaroka', '2021-06-30T09:17:50.405484Z'], ['andrew112196', '2021-06-29T15:52:05.586788Z'], ['tmdcpro', '2021-07-14T15:35:20.759417Z'], ['garretthoyos', '2021-07-07T22:47:15Z'], ['panigale120', '2021-07-07T19:56:09Z'], ['masket-bask', '2021-07-07T14:36:54.671239Z'], ['the-hack-god', '2021-07-07T14:46:01Z'], ['bobsub218', '2021-07-04T21:48:27.177779Z'], ['tanishqdsharma', '2021-07-06T16:55:44Z'], ['sirlupinwatson', '2021-07-04T17:27:12.654844Z'], ['onebotband', '2021-07-06T11:19:51Z'], ['githbu1', '2021-07-02T14:17:41.825193Z'], ['8ambee', '2021-07-02T11:59:01.104468Z'], ['dick-eth', '2021-07-02T03:36:42.778547Z'], ['hapob', '2021-06-27T19:54:41.010462Z'], ['nanonsen', '2021-07-01T17:03:31.117871Z'], ['maystro4', '2021-06-27T12:24:06.199701Z'], ['learnandteach01', '2021-07-01T17:47:15Z']]"
https://gitcoin.co/issue/25917,ForceDAO,bounties,"[['sunnyrk', '2021-07-08T00:40:35.083681Z'], ['masaun', '2021-07-07T00:34:54Z'], ['dxganta', '2021-07-06T19:44:11.562024Z'], ['nuclearhit22', '2021-07-06T06:54:16.352481Z'], ['apoorvlathey', '2021-07-06T05:43:10.680153Z'], ['developer-piyush', '2021-07-06T05:28:52.055960Z']]"
https://gitcoin.co/issue/25916,ForceDAO,bounties,"[['ivor222', '2021-07-07T05:03:31Z'], ['dxganta', '2021-07-06T19:34:04.765385Z'], ['zunamilab', '2021-07-06T14:01:49.179686Z'], ['sunnyrk', '2021-07-08T00:40:53.538169Z'], ['nuclearhit22', '2021-07-06T06:13:39.872894Z']]"
https://gitcoin.co/issue/25915,IOSGVentures,Gitcoin-x-Kickstarter,"[['apoorvlathey', '2021-07-06T06:05:13.238484Z'], ['shreyaspapi', '2021-07-07T15:44:46.920612Z']]"
https://gitcoin.co/issue/25914,IOSGVentures,Gitcoin-x-Kickstarter,"[['sunnyrk', '2021-07-08T01:07:00.213382Z'], ['homelyhyperion', '2021-07-07T17:31:41.535916Z'], ['thisispalash', '2021-07-07T05:10:16.976574Z'], ['gitcoindeveloper', '2021-07-13T11:44:35.498087Z'], ['0xbok', '2021-07-08T14:31:14.720260Z']]"
https://gitcoin.co/issue/25912,iotexproject,halogrants,"[['hhio618', '2021-07-12T23:07:54.088689Z'], ['gitcoindeveloper', '2021-07-10T15:57:37.164905Z'], ['rafat', '2021-07-10T12:20:13.229093Z'], ['developer-piyush', '2021-07-02T18:24:04.388826Z'], ['thevanquiser', '2021-06-27T16:44:21.900070Z'], ['adi99', '2021-07-13T10:17:59.326691Z']]"
https://gitcoin.co/issue/25911,iotexproject,halogrants,"[['skhiearth', '2021-07-09T12:05:59.612395Z'], ['dapiguabc', '2021-07-10T20:56:56.334294Z'], ['hhio618', '2021-07-07T21:18:57.203330Z'], ['overhead525', '2021-07-09T19:08:00.426156Z']]"
https://gitcoin.co/issue/25910,iotexproject,halogrants,"[['65black', '2021-07-10T15:58:03.627981Z'], ['nicky-ru', '2021-07-10T21:31:42.000185Z'], ['jpick713', '2021-07-14T06:53:05.129791Z']]"
https://gitcoin.co/issue/25895,algorandfoundation,grow-algorand,"[['kryptonurd', '2021-09-04T03:40:09.995416Z']]"
https://gitcoin.co/issue/25889,DimensionDev,Maskbook,"[['osamaelhariri', '2021-07-06T17:56:54.970782Z']]"
https://gitcoin.co/issue/25887,DODOEX,gitCoinGrant,"[['p1ge0nh8er', '2021-07-05T16:49:05Z'], ['rymnc', '2021-07-05T14:17:48.070480Z']]"
https://gitcoin.co/issue/25886,DODOEX,gitCoinGrant,"[['ajand', '2021-07-07T23:39:17.456631Z'], ['en0c-026', '2021-07-07T21:34:45.459525Z'], ['johnalgo', '2021-07-05T04:56:24.120696Z'], ['0xkarl', '2021-07-04T22:20:48.418659Z']]"
https://gitcoin.co/issue/25884,perpetual-protocol,perp-bounties,"[['thisispalash', '2021-07-07T23:21:02.299200Z'], ['vipineth', '2021-07-04T17:52:05.967136Z']]"
https://gitcoin.co/issue/25883,vitelabs,bounties,"[['niklr', '2021-07-07T21:50:41Z']]"
https://gitcoin.co/issue/25882,88mphapp,88mph-contracts,"[['massun-onibakuchi', '2021-08-02T08:32:21.555417Z'], ['paku-paku-pakuchi', '2021-08-03T11:31:34.411320Z'], ['mikyr', '2021-06-18T14:59:36.130513Z'], ['apoorvlathey', '2021-08-04T10:45:20.247948Z']]"
https://gitcoin.co/issue/25872,vitelabs,bounties,"[['vaibhavgeek', '2021-08-09T23:11:40.585568Z']]"
https://gitcoin.co/issue/25871,vitelabs,bounties,"[['azbuky', '2021-08-02T19:57:31Z'], ['blake256', '2021-07-07T14:27:10.632026Z']]"
https://gitcoin.co/issue/25870,reflexer-labs,geb,"[['stobiewan', '2021-07-01T10:34:44.733148Z']]"
https://gitcoin.co/issue/25868,vitelabs,bounties,[]
https://gitcoin.co/issue/25866,algorandfoundation,grow-algorand,"[['caddy02', '2021-06-12T07:00:32.528034Z'], ['kevindang83', '2021-06-14T08:13:00.189629Z'], ['sonlis', '2021-07-22T15:25:10.442952Z'], ['emmaodia', '2021-07-08T02:37:02.856641Z'], ['deanstef', '2021-07-07T17:58:43.326646Z'], ['damianb-bitflipper', '2021-07-01T03:27:01.596576Z'], ['vilijan', '2021-06-24T21:36:50.558671Z'], ['lucasvanmol', '2021-07-07T20:22:27.858348Z'], ['kingsdami', '2021-07-01T11:44:00.019164Z']]"
https://gitcoin.co/issue/25865,algorandfoundation,grow-algorand,"[['barnjamin', '2021-06-11T18:22:03.361625Z'], ['jordpw', '2021-06-16T16:01:50.654311Z'], ['phinoytv', '2021-06-22T04:14:05.701247Z'], ['arquio2020', '2021-06-22T04:06:45.132273Z'], ['eugine2021', '2021-06-22T03:59:57.390722Z'], ['catalanfree', '2021-06-22T03:36:45.335346Z'], ['peejae', '2021-06-22T03:29:36.771611Z'], ['irishcortel', '2021-06-22T03:22:31.344163Z'], ['amityadav0', '2021-07-09T07:55:17.979544Z'], ['jkschin', '2021-06-23T02:58:38.146528Z'], ['urajbhandari', '2021-07-03T02:40:36.516739Z'], ['figurestudios', '2021-06-19T01:54:36.593408Z'], ['damianb-bitflipper', '2021-07-16T01:57:31.725643Z'], ['danmurphy1217', '2021-07-12T15:21:50.051222Z'], ['niraj-kamdar', '2021-07-08T05:24:06.502611Z']]"
https://gitcoin.co/issue/25864,algorandfoundation,grow-algorand,"[['beakersoft', '2021-06-29T22:12:14.523726Z'], ['crypblockcode', '2021-08-12T13:26:03.490780Z'], ['babcoccl', '2021-07-07T15:02:55.166661Z'], ['michaelockenden', '2021-07-07T21:08:31.881064Z'], ['shumin', '2021-07-06T20:28:37.239069Z'], ['slava096', '2021-07-07T06:39:48.752589Z']]"
https://gitcoin.co/issue/25863,algorandfoundation,grow-algorand,"[['emg110', '2021-07-06T10:36:26.438267Z'], ['gidonkatten', '2021-06-17T16:15:05.280699Z']]"
https://gitcoin.co/issue/25860,algorandfoundation,grow-algorand,"[['figurestudios', '2021-06-30T07:28:01.959721Z'], ['bobsub218', '2021-06-29T13:20:49.808476Z'], ['dzuqe', '2021-06-21T09:46:04.202446Z'], ['3dlifee', '2021-06-21T09:40:26.094806Z'], ['gidonkatten', '2021-06-24T23:12:20.342789Z'], ['damianb-bitflipper', '2021-07-13T03:32:54.642305Z'], ['emmaodia', '2021-07-08T17:35:27.940585Z'], ['tanveerm82', '2021-06-11T13:40:56.454410Z']]"
https://gitcoin.co/issue/25840,algorandfoundation,grow-algorand,"[['zhou9ding', '2021-06-07T16:15:13.886506Z']]"
https://gitcoin.co/issue/25830,harmony-one,bounties,"[['azizyano', '2021-07-24T17:39:52.957335Z'], ['l-kh', '2021-07-24T14:13:23.038405Z'], ['swapp1990', '2021-07-23T08:02:34.796111Z'], ['deepface19', '2021-06-16T11:48:44.443168Z'], ['umarluqman', '2021-07-25T20:04:47.913317Z'], ['acevikings', '2021-07-24T21:07:32.685996Z']]"
https://gitcoin.co/issue/25829,harmony-one,bounties,"[['skarchon', '2021-07-01T15:42:51Z'], ['sandrogomes94', '2021-06-26T00:11:41.186056Z']]"
https://gitcoin.co/issue/25827,SovrynBTC,sovrython-2021-bounties,"[['dxiri', '2021-06-21T23:25:13.300539Z'], ['bobsub218', '2021-07-15T23:57:31.115355Z'], ['kkknives', '2021-07-15T23:44:01.429693Z'], ['t-phoenix', '2021-07-15T22:22:17.402741Z'], ['distributeddoge', '2021-07-15T21:33:37.318837Z'], ['creative-ed', '2021-07-14T22:18:43.140310Z'], ['srimankatipally', '2021-07-14T17:49:23.971758Z'], ['tanishqdsharma', '2021-07-14T17:12:06.665058Z'], ['nimesh08', '2021-07-14T16:07:53.742401Z'], ['b-osamah-ahmed', '2021-06-17T07:30:10.055209Z'], ['fishbiscuit', '2021-07-15T04:54:04Z']]"
https://gitcoin.co/issue/25825,SovrynBTC,sovrython-2021-bounties,"[['harrigan', '2021-07-14T20:03:00Z']]"
https://gitcoin.co/issue/25824,SovrynBTC,sovrython-2021-bounties,"[['aranyani01', '2021-07-16T00:12:27Z'], ['jackethmoney', '2021-07-14T21:45:31Z']]"
https://gitcoin.co/issue/25822,SovrynBTC,sovrython-2021-bounties,"[['dxganta', '2021-07-15T15:58:00Z']]"
https://gitcoin.co/issue/25821,SovrynBTC,sovrython-2021-bounties,"[['liuguilin521', '2021-06-05T13:54:25.930981Z'], ['dodecane', '2021-07-15T19:45:40Z']]"
https://gitcoin.co/issue/25820,SovrynBTC,sovrython-2021-bounties,"[['neo-dr', '2021-07-15T01:22:52Z'], ['domix14', '2021-07-14T23:18:19Z']]"
https://gitcoin.co/issue/25819,SovrynBTC,sovrython-2021-bounties,"[['pseudozach', '2021-07-12T03:04:28Z'], ['grmkris', '2021-07-11T18:22:59Z'], ['realpseudozach', '2021-07-13T02:54:53.352716Z']]"
https://gitcoin.co/issue/25818,SovrynBTC,sovrython-2021-bounties,"[['layinka', '2021-07-12T11:38:14Z']]"
https://gitcoin.co/issue/25817,SovrynBTC,sovrython-2021-bounties,"[['except-pass', '2021-07-12T23:51:16Z'], ['developerinprogress', '2021-07-13T14:06:03Z']]"
https://gitcoin.co/issue/25814,SovrynBTC,sovrython-2021-bounties,"[['goums', '2021-07-15T13:09:26Z'], ['jamiels', '2021-07-19T03:18:10Z']]"
https://gitcoin.co/issue/25812,SovrynBTC,sovrython-2021-bounties,"[['hackyguru', '2021-07-15T17:12:00Z']]"
https://gitcoin.co/issue/25810,SovrynBTC,sovrython-2021-bounties,"[['neo-dr', '2021-07-15T01:16:25Z']]"
https://gitcoin.co/issue/25809,SovrynBTC,sovrython-2021-bounties,"[['branafinance', '2021-07-20T22:29:31Z'], ['val314159', '2021-07-15T02:40:43.768142Z']]"
https://gitcoin.co/issue/25805,api3dao,airnode,"[['masaun', '2021-07-15T13:04:13.421439Z'], ['johnquid', '2021-07-15T22:55:57Z']]"
https://gitcoin.co/issue/25804,harmony-one,bounties,"[['niklr', '2021-06-18T08:06:15.061501Z']]"
https://gitcoin.co/issue/25803,harmony-one,bounties,"[['coco-sha', '2021-08-09T20:04:12.592804Z']]"
https://gitcoin.co/issue/25802,harmony-one,bounties,"[['touhonoob', '2021-06-05T17:35:42.424797Z'], ['gcbthtr', '2021-06-05T18:06:44.880928Z']]"
https://gitcoin.co/issue/25792,backstop-protocol,score,"[['gitdid', '2021-06-13T17:26:24.364745Z'], ['coret2973', '2021-06-02T08:56:55.513563Z'], ['dmc8013', '2021-05-31T18:05:24.645132Z'], ['rastacoin808', '2021-05-30T18:18:11.768738Z'], ['ska99kanda', '2021-05-30T12:14:19.679422Z'], ['vipineth', '2021-06-01T19:27:57Z'], ['dodo13822', '2021-06-10T15:37:38.891716Z'], ['eka12', '2021-05-30T23:33:24.037140Z'], ['umarfauzi1992', '2021-05-30T15:01:21.979639Z'], ['akbarjaya77719', '2021-05-31T02:14:36.025646Z']]"
https://gitcoin.co/issue/25787,diadata-org,diadata,"[['xenowits', '2021-06-29T08:09:32.416924Z']]"
https://gitcoin.co/issue/25782,OmniacsDAO,eth2-validator-health-dashboard,"[['controlcpluscontrolv', '2021-06-02T18:20:37.754856Z']]"
https://gitcoin.co/issue/25781,diadata-org,diadata,"[['elnaril', '2021-06-01T10:50:57.876948Z']]"
https://gitcoin.co/issue/25763,celo-org,celo-monorepo,"[['deepakhb2', '2021-05-26T15:02:29.672778Z']]"
https://gitcoin.co/issue/25760,hoprnet,hopr-community,"[['baldator', '2021-05-30T21:16:31.142278Z']]"
https://gitcoin.co/issue/25757,BitgesellOfficial,bitgesell,"[['tkembo', '2021-05-21T08:30:19.570362Z'], ['nicholas0071234', '2021-05-28T00:48:19.186645Z'], ['lamyaim', '2021-05-22T16:35:08.678964Z'], ['mlafferty1990', '2021-05-21T22:18:12.814257Z'], ['zfcpowell', '2021-07-02T15:59:38.776490Z'], ['gottafeedmyboy', '2021-06-01T03:40:37.576498Z'], ['tifani19', '2021-05-30T06:29:59.901309Z'], ['aturx', '2021-05-25T02:29:08.938608Z'], ['koroanyot12', '2021-05-27T22:43:32.573403Z'], ['ayushkumar63123', '2021-07-11T16:52:08.844999Z'], ['charls55', '2021-05-23T12:36:45.324828Z']]"
https://gitcoin.co/issue/25756,Badger-Finance,badger-system,"[['gallodasballo', '2021-06-01T13:27:51.420839Z'], ['zhangxiaobai003', '2021-05-26T03:50:58.969733Z'], ['mlafferty1990', '2021-05-25T00:00:24.329617Z'], ['developer-piyush', '2021-05-31T19:29:16.350763Z'], ['liezna', '2021-05-29T17:32:31.351106Z']]"
https://gitcoin.co/issue/25755,Badger-Finance,badger-system,"[['mlafferty1990', '2021-05-22T03:11:13.356441Z'], ['gallodasballo', '2021-05-26T21:59:35Z']]"
https://gitcoin.co/issue/25753,iotexproject,halogrants,"[['mwood77', '2021-05-27T13:21:56Z'], ['ries9112', '2021-05-30T00:36:45.040395Z'], ['nagibraik', '2021-05-28T18:04:04.969925Z']]"
https://gitcoin.co/issue/25749,EthWorks,hackathons,"[['xandronus', '2021-05-29T19:17:01Z'], ['mohinishteja', '2021-05-31T07:56:28Z'], ['tippi-fifestarr', '2021-05-31T07:41:34.265613Z'], ['tttienthinh', '2021-05-29T23:27:56.693939Z'], ['vinhbhn', '2021-05-29T12:29:28.183919Z'], ['trozler', '2021-05-31T07:10:28.221912Z']]"
https://gitcoin.co/issue/25742,hoprnet,hopr-community,"[['omnianalytics', '2021-06-10T19:35:20.657015Z']]"
https://gitcoin.co/issue/25739,near,bounties,[]
https://gitcoin.co/issue/25738,near,bounties,[]
https://gitcoin.co/issue/25737,near,bounties,[]
https://gitcoin.co/issue/25736,near,bounties,[]
https://gitcoin.co/issue/25735,near,bounties,[]
https://gitcoin.co/issue/25734,near,bounties,[]
https://gitcoin.co/issue/25733,metagov,open-web-challenge,[]
https://gitcoin.co/issue/25726,RampNetwork,0xHack,"[['tgoerke', '2021-05-30T21:56:41.332584Z'], ['travisscode', '2021-06-23T05:37:00.588750Z'], ['stefanvitor', '2021-05-30T14:44:31.456015Z'], ['mohinishteja', '2021-05-31T07:58:06.485451Z'], ['hazim-j', '2021-05-30T07:54:24.371016Z'], ['kryptopoo', '2021-05-23T08:57:13.380150Z'], ['drewsapple', '2021-05-31T07:09:55.787697Z']]"
https://gitcoin.co/issue/25725,RampNetwork,0xHack,"[['riyasoganii', '2021-05-30T04:00:43.154175Z'], ['mohinishteja', '2021-05-31T07:53:53.651019Z'], ['trozler', '2021-05-31T07:17:56.373052Z'], ['hazim-j', '2021-05-30T07:49:40.139414Z']]"
https://gitcoin.co/issue/25724,RampNetwork,0xHack,"[['koredefashokun', '2022-01-04T13:18:33.502749Z'], ['riyasoganii', '2021-05-30T03:51:25.742077Z'], ['lorenzoprimi', '2021-05-31T08:33:59.029704Z'], ['mohinishteja', '2021-05-31T07:50:50.787501Z'], ['tigshouse', '2021-05-19T00:04:47.750039Z'], ['trozler', '2021-05-31T07:15:52.721345Z'], ['cult-leader-en', '2021-05-31T04:54:05.279127Z'], ['jalvarez212', '2021-05-30T23:24:54.623220Z'], ['hazim-j', '2021-05-30T07:44:21.863352Z'], ['nya-elimuai', '2021-05-31T08:18:37.776445Z']]"
https://gitcoin.co/issue/25722,EthWorks,hackathons,"[['trozler', '2021-05-31T15:06:01.472734Z'], ['nescampos', '2021-05-30T16:29:23.325490Z'], ['im-adithya', '2021-05-31T13:55:30.198871Z'], ['lorenzoprimi', '2021-05-31T08:34:11.992925Z'], ['cult-leader-en', '2021-05-31T04:52:15.413306Z'], ['bild96', '2021-05-30T10:39:09.704792Z'], ['thehated1', '2021-05-31T12:03:42.336124Z'], ['drewsapple', '2021-05-31T07:12:07.204686Z']]"
https://gitcoin.co/issue/25721,algorandfoundation,grow-algorand,"[['zhou9ding', '2021-05-13T13:44:52.262025Z']]"
https://gitcoin.co/issue/25712,algorandfoundation,grow-algorand,"[['zhou9ding', '2021-05-12T05:31:33.677555Z']]"
https://gitcoin.co/issue/25702,moonbeam-foundation,hackathon-0x-moonbeam,"[['mwufi', '2021-06-12T03:17:06Z'], ['developer-piyush', '2021-06-01T04:58:58.377275Z'], ['maplerichie', '2021-06-14T05:25:27Z']]"
https://gitcoin.co/issue/25701,moonbeam-foundation,hackathon-0x-moonbeam,"[['mwufi', '2021-06-13T21:56:41.984425Z'], ['aadorian', '2021-05-31T06:22:15.613589Z'], ['maplerichie', '2021-06-17T20:16:36.371767Z']]"
https://gitcoin.co/issue/25700,hermeznetwork,0xhack,[]
https://gitcoin.co/issue/25696,keep-network,Bounties-and-Grants,"[['turtlesoupy', '2021-05-12T04:42:28Z']]"
https://gitcoin.co/issue/25695,keep-network,Bounties-and-Grants,"[['benlongstaff', '2021-05-13T05:16:27.644772Z']]"
https://gitcoin.co/issue/25694,hermeznetwork,0xhack,"[['fluffypill0w', '2021-05-31T00:29:13.364716Z'], ['nescampos', '2021-05-29T23:40:39.487612Z'], ['vporton', '2021-05-15T19:18:43.211060Z']]"
https://gitcoin.co/issue/25693,hermeznetwork,0xhack,[]
https://gitcoin.co/issue/25692,hermeznetwork,0xhack,[]
https://gitcoin.co/issue/25689,snxgrants,open-defi-hackathon,"[['sgoia', '2021-05-23T23:59:32.011466Z'], ['gvladika', '2021-05-23T22:19:03.788777Z'], ['sarasioux', '2021-05-15T17:26:36.413232Z'], ['metodi96', '2021-05-13T21:10:28.774845Z'], ['sekmet', '2021-05-23T23:57:01.694675Z'], ['skarchon', '2021-05-23T22:02:47.629860Z']]"
https://gitcoin.co/issue/25688,snxgrants,open-defi-hackathon,"[['sekmet', '2021-05-23T23:53:15.863422Z'], ['whamsicore', '2021-05-24T03:54:26.760193Z'], ['sarasioux', '2021-05-18T19:45:59.824119Z'], ['ajand', '2021-05-23T23:19:00.082602Z']]"
https://gitcoin.co/issue/25687,snxgrants,open-defi-hackathon,"[['ajand', '2021-05-23T23:21:41.247334Z'], ['sarasioux', '2021-05-23T15:22:20.155250Z']]"
https://gitcoin.co/issue/25686,golemfactory,hackathons,"[['marijnstevens', '2021-05-10T19:49:03.908600Z'], ['developerinprogress', '2021-05-30T16:46:11.000243Z'], ['hhio618', '2021-06-02T22:34:39.133310Z']]"
https://gitcoin.co/issue/25685,status-im,0xHack,"[['acolytec3', '2021-05-30T15:35:48.470403Z'], ['nextgenerationnews', '2021-05-31T03:26:37.347613Z'], ['victaphu', '2021-06-04T02:17:09.812641Z']]"
https://gitcoin.co/issue/25680,status-im,0xHack,"[['guillaumepalayer', '2021-06-06T17:07:02.325238Z'], ['riyasoganii', '2021-06-05T15:53:39.822130Z'], ['grcasanova', '2021-06-04T19:34:23.953438Z'], ['nicemarcela', '2021-05-30T20:50:38.855457Z']]"
https://gitcoin.co/issue/25674,Zilliqa,Zilliqa,"[['mattdavis1337', '2021-06-11T12:01:40.015719Z'], ['shirishkulkarni', '2021-06-11T12:01:22.767086Z'], ['skarchon', '2021-06-11T11:02:09.274859Z'], ['aj07', '2021-06-11T09:56:10.474626Z'], ['stevegachau', '2021-06-11T08:15:33.543490Z'], ['tralkan', '2021-06-11T03:57:31.885266Z'], ['p2pvid', '2021-06-11T03:52:59.667611Z'], ['ziltings', '2021-06-11T00:43:25.090119Z'], ['developer-piyush', '2021-06-09T06:00:18.837355Z'], ['fragmnt', '2021-06-10T21:48:21.476173Z'], ['sladecek', '2021-06-10T14:03:27.843910Z'], ['azizyano', '2021-06-08T23:09:42.100090Z'], ['dutraa', '2021-06-11T19:48:08.309082Z']]"
https://gitcoin.co/issue/25673,Zilliqa,Zilliqa,"[['mattdavis1337', '2021-06-11T12:02:28.533076Z'], ['ajand', '2021-06-11T10:01:28.428447Z'], ['grcasanova', '2021-06-11T08:34:41.932001Z'], ['fragmnt', '2021-06-10T21:49:22.977055Z'], ['execc', '2021-06-10T21:13:12.660706Z'], ['ziltings', '2021-06-11T00:43:57.640766Z']]"
https://gitcoin.co/issue/25672,Zilliqa,Zilliqa,"[['csajedi', '2021-06-11T11:52:12.988123Z'], ['zyra-zia', '2021-06-11T10:11:02.064762Z'], ['betterclever', '2021-06-11T09:24:42.302424Z'], ['fragmnt', '2021-06-10T21:50:36.563581Z'], ['aj07', '2021-06-11T10:02:55.262802Z'], ['deepface19', '2021-06-06T13:14:24.754278Z']]"
https://gitcoin.co/issue/25671,Zilliqa,Zilliqa,"[['vaibhavgeek', '2021-06-11T11:19:13.361691Z'], ['dizzydenniz', '2021-06-11T09:17:06.646115Z'], ['fragmnt', '2021-06-10T21:51:06.365946Z'], ['stefanvitor', '2021-06-11T10:23:01.518472Z'], ['ajand', '2021-06-11T10:03:00.393784Z'], ['p2pvid', '2021-06-11T03:49:26.983389Z']]"
https://gitcoin.co/issue/25670,web3index,web3index-org,"[['baldator', '2021-07-16T21:22:17.232869Z']]"
https://gitcoin.co/issue/25668,lidofinance,lido-dao,"[['massun-onibakuchi', '2021-05-22T03:24:16.801216Z'], ['soleauchain', '2021-05-23T23:25:26.051666Z'], ['0xparashar', '2021-05-19T10:34:32.080778Z'], ['0xkarl', '2021-05-21T13:33:46.855671Z'], ['masaun', '2021-05-23T13:29:11.301972Z'], ['dodecane', '2021-05-23T04:07:53.533949Z'], ['sunnyrk', '2021-05-24T07:47:09.327199Z']]"
https://gitcoin.co/issue/25667,lidofinance,lido-dao,"[['0xsolidityguy', '2021-05-23T08:27:02.993399Z']]"
https://gitcoin.co/issue/25666,lidofinance,lido-dao,"[['tanishqjasoria', '2021-05-20T17:20:20.302961Z'], ['guayou888', '2021-05-05T14:00:16.618962Z'], ['tomafrench', '2021-05-19T23:56:34.593137Z']]"
https://gitcoin.co/issue/25665,livepeer,go-livepeer,"[['reubenr0d', '2021-05-05T15:00:18.393407Z']]"
https://gitcoin.co/issue/25664,livepeer,go-livepeer,"[['reubenr0d', '2021-05-05T15:04:14.042844Z']]"
https://gitcoin.co/issue/25663,snxgrants,open-defi-hackathon,"[['elocremarc', '2021-05-23T20:53:13.980129Z'], ['sekmet', '2021-05-23T23:42:51.440212Z'], ['slava096', '2021-05-23T10:04:58.449354Z'], ['spiyer99', '2021-05-13T21:19:32.603182Z'], ['pimoens', '2021-05-19T18:53:19.816856Z'], ['redhabena', '2021-05-06T22:01:35.788975Z'], ['vorg-san', '2021-05-23T02:54:19.521016Z'], ['thechosenone98', '2021-05-13T17:50:08.365544Z']]"
https://gitcoin.co/issue/25662,snxgrants,open-defi-hackathon,"[['spiyer99', '2021-05-16T21:36:39.600915Z'], ['pimoens', '2021-05-21T16:37:41Z'], ['kedmertens', '2021-05-18T20:27:33.088068Z'], ['redhabena', '2021-05-06T22:02:24.521801Z'], ['sekmet', '2021-05-05T11:41:36.355650Z']]"
https://gitcoin.co/issue/25660,scrtlabs,Grants,"[['floar', '2021-05-23T21:52:56.453274Z'], ['ysongh', '2021-05-24T03:53:13.109474Z']]"
https://gitcoin.co/issue/25652,oceanprotocol-archive,bounties,[]
https://gitcoin.co/issue/25650,byterocket,gitcoin-bounties,"[['leetdev', '2021-05-06T16:05:32.593724Z']]"
https://gitcoin.co/issue/25649,backstop-protocol,BCompound,[]
https://gitcoin.co/issue/25648,hoprnet,hopr-community,"[['niklr', '2021-05-06T18:07:25.411152Z']]"
https://gitcoin.co/issue/25647,kodadot,nft-gallery,"[['andreygrin', '2021-05-12T10:09:48.738664Z']]"
https://gitcoin.co/issue/25646,degen-vc,infinity-landing,"[['navi24', '2021-05-08T12:36:22.972466Z'], ['alghulgit94', '2021-05-08T07:21:12.351186Z'], ['hoangkta610', '2021-05-08T05:01:51.992949Z'], ['writeprovidence', '2021-05-08T03:06:07.307709Z'], ['jeez514', '2021-05-06T17:58:42.179842Z'], ['sarasioux', '2021-05-05T22:06:53.299674Z'], ['al5ina5', '2021-05-18T16:02:16.967779Z'], ['lemivv2210', '2021-05-08T05:37:21.830972Z']]"
https://gitcoin.co/issue/25644,Badger-Finance,badger-system,"[['adi99', '2021-05-23T20:08:41.491441Z'], ['massun-onibakuchi', '2021-05-20T09:28:56.385135Z'], ['0xsolidityguy', '2021-05-21T09:12:24.288950Z'], ['amityadav0', '2021-05-19T07:09:48.453145Z'], ['adigautam123', '2021-05-23T21:21:53.591193Z'], ['0xkarl', '2021-05-14T15:07:38.750057Z'], ['gallodasballo', '2021-05-23T21:34:02.342639Z']]"
https://gitcoin.co/issue/25643,DevCoral,CoralScillaContract,"[['apurbapokharel', '2021-05-22T14:25:43.228765Z']]"
https://gitcoin.co/issue/25641,backstop-protocol,dss-cdp-manager,"[['sunnyrk', '2021-05-25T09:28:46.438530Z']]"
https://gitcoin.co/issue/25639,pickle-finance,pickle-ui,"[['janklimo', '2021-05-10T21:29:19.951011Z'], ['fyang1024', '2021-05-10T17:35:27.878490Z']]"
https://gitcoin.co/issue/25638,Conflux-Chain,gitcoin-bounties,[]
https://gitcoin.co/issue/25635,88mphapp,ng88mph-frontend,"[['0xszeth', '2021-05-23T13:31:02.379620Z']]"
https://gitcoin.co/issue/25634,88mphapp,88mph-contracts,[]
https://gitcoin.co/issue/25633,88mphapp,88mph-contracts,"[['uwe', '2021-05-24T11:54:15.417312Z'], ['sunnyrk', '2021-05-24T02:55:54.068023Z']]"
https://gitcoin.co/issue/25629,DecenterApps,defisaver-open-defi-hackathon,"[['charls55', '2021-05-23T12:54:30.157266Z']]"
https://gitcoin.co/issue/25625,vegaprotocol,bounties,"[['0xkarl', '2021-05-16T16:34:26.011185Z']]"
https://gitcoin.co/issue/25620,oasisprotocol,oasis-quest-hackathon,"[['asardon', '2021-05-21T23:34:47.535540Z'], ['rajatbeladiya', '2021-05-23T20:38:05.020231Z'], ['nescampos', '2021-05-23T14:42:13.355820Z'], ['miluer-tcq', '2021-05-18T14:34:55.491831Z']]"
https://gitcoin.co/issue/25619,fetchai,mettalex-market-maker,"[['sekmet', '2021-05-07T19:17:03.382637Z']]"
https://gitcoin.co/issue/25616,dhedge,dhedge-docs,"[['irhonin', '2021-05-08T13:55:19Z']]"
https://gitcoin.co/issue/25614,dhedge,dhedge-docs,"[['sekmet', '2021-05-22T15:42:58.435022Z']]"
https://gitcoin.co/issue/25612,hoprnet,hopr-community,"[['niklr', '2021-05-25T14:59:45.267346Z']]"
https://gitcoin.co/issue/25611,hoprnet,hopr-community,"[['veusti75', '2021-05-09T14:56:33.640350Z']]"
https://gitcoin.co/issue/25604,harmony-one,bounties,"[['rinword', '2021-05-17T16:44:53.376431Z']]"
https://gitcoin.co/issue/25601,degen-vc,HardCore,"[['vinhbhn', '2021-05-16T11:36:35.849651Z'], ['thedai1991', '2021-05-03T17:32:29.628489Z']]"
https://gitcoin.co/issue/25599,harmony-one,bounties,"[['luttyyang', '2021-07-12T15:21:25.956512Z']]"
https://gitcoin.co/issue/25596,degen-vc,options-market-core,"[['rdelacrz', '2021-05-16T01:32:23.828778Z']]"
https://gitcoin.co/issue/25595,degen-vc,NFT,[]
https://gitcoin.co/issue/25594,degen-vc,unbox-art-nft-erc20,"[['dodecane', '2021-05-17T12:02:03.465104Z'], ['sagar133', '2021-05-17T19:16:22.736772Z'], ['akashghost', '2021-05-17T19:44:04.523824Z']]"
https://gitcoin.co/issue/25593,degen-vc,degen-vc-v2,"[['masaun', '2021-05-17T15:06:16.381770Z']]"
https://gitcoin.co/issue/25592,degen-vc,liquid-vault,"[['naovader888', '2021-05-18T00:00:45.572498Z'], ['masaun', '2021-05-17T14:55:18.005382Z']]"
https://gitcoin.co/issue/25588,hoprnet,hopr-community,"[['vicky-1207', '2021-05-06T09:28:40.246577Z']]"
https://gitcoin.co/issue/25587,harmony-one,bounties,"[['ntsanov', '2021-04-25T10:15:13.611371Z'], ['osadovy', '2021-04-24T17:25:11.482316Z']]"
https://gitcoin.co/issue/25583,SmartLoan,smartloan-sml-paper,"[['supersam1995', '2021-04-24T19:37:48.256988Z']]"
https://gitcoin.co/issue/25578,harmony-one,bounties,"[['vinhbhn', '2021-04-24T07:08:56.661789Z'], ['bmgalego', '2021-04-22T08:53:11.419807Z'], ['developerfred', '2021-04-25T04:16:39.811193Z']]"
https://gitcoin.co/issue/25575,TrueFiEng,useDApp,"[['gasolin', '2021-05-30T12:43:54Z'], ['cult-leader-en', '2021-05-31T04:55:37Z'], ['trozler', '2021-05-31T06:55:57.199010Z']]"
https://gitcoin.co/issue/25574,TrueFiEng,useDApp,"[['sgoia', '2021-06-02T22:09:28.783723Z'], ['osamaelhariri', '2021-05-30T18:47:45Z'], ['massun-onibakuchi', '2021-05-30T15:13:51.086807Z'], ['flyinglimao', '2021-05-29T20:41:54.292266Z']]"
https://gitcoin.co/issue/25573,TrueFiEng,useDApp,"[['lucasespinosa28', '2021-05-31T04:59:07Z'], ['nescampos', '2021-05-30T22:29:15.746381Z']]"
https://gitcoin.co/issue/25570,TrueFiEng,useDApp,"[['mikee-guess44', '2021-05-31T08:39:15Z'], ['developer-piyush', '2021-05-30T15:54:37.117092Z'], ['lucasespinosa28', '2021-05-30T07:13:00Z'], ['kyriediculous', '2021-05-31T03:00:20Z'], ['eguajardo', '2021-05-31T08:36:01Z'], ['trozler', '2021-05-31T07:06:07.487197Z']]"
https://gitcoin.co/issue/25569,thxprotocol,slack-bot,"[['mul53', '2021-06-09T09:49:14.189181Z']]"
https://gitcoin.co/issue/25566,TrueFiEng,useDApp,"[['developer-piyush', '2021-05-31T19:23:58.564828Z'], ['drewsapple', '2021-05-31T07:08:17Z'], ['eguajardo', '2021-05-31T08:36:49.534702Z'], ['flyinglimao', '2021-05-29T20:38:55.393791Z'], ['maish32', '2021-05-29T17:45:02.385954Z'], ['trozler', '2021-05-31T07:07:49Z'], ['mikee-guess44', '2021-05-31T08:46:51.316176Z'], ['lucasespinosa28', '2021-05-30T07:20:36.789442Z']]"
https://gitcoin.co/issue/25561,reflexer-labs,geb-safe-saviours,"[['jamesconnolly93', '2021-05-06T00:37:58.579805Z']]"
https://gitcoin.co/issue/25551,hoprnet,hoprnet,"[['skylenet', '2021-04-28T14:30:55.391582Z']]"
https://gitcoin.co/issue/25547,harmony-one,bounties,"[['luttyyang', '2021-04-16T02:59:05Z']]"
https://gitcoin.co/issue/25546,rsksmart,rsk-gitcoin-hackathon-2021,"[['skarchon', '2021-05-13T07:19:55.822160Z'], ['elmol', '2021-04-29T13:52:21Z']]"
https://gitcoin.co/issue/25545,rsksmart,rsk-gitcoin-hackathon-2021,"[['jamesrowe08', '2021-05-11T20:41:38Z'], ['elmol', '2021-05-02T01:43:50.910058Z']]"
https://gitcoin.co/issue/25544,rsksmart,rsk-gitcoin-hackathon-2021,"[['jamesrowe08', '2021-05-11T20:40:04.069388Z'], ['elmol', '2021-05-01T04:47:09Z']]"
https://gitcoin.co/issue/25543,rsksmart,rsk-gitcoin-hackathon-2021,"[['masterbluecompact', '2021-05-10T21:22:11Z']]"
https://gitcoin.co/issue/25542,rsksmart,rsk-gitcoin-hackathon-2021,"[['vmandal', '2021-05-08T08:27:02Z']]"
https://gitcoin.co/issue/25541,rsksmart,rsk-gitcoin-hackathon-2021,"[['vmandal', '2021-05-08T08:31:44Z']]"
https://gitcoin.co/issue/25540,rsksmart,rsk-gitcoin-hackathon-2021,"[['anukul', '2021-05-11T16:51:55Z']]"
https://gitcoin.co/issue/25538,rsksmart,rsk-gitcoin-hackathon-2021,"[['skarchon', '2021-05-13T07:24:47Z']]"
https://gitcoin.co/issue/25534,rsksmart,rsk-gitcoin-hackathon-2021,"[['sladecek', '2021-05-13T16:43:28Z']]"
https://gitcoin.co/issue/25526,harmony-one,bounties,"[['maxmustermann2', '2021-04-22T01:04:29.806790Z'], ['hawad86', '2021-04-24T17:49:42.922629Z'], ['bmgalego', '2021-04-18T17:15:40.277664Z'], ['brianspha', '2021-04-16T07:41:54.473558Z']]"
https://gitcoin.co/issue/25525,harmony-one,bounties,"[['bmgalego', '2021-07-28T23:07:42.361326Z'], ['hhio618', '2021-08-08T19:49:04.190920Z']]"
https://gitcoin.co/issue/25516,harmony-one,bounties,"[['luttyyang', '2021-04-13T01:46:07.003347Z']]"
https://gitcoin.co/issue/25515,harmony-one,bounties,"[['rob-lw', '2021-04-22T00:04:47.794060Z']]"
https://gitcoin.co/issue/25514,harmony-one,bounties,"[['noahfigueras', '2021-04-13T00:16:06.093585Z'], ['vinhbhn', '2021-04-13T06:19:04.325557Z']]"
https://gitcoin.co/issue/25512,kodadot,nft-gallery,"[['andreygrin', '2021-04-13T19:11:12.746768Z']]"
https://gitcoin.co/issue/25509,status-im,status-mobile,"[['qfrank', '2021-04-28T10:39:49.743144Z']]"
https://gitcoin.co/issue/25493,SkynetLabs,Skynet-Hive,"[['bhanupsingh77', '2021-04-26T00:05:01.451795Z'], ['redsolver', '2021-04-25T21:04:40.882014Z'], ['lucioroles', '2021-04-25T19:50:26.016917Z'], ['brotherlymite', '2021-04-25T17:48:15.929810Z'], ['rajatbeladiya', '2021-04-25T18:19:19.473430Z'], ['jordanpinski', '2021-04-25T17:20:13.916068Z'], ['kamy22', '2021-04-25T14:18:40.227887Z'], ['michaelmuenzer', '2021-04-25T07:58:42.295794Z'], ['sandrogomes94', '2021-04-23T09:53:42.023011Z'], ['beechains', '2021-04-23T01:55:22.437847Z'], ['figurestudios', '2021-04-21T19:14:53.331347Z'], ['lucasespinosa28', '2021-04-21T15:20:53.744206Z'], ['mayankkanela', '2021-04-26T17:19:24.513610Z'], ['agin-dropdisco', '2021-04-26T06:53:46.607964Z'], ['adnssc', '2021-04-26T06:50:41.192716Z'], ['skynethubio', '2021-04-26T06:27:49.493866Z'], ['mikopeck', '2021-04-26T01:51:59.106583Z'], ['zinderud', '2021-04-12T15:57:38.217305Z'], ['dtosca', '2021-04-26T01:30:24.958150Z'], ['devattila87', '2021-04-19T18:10:48.824001Z'], ['netcetera', '2021-04-26T05:58:22.871330Z'], ['ysongh', '2021-04-26T03:48:55.354279Z'], ['alexfreska', '2021-04-26T01:11:58.069185Z'], ['robertdicker', '2021-04-19T04:36:50.515714Z'], ['nathanganser', '2021-04-23T17:37:23.500399Z'], ['adithyaakrishna', '2021-04-23T11:34:53.924451Z'], ['antonyip', '2021-04-15T22:26:09.297303Z'], ['victor-wei126', '2021-04-26T06:58:38.725338Z'], ['ericflo', '2021-04-26T06:46:20.920146Z'], ['wellhat', '2021-04-26T02:12:36.905254Z'], ['ubinix-warun', '2021-04-26T01:27:05.705083Z']]"
https://gitcoin.co/issue/25492,thxprotocol,discord-bot,"[['garfdev', '2021-04-30T08:45:06.723858Z']]"
https://gitcoin.co/issue/25491,harmony-one,bounties,"[['bmgalego', '2021-04-12T13:33:59.028098Z'], ['karbafoo', '2021-04-20T15:55:47.053091Z']]"
https://gitcoin.co/issue/25487,harmony-one,bounties,"[['antonyip', '2021-04-07T13:26:52Z']]"
https://gitcoin.co/issue/25434,reflexer-labs,whitepapers,"[['gkrust', '2021-04-28T22:05:47.481807Z']]"
https://gitcoin.co/issue/25433,celo-org,gitcoin,"[['stockriii', '2021-05-01T13:39:27.822453Z'], ['hgaddy2', '2021-04-29T20:35:31.456274Z'], ['royaldoy', '2021-04-28T13:11:21.039746Z'], ['cryptothunder0', '2021-04-24T10:41:58.860332Z'], ['tomsteer1', '2021-04-27T13:24:25.403790Z'], ['alexreyes', '2021-04-19T00:07:17.803706Z'], ['hary49', '2021-04-27T13:02:52.707331Z'], ['juliandealis', '2021-04-18T06:54:55.043112Z'], ['nicholascioli', '2021-04-11T16:15:04.069107Z'], ['isaiahwright', '2021-04-09T19:20:28.360088Z'], ['hagrace4', '2021-04-04T00:19:22Z'], ['dariaka1509', '2021-04-03T22:29:24.006794Z'], ['122750', '2021-04-03T14:40:25.844173Z'], ['kaylakreuzer', '2021-04-05T21:39:11.318264Z'], ['golfhackmeaw06', '2021-04-03T23:59:18.533237Z'], ['ezlemon', '2021-05-27T18:31:26.967885Z'], ['adipauziah', '2021-05-26T20:33:28.090248Z'], ['davorblaz', '2021-05-26T07:26:52.229283Z'], ['decrypt18', '2021-05-18T15:51:44.079957Z'], ['arfla', '2021-06-01T16:03:57.759685Z'], ['vcyleung', '2021-05-28T19:01:07.415539Z'], ['alvanmaulan', '2021-05-28T18:08:31.273485Z'], ['syahrizxy', '2021-05-01T14:14:16.963939Z'], ['remando72', '2021-04-30T22:18:23.437479Z'], ['nomishdr', '2021-05-05T14:06:25.354926Z'], ['tainuanan', '2021-05-02T07:44:37.792712Z'], ['malwandefan99', '2021-04-30T20:21:25.169345Z'], ['darminamond78', '2021-04-30T22:02:03.117478Z'], ['yudirahman89', '2021-04-30T20:13:57.204264Z'], ['handoraka7', '2021-04-30T18:16:33.335803Z'], ['andriikhmelkov', '2021-04-29T07:54:17.049048Z'], ['alfandinata42', '2021-04-28T10:10:59.416633Z'], ['dewa1990', '2021-04-27T19:09:33.036931Z'], ['anjingbabikamu', '2021-04-27T18:39:20.935873Z'], ['atharvspathak', '2021-04-27T17:56:29.434097Z'], ['cataling90', '2021-04-13T18:41:30.679975Z'], ['earth-oz', '2021-04-13T08:39:33.115340Z'], ['daenchai', '2021-04-13T01:41:41.861701Z'], ['forkvsl', '2021-04-11T05:46:16.598045Z'], ['et-yiyen-cicek', '2021-04-10T09:51:43.201635Z'], ['caferoin1', '2021-05-01T01:12:34.504361Z'], ['igar1991', '2021-04-13T05:15:08.694779Z'], ['sinto3', '2021-04-27T22:46:07.630962Z'], ['wahyu243', '2021-04-10T02:30:19.396048Z'], ['caicu1', '2021-04-27T22:37:27.953452Z'], ['mpandam123', '2021-04-27T21:25:47.928953Z'], ['pay2dik', '2021-04-27T21:09:33.220569Z'], ['asukabehrgb', '2021-04-27T21:43:53.093195Z'], ['dickyfatma', '2021-04-27T09:35:00.167531Z'], ['sidharthpunathil', '2021-04-12T11:16:02.016444Z'], ['pincoex1', '2021-04-27T21:43:18.769595Z'], ['antesp277', '2021-04-26T23:44:52.295472Z'], ['ahsun1', '2021-04-27T21:35:18.425691Z'], ['6ug2', '2021-04-24T08:21:48.435382Z'], ['t-phoenix', '2021-04-23T17:07:34.508501Z'], ['solvesoul', '2021-04-22T10:56:58.673655Z'], ['alvaromaulanna', '2021-04-28T05:12:49.941102Z'], ['pride78', '2021-04-27T21:20:56.357555Z'], ['rizkymaulana27', '2021-04-28T04:43:09.875936Z'], ['meplov', '2021-04-21T04:14:32.294429Z'], ['justsmokeadfly', '2021-04-20T10:20:28.673902Z'], ['revanno', '2021-04-27T20:35:22.649298Z'], ['totibon44', '2021-04-27T10:37:27.230479Z'], ['oleg1994', '2021-04-27T14:31:09.640889Z'], ['julian-st', '2021-04-18T15:15:16.887068Z'], ['onemedicine', '2021-04-14T10:14:20.130221Z'], ['booneybonee', '2021-04-27T10:06:32.204946Z'], ['paytod', '2021-04-27T09:46:21.152828Z'], ['ironpinoy', '2021-04-27T09:44:25.554316Z'], ['kadalmabur', '2021-04-27T12:28:59.517924Z'], ['zeeko517', '2021-04-27T09:41:33.946154Z'], ['vocav', '2021-04-17T20:38:38.025123Z'], ['noobboon7', '2021-04-13T21:52:45.306067Z'], ['developer-piyush', '2021-04-11T13:48:24.258758Z'], ['gitdid', '2021-04-11T15:26:32.459558Z'], ['antonyip', '2021-04-03T01:22:35.485619Z'], ['mukieez0123', '2021-04-02T22:16:37.893253Z'], ['jonafly', '2021-04-07T14:41:46.351580Z'], ['ferinoer', '2021-04-03T13:33:47.714261Z'], ['zhev89', '2021-04-03T02:58:23.948336Z'], ['onekill0503', '2021-04-07T19:07:06.908496Z'], ['logemann', '2021-04-07T06:07:40.981051Z'], ['rileymintable', '2021-04-07T02:13:02.169410Z'], ['bsanghera', '2021-04-02T21:40:03.016964Z'], ['figstastegood', '2021-04-06T19:59:31.218348Z'], ['tesla232', '2021-04-06T13:10:19.120770Z'], ['visavis2k', '2021-04-06T09:00:33.712318Z'], ['jipan76', '2021-04-05T15:38:01.234260Z'], ['sandrogomes94', '2021-04-03T18:12:33Z'], ['bejarano-tech', '2021-04-05T19:14:39.831978Z'], ['igotmybabyback83', '2021-04-15T16:13:30.626150Z'], ['sebastianpulido', '2021-04-15T08:00:42.130228Z'], ['ehgp', '2021-04-13T21:20:11.651872Z'], ['raulfraile', '2021-04-10T06:26:32.536467Z'], ['yoloz123', '2021-04-12T22:14:38.721738Z'], ['phao0309', '2021-04-06T04:26:30.754585Z'], ['giunoliv', '2021-05-01T07:14:24.024018Z'], ['sidx8', '2021-04-30T09:59:00.543715Z'], ['guozhe001', '2021-04-12T05:15:44.614239Z'], ['et-yiyen-cicek1', '2021-04-10T10:38:11.856589Z'], ['aligandi62', '2021-05-01T01:34:30.085356Z'], ['ariskan7', '2021-04-27T11:43:17.462858Z'], ['cheesemstr', '2021-04-03T12:20:01.570022Z'], ['prnicolas10', '2021-04-27T09:15:58.320271Z'], ['ridwanridwan1078', '2021-04-27T21:42:17.356586Z'], ['brohamgoham', '2021-04-24T22:02:37.000894Z'], ['lenexyyy', '2021-04-12T07:51:40.926934Z'], ['quarantus', '2021-04-20T14:17:31.984476Z'], ['maxx6262', '2021-04-19T17:37:28.970519Z'], ['anglehayuuks', '2021-04-27T20:44:44.344253Z'], ['alisolanki', '2021-04-19T11:53:18.557974Z'], ['abdelillah77', '2021-04-25T19:59:58.700260Z'], ['ts-lang', '2021-04-18T16:53:18.507093Z'], ['yureehh', '2021-04-25T10:57:45.899899Z'], ['joaosoares94', '2021-04-14T10:35:42.102365Z'], ['andika2021', '2021-04-27T20:31:46.710960Z'], ['referandea', '2021-04-18T06:00:46.432627Z'], ['romad550', '2021-04-27T14:06:32.893162Z'], ['ganepo10', '2021-04-27T10:26:05.693509Z'], ['pra-dan', '2021-04-25T00:50:48.130233Z'], ['antoan10', '2021-04-27T10:07:00.820369Z'], ['subraiz', '2021-04-24T09:28:10.864020Z'], ['kelvinink', '2021-04-24T03:44:46.024592Z'], ['edrodrigues', '2021-04-18T20:51:00.571797Z'], ['magess', '2021-04-18T15:27:20.165393Z'], ['cyberxlot', '2021-04-27T09:43:14.651292Z'], ['abuboya', '2021-04-18T20:46:33.892607Z'], ['leo5imon', '2021-04-22T10:35:26.456392Z'], ['danielwicker', '2021-04-21T12:06:08.140741Z'], ['ertunc87', '2021-04-05T21:17:57.673514Z'], ['morgan1010', '2021-04-03T20:45:54.038303Z'], ['iscanyc', '2021-04-07T20:26:39.312071Z'], ['adjiadjo', '2021-04-02T21:09:15.987164Z'], ['akunpromoteid', '2021-04-13T21:07:16.865729Z'], ['edwardtay', '2021-04-10T03:44:28.563082Z'], ['optionguru1', '2021-04-09T00:09:27.465231Z'], ['slightlyskepticalpotat', '2021-04-05T00:52:22Z'], ['l-kh', '2021-04-04T09:38:23.351796Z'], ['rogservin', '2021-04-08T18:46:54.422595Z'], ['15060322123', '2021-04-07T14:50:26.957892Z'], ['tevin-isaac', '2021-04-03T01:32:27Z'], ['geyu2019', '2021-04-06T11:42:25.688995Z'], ['tarzan18', '2021-04-05T13:57:50Z'], ['thailer01', '2021-04-05T21:40:27.226802Z'], ['bkimotho', '2021-04-19T17:53:24.640437Z'], ['nicfer91', '2021-04-05T21:02:21.617254Z']]"
https://gitcoin.co/issue/25432,celo-org,gitcoin,"[['brohamgoham', '2021-04-24T22:15:13.314496Z'], ['juliandealis', '2021-04-04T08:39:53.348746Z'], ['yureehh', '2021-04-25T11:06:49.415061Z'], ['doubleoroos', '2021-04-17T13:39:03.617449Z'], ['t-phoenix', '2021-04-18T23:10:56.239639Z'], ['optionguru1', '2021-04-15T20:44:00.708812Z'], ['tevin-isaac', '2021-04-03T02:58:30.383487Z']]"
https://gitcoin.co/issue/25431,celo-org,gitcoin,"[['ertunc87', '2021-04-18T23:36:25.958090Z'], ['nomishdr', '2021-05-26T07:53:08.626298Z'], ['justsmokeadfly', '2021-04-20T10:09:56.597638Z'], ['t-phoenix', '2021-04-23T16:58:14.147264Z'], ['decrypt18', '2021-04-18T10:47:50.600792Z'], ['jipan76', '2021-04-06T03:33:16.653082Z'], ['julian-st', '2021-04-05T19:09:26.135081Z'], ['tevin-isaac', '2021-04-05T17:19:08.433991Z'], ['iamank1t', '2021-04-19T12:55:09.488018Z'], ['phao0309', '2021-04-05T19:18:02.323034Z'], ['cardigan-corgi', '2021-05-02T18:28:29.850020Z'], ['yureehh', '2021-04-25T11:22:20.095271Z'], ['kelvinink', '2021-04-23T22:09:54.420428Z'], ['maxx6262', '2021-04-16T17:43:02.114125Z'], ['metodi96', '2021-04-12T22:58:57.980261Z'], ['hagrace4', '2021-04-12T07:55:58.143000Z'], ['rileymintable', '2021-04-06T23:32:09.150184Z'], ['optionguru1', '2021-04-13T23:51:29.352895Z'], ['akunpromoteid', '2021-04-13T21:14:30.880819Z'], ['goodatdrowning', '2021-04-10T14:36:55.444442Z'], ['geyu2019', '2021-04-06T11:00:12.026666Z'], ['visavis2k', '2021-04-05T09:21:46.424028Z'], ['cult-leader-en', '2021-04-05T03:58:24.677669Z']]"
https://gitcoin.co/issue/25430,hoprnet,hopr-community,"[['t0bij', '2021-05-02T23:37:35.525364Z']]"
https://gitcoin.co/issue/25429,hoprnet,hopr-community,"[['eleonora0119', '2021-05-15T10:02:12.578056Z']]"
https://gitcoin.co/issue/25428,hoprnet,hoprnet,"[['nicobao', '2021-05-05T17:12:23.203109Z']]"
https://gitcoin.co/issue/25375,Phala-Network,phala-blockchain,"[['kichjang', '2021-04-01T10:41:40.426909Z']]"
https://gitcoin.co/issue/25373,celo-org,celo-monorepo,"[['deepakhb2', '2021-04-10T16:40:57.100568Z']]"
https://gitcoin.co/issue/25362,AugurProject,turbo,"[['tomafrench', '2021-04-19T23:27:32.520336Z']]"
https://gitcoin.co/issue/25341,celo-org,celo-monorepo,"[['karbafoo', '2021-03-27T11:26:42.455728Z']]"
https://gitcoin.co/issue/25337,harmony-one,bounties,"[['sunguru98', '2021-04-05T01:51:07Z'], ['bmgalego', '2021-04-05T12:54:31.570590Z']]"
https://gitcoin.co/issue/25321,harmony-one,bounties,"[['ashutoshvarma', '2021-04-06T23:29:22Z']]"
https://gitcoin.co/issue/25320,harmony-one,bounties,"[['deepface19', '2021-05-01T15:19:26.125010Z']]"
https://gitcoin.co/issue/25319,harmony-one,bounties,"[['redhabena', '2021-04-12T10:53:17.473811Z'], ['bmgalego', '2021-04-06T23:25:18Z']]"
https://gitcoin.co/issue/25318,harmony-one,bounties,"[['harjas27', '2021-05-02T19:18:33.109806Z']]"
https://gitcoin.co/issue/25317,harmony-one,bounties,"[['antonyip', '2021-04-10T01:15:51.603309Z'], ['boler99', '2021-04-08T14:44:09Z']]"
https://gitcoin.co/issue/25316,harmony-one,bounties,"[['maxmustermann2', '2021-05-02T10:28:11Z']]"
https://gitcoin.co/issue/25315,harmony-one,bounties,"[['aadorian', '2021-03-29T08:04:18.106842Z']]"
https://gitcoin.co/issue/25313,harmony-one,bounties,"[['harjas27', '2021-04-03T13:11:15Z'], ['kevinkelley', '2021-05-03T20:51:27.776867Z']]"
https://gitcoin.co/issue/25312,harmony-one,bounties,"[['renlulu', '2021-06-25T19:04:40.876954Z']]"
https://gitcoin.co/issue/25311,harmony-one,bounties,"[['aadorian', '2021-03-28T21:52:56.229664Z'], ['gabrielnicolasavellaneda', '2021-05-03T22:56:46.161648Z']]"
https://gitcoin.co/issue/25310,harmony-one,bounties,"[['brianspha', '2021-04-18T21:32:40.796364Z'], ['ntsanov', '2021-04-18T12:50:55Z']]"
https://gitcoin.co/issue/25309,stormxio,debit-card-designs,"[['howardpinsky', '2021-03-25T18:16:17.309687Z']]"
https://gitcoin.co/issue/25308,Phala-Network,phala-blockchain,"[['kichjang', '2021-03-26T10:56:00.433113Z']]"
https://gitcoin.co/issue/25305,celo-org,celo-monorepo,"[['deepakhb2', '2021-03-22T21:13:25.298277Z']]"
https://gitcoin.co/issue/25304,celo-org,celo-monorepo,"[['deepakhb2', '2021-04-01T22:22:59.692395Z']]"
https://gitcoin.co/issue/25265,prntsio,PrntPlace-main,"[['dishaagarwalla', '2021-04-17T06:33:19Z']]"
https://gitcoin.co/issue/25264,gitcoinco,skunkworks,"[['irhonin', '2021-03-24T12:33:29.461773Z']]"
https://gitcoin.co/issue/25261,GreenNFT,GreenNFTs,"[['nicemarcela', '2021-05-06T16:04:50.440814Z'], ['abhinavmir', '2021-05-05T21:54:33Z'], ['karimgitsit', '2021-05-03T20:31:30.745944Z'], ['bobsub218', '2021-05-07T20:36:03.279861Z'], ['mikehroth', '2021-05-06T18:35:01.018699Z'], ['aadorian', '2021-05-05T23:59:14.429524Z'], ['developer-piyush', '2021-04-12T06:05:01.779582Z'], ['boonetb', '2021-05-07T02:36:14.700249Z'], ['shantanu-singh', '2021-05-07T23:02:38.799458Z'], ['namelessperson0', '2021-05-07T19:34:56.230709Z'], ['lucadonnoh', '2021-05-07T18:00:53.813391Z'], ['fishbiscuit', '2021-05-07T21:35:09.537525Z'], ['thetagan', '2021-05-07T18:42:09.263710Z'], ['beechains', '2021-04-24T02:52:14.852742Z'], ['kausug', '2021-04-08T19:12:02.049002Z'], ['robin-rrt', '2021-05-06T20:12:01.270863Z'], ['jennifertrin', '2021-05-07T23:56:02.628245Z'], ['t-phoenix', '2021-05-06T12:41:04.529513Z'], ['climatefutures01', '2021-05-07T22:23:41.067087Z'], ['bguiz', '2021-05-07T11:05:19.097093Z'], ['metodi96', '2021-05-01T18:50:36.626427Z']]"
https://gitcoin.co/issue/25260,GreenNFT,GreenNFTs,"[['blockchainhumphreys', '2021-05-07T14:38:13.471283Z'], ['judokick', '2021-03-26T14:35:03.310141Z'], ['facioergosum', '2021-04-22T19:05:23.653790Z'], ['mikehroth', '2021-05-07T15:51:38.408495Z'], ['leon-do', '2021-04-30T17:30:22.925624Z'], ['nnnnicholas', '2021-05-07T19:37:58.854426Z'], ['lucadonnoh', '2021-05-07T22:05:40.230342Z'], ['metodi96', '2021-05-01T18:49:00.688617Z'], ['boonetb', '2021-05-07T02:35:35.611405Z'], ['dumbfounder', '2021-05-06T19:40:21.153919Z'], ['bdev07', '2021-05-06T02:33:20.775224Z'], ['trish2', '2021-05-04T23:17:37.170120Z'], ['soleauchain', '2021-04-09T08:34:03.616728Z'], ['konopq', '2021-03-25T07:06:16.815742Z'], ['masaun', '2021-05-04T00:33:15.157168Z'], ['execc', '2021-05-06T19:09:17.426892Z'], ['climatefutures01', '2021-05-07T23:14:10.771189Z'], ['grcasanova', '2021-05-06T22:51:17.905055Z'], ['yangwao', '2021-05-07T10:34:19.174909Z'], ['holy-parmesan', '2021-04-19T16:15:30.980542Z']]"
https://gitcoin.co/issue/25259,stormxio,debit-card-designs,"[['iblogg', '2021-03-23T07:35:22.051059Z']]"
https://gitcoin.co/issue/25258,Ideamarket,gitcoin-bounties,"[['mountvase', '2021-03-27T12:04:22.100901Z']]"
https://gitcoin.co/issue/25257,0xHabitat,improvements-and-bugs,"[['writeprovidence', '2021-03-31T08:41:24.996178Z']]"
https://gitcoin.co/issue/25255,stormxio,debit-card-designs,"[['hapob', '2021-03-23T00:53:15.310265Z']]"
https://gitcoin.co/issue/25254,unstoppable-domains-integrations,android-app,"[['leetdev', '2021-03-21T15:29:22.198522Z']]"
https://gitcoin.co/issue/25163,unstoppable-domains-integrations,KyberSwap,"[['leetdev', '2021-03-19T02:44:35.163873Z']]"
https://gitcoin.co/issue/25161,golemfactory,hackathons,[]
https://gitcoin.co/issue/25160,golemfactory,hackathons,"[['r34x', '2021-04-21T18:20:11.212377Z']]"
https://gitcoin.co/issue/25159,golemfactory,hackathons,[]
https://gitcoin.co/issue/25158,golemfactory,hackathons,"[['chrishelmsc', '2021-04-21T02:46:03.212998Z'], ['sevak-crypto', '2021-04-21T22:58:55.738281Z'], ['secretshardul', '2021-04-07T18:56:16.724969Z']]"
https://gitcoin.co/issue/25157,golemfactory,hackathons,"[['rezahsnz', '2021-04-20T17:20:26.187492Z'], ['secretshardul', '2021-04-07T18:54:58.869249Z'], ['sladecek', '2021-04-20T19:36:02.938459Z'], ['vulpwn', '2021-04-21T23:58:24.724328Z'], ['vciancio', '2021-04-21T07:21:05.409860Z'], ['chrishelmsc', '2021-04-21T02:44:10.678866Z'], ['hhio618', '2021-04-21T21:28:01.950414Z'], ['r34x', '2021-04-02T15:38:53.568276Z']]"
https://gitcoin.co/issue/25156,DimensionDev,Maskbook,[]
https://gitcoin.co/issue/25148,DimensionDev,Maskbook,"[['mountvase', '2021-03-18T16:47:45.346205Z'], ['rob-lw', '2021-03-28T21:55:08.051042Z']]"
https://gitcoin.co/issue/25071,gitcoinco,web,"[['irhonin', '2021-03-13T22:16:19.635560Z'], ['bacdayhx', '2021-03-13T14:56:32.614717Z'], ['armythai8710', '2021-03-24T18:51:05.959110Z'], ['developerfred', '2021-03-14T01:49:15.737220Z']]"
https://gitcoin.co/issue/25068,graphprotocol,gitcoin-grants-round-9-hackathon,"[['andrejrakic', '2021-03-31T20:27:24.379446Z'], ['adi99', '2021-03-31T04:16:20.637418Z'], ['zapaz', '2021-03-31T12:30:00.478065Z'], ['secretshardul', '2021-03-31T21:38:14.577877Z'], ['gallodasballo', '2021-03-31T13:55:19.261594Z'], ['sunnyrk', '2021-03-31T11:46:16.441289Z']]"
https://gitcoin.co/issue/25067,Ideamarket,gitcoin-bounties,"[['publicviewtoken', '2021-03-31T22:33:21.164316Z'], ['onemedicine', '2021-03-27T09:21:24.137549Z'], ['noahfigueras', '2021-03-26T23:48:05.282241Z'], ['eguajardo', '2021-03-30T09:01:34.516559Z'], ['slothmanxyz', '2021-03-29T21:26:26.561896Z'], ['cart0uche', '2021-03-28T22:07:20.871057Z'], ['ayushm2003', '2021-03-28T05:49:01.046075Z'], ['shr1ftyy', '2021-03-21T06:49:01.309189Z']]"
https://gitcoin.co/issue/25061,gitcoinco,skunkworks,"[['deepface19', '2021-04-03T10:30:00.719950Z'], ['cartorjo', '2021-03-31T17:43:34.257408Z']]"
https://gitcoin.co/issue/25060,hyperledger-labs,blockchain-carbon-accounting,"[['georgeroman', '2021-03-15T21:27:24.051725Z']]"
https://gitcoin.co/issue/25059,pooltogether,Gitcoin_Grants_Round_9_Bounties,"[['levalleux-ludo', '2021-03-30T20:33:02.508020Z'], ['dvdsm', '2021-03-31T00:15:49.534455Z'], ['masaun', '2021-03-31T14:13:17.271381Z'], ['massun-onibakuchi', '2021-03-30T11:11:05.003300Z']]"
https://gitcoin.co/issue/25056,unigrants,ugp-hacks,"[['sunnyrk', '2021-03-23T08:23:02.412585Z'], ['omnianalytics', '2021-03-30T16:16:38.478765Z'], ['apoorvlathey', '2021-04-01T13:25:43.701367Z'], ['masaun', '2021-03-31T14:18:30.315338Z'], ['davidliu027', '2021-03-30T12:30:23.153608Z'], ['bainetwork', '2021-03-29T13:49:42.310851Z'], ['deepface19', '2021-03-23T18:44:57.575067Z']]"
https://gitcoin.co/issue/25054,Idle-Labs,idle-contracts,"[['sunnyrk', '2021-03-31T14:54:46.609457Z'], ['massun-onibakuchi', '2021-03-31T15:06:20.544112Z']]"
https://gitcoin.co/issue/25053,Ideamarket,gitcoin-bounties,"[['az111z', '2021-03-12T15:21:03.232337Z']]"
https://gitcoin.co/issue/25052,Idle-Labs,idle-contracts,"[['sunnyrk', '2021-03-30T01:02:39.863068Z'], ['0xrs', '2021-03-30T03:05:09.928267Z']]"
https://gitcoin.co/issue/25051,Idle-Labs,idle-contracts,"[['sunnyrk', '2021-03-31T14:54:16.542125Z']]"
https://gitcoin.co/issue/25050,DimensionDev,Maskbook,[]
https://gitcoin.co/issue/25048,DimensionDev,Maskbook,[]
https://gitcoin.co/issue/25046,Ideamarket,gitcoin-bounties,"[['soleauchain', '2021-03-31T14:08:07.384401Z'], ['marlonhanks', '2021-04-05T21:20:06.939572Z'], ['mansoorop', '2021-03-29T03:55:08.006228Z'], ['deepface19', '2021-03-26T16:26:51.765419Z'], ['pbteja1998', '2021-03-29T02:00:42.836056Z'], ['publicviewtoken', '2021-03-29T05:32:34.574215Z']]"
https://gitcoin.co/issue/25043,hyperledger-labs,blockchain-carbon-accounting,"[['antonyip', '2021-03-12T14:49:46.643836Z']]"
https://gitcoin.co/issue/25042,Ideamarket,gitcoin-bounties,[]
https://gitcoin.co/issue/25041,Ideamarket,gitcoin-bounties,"[['acolytec3', '2021-03-19T00:57:09.602583Z'], ['brianspha', '2021-03-26T07:59:00.524806Z']]"
https://gitcoin.co/issue/25040,ceramicnetwork,.github,"[['hollygrimm', '2021-03-31T22:07:56.141223Z']]"
https://gitcoin.co/issue/25039,Ideamarket,gitcoin-bounties,[]
https://gitcoin.co/issue/25024,Ideamarket,gitcoin-bounties,"[['rashmi-278', '2021-03-31T20:24:02.086954Z'], ['pbteja1998', '2021-03-26T16:43:53.718377Z'], ['psdkumar', '2021-03-30T03:28:55.835352Z'], ['publicviewtoken', '2021-03-27T06:19:16.657187Z'], ['thedreamer2021', '2021-03-26T04:38:50.002513Z'], ['tmdcpro', '2021-03-29T15:32:25.642562Z'], ['mohammednagdy', '2021-03-27T15:44:53.773780Z'], ['manyrios', '2021-03-29T12:45:59.988463Z']]"
https://gitcoin.co/issue/25023,sushiswap,sushiswap,[]
https://gitcoin.co/issue/25017,sushiswap,sushiswap-interface,"[['developerfred', '2021-03-11T20:01:54.370577Z']]"
https://gitcoin.co/issue/25015,ceramicnetwork,.github,[]
https://gitcoin.co/issue/25013,ceramicnetwork,.github,[]
https://gitcoin.co/issue/25012,Ideamarket,gitcoin-bounties,"[['pbteja1998', '2021-03-29T01:11:11.835888Z']]"
https://gitcoin.co/issue/25010,ceramicnetwork,.github,"[['aadorian', '2021-03-10T04:27:04.427626Z'], ['antonyip', '2021-03-09T22:25:55.020390Z']]"
https://gitcoin.co/issue/25009,Ideamarket,gitcoin-bounties,"[['ivanmolto', '2021-03-27T00:34:30.504158Z'], ['masquot', '2021-03-25T11:30:15.938115Z']]"
https://gitcoin.co/issue/25007,liquity,beta,"[['az111z2', '2021-03-12T04:51:16.032044Z'], ['masaun', '2021-03-31T14:10:41Z']]"
https://gitcoin.co/issue/25006,liquity,beta,"[['theonlyfoxy', '2021-04-01T22:16:54Z']]"
https://gitcoin.co/issue/25005,liquity,beta,"[['chris124567', '2021-03-29T22:46:19.981456Z'], ['lazycoder1', '2021-03-31T17:53:36.739687Z']]"
https://gitcoin.co/issue/24987,reflexer-labs,whitepapers,"[['neospu', '2021-03-09T17:14:21.159723Z']]"
https://gitcoin.co/issue/24986,reflexer-labs,whitepapers,"[['developerfred', '2021-03-25T14:31:54.288316Z'], ['grogutoshi', '2021-03-31T16:01:52.456816Z']]"
https://gitcoin.co/issue/24984,reflexer-labs,geb,"[['sunnyrk', '2021-03-25T10:46:53.887833Z'], ['0xparashar', '2021-03-25T18:12:38.060191Z']]"
https://gitcoin.co/issue/24983,reflexer-labs,geb,"[['0xparashar', '2021-03-24T12:18:50.820860Z'], ['sunnyrk', '2021-03-31T05:57:45.334894Z']]"
https://gitcoin.co/issue/24979,Ideamarket,gitcoin-bounties,"[['xamdkx', '2021-03-16T00:24:02.674760Z'], ['rashmi-278', '2021-03-11T17:53:08.263430Z'], ['yousonnet', '2021-03-18T11:29:56.839368Z'], ['nicelot', '2021-03-07T20:59:56.179579Z'], ['martagonz', '2021-03-13T08:01:10.919530Z'], ['brucelovedecimal', '2021-03-31T16:29:04.963142Z'], ['pseudoinsudo', '2021-03-30T21:52:20.449182Z'], ['3scava1i3r', '2021-03-31T18:12:51.186472Z'], ['bakerraymond', '2021-03-31T21:34:43.786685Z'], ['ivanmolto', '2021-03-15T17:56:44.813015Z'], ['samuelemarro', '2021-03-31T21:31:08.205435Z'], ['metalbrainsaw', '2021-03-31T18:19:47.017082Z'], ['gspteck', '2021-03-26T12:33:08.851399Z'], ['chaituvr', '2021-03-12T15:06:03.141801Z'], ['ylsr', '2021-03-13T21:26:33.130896Z'], ['kenthorn95', '2021-03-31T22:22:46.390254Z'], ['tmdcpro', '2021-04-01T05:01:53.967874Z'], ['alexion89', '2021-03-27T14:38:16.990864Z'], ['kdswag88', '2021-03-11T21:10:31.759732Z'], ['neocho', '2021-03-19T02:19:46.302882Z'], ['ayushm2003', '2021-03-21T21:10:39.976078Z'], ['petrushka123', '2021-03-14T14:04:10.202632Z']]"
https://gitcoin.co/issue/24977,figment-networks,learn-tutorials,"[['nikbhintade', '2021-04-14T20:37:44Z'], ['naovader888', '2021-04-15T15:04:34Z'], ['bdev07', '2021-04-15T07:15:20Z'], ['emmaodia', '2021-04-15T10:18:33Z'], ['aidandedecker', '2021-04-12T03:11:03.138202Z'], ['lucasespinosa28', '2021-04-14T04:09:02Z'], ['dustpan28645', '2021-04-20T04:44:07.707143Z'], ['alexreyes', '2021-04-15T03:12:47Z'], ['secretshardul', '2021-04-14T20:33:46Z'], ['az111z', '2021-03-29T07:39:44.299457Z'], ['az111z2', '2021-03-12T08:32:49.912539Z']]"
https://gitcoin.co/issue/24942,balancer,balancer-bounties,"[['chrisjess', '2021-03-31T14:24:31.794287Z'], ['onlyc', '2021-03-31T18:07:40.409175Z'], ['tkmct', '2021-03-28T10:21:51.803334Z'], ['sekmet', '2021-03-31T23:01:49.026718Z'], ['imerkle', '2021-03-25T20:49:22.076029Z'], ['rezahsnz', '2021-03-13T16:06:50.026215Z']]"
https://gitcoin.co/issue/24940,athensresearch,athens,"[['sboesen', '2021-03-05T04:50:24.452628Z']]"
https://gitcoin.co/issue/24937,athensresearch,athens,"[['neotyk', '2021-03-07T23:36:54.270185Z']]"
https://gitcoin.co/issue/24887,Ditto-money,Bounties,"[['venarius', '2021-03-07T02:19:48Z']]"
https://gitcoin.co/issue/24883,athensresearch,athens,"[['neotyk', '2021-03-03T08:07:19.157619Z']]"
https://gitcoin.co/issue/24835,golemfactory,yagna,"[['shumagorath86', '2021-03-23T16:08:01.496822Z'], ['derekjarvis', '2021-03-23T12:37:38Z']]"
https://gitcoin.co/issue/24834,reflexer-labs,geb,"[['aryzle', '2021-03-14T18:51:46.014550Z'], ['ashutoshvarma', '2021-03-14T18:24:46.270493Z'], ['sladecek', '2021-03-13T16:03:01.903768Z']]"
https://gitcoin.co/issue/24833,reflexer-labs,geb-safe-saviours,"[['mortimr', '2021-03-17T16:13:49.709248Z']]"
https://gitcoin.co/issue/24781,ArweaveTeam,Bounties,"[['arweavenews', '2021-04-05T20:09:26.486155Z'], ['dustpan28645', '2021-03-30T00:56:32.041749Z'], ['gawainb', '2021-04-20T21:38:19.038341Z'], ['nekomeowww', '2021-04-07T13:37:29.923027Z'], ['mikehibbert', '2021-04-07T16:42:55.030807Z'], ['entryist', '2021-04-08T20:23:31.332602Z'], ['yuulive', '2021-04-09T08:08:30.909750Z'], ['silaszhr', '2021-04-09T08:36:28.279712Z'], ['ivanmolto', '2021-04-09T18:04:55.702950Z'], ['tralkan', '2021-04-10T00:02:33.421791Z'], ['rjgraham866', '2021-04-28T04:05:54.256283Z'], ['zinderud', '2021-04-28T22:26:20.993389Z'], ['ttmofficiall', '2021-04-30T09:48:06.766557Z'], ['specterofnet', '2021-05-27T06:31:33.934467Z'], ['bild96', '2021-08-22T21:47:34.163001Z'], ['mikolajroszak', '2021-02-20T22:22:28.340752Z'], ['az111z2', '2021-03-12T05:15:29.540386Z']]"
https://gitcoin.co/issue/24780,andyruwruw,chess-web-api,"[['coejoder', '2021-02-23T06:07:54.670434Z']]"
https://gitcoin.co/issue/24777,not-yet-awesome-rust,not-yet-awesome-rust,"[['ashutoshvarma', '2021-02-21T17:35:25.522262Z']]"
https://gitcoin.co/issue/24772,unstoppable-domains-integrations,trusteeWallet,"[['leetdev', '2021-03-04T14:08:56.764397Z']]"
https://gitcoin.co/issue/24749,celo-org,gitcoin,"[['chaitanyasjoshi', '2021-09-08T05:54:22.399680Z'], ['gregtrifan', '2021-09-28T11:49:46.505127Z'], ['howtocodebasic', '2021-10-18T11:51:45.288535Z'], ['trungng1992', '2021-09-27T03:21:45.656224Z'], ['damiapp', '2021-10-26T13:43:29.631994Z'], ['svcu', '2021-10-09T22:02:27.446895Z'], ['nalandajay', '2021-05-29T11:32:39.358729Z'], ['raphael-ui', '2021-10-20T01:25:15.055389Z'], ['ozhnmsc', '2021-10-10T17:21:30.335809Z'], ['hashan89', '2021-10-15T05:00:27.554435Z'], ['harshit-dxt', '2021-10-16T09:12:03.009061Z'], ['textrocr', '2021-08-17T02:51:48.207629Z'], ['harou24', '2021-10-22T15:50:46.555555Z'], ['alocaly', '2021-11-12T01:56:30.008171Z'], ['solkan311', '2021-11-17T08:33:29.553505Z'], ['dataonoff', '2021-11-17T10:33:10.502599Z'], ['karthikthetester', '2021-11-29T08:26:23.483593Z'], ['bio-tarik', '2021-10-23T12:52:51.285792Z'], ['pvthao0309', '2022-02-05T14:24:42.349818Z'], ['acald-creator', '2022-01-06T22:07:40.925038Z'], ['mahanmarwat', '2022-02-03T18:59:43.052040Z'], ['khafidprayoga', '2021-10-31T14:00:34.426929Z'], ['etzourid', '2022-03-15T21:49:39.733530Z'], ['vigneshd332', '2021-11-18T18:13:29.093390Z'], ['yip-theodore', '2022-04-05T19:11:55.847800Z'], ['lmtorres', '2021-12-22T04:20:27.175933Z'], ['rootial', '2021-03-28T05:37:46.160752Z'], ['nikbhintade', '2021-03-30T15:54:36.336022Z'], ['deecat10', '2021-04-05T22:27:39.506727Z'], ['fcabrita', '2021-03-28T11:07:23.581128Z'], ['visavis2k', '2021-04-05T07:48:07.159456Z'], ['rileymintable', '2021-04-07T22:57:34.038670Z'], ['juanbenitez', '2021-04-09T19:27:47.305754Z'], ['geyu2019', '2021-04-11T12:02:49.407613Z'], ['ezlemon', '2021-05-27T18:35:22.475298Z'], ['hexbliss', '2021-05-31T17:18:07.066288Z'], ['babak-gholampour', '2021-02-14T21:05:35.526628Z'], ['andymeows', '2021-06-06T23:10:24.676405Z'], ['ucanyiit', '2021-06-09T21:03:28.317483Z'], ['ajay-creator', '2021-06-25T10:40:58.112105Z'], ['86xing', '2021-02-16T10:42:28.320126Z'], ['erazhu31', '2021-02-17T14:58:46.786157Z'], ['julian-st', '2021-02-27T21:15:26.520497Z'], ['seybi', '2021-02-28T12:42:12.497735Z'], ['tevin-isaac', '2022-01-22T00:00:44.027868Z'], ['morning-bird', '2021-02-12T23:28:23.527520Z'], ['4bars', '2021-02-28T22:29:21.913305Z'], ['echolinq', '2021-02-13T23:16:45.450553Z'], ['deepakhb2', '2021-02-19T17:15:44.465918Z'], ['alexreyes', '2021-03-02T16:22:11.105250Z'], ['qasimmehdi', '2021-03-05T15:28:48.248135Z'], ['poyamz', '2021-03-03T17:15:59.246466Z'], ['iowa', '2021-07-28T13:39:13.401334Z'], ['nageshavusingi', '2021-03-07T15:02:25.930403Z'], ['acehoodvelox', '2021-03-13T02:13:01.522516Z'], ['vcyleung', '2021-05-28T13:15:37.716866Z'], ['fffrrreeegithub', '2021-08-13T03:46:43.733238Z'], ['mdedeu', '2021-06-29T05:21:45.657600Z'], ['christianwooddell', '2021-08-22T00:10:19.463867Z'], ['jshprz', '2021-03-13T22:50:32.839780Z'], ['glr17', '2021-02-20T16:58:04.693014Z'], ['dedurak', '2021-02-22T20:56:43.642814Z'], ['mwbailey', '2021-02-28T01:10:53.689362Z'], ['samamoah', '2021-02-14T01:55:03.388495Z'], ['luklew', '2021-03-09T02:10:28.750784Z'], ['abhazelton', '2021-02-24T05:50:10.466209Z'], ['sontieu', '2021-02-20T14:15:38.439606Z'], ['dujar', '2021-02-22T09:40:16.978258Z'], ['adinda-ratna', '2021-02-24T07:32:03.645712Z'], ['vinyl704', '2021-03-06T01:13:06.795867Z'], ['nomishdr', '2021-03-13T18:00:23.912671Z'], ['houdayerpierre', '2021-03-13T20:44:23.728716Z'], ['nancyjlau', '2021-02-15T10:06:16.500978Z'], ['prdex', '2021-02-21T04:32:50.486111Z'], ['aadorian', '2021-03-05T01:43:13.902575Z'], ['stockriii', '2021-02-21T09:37:31.488600Z'], ['meaj', '2021-02-14T01:31:51.185955Z'], ['sandrogomes94', '2021-03-09T02:17:41.695261Z'], ['captainvarun', '2021-03-09T08:19:22.405112Z'], ['erodotos', '2021-02-27T23:00:43.497575Z'], ['hishamamer99', '2021-03-01T00:08:26.832379Z'], ['c2oo13', '2021-02-18T07:03:19.964691Z'], ['ardiferdiansah07', '2021-06-17T12:47:51.501802Z'], ['aphlatova', '2021-06-20T02:32:55.271798Z'], ['wisanganggoro', '2021-07-06T16:17:36.628451Z'], ['maxx6262', '2021-03-24T12:09:03.533479Z'], ['eddykuan', '2021-04-05T12:53:15.229223Z'], ['dawilster', '2021-03-28T21:31:21.133122Z'], ['ericmault', '2021-03-31T01:05:31.270503Z'], ['tufitko', '2021-03-15T07:27:42.597827Z'], ['galvc', '2021-05-04T04:21:49.253018Z'], ['antonyip', '2021-04-02T23:48:52.077717Z'], ['materci', '2021-04-07T15:52:35.057961Z'], ['paintmeyellow', '2021-04-07T19:49:35.927593Z'], ['mem4934', '2021-02-23T21:08:43.624082Z'], ['lzh37', '2021-04-12T09:49:37.034457Z'], ['michaelmuenzer', '2021-04-05T15:14:29.352107Z'], ['asartalo', '2021-04-30T10:17:48.409953Z'], ['jlindlof', '2021-04-25T08:53:50.641664Z'], ['andriikhmelkov', '2021-04-29T08:29:59.237194Z'], ['ishanloya', '2021-04-26T16:03:00.979191Z'], ['github2k20', '2021-06-08T06:46:23.637394Z'], ['davidmitesh', '2021-06-08T12:46:08.839530Z'], ['leonfirm', '2021-05-02T08:25:18.645229Z'], ['rkeelan', '2021-05-29T01:21:28.354156Z'], ['lopeselio', '2021-06-10T20:52:28.405764Z'], ['pratik-vii', '2021-02-14T11:33:24.672172Z'], ['icepy', '2021-06-02T14:49:46.611429Z'], ['carterisonline', '2021-06-01T19:32:46.606162Z'], ['v2dha', '2021-06-10T15:05:25.340947Z'], ['sudo-vaibhav', '2021-06-10T13:10:36.753283Z'], ['prometheo', '2021-06-18T10:35:32.678096Z'], ['gajdosech2', '2021-06-27T18:03:06.151240Z'], ['prateekdevashetti', '2021-06-28T21:13:41.608750Z'], ['onekill0503', '2021-03-16T22:13:16.939117Z'], ['nghianv-1868', '2021-02-26T04:09:20.554823Z'], ['vivek205', '2021-02-20T05:49:13.802260Z'], ['leetdev', '2021-02-17T02:29:37.265070Z'], ['michael19932k', '2021-02-18T23:54:12.007147Z'], ['thejaay', '2021-02-17T21:31:11.815104Z'], ['dotrungkien', '2021-02-17T15:11:37.057525Z'], ['cgdeviation', '2021-02-17T15:03:42.475779Z'], ['luisantoniocrag', '2021-02-17T23:08:37.981707Z'], ['jackdfields', '2021-02-18T06:10:51.462213Z'], ['mysticsage1', '2021-02-18T04:07:36.900012Z'], ['maplehero', '2021-03-04T05:31:43.734985Z'], ['ralphilius', '2021-03-01T07:16:06.103376Z'], ['fushang318', '2021-04-01T10:42:15.270014Z'], ['asvoria', '2021-02-14T15:29:09.520829Z'], ['jimlambie', '2021-02-15T12:28:52.536169Z'], ['phao0309', '2021-02-27T06:28:55.301180Z'], ['gregv21v', '2021-03-04T21:51:33.815002Z'], ['marklar21', '2021-03-27T01:33:21.604203Z'], ['prateek11950', '2021-03-27T19:28:50.187148Z'], ['epsilon-638', '2021-08-03T16:52:20.278118Z'], ['rob-lw', '2021-03-09T01:47:21.393596Z'], ['ripa1993', '2021-06-08T19:07:35.638865Z'], ['yexiaozhu05', '2021-07-17T02:43:16.711488Z'], ['honorguard42', '2021-07-23T18:11:04.319325Z'], ['julian-dev28', '2021-03-09T23:16:50.996107Z'], ['ultimateroman', '2021-07-08T07:27:10.973163Z'], ['anhfactor', '2021-08-12T12:21:24.530522Z'], ['fabianosl1', '2021-07-31T16:13:38.427579Z'], ['iotaaxel', '2021-08-15T06:31:36.304388Z'], ['capturethemoon', '2021-08-11T18:40:38.625391Z'], ['efraimsutopo', '2021-08-17T09:14:37.836927Z'], ['gupta-niharika', '2021-06-28T21:29:16.209141Z'], ['yashhatwar', '2021-06-28T21:29:30.591885Z'], ['yuwira', '2021-08-01T10:29:16.487304Z'], ['dutchdevofficial', '2021-08-19T12:39:17.467173Z'], ['damien90154', '2021-03-13T23:39:14.516488Z'], ['dishaagarwalla', '2021-03-17T12:39:24.317650Z'], ['awsmastro', '2021-03-14T13:39:24.662830Z'], ['neospu', '2021-02-20T09:00:16.198706Z'], ['fleventy-5', '2021-02-20T11:43:03.165371Z'], ['thehated1', '2021-02-20T12:52:54.211897Z'], ['orderr66', '2021-02-20T23:54:33.821643Z'], ['bdev07', '2021-02-23T07:44:33.011629Z'], ['preston4896', '2021-02-23T13:11:38.029649Z'], ['luckyr13', '2021-02-24T04:39:10.519482Z'], ['hust-student', '2021-02-24T10:11:10.810798Z'], ['lrazovic', '2021-03-10T17:20:24.992178Z'], ['bakoushin', '2021-03-10T22:02:24.840634Z'], ['kkhersch', '2021-03-10T22:40:55.276882Z'], ['zinoulink', '2021-02-13T09:46:42.112956Z'], ['masterbluecompact', '2021-02-13T11:22:44.934991Z'], ['agin-dropdisco', '2021-02-23T12:53:29.893998Z'], ['0snap', '2021-02-17T17:40:33.621176Z'], ['alanbrent', '2021-02-13T23:34:57.968195Z'], ['deadmoo83', '2021-02-21T19:13:10.383054Z'], ['gtap56', '2021-02-28T08:34:53.514794Z'], ['acaldwell-pixel', '2021-02-12T22:28:27.813070Z'], ['bild96', '2021-02-18T13:35:25.206359Z'], ['martinsaposnic', '2021-02-18T15:02:02.301800Z'], ['crabtr26', '2021-02-18T06:44:59.971197Z'], ['breezero', '2021-02-17T18:47:59.092478Z'], ['ximore-code', '2021-02-23T20:37:20.964722Z'], ['socool', '2021-02-15T10:22:52.073786Z'], ['edwardtay', '2021-03-12T00:42:01.898686Z'], ['thnass', '2021-02-16T22:08:10.868821Z'], ['prosalife', '2021-03-02T05:44:13.274355Z'], ['vkmguy', '2021-03-08T23:06:03.596595Z'], ['oleg1994', '2021-02-18T21:05:35.672131Z'], ['hieudtn', '2021-02-18T21:10:43.988679Z'], ['cemuney', '2021-02-16T19:02:10.255747Z'], ['vaterotter', '2021-02-13T14:06:25.924038Z'], ['dhairyasethi', '2021-02-19T12:06:07.928015Z'], ['dharmeshrchauhan', '2021-02-20T10:51:22.772669Z'], ['samuel-tay', '2021-02-15T05:25:25.877301Z'], ['eluculent', '2021-02-16T11:11:00.631646Z'], ['ysongh', '2021-02-14T02:57:10.584012Z'], ['francov99', '2021-02-18T18:40:51.026727Z'], ['ncdevman', '2021-02-16T03:04:01.269665Z'], ['nishalkulkarni', '2021-02-21T13:02:47.602630Z'], ['ityuhui', '2021-02-21T08:58:20.083664Z'], ['agardelakos', '2021-02-16T17:09:24.005849Z'], ['hsy822', '2021-02-22T07:45:34.148826Z'], ['wahyu243', '2021-03-11T02:18:20.342510Z'], ['tarzan18', '2021-02-17T18:14:27.008853Z'], ['rickmort', '2021-02-17T23:56:21.310360Z'], ['ivanmolto', '2021-03-08T22:36:41.115671Z'], ['irishmaestro', '2021-02-13T17:46:18.225153Z'], ['macsenpugh', '2021-02-25T15:26:39.707127Z'], ['crispymangoes', '2021-02-24T22:59:19.541118Z'], ['aeither', '2021-02-23T00:03:05.642677Z'], ['mlhozgr', '2021-02-18T23:33:08.930710Z'], ['tasyta', '2021-02-14T20:26:07.027048Z'], ['dwyfrequency', '2021-02-20T16:01:51.682922Z'], ['jessefriend', '2021-02-15T19:14:32.935232Z'], ['maxdaniel197', '2021-02-17T15:16:17.201028Z']]"
https://gitcoin.co/issue/24748,celo-org,gitcoin,"[['chaitanyasjoshi', '2021-09-07T12:53:50.586708Z'], ['solkan311', '2021-11-30T13:09:00.149540Z'], ['harou24', '2021-10-25T19:21:32.072857Z'], ['raphael-ui', '2021-10-25T19:24:55.103655Z'], ['trungng1992', '2021-09-27T02:51:05.740218Z'], ['damiapp', '2021-10-26T14:34:52.618792Z'], ['bio-tarik', '2021-10-26T19:32:35.333330Z'], ['dataonoff', '2021-11-17T14:12:04.397174Z'], ['karthikthetester', '2021-11-29T09:20:39.322499Z'], ['hashan89', '2021-10-14T16:28:19.515491Z'], ['vigneshd332', '2021-11-02T19:39:07.836030Z'], ['khafidprayoga', '2021-11-03T07:09:49.377112Z'], ['gregtrifan', '2021-10-22T11:38:41.657053Z'], ['ozhnmsc', '2021-10-17T19:01:14.034427Z'], ['ing-hugo', '2021-11-23T23:29:40.971871Z'], ['etzourid', '2022-03-16T21:26:38.513293Z'], ['yip-theodore', '2022-04-05T18:53:08.079722Z'], ['kkklemennn', '2021-11-19T22:15:06.001486Z'], ['acald-creator', '2022-01-05T14:40:50.137426Z'], ['lmtorres', '2021-12-22T04:52:10.010009Z'], ['anal02', '2022-03-26T17:09:06.942697Z'], ['javierdash', '2022-03-26T18:50:20.503117Z'], ['ucanyiit', '2021-06-09T21:39:16.809598Z'], ['vinyl704', '2021-03-19T03:20:06.037302Z'], ['michaelmuenzer', '2021-04-05T16:36:57.762229Z'], ['lzh37', '2021-04-12T13:09:58.632447Z'], ['marianomurad', '2021-04-12T18:05:18.405758Z'], ['antonyip', '2021-04-02T23:38:25.932845Z'], ['rootial', '2021-03-28T09:43:58.767380Z'], ['fushang318', '2021-04-01T10:17:14.111703Z'], ['rileymintable', '2021-04-10T04:24:00.682538Z'], ['nikbhintade', '2021-04-10T13:05:52.730430Z'], ['damien90154', '2021-04-23T23:32:57.641832Z'], ['ezlemon', '2021-05-29T12:49:46.917769Z'], ['sudo-vaibhav', '2021-06-29T15:14:27.600483Z'], ['ardiferdiansah07', '2021-06-17T14:09:39.448767Z'], ['bild96', '2021-02-18T18:33:42.077185Z'], ['fte', '2021-02-13T13:53:53.047972Z'], ['maxdaniel197', '2021-02-17T15:21:33.021586Z'], ['hurek', '2021-02-13T00:29:48.795814Z'], ['dgornjakovic', '2021-02-19T11:49:16.359203Z'], ['erogge6', '2021-02-14T07:31:18.871849Z'], ['qasimmehdi', '2021-03-08T16:41:25.968544Z'], ['tevin-isaac', '2022-01-23T20:36:09.875249Z'], ['jjones2000', '2021-05-04T21:39:04.141652Z'], ['dwyfrequency', '2021-02-20T19:20:47.698219Z'], ['agin-dropdisco', '2021-02-23T12:35:20.139794Z'], ['bakoushin', '2021-03-11T10:13:27.249406Z'], ['yexiaozhu05', '2021-07-17T05:20:48.643210Z'], ['blabtonic', '2021-03-04T00:44:06.280355Z'], ['nalandajay', '2021-06-02T08:00:43.222608Z'], ['cart0uche', '2021-03-17T23:35:12.736590Z'], ['orderr66', '2021-02-21T19:20:13.376438Z'], ['mwbailey', '2021-02-28T07:52:11.773394Z'], ['rob-lw', '2021-03-09T21:38:16.977904Z'], ['alexreyes', '2021-03-02T16:46:27.258652Z'], ['julian-st', '2021-03-17T19:47:19.876227Z'], ['darknesr', '2021-02-27T17:59:57.779005Z'], ['0snap', '2021-02-17T18:04:13.536906Z'], ['acehoodvelox', '2021-03-13T01:27:49.869293Z'], ['crispymangoes', '2021-02-24T23:45:37.296831Z'], ['houdayerpierre', '2021-03-14T14:21:07.110768Z'], ['manticorevault', '2021-02-19T19:47:03.131610Z'], ['morning-bird', '2021-02-16T23:47:08.033003Z'], ['acaldwell-pixel', '2021-02-12T22:20:56.675535Z'], ['edwardtay', '2021-03-11T17:33:46.352346Z'], ['usersolidity', '2021-03-06T21:47:58.084596Z'], ['neospu', '2021-02-20T11:17:53.726638Z'], ['4bars', '2021-03-11T18:53:07.774660Z'], ['mohsenkhosravinia', '2021-02-15T04:01:33.095457Z'], ['dedurak', '2021-02-23T19:54:31.458950Z'], ['poyamz', '2021-03-03T18:09:04.136300Z'], ['gregv21v', '2021-03-05T18:30:40.143030Z'], ['adinda-ratna', '2021-02-24T07:33:24.441831Z'], ['pavlomandryk', '2021-02-16T17:46:36.562002Z'], ['robbertvanelk', '2021-03-22T11:27:09.232999Z'], ['maxx6262', '2021-03-24T13:22:57.672444Z'], ['fcabrita', '2021-03-28T17:41:56.355922Z'], ['robin-rrt', '2021-04-02T19:08:02.823494Z'], ['bdev07', '2021-03-23T08:28:47.419908Z'], ['deecat10', '2021-04-06T00:02:21.937560Z'], ['visavis2k', '2021-04-06T05:59:09.459322Z'], ['lukesturgis', '2021-04-22T16:36:59.768293Z'], ['paintmeyellow', '2021-04-17T20:05:37.880320Z'], ['geyu2019', '2021-04-20T07:16:51.575859Z'], ['ishanloya', '2021-04-26T13:41:43.920705Z'], ['marklar21', '2021-04-27T01:26:58.968038Z'], ['galvc', '2021-05-04T06:23:55.565940Z'], ['george-sava', '2021-05-01T23:18:04.606727Z'], ['rkeelan', '2021-05-29T18:12:22.663100Z'], ['gajdosech2', '2021-06-27T16:48:51.529113Z'], ['lrazovic', '2021-06-06T09:20:37.410009Z'], ['icepy', '2021-06-03T01:55:11.401137Z'], ['sanjay2988', '2021-06-06T20:04:05.036158Z'], ['andymeows', '2021-06-06T23:14:51.684094Z'], ['tarzan18', '2021-02-16T19:44:15.721025Z'], ['leetdev', '2021-02-17T01:59:21.282012Z'], ['mysticsage1', '2021-02-18T08:59:54.901949Z'], ['shawnmichaelgt', '2021-07-10T22:50:12.392694Z'], ['asvoria', '2021-02-14T15:58:50.724408Z'], ['dujar', '2021-02-22T14:50:55.890950Z'], ['ityuhui', '2021-02-22T12:16:21.935711Z'], ['dawilster', '2021-03-28T21:57:39.129879Z'], ['alanbrent', '2021-02-14T06:36:52.822313Z'], ['kkhersch', '2021-03-10T21:43:59.356875Z'], ['nghianv-1868', '2021-02-26T04:24:42.530320Z'], ['macsenpugh', '2021-02-25T15:28:46.319744Z'], ['aadorian', '2021-03-05T20:40:17Z'], ['wisanganggoro', '2021-07-07T16:18:09.634934Z'], ['fabianosl1', '2021-07-20T04:19:03.417019Z'], ['iowa', '2021-07-28T13:01:56.438618Z'], ['epsilon-638', '2021-08-03T19:23:51.172167Z'], ['ultimateroman', '2021-08-08T13:40:58.333664Z'], ['anhfactor', '2021-08-12T07:22:48.483212Z'], ['iotaaxel', '2021-08-15T08:11:58.765189Z'], ['efraimsutopo', '2021-08-14T05:48:25.870428Z'], ['textrocr', '2021-08-16T16:56:46.982078Z'], ['aschkan90', '2021-02-16T12:12:06.033922Z'], ['mysoul8012', '2021-08-01T10:08:24.322095Z'], ['ajay-creator', '2021-06-05T20:19:03.474536Z'], ['thehated1', '2021-02-20T13:43:29.577416Z'], ['nomishdr', '2021-03-14T21:15:41.076127Z'], ['jawsforck', '2021-03-14T21:26:08.735441Z'], ['mut031', '2021-02-19T18:32:02.866626Z'], ['tasyta', '2021-02-14T21:11:42.380543Z'], ['vaterotter', '2021-02-14T10:39:48.644286Z'], ['deepakhb2', '2021-02-19T16:05:19.990383Z'], ['vivek205', '2021-02-20T18:11:48.214718Z'], ['fleventy-5', '2021-02-20T11:18:44.462747Z'], ['dharmeshrchauhan', '2021-02-20T15:31:47.230948Z'], ['oleg1994', '2021-02-21T00:09:56.496348Z'], ['ivanmolto', '2021-02-21T09:42:08.072603Z'], ['nishalkulkarni', '2021-02-21T13:36:09.310937Z'], ['osam119', '2021-03-09T21:44:25.929474Z'], ['imparag28', '2021-02-27T09:37:34.747280Z'], ['francov99', '2021-02-27T16:34:57.975875Z'], ['sgn-047', '2021-02-26T17:40:36.904955Z'], ['julian-dev28', '2021-03-10T01:09:44.842303Z'], ['jimlambie', '2021-02-16T08:20:39.040213Z'], ['jackdfields', '2021-02-18T06:41:14.957046Z'], ['teyis', '2021-02-13T15:50:03.492424Z'], ['samamoah', '2021-02-14T02:04:34.691081Z'], ['tecnogames12', '2021-02-28T01:49:59.000214Z'], ['rickmort', '2021-02-27T16:42:03.901065Z'], ['nancyjlau', '2021-02-16T08:08:43.023113Z'], ['clindo', '2021-02-17T20:35:38.949098Z'], ['agardelakos', '2021-02-17T15:29:18.537090Z'], ['dotrungkien', '2021-02-17T11:13:58.848737Z'], ['sandrogomes94', '2021-03-08T06:20:07.318096Z'], ['mlhozgr', '2021-02-25T20:01:34.055745Z'], ['luklew', '2021-03-13T22:57:09.041649Z'], ['preston4896', '2021-02-23T17:31:40.790770Z'], ['luckyr13', '2021-02-24T03:37:18.423468Z'], ['hsy822', '2021-02-22T06:32:23.325759Z'], ['jshprz', '2021-03-14T07:16:21.424371Z'], ['ralphilius', '2021-03-01T07:34:08.796062Z'], ['leonfirm', '2021-02-16T15:39:49.038764Z'], ['zinoulink', '2021-02-14T11:49:18.941195Z'], ['samuel-tay', '2021-02-15T05:36:09.298258Z'], ['vkmguy', '2021-03-08T23:06:26.838359Z'], ['ebazer21', '2021-03-20T17:47:56.545263Z'], ['dishaagarwalla', '2021-03-17T15:01:13.256447Z'], ['strahl12', '2021-03-09T06:08:24.591903Z'], ['hust-student', '2021-02-24T10:10:37.484278Z'], ['luisantoniocrag', '2021-02-23T23:34:05.587441Z'], ['prosalife', '2021-03-01T11:15:42.360853Z'], ['joaquinalvarezdev', '2021-02-12T21:45:24.262350Z'], ['cryptodemon', '2021-03-19T09:44:28.337842Z'], ['deadmoo83', '2021-02-21T19:42:17.062614Z'], ['thnass', '2021-02-20T01:38:40.648981Z'], ['hieudtn', '2021-02-19T12:58:22.175694Z'], ['iamochuko', '2021-02-13T00:49:34.029042Z'], ['ximore-code', '2021-02-23T19:56:19.557960Z'], ['babak-gholampour', '2021-02-14T14:57:22.626606Z'], ['enriavil1', '2021-02-15T15:30:31.148703Z'], ['dhairyasethi', '2021-02-19T12:07:56.718964Z'], ['masterbluecompact', '2021-02-13T09:46:45.897557Z'], ['cgdeviation', '2021-02-17T12:50:00.731670Z'], ['pratik-vii', '2021-02-19T12:33:06.125355Z'], ['kalef07', '2021-02-14T03:44:17.328678Z'], ['martinsaposnic', '2021-02-18T15:33:41.699303Z']]"
https://gitcoin.co/issue/24744,OpenDeFi,Security_Standard,"[['raynemang', '2021-02-24T01:52:41.000523Z']]"
https://gitcoin.co/issue/24743,OpenDeFi,Security_Standard,"[['manyrios', '2021-02-22T03:11:16.602343Z']]"
https://gitcoin.co/issue/24716,fuseio,fuse-bridge,"[['masterbluecompact', '2021-02-15T07:01:30.702478Z']]"
https://gitcoin.co/issue/24712,celo-org,gitcoin,"[['doubleoroos', '2021-04-05T11:36:05.161887Z'], ['bakoushin', '2021-04-16T17:03:22.422724Z'], ['hieudtn', '2021-02-19T13:41:46.556826Z'], ['maxx6262', '2021-03-24T14:19:17.552158Z'], ['istekis', '2021-02-20T14:34:51.268334Z'], ['ebazer21', '2021-03-20T17:45:28.576322Z']]"
https://gitcoin.co/issue/24710,celo-org,gitcoin,"[['hardbae', '2021-02-18T20:06:16.420002Z'], ['ummiye', '2021-02-06T18:43:21.395892Z'], ['calicokittencat', '2021-02-18T23:59:48.730521Z'], ['iamochuko', '2021-02-08T19:19:39.579333Z'], ['kels', '2021-02-26T11:07:27.487750Z'], ['asvoria', '2021-02-18T15:24:47.599914Z'], ['masteritachi', '2021-02-20T14:09:33.589157Z'], ['jessefriend', '2021-02-18T09:23:19.467727Z'], ['samirabis', '2021-02-15T21:10:57.120665Z']]"
https://gitcoin.co/issue/24709,celo-org,gitcoin,"[['javipus', '2021-02-08T10:24:00.479059Z'], ['jiminycrypto', '2021-02-08T13:35:48.818132Z'], ['ysongh', '2021-02-09T05:42:20.299656Z'], ['rezahsnz', '2021-02-06T09:27:44.545974Z'], ['mevlanaayas', '2021-02-06T13:00:45.746154Z'], ['oritwoen', '2021-02-07T12:00:37.055457Z'], ['vinhbhn', '2021-02-06T07:59:54.391676Z'], ['avalonche', '2021-02-06T06:24:07.682691Z'], ['kichjang', '2021-02-06T22:06:56.086413Z'], ['sekmet', '2021-02-08T09:01:19.375723Z'], ['michael-vander-meiden', '2021-02-11T03:29:52.416548Z'], ['amogh-jrules', '2021-02-07T15:27:14.764211Z'], ['kanesamoa', '2021-02-06T08:45:01.628464Z'], ['sebasaenz', '2021-02-06T02:01:47.903752Z'], ['moongat', '2021-02-07T18:34:41.920029Z'], ['agin-dropdisco', '2021-02-08T09:28:30.551792Z'], ['samuel-tay', '2021-02-12T15:00:27.722430Z'], ['lyledavids', '2021-02-07T17:48:20.871198Z'], ['adinda-ratna', '2021-02-09T16:46:00.569570Z'], ['irishmaestro', '2021-02-10T03:38:49.562543Z'], ['mquellhorst', '2021-02-07T15:56:41.889065Z'], ['rafat', '2021-02-06T22:52:36.172804Z']]"
https://gitcoin.co/issue/24708,celo-org,gitcoin,"[['avalonche', '2021-02-06T06:07:14.922569Z'], ['javipus', '2021-02-08T10:01:53Z'], ['kichjang', '2021-02-06T21:42:20Z'], ['vinhbhn', '2021-02-06T07:42:31Z'], ['lyledavids', '2021-02-06T15:30:19Z'], ['kanesamoa', '2021-02-06T08:22:22Z'], ['masterbluecompact', '2021-02-06T10:52:33.569405Z'], ['oritwoen', '2021-02-07T13:13:23Z'], ['vofswords', '2021-02-08T20:24:08Z'], ['mquellhorst', '2021-02-07T17:28:27Z'], ['adinda-ratna', '2021-02-09T17:00:44.546561Z'], ['joaquinalvarezdev', '2021-02-09T23:48:38.373833Z'], ['acaldwell-pixel', '2021-02-12T20:01:55.835810Z'], ['moongat', '2021-02-07T19:17:23Z'], ['sebasaenz', '2021-02-06T07:06:31Z'], ['code-log', '2021-02-06T14:22:53Z'], ['mevlanaayas', '2021-02-06T12:35:29Z'], ['agin-dropdisco', '2021-02-08T10:31:20Z'], ['jiminycrypto', '2021-02-07T17:15:00Z'], ['iamochuko', '2021-02-06T22:05:04Z'], ['rafat', '2021-02-06T15:20:56Z'], ['fte', '2021-02-11T22:01:38.435131Z'], ['whoiam911', '2021-02-10T23:21:30.001748Z'], ['rezahsnz', '2021-02-06T10:06:03Z'], ['sekmet', '2021-02-08T09:23:13Z'], ['michael-vander-meiden', '2021-02-11T03:10:12.014376Z']]"
https://gitcoin.co/issue/24698,DimensionDev,Maskbook,"[['manishoo', '2021-06-10T08:01:46.558519Z']]"
https://gitcoin.co/issue/24687,CreatorCoinTools,StreamElements-ChatBot-Rally,"[['sebasaenz', '2021-02-01T01:48:05.237127Z']]"
https://gitcoin.co/issue/24686,CreatorCoinTools,RallyRoleBot,"[['therocketcat', '2021-02-01T09:22:12.415356Z']]"
https://gitcoin.co/issue/24685,frostiq,cryptomedia-subgraph,"[['developerfred', '2021-02-01T09:45:30Z']]"
https://gitcoin.co/issue/24679,CreatorCoinTools,RallyRoleBot,"[['erich0123', '2021-01-30T17:02:43.638286Z']]"
https://gitcoin.co/issue/24678,CreatorCoinTools,RallyRoleBot,"[['therocketcat', '2021-02-03T02:17:19.675855Z']]"
https://gitcoin.co/issue/24677,CreatorCoinTools,RallyRoleBot,"[['hattyot', '2021-02-16T07:36:29.199360Z']]"
https://gitcoin.co/issue/24676,CreatorCoinTools,OBS-Plugin,"[['overacheiever', '2021-03-08T13:01:30.004415Z']]"
https://gitcoin.co/issue/24671,DimensionDev,Maskbook,"[['developerfred', '2021-01-31T12:50:43.013927Z']]"
https://gitcoin.co/issue/24656,binancex,Grant-projects,"[['vporton', '2021-02-10T10:45:46.021003Z'], ['rkalis', '2021-02-08T14:05:32.270518Z'], ['maxdaniel197', '2021-02-21T16:22:22.510576Z'], ['mike-adediran', '2021-02-21T12:32:25.400343Z'], ['usersolidity', '2021-02-21T17:32:57.286621Z'], ['hephyrius', '2021-02-21T23:59:49.579619Z'], ['richance', '2021-02-20T22:05:50.453432Z'], ['mingderwang', '2021-02-21T18:21:54.683593Z'], ['digitalurchman', '2021-02-22T10:00:30.434202Z'], ['onemedicine', '2021-02-20T07:26:55.229468Z'], ['aadorjanfi365', '2021-02-20T03:08:08.478219Z'], ['vikram8260', '2021-02-13T10:45:12.119471Z'], ['brianspha', '2021-02-21T23:11:04.334163Z'], ['pisonpeakgroup', '2021-02-20T21:20:05.979798Z'], ['mzolkiewski', '2021-02-20T20:03:56.224392Z'], ['gasolin', '2021-02-21T07:31:46.077840Z'], ['mukeshjaiswal01', '2021-02-21T23:48:01.314643Z'], ['flookkrup', '2021-02-12T12:50:46.276461Z'], ['boonetb', '2021-02-18T19:31:27.632536Z'], ['qapquiz', '2021-02-21T20:46:18.263962Z'], ['slowbro2020future', '2021-02-21T20:12:19.645157Z'], ['masquel', '2021-02-21T19:05:09.353519Z'], ['rushiwadkar007', '2021-02-21T15:42:14.388668Z'], ['ebubeud', '2021-02-21T23:59:08.669730Z'], ['borples', '2021-02-21T23:44:16.895694Z'], ['vorcigernix', '2021-02-20T22:27:25.232308Z'], ['mmjazzar', '2021-02-21T16:18:36.539144Z'], ['dome', '2021-02-21T19:36:16.837700Z'], ['bscdapps', '2021-02-21T22:47:41.817222Z'], ['dappguy', '2021-02-21T22:45:02.839633Z'], ['rafat', '2021-02-20T12:22:58.490613Z'], ['fuzious', '2021-02-21T23:56:40.644216Z'], ['vulkhan42', '2021-02-21T22:54:04.826828Z'], ['oleksiivinogradov', '2021-02-07T13:29:35.087093Z'], ['ubaid-123', '2021-02-22T00:02:48.252933Z'], ['courtneyzang', '2021-02-22T00:00:02.074434Z'], ['sagarbehara13', '2021-02-21T21:45:12.275053Z'], ['sanjeevkumar761', '2021-02-21T21:24:04.470820Z'], ['grishick', '2021-02-21T20:10:21.163070Z'], ['makoto', '2021-02-21T21:58:17.148365Z'], ['usman75', '2021-02-21T13:40:56.553900Z'], ['centerprime', '2021-02-21T15:01:07.572390Z'], ['harodggg', '2021-02-21T14:01:27.918108Z'], ['kelvin147789', '2021-02-21T11:02:22.980606Z'], ['cricel', '2021-02-21T10:06:25.790036Z'], ['sirius651', '2021-02-21T12:24:07.034433Z'], ['chidichuks', '2021-02-21T12:01:44.031601Z'], ['masaun', '2021-02-21T13:34:45.782914Z'], ['pisuthd', '2021-02-21T01:54:30.797361Z'], ['flyinglimao', '2021-02-21T08:25:47.843065Z'], ['peterch861', '2021-02-21T04:38:30.222861Z'], ['syrupbunny', '2021-02-21T03:00:10.830810Z'], ['luckyr13', '2021-02-21T01:30:53.481071Z'], ['waultfinance', '2021-02-20T19:40:45.670513Z'], ['erinzzhang', '2021-02-20T19:39:55.546772Z'], ['venarius', '2021-02-20T19:50:37.788121Z'], ['lucasespinosa28', '2021-02-20T07:46:46.284826Z'], ['cyh76507707', '2021-02-19T22:22:32.935942Z'], ['ringaile', '2021-02-19T22:43:47.910935Z'], ['serinuntius', '2021-02-21T09:34:52.293595Z'], ['trinhtan', '2021-02-21T08:52:51.738667Z'], ['tranchien2002', '2021-02-21T15:35:27.830230Z'], ['kuyawa', '2021-02-15T23:31:55.233562Z'], ['kdubcrypto', '2021-01-27T14:16:35.590460Z'], ['parkparkington', '2021-02-20T05:11:07.437075Z'], ['victaphu', '2021-02-14T11:50:33.150178Z'], ['hackthefuturebinance', '2021-02-21T23:00:16.769534Z'], ['aadorian', '2021-02-19T03:21:10.339273Z'], ['rotcivegaf', '2021-02-16T21:27:02.683299Z'], ['marcussu', '2021-02-20T18:28:54.638273Z'], ['rezahsnz', '2021-02-10T14:06:53.834946Z'], ['gokulsan', '2021-02-21T19:39:38.832202Z'], ['kataloo', '2021-02-21T18:39:35.752908Z'], ['naovader888', '2021-02-21T23:05:24.521793Z'], ['codebrent', '2021-02-20T21:30:10.797616Z'], ['saitama68', '2021-02-21T23:46:11.127100Z'], ['ysongh', '2021-02-21T23:17:08.753480Z'], ['qmzik', '2021-02-19T15:25:25.213463Z'], ['anneboleyn2017', '2021-02-21T21:59:52.835820Z'], ['marcomirabella', '2021-02-21T21:09:58.406981Z'], ['beehive-oeth', '2021-02-21T15:54:51.463794Z'], ['artistic709', '2021-02-21T15:15:18.835640Z'], ['pauliax', '2021-02-21T22:58:27.934767Z'], ['dexit-crypto', '2021-02-11T14:25:58.806391Z'], ['abdelhamidbakhta', '2021-02-11T13:42:27.022876Z'], ['moose-code', '2021-02-21T19:39:47.132691Z'], ['spacealnz8we', '2021-02-17T09:30:57.633801Z'], ['ryuuzakieru', '2021-02-18T12:42:25.966285Z'], ['eltneg', '2021-02-21T17:38:12.575752Z'], ['infinitywallet', '2021-02-21T22:02:06.662874Z'], ['liljohnyeayuh', '2021-02-20T11:40:50.135157Z'], ['layinka', '2021-02-20T18:57:01.732988Z'], ['deepface19', '2021-02-20T17:51:25.242571Z'], ['moolahdapps', '2021-02-21T23:51:10.588451Z'], ['pscrypt', '2021-02-19T18:17:06.427345Z']]"
https://gitcoin.co/issue/24594,gitcoinco,web,"[['adetunjee', '2021-01-13T16:31:28.355908Z']]"
https://gitcoin.co/issue/24592,diadata-org,diadata,"[['paulframbot', '2021-01-17T11:02:32.734379Z']]"
https://gitcoin.co/issue/24588,gitcoinco,web,[]
https://gitcoin.co/issue/24586,golemfactory,yagna,"[['derekjarvis', '2021-01-12T16:11:16.228113Z']]"
https://gitcoin.co/issue/24573,frostiq,cryptomedia-subgraph,"[['tibike6', '2021-01-18T08:19:51.938835Z']]"
https://gitcoin.co/issue/24567,fuseio,fuse-studio,"[['antodp', '2021-01-13T18:19:30.371810Z']]"
https://gitcoin.co/issue/24547,gitcoinco,skunkworks,"[['melvinalvarez', '2021-01-22T17:58:29.497197Z']]"
https://gitcoin.co/issue/24541,Ditto-money,Bounties,"[['timidan', '2020-12-27T13:25:10.847769Z']]"
https://gitcoin.co/issue/24538,aantonop,woo-redact,"[['ashfame', '2020-12-30T08:25:20.075122Z']]"
https://gitcoin.co/issue/24515,ensdomains,address-encoder,"[['janus', '2020-12-19T21:48:20.191938Z']]"
https://gitcoin.co/issue/24514,ensdomains,address-encoder,"[['echolon166', '2020-12-18T00:22:24.024481Z']]"
https://gitcoin.co/issue/24513,ensdomains,address-encoder,"[['irhonin', '2020-12-18T12:21:59.253998Z']]"
https://gitcoin.co/issue/24512,ensdomains,address-encoder,"[['echolon166', '2020-12-18T01:17:47.987367Z']]"
https://gitcoin.co/issue/24511,ensdomains,address-encoder,"[['echolon166', '2020-12-18T02:04:04.259785Z']]"
https://gitcoin.co/issue/24510,ensdomains,address-encoder,"[['echolon166', '2020-12-17T23:21:43.589483Z']]"
https://gitcoin.co/issue/24509,ensdomains,address-encoder,"[['echolon166', '2020-12-18T02:27:38.237172Z']]"
https://gitcoin.co/issue/24508,ensdomains,address-encoder,"[['bakaoh', '2020-12-18T10:19:52.612357Z']]"
https://gitcoin.co/issue/24507,ensdomains,address-encoder,"[['echolon166', '2020-12-18T00:06:34.728519Z']]"
https://gitcoin.co/issue/24506,ensdomains,address-encoder,"[['echolon166', '2020-12-17T23:39:45.929277Z']]"
https://gitcoin.co/issue/24496,gitcoinco,gitcoin_cadcad_model,"[['nabetse00', '2020-12-31T23:39:11.576309Z']]"
https://gitcoin.co/issue/24492,vegaprotocol,bounties,"[['abdelhamidbakhta', '2020-12-23T14:36:14.066641Z']]"
https://gitcoin.co/issue/24491,vegaprotocol,bounties,"[['0xkarl', '2021-09-26T14:14:48.563867Z']]"
https://gitcoin.co/issue/24490,ensdomains,address-encoder,"[['janus', '2020-12-19T10:50:56.889887Z'], ['irhonin', '2021-01-04T16:51:49.395642Z']]"
https://gitcoin.co/issue/24489,golemfactory,yagna,"[['viraja1', '2020-12-31T21:30:12.491192Z'], ['tmyoungjr', '2020-12-30T18:55:37.579935Z'], ['alexandre-abrioux', '2020-12-17T10:07:36.938708Z'], ['alibyte', '2020-12-29T20:26:20.037350Z'], ['elhamne', '2020-12-31T13:37:50.522505Z'], ['marvindivo', '2021-01-01T21:06:38.450373Z'], ['marosplsik', '2021-01-01T13:54:30.508601Z'], ['anshuman73', '2021-01-02T12:33:10.713204Z'], ['bumpers210', '2021-01-12T12:36:10.676282Z'], ['gypsum-design', '2021-01-12T14:27:34.298697Z'], ['jnew00', '2021-01-01T14:56:35.602823Z'], ['l-kh', '2020-12-29T20:59:18.143823Z'], ['thehated1', '2021-01-10T12:11:20.044958Z'], ['hoaxnet', '2020-12-31T10:41:10.341064Z'], ['mvandani', '2021-01-04T16:43:05.749725Z'], ['nanophd', '2021-01-02T17:30:08.871474Z'], ['nemani', '2021-01-02T20:57:09.988729Z'], ['uvizhe', '2020-12-30T17:51:10.085103Z'], ['irhonin', '2020-12-30T15:55:25.272630Z'], ['jmvermeulen', '2020-12-30T12:43:07.425946Z'], ['r-franke', '2020-12-30T11:56:56.551742Z'], ['echolon166', '2021-01-12T11:55:50.839028Z'], ['bild96', '2021-01-04T20:12:06.197671Z'], ['gnapstar', '2021-01-12T17:38:01.528870Z'], ['gugi264', '2021-01-06T15:46:24.462225Z'], ['wouimbly', '2021-01-21T14:53:56.120507Z']]"
https://gitcoin.co/issue/24484,CreatorCoinTools,PriceTicker-TwitchExtension,"[['hhio618', '2020-12-20T21:04:41.231107Z']]"
https://gitcoin.co/issue/24482,CreatorCoinTools,RallyRoleBot,"[['echolon166', '2020-12-20T16:36:55.433498Z']]"
https://gitcoin.co/issue/24481,CreatorCoinTools,RallyRoleBot,"[['echolon166', '2020-12-20T16:39:18.816837Z']]"
https://gitcoin.co/issue/24480,CreatorCoinTools,RallyRoleBot,"[['ju99ernaut', '2020-12-20T20:16:25.584446Z']]"
https://gitcoin.co/issue/24471,binancex,Grant-projects,"[['aadorian', '2020-12-18T18:05:31.108592Z']]"
https://gitcoin.co/issue/24470,binancex,Grant-projects,"[['vbstreetz', '2020-12-28T15:28:23.001985Z']]"
https://gitcoin.co/issue/24468,binancex,Grant-projects,"[['manyrios', '2020-12-24T22:16:33.459358Z'], ['aadorian', '2020-12-24T17:43:00.940991Z']]"
https://gitcoin.co/issue/24466,binancex,Grant-projects,"[['jerrynoah96', '2020-12-15T13:56:49.753687Z'], ['manyrios', '2020-12-14T08:40:27.970768Z']]"
https://gitcoin.co/issue/24462,DimensionDev,Maskbook,[]
https://gitcoin.co/issue/24428,eea-oasis,baseline-roadmap,"[['koksymaglo', '2021-01-05T22:00:23.730360Z'], ['vivekrao1985', '2020-12-14T20:11:42.494257Z'], ['meuko', '2021-01-27T12:49:21.422713Z'], ['naovader888', '2021-02-01T19:23:28.992658Z'], ['aadorian', '2021-01-08T03:52:16.074035Z'], ['minhi', '2021-01-18T19:05:51.436528Z'], ['briancraig', '2021-01-16T09:14:18Z'], ['kasimte', '2021-01-27T10:34:29.570405Z'], ['chaituvr', '2021-01-18T11:15:42.742292Z'], ['gokulsan', '2021-01-28T16:09:07.978789Z'], ['dizzydenniz', '2021-01-19T04:29:16.040730Z'], ['myronrotter', '2021-01-22T10:40:35.246929Z']]"
https://gitcoin.co/issue/24427,eea-oasis,baseline-roadmap,"[['nabetse00', '2021-01-27T07:37:35.902473Z']]"
https://gitcoin.co/issue/24426,eea-oasis,baseline-roadmap,"[['gokulsan', '2021-01-28T17:02:13.553043Z'], ['masaun', '2021-01-27T14:26:34.626282Z']]"
https://gitcoin.co/issue/24425,eea-oasis,baseline-roadmap,[]
https://gitcoin.co/issue/24424,eea-oasis,baseline-roadmap,"[['gokulsan', '2021-01-27T21:03:53.236039Z']]"
https://gitcoin.co/issue/24423,eea-oasis,baseline-roadmap,[]
https://gitcoin.co/issue/24422,eea-oasis,baseline-roadmap,"[['sekmet', '2021-01-27T23:53:09.518777Z']]"
https://gitcoin.co/issue/24415,BarnBridge,Meme-Competitions,"[['serdaboz', '2020-12-31T04:18:11.759187Z']]"
https://gitcoin.co/issue/24412,golemfactory,hackathons,"[['dodecane', '2021-01-05T22:17:09.991845Z'], ['broadcastmonkey', '2021-01-05T23:06:12Z'], ['bakaoh', '2020-12-30T08:30:57.824151Z']]"
https://gitcoin.co/issue/24411,golemfactory,hackathons,"[['sladecek', '2021-01-22T00:20:15Z'], ['dudov-al', '2020-12-22T11:11:14.979573Z'], ['alexandre-abrioux', '2021-01-04T13:15:52.953338Z'], ['shri4net', '2021-01-05T23:55:09.958239Z'], ['echinocacti', '2021-01-05T23:56:13.051929Z'], ['hhio618', '2021-01-06T09:22:18.392963Z'], ['nemani', '2021-01-05T23:59:28.438406Z']]"
https://gitcoin.co/issue/24410,golemfactory,hackathons,"[['derekjarvis', '2021-01-05T17:43:54.678080Z'], ['sagarjethi', '2021-01-06T07:19:17.906173Z'], ['echinocacti', '2021-01-05T23:58:21.076327Z'], ['ethereal-bliss', '2021-01-06T07:14:07.154648Z'], ['mizuna666', '2021-01-05T13:49:56.028165Z'], ['nestorbonilla', '2021-01-05T22:47:56.048733Z']]"
https://gitcoin.co/issue/24409,golemfactory,hackathons,"[['bakaoh', '2020-12-29T04:52:49.321604Z'], ['masaun', '2021-01-05T13:12:39.684666Z']]"
https://gitcoin.co/issue/24408,golemfactory,hackathons,"[['nestorbonilla', '2021-01-05T22:50:05.890416Z'], ['hhio618', '2021-01-06T09:20:21.800171Z'], ['rezahsnz', '2020-12-27T08:52:59.975945Z'], ['rogervs', '2021-01-05T15:49:55.327374Z'], ['kuoyehs', '2021-01-05T15:21:18.750904Z'], ['sladecek', '2021-01-20T04:00:51Z'], ['dodecane', '2021-01-05T22:19:27.341480Z'], ['broadcastmonkey', '2021-01-05T23:04:30Z'], ['derekjarvis', '2020-12-30T13:39:28.399843Z'], ['nemani', '2021-01-05T23:58:53.202198Z'], ['sagarjethi', '2021-01-06T07:20:33.176145Z'], ['echinocacti', '2021-01-05T23:51:37.686303Z'], ['bakaoh', '2020-12-30T08:36:14.745081Z'], ['anshuman73', '2021-01-05T16:35:27.152692Z'], ['johngrantuk', '2020-12-29T10:18:40.377239Z'], ['visualnext', '2021-01-05T14:58:38.126787Z']]"
https://gitcoin.co/issue/24359,DimensionDev,Maskbook,"[['sounak98', '2021-01-04T13:04:55.089915Z']]"
https://gitcoin.co/issue/24358,Panvala,panvala,"[['developerfred', '2020-12-07T16:06:49.544918Z'], ['mekyle', '2020-12-17T20:08:41.082020Z'], ['vbstreetz', '2020-12-14T05:42:14.922171Z'], ['nnnkit', '2020-12-17T23:52:27.636972Z']]"
https://gitcoin.co/issue/24355,1inch,1inchProtocol,"[['vbstreetz', '2020-12-24T00:06:09.085884Z'], ['kmsporls', '2020-12-17T23:58:47.396011Z'], ['theonlyfoxy', '2020-12-07T16:38:03.240149Z']]"
https://gitcoin.co/issue/24354,1inch,1inchProtocol,"[['brozorec', '2020-12-24T17:32:36.711636Z'], ['makoto', '2020-12-17T12:08:03.077671Z'], ['theonlyfoxy', '2020-12-16T20:53:31.845079Z'], ['acidsore', '2020-12-07T17:18:38.359515Z'], ['vbstreetz', '2021-01-05T06:04:09.319290Z']]"
https://gitcoin.co/issue/24353,1inch,1inchProtocol,"[['ilhamm02', '2020-12-24T00:04:54.556091Z'], ['vbstreetz', '2020-12-13T21:15:34.725483Z'], ['mccallofthewild', '2020-12-17T23:57:29.865440Z']]"
https://gitcoin.co/issue/24352,1inch,1inchProtocol,"[['lherskind', '2020-12-16T08:41:56.035318Z'], ['wellttllew', '2020-12-17T06:41:04.719782Z'], ['tudorelu', '2020-12-17T17:47:21.216978Z']]"
https://gitcoin.co/issue/24350,1inch,1inchProtocol,"[['mccallofthewild', '2020-12-17T23:55:24.925702Z'], ['gilles437', '2020-12-21T14:15:21.616598Z'], ['kmadorin', '2020-12-17T19:26:33.835073Z'], ['rajatbeladiya', '2020-12-15T14:23:41.661920Z']]"
https://gitcoin.co/issue/24349,1inch,1inchProtocol,"[['rotcivegaf', '2020-12-08T01:09:06.784309Z']]"
https://gitcoin.co/issue/24343,Sifchain,sifnode,"[['hellokashif', '2020-12-06T01:24:00.869529Z']]"
https://gitcoin.co/issue/24334,binancex,Grant-projects,"[['johnjones2008', '2020-12-17T18:53:43.686140Z'], ['dappguy', '2020-12-17T23:28:16.924592Z'], ['zubair009', '2020-12-17T22:49:59.943490Z'], ['sagarbehara13', '2020-12-17T22:07:02.980405Z'], ['kuyawa', '2020-12-16T23:01:18.796077Z'], ['pauliax', '2020-12-17T22:28:20.222064Z'], ['vporton', '2020-12-15T08:04:51.673578Z'], ['nicholasglazer', '2020-12-17T23:58:05.994761Z'], ['mukeshjaiswal01', '2020-12-17T17:49:30.775542Z'], ['viraja1', '2020-12-17T22:09:27.657059Z'], ['juliane1111', '2020-12-03T02:56:25.313871Z'], ['calvinthong', '2020-12-17T06:48:22.417232Z'], ['remedcu', '2020-12-13T18:19:22.446070Z'], ['bscdapps', '2020-12-17T22:20:12.395931Z'], ['stablexswapdev', '2020-12-17T16:50:30.482954Z'], ['princesinha19', '2020-12-17T08:58:10.481282Z'], ['ahsanbuttab', '2020-12-17T22:54:18.149023Z'], ['momodaka', '2020-12-17T17:10:14.020347Z'], ['richuak', '2020-12-17T20:37:25.257011Z'], ['brianspha', '2020-12-17T20:04:52.885954Z'], ['aadorian', '2020-12-16T01:50:29.150679Z'], ['krishnagoyal104', '2020-12-17T23:39:41.113579Z'], ['0xmikko', '2020-12-18T00:00:04.156671Z'], ['waylad', '2020-12-17T22:32:53.055313Z'], ['pancakebunny-dev', '2020-12-17T06:54:41.934869Z'], ['streampay', '2020-12-16T14:47:49.993500Z'], ['aj07', '2020-12-17T19:31:08.772691Z'], ['ivanmolto', '2020-12-17T21:42:48.672200Z'], ['ysongh', '2020-12-17T07:08:34.470266Z'], ['sagarjethi', '2020-12-17T22:57:38.161085Z'], ['usman75', '2020-12-17T17:48:31.108606Z'], ['moolahdapps', '2020-12-18T00:00:33.166224Z'], ['man-jain', '2020-12-17T20:21:47.309956Z'], ['theonlyfoxy', '2020-12-16T20:59:28.490897Z'], ['sirius651', '2020-12-17T17:09:32.303942Z'], ['kanika1799', '2020-12-15T16:30:11.600474Z'], ['abhimanyu121', '2020-12-15T15:53:45.492847Z']]"
https://gitcoin.co/issue/24333,ceramicnetwork,.github,"[['man-jain', '2020-12-17T23:14:10.979569Z'], ['jabyl', '2020-12-17T23:03:02.129780Z']]"
https://gitcoin.co/issue/24332,ceramicnetwork,.github,"[['stanly-johnson', '2020-12-16T03:31:53.989714Z']]"
https://gitcoin.co/issue/24330,ceramicnetwork,.github,"[['man-jain', '2020-12-17T23:12:57.132678Z'], ['think-in-universe', '2020-12-18T18:20:03.018589Z']]"
https://gitcoin.co/issue/24328,ceramicnetwork,.github,"[['man-jain', '2020-12-17T22:11:39.518349Z'], ['rekpero', '2020-12-17T23:33:19.054154Z'], ['jabyl', '2020-12-17T23:03:37.327968Z'], ['abhimanyu121', '2020-12-17T19:24:27.225518Z']]"
https://gitcoin.co/issue/24327,blocknative,sdk,"[['andygray', '2020-12-22T09:30:36.237208Z']]"
https://gitcoin.co/issue/24326,keep-network,tbtc.js,"[['man-jain', '2020-12-17T23:17:46.232230Z'], ['hurek', '2020-12-16T06:46:07.477024Z'], ['viraja1', '2020-12-17T20:14:26.845001Z'], ['zyra-zia', '2020-12-17T04:04:35.268948Z'], ['benlongstaff', '2020-12-17T10:52:34.772625Z'], ['masaun', '2020-12-17T13:04:16.964789Z'], ['nikolayga', '2020-12-08T05:43:15.225687Z']]"
https://gitcoin.co/issue/24325,harvest-finance,harvest,"[['apoorvlathey', '2020-12-17T23:58:35.928051Z'], ['masaun', '2020-12-17T13:33:38.106880Z'], ['affaxltd', '2020-12-11T19:55:52.819252Z'], ['farmer69420', '2020-12-17T23:52:03.902284Z']]"
https://gitcoin.co/issue/24321,tellor-io,usingtellor,"[['abdelhamidbakhta', '2020-12-15T12:44:32.186953Z']]"
https://gitcoin.co/issue/24318,gnosis,conditional-tokens-docs,"[['ksk2345', '2020-12-16T23:46:47.652152Z'], ['masaun', '2020-12-17T13:18:24.694928Z'], ['vporton', '2020-12-08T08:16:46.508227Z'], ['abdullathedruid', '2020-12-17T19:08:04.769215Z']]"
https://gitcoin.co/issue/24287,BrightID,BrightID,"[['acolytec3', '2020-12-14T22:15:49.371101Z'], ['yazdaaniam', '2020-12-15T13:01:35.742141Z'], ['motanovici', '2020-12-17T20:30:46.759751Z'], ['bitsikka', '2020-12-19T07:49:13.464129Z'], ['smrm-dev', '2020-12-18T00:10:06.611625Z']]"
https://gitcoin.co/issue/24202,BarnBridge,Meme-Competitions,"[['paulcrypton', '2020-12-07T17:16:37.934547Z']]"
https://gitcoin.co/issue/24200,BarnBridge,Bounty-Program,"[['developerfred', '2020-12-08T04:45:31.097060Z']]"
https://gitcoin.co/issue/24192,dxdaohackathon,dex-react,[]
https://gitcoin.co/issue/24191,dxdaohackathon,omen-exchange,"[['brymut', '2020-12-18T00:07:16.351683Z'], ['developer-piyush', '2021-04-11T14:07:15.239414Z'], ['proy24', '2020-12-17T07:37:57.846500Z']]"
https://gitcoin.co/issue/24190,TurqPBC,turqLegislation,"[['adrianhacker-pdx', '2020-12-05T02:49:05.236911Z']]"
https://gitcoin.co/issue/24186,NexusMutual,smart-contracts,"[['0xrs', '2020-12-17T17:21:32.926733Z'], ['masaun', '2020-12-17T13:52:38.144207Z']]"
https://gitcoin.co/issue/24185,NexusMutual,smart-contracts,"[['masaun', '2020-12-17T13:44:28.344337Z'], ['rjgraham866', '2021-04-28T04:11:53.926304Z'], ['0xrs', '2020-12-17T10:29:22.847182Z']]"
https://gitcoin.co/issue/24169,matter-labs,zksync,"[['yuetloo', '2020-12-07T04:01:58.894424Z'], ['tpscrpt', '2020-12-02T18:12:55.956898Z'], ['vbstreetz', '2020-12-13T22:18:10.243221Z'], ['vinhbhn', '2020-12-09T06:40:33.011622Z']]"
https://gitcoin.co/issue/24101,covalenthq,covalent-gitcoin-bounties,"[['darrylyeo', '2020-12-17T23:46:09.827056Z'], ['emmaodia', '2020-12-17T23:16:30.761492Z'], ['hylance', '2020-12-17T00:23:52.270709Z'], ['hoangdaothienmenh', '2020-12-17T07:14:22.146077Z'], ['rachit888', '2020-12-17T10:38:02.551023Z'], ['man-jain', '2020-12-17T22:05:55.812091Z'], ['claytonsavage', '2020-12-16T08:48:42.154099Z'], ['hhio618', '2020-12-17T22:46:26.911879Z']]"
https://gitcoin.co/issue/24100,covalenthq,covalent-gitcoin-bounties,"[['ayobami99', '2020-12-10T01:49:12.751772Z'], ['man-jain', '2020-12-17T22:06:27.760761Z'], ['alexnrdd', '2020-12-17T22:23:03.228553Z'], ['emmaodia', '2020-12-17T23:16:47.333277Z'], ['anthony62039', '2020-12-17T05:36:47.962075Z'], ['rachit888', '2020-12-17T06:25:16.764689Z'], ['ilhamm02', '2020-12-17T01:13:55.400172Z'], ['hylance', '2020-12-07T17:43:22.172792Z'], ['akbaridria', '2020-12-13T09:36:53.958851Z'], ['segun-ogundipe', '2020-12-17T15:03:03.407753Z'], ['hhio618', '2020-12-17T07:37:07.196049Z'], ['rashmi-278', '2020-12-17T02:47:54.641651Z'], ['johnmgrimm', '2020-12-16T23:45:15.200410Z'], ['claytonsavage', '2020-12-16T08:51:19.777526Z'], ['darrylyeo', '2020-12-17T23:43:48.065997Z']]"
https://gitcoin.co/issue/24099,metalithio,niftex-gr8-hackathon,"[['gravenp', '2020-12-16T23:45:01.565360Z']]"
https://gitcoin.co/issue/24098,metalithio,niftex-gr8-hackathon,"[['cosmictomato', '2020-11-29T08:18:58.271657Z'], ['developerfred', '2020-12-11T12:09:45.632819Z'], ['rjgraham866', '2021-04-28T04:13:46.892495Z'], ['amxx', '2020-12-03T14:21:29.850963Z']]"
https://gitcoin.co/issue/24092,BarnBridge,Project-Call-Notes-,"[['raynemang', '2020-12-04T03:24:33.544578Z']]"
https://gitcoin.co/issue/24084,PreventFlashLoanAttacks,Prevent-Flash-Loan-Attacks,"[['federicosan', '2020-12-21T03:54:52.447080Z']]"
https://gitcoin.co/issue/24083,gitcoinco,web,"[['dxania', '2020-12-23T08:45:18.059517Z'], ['mymanifest', '2020-11-23T12:40:17.094736Z'], ['masaun', '2020-11-23T23:58:35.969554Z'], ['ianmunge0', '2020-11-23T20:59:06.263886Z'], ['ovicko', '2020-11-23T14:46:51.586253Z'], ['jordan-type', '2020-11-26T16:30:51Z'], ['raymondfx', '2020-11-23T14:31:54Z'], ['martinnzioka', '2020-11-23T14:38:23.719377Z'], ['shelbysolomondarnell', '2020-11-23T22:42:17.396111Z'], ['angels101', '2020-11-23T15:09:18.628604Z'], ['mkungusi', '2020-12-23T07:37:30.967262Z'], ['enjuguna', '2020-11-23T20:42:50.784801Z']]"
https://gitcoin.co/issue/24081,gitcoinco,web,"[['yusrilfana', '2022-08-22T19:57:50.141072Z'], ['thelostone-mc', '2020-11-19T14:51:06.055385Z'], ['gitcoinbot', '2020-11-19T15:02:47.054646Z']]"
https://gitcoin.co/issue/24071,diadata-org,diadata,[]
https://gitcoin.co/issue/24063,harmony-one,hackathon,"[['dixitaniket', '2021-01-18T01:47:28Z'], ['azizyano', '2020-12-06T16:33:44Z'], ['jff-danno', '2021-01-18T07:04:11Z'], ['zyra-zia', '2021-01-18T06:50:25Z'], ['ysongh', '2021-01-18T03:59:57Z'], ['trinhtan', '2021-01-18T06:55:05Z'], ['kpatch', '2021-01-18T06:46:25Z'], ['gokulsan', '2021-01-18T08:01:00Z'], ['dodecane', '2021-01-18T04:02:03Z'], ['harshabakku', '2021-01-17T09:03:24Z'], ['theopenfinanceproject', '2021-01-17T18:38:16Z'], ['abbaskiko', '2020-11-18T00:24:35Z'], ['kuyawa', '2021-01-16T14:06:39Z'], ['dizzydenniz', '2021-01-17T07:52:06Z'], ['sladecek', '2021-01-17T18:21:29.074941Z'], ['aadorian', '2021-01-16T03:57:48Z'], ['blockjoe', '2021-01-18T07:06:19Z'], ['fuzious', '2021-01-18T01:03:43Z'], ['bocoi5011', '2021-07-19T15:54:19.967029Z'], ['arabya', '2021-01-03T14:06:50Z']]"
https://gitcoin.co/issue/24056,binancex,Grant-projects,"[['manyrios', '2020-12-10T04:30:30.010618Z'], ['timidan', '2020-12-09T17:12:08.969292Z']]"
https://gitcoin.co/issue/24055,binancex,Grant-projects,"[['timidan', '2020-12-06T01:12:54.793577Z'], ['ult-processor', '2020-12-06T01:52:09.780626Z']]"
https://gitcoin.co/issue/24054,binancex,Grant-projects,"[['timidan', '2020-12-08T00:32:07.274417Z']]"
https://gitcoin.co/issue/24053,binancex,Grant-projects,"[['timidan', '2020-12-08T02:51:10.195976Z']]"
https://gitcoin.co/issue/24052,binancex,Grant-projects,"[['jerrynoah96', '2020-12-04T12:10:25.499811Z']]"
https://gitcoin.co/issue/24033,ceramicnetwork,.github,"[['darrylyeo', '2020-11-24T21:44:33.260232Z'], ['auralshin', '2020-11-24T08:24:53.900436Z'], ['nicholasglazer', '2020-11-24T06:36:59.282179Z'], ['sekmet', '2020-11-24T07:37:59.493927Z'], ['rezahsnz', '2020-11-24T08:22:29.523500Z'], ['mrodriguez3313', '2020-11-24T08:06:56.904047Z'], ['jaredchilders', '2020-11-23T01:26:55.711743Z']]"
https://gitcoin.co/issue/24032,NebulousLabs,Skynet-Hive,"[['juliandegraaf', '2020-11-23T16:32:05.089162Z'], ['nicholasglazer', '2020-11-24T06:06:29.224881Z'], ['dkojima', '2020-11-23T20:56:20.315774Z'], ['ahnafalfariza', '2020-11-22T02:56:24.535214Z'], ['motanovici', '2020-11-22T00:37:46.241630Z'], ['themailman05', '2020-11-24T07:57:24.324182Z'], ['fluffy9', '2020-11-23T23:59:18.379687Z'], ['azizyano', '2020-11-18T23:44:15.186909Z'], ['matimaone1', '2020-11-18T14:21:54.156093Z'], ['jaredchilders', '2020-11-23T01:27:52.081788Z'], ['darrylyeo', '2020-11-23T14:19:48.941843Z'], ['timi-graphicks', '2020-11-23T12:43:29.299069Z'], ['rezahsnz', '2020-11-24T08:15:22.329411Z'], ['auralshin', '2020-11-24T08:27:47.796820Z'], ['skynethubio', '2020-11-24T07:14:22.930936Z'], ['10000multiplier', '2020-11-07T07:04:33.415996Z'], ['dawe35', '2020-11-23T13:51:26.576173Z']]"
https://gitcoin.co/issue/24031,NebulousLabs,Skynet-Hive,"[['harej', '2020-11-24T06:57:07.616737Z'], ['michielpost', '2020-11-19T13:35:21.371928Z'], ['dinukaw007', '2020-11-19T08:04:32.857386Z'], ['dkojima', '2020-11-23T20:52:28.380471Z'], ['kamy22', '2020-11-22T18:51:49.628482Z'], ['ahnafalfariza', '2020-11-22T02:53:53.240618Z'], ['tranchien2002', '2020-11-21T14:35:58.206373Z'], ['swarooph', '2020-11-23T23:36:29.862071Z'], ['fluffy9', '2020-11-23T22:53:14.464658Z'], ['anomit', '2020-11-23T16:56:51.291255Z'], ['redsolver', '2020-11-23T22:52:50.162593Z'], ['themailman05', '2020-11-24T07:56:32.191820Z'], ['sekmet', '2020-11-24T07:40:12.814688Z'], ['auralshin', '2020-11-24T08:27:03.603181Z'], ['conspyrosy', '2020-11-23T22:56:30.222290Z'], ['frypatch', '2020-11-23T20:18:13.805792Z'], ['benkaiser', '2020-11-22T08:53:35.067547Z'], ['dawe35', '2020-11-23T13:50:04.923585Z'], ['jaredchilders', '2020-11-23T01:25:56.144005Z'], ['anthony62039', '2020-11-24T02:56:14.522964Z'], ['rezahsnz', '2020-11-24T08:10:08.114727Z'], ['skynethubio', '2020-11-24T07:43:41.654472Z'], ['zcstarr', '2020-11-24T07:10:07.791875Z'], ['nicholasglazer', '2020-11-23T07:02:47.965361Z'], ['autisticvegan', '2020-11-23T04:56:18.289940Z'], ['justins21', '2020-11-23T12:03:03.574554Z']]"
https://gitcoin.co/issue/24016,SogurCurrency,Gitcoin-hackathon,[]
https://gitcoin.co/issue/24015,SogurCurrency,Gitcoin-hackathon,[]
https://gitcoin.co/issue/24008,SogurCurrency,Gitcoin-hackathon,"[['adrianhacker-pdx', '2020-11-21T06:25:24.520038Z'], ['chimthom9', '2020-11-29T14:46:18.957675Z'], ['cryptoblarabi', '2020-12-01T21:25:45.805499Z'], ['ayobami99', '2020-11-28T16:38:35.636430Z'], ['l-kh', '2020-12-04T22:07:29.693846Z'], ['mosgov', '2020-11-30T19:33:02.856243Z'], ['nestorbonilla', '2020-12-01T21:10:28.106568Z'], ['peachy95', '2020-11-29T15:21:37.838572Z']]"
https://gitcoin.co/issue/24007,SogurCurrency,Gitcoin-hackathon,"[['nestorbonilla', '2020-12-01T21:08:52.656900Z'], ['l-kh', '2020-11-29T22:34:45.275466Z'], ['writeprovidence', '2020-12-07T16:33:15.418592Z'], ['mosgov', '2020-11-30T19:29:42.046147Z'], ['power458', '2020-12-01T20:57:58.768757Z'], ['mandril1', '2020-11-30T22:30:25.785216Z'], ['cryptoblarabi', '2020-11-30T19:24:41.506657Z'], ['fatima890', '2020-11-30T20:05:55.017568Z']]"
https://gitcoin.co/issue/24006,SogurCurrency,Gitcoin-hackathon,"[['fatima890', '2020-11-29T20:43:59.699110Z'], ['cryptoblarabi', '2020-12-01T21:25:42.229910Z'], ['ayobami99', '2020-11-30T09:50:12.014318Z'], ['adrianhacker-pdx', '2020-11-05T21:54:43.037256Z']]"
https://gitcoin.co/issue/24005,SogurCurrency,Gitcoin-hackathon,"[['ayobami99', '2020-11-30T23:32:16.682217Z'], ['jamesondh', '2020-11-15T12:02:23.444650Z'], ['adrianhacker-pdx', '2020-11-30T03:04:52.445377Z']]"
https://gitcoin.co/issue/24004,SogurCurrency,Gitcoin-hackathon,"[['yadia', '2020-11-27T06:19:26.085469Z'], ['peachy95', '2020-11-29T15:11:20.412617Z'], ['chimthom9', '2020-11-29T14:36:11.615183Z'], ['power458', '2020-11-30T19:15:18.131514Z'], ['plan204', '2020-11-29T14:57:32.879825Z'], ['ayobami99', '2020-11-28T16:06:45.707445Z'], ['adrianhacker-pdx', '2020-11-05T21:30:27.603527Z'], ['fatima890', '2020-11-24T20:55:30.673628Z'], ['mandril1', '2020-11-29T14:49:45.278187Z']]"
https://gitcoin.co/issue/24002,SogurCurrency,Gitcoin-hackathon,[]
https://gitcoin.co/issue/24001,SogurCurrency,Gitcoin-hackathon,"[['masaun', '2020-11-30T15:38:28.271936Z']]"
https://gitcoin.co/issue/23999,Conflux-Chain,gitcoin-bounties,"[['samt6', '2020-11-23T01:58:32.324378Z']]"
https://gitcoin.co/issue/23998,Conflux-Chain,gitcoin-bounties,"[['apoorvlathey', '2020-11-23T05:00:27.977907Z'], ['samt6', '2020-11-23T01:52:57.588889Z'], ['leledumbo549', '2020-11-21T08:43:29.572122Z']]"
https://gitcoin.co/issue/23997,Conflux-Chain,gitcoin-bounties,"[['slideloft', '2020-11-18T23:55:38.961784Z'], ['rachit2501', '2020-11-23T02:16:45.116989Z'], ['jff-danno', '2020-11-22T19:03:56.692591Z'], ['cristiangpr', '2020-11-22T23:02:05.611695Z'], ['fatemehz', '2020-11-20T05:30:50.849792Z'], ['leledumbo549', '2020-11-21T03:36:05.020728Z'], ['apoorvlathey', '2020-11-23T07:25:45.869584Z'], ['samt6', '2020-11-23T01:56:01.389555Z']]"
https://gitcoin.co/issue/23995,SogurCurrency,Gitcoin-hackathon,"[['brianspha', '2020-12-01T23:11:14.314200Z'], ['markichu', '2020-11-30T04:54:20.780581Z']]"
https://gitcoin.co/issue/23994,SogurCurrency,Gitcoin-hackathon,[]
https://gitcoin.co/issue/23993,seedclub,seed-club-hacks,"[['vporton', '2020-10-27T11:30:35.619258Z'], ['makoto', '2020-10-29T18:11:39.625881Z'], ['ccfalv', '2020-10-30T15:36:07.769351Z'], ['alxcnwy', '2020-10-30T09:13:04.078279Z'], ['hello-shreyas', '2020-10-30T18:59:56.429553Z'], ['apoorvlathey', '2020-10-31T01:08:05.876752Z'], ['zashton', '2020-10-30T16:23:04.201764Z'], ['jzstern', '2020-10-30T17:24:39.653420Z'], ['jabyl', '2020-10-28T00:34:15.556468Z']]"
https://gitcoin.co/issue/23990,Web3Bridge,github-bonty,"[['sbremner777', '2020-10-25T19:06:33.966331Z']]"
https://gitcoin.co/issue/23989,seedclub,seed-club-hacks,[]
https://gitcoin.co/issue/23978,Zilliqa,xsgd-hackathon-,"[['timongll', '2020-11-08T19:20:17.528752Z'], ['jsarcher', '2020-11-07T20:53:57.016290Z'], ['jseam2', '2020-11-09T01:09:19.090170Z'], ['tralkan', '2020-11-09T23:05:22.658882Z'], ['dodecane', '2020-11-08T11:56:26.078564Z'], ['aj07', '2020-11-09T19:07:31.916409Z'], ['vinhyenvodoi98', '2020-11-08T17:09:52.114409Z'], ['vporton', '2020-10-28T14:55:07.229961Z']]"
https://gitcoin.co/issue/23977,ethereum,ethereum-org-website,"[['ph5500', '2020-10-20T16:07:24.558235Z']]"
https://gitcoin.co/issue/23974,binancex,Grant-projects,"[['nceno', '2020-10-19T13:34:29Z']]"
https://gitcoin.co/issue/23972,gitcoinco,web,"[['samhatem', '2020-10-19T17:52:57.600218Z'], ['adamgall', '2020-10-19T16:49:59.983976Z']]"
https://gitcoin.co/issue/23966,golemfactory,yagna,"[['doc-saintly', '2020-10-19T23:55:47.773938Z'], ['edhendil', '2020-11-24T09:36:12.765984Z']]"
https://gitcoin.co/issue/23965,golemfactory,yagna,"[['rezahsnz', '2020-10-18T16:50:25.716719Z'], ['irhonin', '2020-10-17T21:54:24.236095Z'], ['hhio618', '2020-10-19T17:24:56.649305Z'], ['doc-saintly', '2020-10-16T13:50:30.809435Z'], ['molecula451', '2020-10-19T06:01:36.718083Z']]"
https://gitcoin.co/issue/23964,golemfactory,yagna,"[['irhonin', '2020-10-23T20:34:42.641406Z'], ['vporton', '2020-10-24T22:15:26.894716Z'], ['rezahsnz', '2020-10-21T13:58:17.697626Z'], ['smiley1983', '2020-10-20T00:49:18.185518Z'], ['hhio618', '2020-10-24T20:21:11.768008Z'], ['coejoder', '2020-10-24T06:23:14.758168Z']]"
https://gitcoin.co/issue/23963,golemfactory,yagna,"[['thomgabriel', '2020-10-16T22:52:31.254837Z'], ['molecula451', '2020-10-19T06:02:51.793437Z'], ['canokaue', '2020-10-19T12:24:12.002960Z'], ['irhonin', '2020-10-16T21:35:52.910197Z'], ['rezahsnz', '2020-10-18T08:50:52.965197Z']]"
https://gitcoin.co/issue/23962,moonbeam-foundation,gitcoin-hello-world-by-moonbeam,"[['sekmet', '2020-10-21T15:53:59.762857Z'], ['orangemio', '2020-10-19T18:16:42.369869Z'], ['aviekakkar', '2020-11-12T16:02:45.821709Z'], ['grekinsky', '2020-10-17T04:22:24.470775Z'], ['tonysun83', '2020-11-02T07:11:16.144936Z'], ['scarletbright', '2020-10-20T23:35:15.000005Z'], ['timidan', '2020-10-21T22:11:19.372356Z'], ['mswezey23', '2020-10-22T21:59:58.540098Z'], ['maar-io', '2020-10-25T06:27:37Z'], ['nmlinaric', '2020-10-24T14:33:16.194198Z'], ['nocmar', '2020-10-19T20:25:08.896725Z'], ['kafcioo', '2020-10-23T11:50:48Z'], ['tn606024', '2020-10-26T15:13:13.144765Z'], ['dcarpintero', '2020-10-18T17:47:28.416197Z'], ['brettkolodny', '2020-10-30T03:40:56.094551Z'], ['sourabupadhya123', '2020-11-01T18:10:30.714755Z'], ['brycekennedy117', '2020-10-19T13:11:13.385132Z'], ['antisaa', '2020-10-21T14:40:58.953878Z'], ['jimytech', '2020-10-24T14:30:31.151683Z'], ['nnti3n', '2020-10-25T07:26:53.848330Z'], ['nnnkit', '2020-11-04T19:55:39.441298Z'], ['vinhbhn', '2020-10-24T13:12:59.560874Z'], ['theunity', '2020-11-13T00:01:45.999122Z'], ['mixelated', '2020-10-16T05:29:41.050493Z'], ['rafat', '2020-10-18T08:57:00.964123Z'], ['bitash', '2020-10-23T04:20:53.679225Z'], ['santanaruben', '2020-10-23T20:41:37.439171Z'], ['yellowbirdy', '2020-10-27T11:23:05.808730Z'], ['1027540johnsonaniketh', '2020-10-16T19:46:18.427707Z'], ['kichjang', '2020-10-23T05:01:49.603558Z'], ['laurenttrk', '2020-10-17T21:39:47.419351Z'], ['maksim-tolo', '2020-10-17T23:18:52.234828Z'], ['martinloesethjensen', '2020-10-26T08:58:12.803138Z'], ['dzuqe', '2020-10-21T16:04:39.281012Z'], ['avcdsld', '2020-10-20T17:02:08.697232Z'], ['0101coding', '2020-10-20T19:55:10.017771Z'], ['shirshak55', '2020-10-19T09:08:01Z'], ['harman-singh-waraich', '2020-10-15T13:03:37.781932Z'], ['amitjosh', '2020-10-22T08:55:22.590797Z'], ['anhcao142', '2020-10-22T09:35:22.972651Z'], ['tunap', '2020-10-17T15:09:31.105226Z'], ['kwsantiago', '2020-10-26T14:30:58.408758Z'], ['sonhng', '2020-10-24T13:34:43.565950Z'], ['dotrungkien', '2020-10-20T15:19:09.298190Z'], ['stephenstb', '2020-11-02T22:19:57.610301Z'], ['harodggg', '2020-10-20T18:24:50.850684Z'], ['nukemandan', '2020-11-07T23:30:39.726574Z'], ['echolon166', '2020-10-17T11:55:34.194369Z'], ['gdixon', '2020-10-17T12:21:08.641272Z'], ['y12studio', '2020-10-20T10:30:12.105042Z'], ['burgerking12', '2020-11-03T01:33:06.894754Z'], ['001027548-johnsonabhishek', '2020-10-16T18:17:12.784205Z'], ['ksk2345', '2020-11-10T17:47:55.631786Z'], ['hugoo', '2020-10-18T20:16:45.236932Z'], ['joshglobal', '2020-10-20T21:34:03.055656Z'], ['franono', '2020-10-24T18:51:27.367595Z'], ['sarahkay99', '2020-10-19T08:37:07.796214Z'], ['ubinix-warun', '2020-10-24T05:56:31.749703Z'], ['shamb0', '2020-10-18T09:37:51.586827Z'], ['yasiryagi', '2020-11-11T00:47:32Z'], ['jossimunoz', '2020-10-16T02:53:04Z'], ['master-davidlee', '2020-10-26T01:59:25.100530Z'], ['mttrung', '2020-10-25T07:49:15.324515Z'], ['lzmlam', '2020-10-21T19:02:16.181265Z'], ['mpetrun5', '2020-10-17T21:09:07.435076Z'], ['kamohaladus', '2020-10-21T20:43:15.845274Z'], ['fussyl', '2020-10-28T19:57:28.062747Z'], ['surajsingla333', '2020-10-19T17:51:16.904298Z'], ['aadorian', '2020-10-17T20:28:56.389446Z'], ['mnusurov', '2020-10-18T13:51:18.859486Z'], ['eharris128', '2020-10-21T14:37:09.479239Z']]"
https://gitcoin.co/issue/23960,staketechnologies,hello-world-by-polkadot,"[['aj07', '2020-11-12T16:12:20.803198Z'], ['avcdsld', '2020-10-16T03:24:26.128102Z'], ['laurogripa', '2020-10-16T01:04:14.758033Z'], ['martinloesethjensen', '2020-10-16T08:09:52.772233Z'], ['silaszhr', '2020-10-16T10:14:01Z'], ['futurewitness', '2020-10-15T20:26:12.115769Z'], ['ghardin1314', '2020-10-20T02:34:34.688928Z'], ['mpetrun5', '2020-10-17T21:42:38.071627Z'], ['mixelated', '2020-10-16T15:01:50.063408Z'], ['isabelgeek', '2020-10-16T08:41:12.835499Z'], ['stephenstb', '2020-11-09T21:10:25.768294Z'], ['rafat', '2020-10-16T12:29:16.657421Z'], ['s5k0651', '2020-10-18T23:33:25.526144Z'], ['brycekennedy117', '2020-10-16T05:45:16.335309Z'], ['y12studio', '2020-10-16T07:26:52.903225Z'], ['casub', '2020-10-17T11:58:35.241850Z'], ['gdixon', '2020-10-17T22:40:12.077084Z'], ['jimmy-tudeski', '2020-10-16T09:46:18Z'], ['realtakahashi', '2020-10-16T22:07:20.776769Z'], ['ubinix-warun', '2020-10-17T17:18:20.767159Z'], ['ksk2345', '2020-11-08T08:38:31.719687Z'], ['mondaylord', '2020-10-19T01:27:28.251632Z'], ['davidkohcw', '2020-10-16T09:24:11.082677Z'], ['mnusurov', '2020-10-18T12:27:47.287069Z'], ['davidkohsea', '2020-10-16T10:01:54.232776Z'], ['shobhitvishnoi30', '2020-10-16T06:24:58.648157Z'], ['zh', '2020-10-20T17:17:09.105198Z'], ['kafcioo', '2020-10-20T11:27:21.590645Z'], ['jossimunoz', '2020-10-17T00:10:34.888463Z'], ['tunap', '2020-10-17T15:39:54.258994Z'], ['mojikimino', '2020-10-16T21:34:42.655381Z'], ['001027548-johnsonabhishek', '2020-10-17T07:42:35.767345Z'], ['tn606024', '2020-10-26T13:30:34.925826Z'], ['peak3d', '2020-10-15T16:03:04.126543Z'], ['shelvenzhou', '2020-10-16T05:47:13.468117Z'], ['echolon166', '2020-10-15T20:28:30.314368Z'], ['antisaa', '2020-10-16T06:58:49.460249Z'], ['dcarpintero', '2020-10-16T18:06:18.377175Z'], ['prakharsr', '2020-10-16T13:38:09.729022Z'], ['hugoo', '2020-10-17T13:08:18.503288Z'], ['yungskum', '2020-10-16T15:56:10.976978Z'], ['nocmar', '2020-10-17T05:49:07Z'], ['vinhbhn', '2020-10-16T15:39:52.671810Z'], ['kichjang', '2020-10-16T15:52:30.855896Z'], ['grekinsky', '2020-10-21T02:32:05.736660Z'], ['master-davidlee', '2020-11-01T10:49:14.485443Z'], ['sarahkay99', '2020-10-15T18:19:59.471366Z'], ['vgasparini', '2020-10-15T22:10:05.258208Z'], ['shamb0', '2020-10-17T05:16:02.744370Z'], ['brettkolodny', '2020-10-29T18:03:39.411713Z'], ['mswezey23', '2020-10-30T01:07:58.808046Z'], ['ivanmolto', '2020-10-16T07:12:09.449236Z'], ['latenthero', '2020-10-17T14:51:49.421920Z'], ['hqueue', '2020-10-15T20:42:47.134942Z'], ['tonysun83', '2020-11-02T14:41:59.082431Z'], ['franono', '2020-11-01T04:16:22.226754Z'], ['sekmet', '2020-11-12T11:06:12.504275Z'], ['xielehe', '2020-10-21T05:48:28.602234Z'], ['1027540johnsonaniketh', '2020-10-17T08:13:22.038969Z'], ['kamohaladus', '2020-10-17T08:32:47.480518Z'], ['berbass', '2020-11-09T02:32:07.928454Z'], ['anhcao142', '2020-10-16T08:34:58.072156Z'], ['rmartinus', '2020-10-16T05:43:52Z'], ['sonhng', '2020-10-16T12:30:29.496399Z'], ['maksim-tolo', '2020-10-16T11:23:35Z'], ['0x2bc', '2020-10-16T14:06:03.928006Z'], ['theunity', '2020-10-21T10:22:26.803816Z'], ['aynelis', '2020-10-17T17:42:21.964459Z'], ['harman-singh-waraich', '2020-10-15T12:27:34.711056Z'], ['shirshak55', '2020-10-18T22:15:57Z'], ['aviekakkar', '2020-10-16T17:12:19Z'], ['bitash', '2020-11-02T11:07:25.775088Z'], ['tadashim', '2020-10-15T15:36:38.407337Z'], ['freestriker00', '2020-10-22T19:06:36.223669Z'], ['dmahser', '2020-10-19T00:01:52.715442Z'], ['vitalydv', '2020-10-18T18:30:06.421404Z'], ['irhonin', '2020-10-15T11:30:57Z'], ['pkrasam', '2020-10-16T15:20:57.284851Z'], ['nukemandan', '2020-11-04T18:50:39.501644Z'], ['harodggg', '2020-10-16T07:53:26.577930Z'], ['laurenttrk', '2020-10-16T07:57:34.425276Z'], ['kiok46', '2020-10-18T07:45:10.647120Z'], ['fussyl', '2020-11-07T08:07:37.418668Z'], ['yasiryagi', '2020-11-11T16:15:48.777390Z'], ['scarletbright', '2020-10-17T22:52:45Z']]"
https://gitcoin.co/issue/23959,staketechnologies,hello-world-by-polkadot,"[['nukemandan', '2020-11-06T21:59:18.846569Z'], ['rafat', '2020-11-08T12:30:40.945576Z'], ['kwsantiago', '2020-10-29T03:26:40.204642Z'], ['tonysun83', '2020-11-08T07:20:15.126626Z'], ['gdixon', '2020-11-01T01:39:09.044354Z'], ['franono', '2020-11-01T03:09:38.817017Z'], ['theunity', '2020-11-13T00:00:22.708992Z'], ['santanaruben', '2020-10-25T20:39:05.008198Z'], ['prakharsr', '2020-10-22T04:39:25.523150Z'], ['anhcao142', '2020-10-23T09:39:31.520704Z'], ['nnnkit', '2020-11-03T05:27:47.378342Z'], ['avcdsld', '2020-10-22T19:46:25.898938Z'], ['y12studio', '2020-10-29T12:35:53.624732Z'], ['stephenstb', '2020-11-12T07:25:40.245524Z'], ['coderrick', '2020-11-12T22:16:21.298185Z'], ['harman-singh-waraich', '2020-10-29T13:14:39.284140Z'], ['realtakahashi', '2020-10-17T21:32:07.035135Z'], ['vinhbhn', '2020-11-01T06:20:37.979056Z']]"
https://gitcoin.co/issue/23956,metacartel,untitled-hackathon,[]
https://gitcoin.co/issue/23953,moonbeam-foundation,gitcoin-hello-world-by-moonbeam,"[['aviekakkar', '2020-11-12T14:31:13.565695Z'], ['nukemandan', '2020-11-08T02:12:14.346256Z'], ['jeffanthony', '2020-11-12T22:10:50Z'], ['amitjosh', '2020-10-22T07:54:20.934596Z'], ['santanaruben', '2020-10-23T21:55:48.802787Z'], ['nmlinaric', '2020-10-24T11:16:59.428116Z'], ['burgerking12', '2020-11-03T06:54:15.035352Z'], ['avcdsld', '2020-10-20T17:48:17.804977Z'], ['joshglobal', '2020-10-20T22:07:01.807534Z'], ['grekinsky', '2020-10-18T06:47:58.434275Z'], ['gdixon', '2020-10-18T08:59:17.028725Z'], ['y12studio', '2020-10-22T10:30:02.279894Z'], ['quantsec', '2020-10-28T22:17:14Z'], ['theunity', '2020-11-13T00:10:49.385070Z'], ['yasiryagi', '2020-11-11T11:37:02Z'], ['harodggg', '2020-10-22T20:10:24.833042Z'], ['ubinix-warun', '2020-10-25T09:31:54.141714Z'], ['master-davidlee', '2020-10-26T07:28:39.368722Z'], ['jimmy-tudeski', '2020-10-23T01:33:36.538743Z'], ['shamb0', '2020-10-23T10:14:18.297782Z'], ['sonhng', '2020-10-25T09:27:03.843590Z'], ['mttrung', '2020-10-25T09:34:11.606183Z'], ['antisaa', '2020-10-24T15:30:33.341383Z'], ['mpetrun5', '2020-10-17T20:57:27.528466Z'], ['chainvisions', '2020-10-27T06:54:11.947535Z'], ['pmensik', '2020-11-09T14:28:46.840195Z'], ['obxium', '2020-10-26T19:56:09.487737Z'], ['brettkolodny', '2020-10-28T18:05:50.916516Z'], ['juanpalopez', '2020-10-27T23:38:35.135877Z'], ['tonysun83', '2020-10-28T16:24:28.385316Z'], ['sourabupadhya123', '2020-10-28T20:45:30.072976Z'], ['harman-singh-waraich', '2020-10-15T09:34:48Z'], ['ksk2345', '2020-11-11T16:58:05.219439Z'], ['nnnkit', '2020-11-04T21:10:18.451245Z'], ['nocmar', '2020-10-24T09:01:16.538212Z'], ['dcarpintero', '2020-10-18T22:05:51.741204Z'], ['bitash', '2020-10-23T07:39:25.631251Z'], ['anhcao142', '2020-10-24T14:06:53.550162Z'], ['kwsantiago', '2020-10-26T19:25:52.740554Z'], ['scarletbright', '2020-10-21T14:35:30.125882Z'], ['hugoo', '2020-10-19T22:28:10.218090Z'], ['maar-io', '2020-10-25T22:17:36Z'], ['mswezey23', '2020-10-23T17:27:10.814069Z'], ['pkrasam', '2020-11-08T06:03:06.922838Z'], ['sarahkay99', '2020-10-18T09:49:32.231408Z'], ['franono', '2020-10-24T20:07:34.315770Z'], ['fussyl', '2020-10-29T01:56:59.998291Z'], ['martinloesethjensen', '2020-10-26T12:09:17.413045Z'], ['eharris128', '2020-10-21T16:39:43.228105Z'], ['trongvuong1902', '2020-10-25T16:08:32.625026Z'], ['vinhbhn', '2020-10-24T15:58:11.926857Z'], ['rafat', '2020-10-21T22:33:58.514060Z'], ['kafcioo', '2020-10-24T12:11:11Z'], ['maksim-tolo', '2020-10-18T14:54:38.659397Z'], ['kichjang', '2020-10-23T06:42:55.231427Z'], ['tunap', '2020-10-23T13:54:20.903699Z'], ['echolon166', '2020-10-19T13:00:06.599306Z'], ['orangemio', '2020-10-19T18:55:17.306316Z'], ['aadorian', '2020-10-17T20:05:05.488200Z'], ['nnti3n', '2020-10-25T09:35:53.276978Z'], ['stephenstb', '2020-10-28T23:30:02.776075Z'], ['jimytech', '2020-10-24T15:00:10.104597Z'], ['laurenttrk', '2020-10-21T19:42:45.497564Z'], ['s5k0651', '2020-10-28T21:18:34.624418Z'], ['dotrungkien', '2020-10-20T16:33:22.154999Z'], ['shirshak55', '2020-10-21T17:09:13Z'], ['sekmet', '2020-10-21T20:46:19.352321Z']]"
https://gitcoin.co/issue/23952,AcalaNetwork,polakdot-hello-world-acala,"[['maar-io', '2020-10-28T22:28:09Z'], ['ksk2345', '2020-11-09T18:37:02.307057Z'], ['laurenttrk', '2020-10-19T20:39:01.381918Z'], ['shamb0', '2020-10-20T04:31:40.220341Z'], ['yasiryagi', '2020-11-12T18:42:16.301436Z'], ['dcarpintero', '2020-10-20T20:08:03.042108Z'], ['vinhbhn', '2020-10-31T07:10:11.284555Z'], ['pmensik', '2020-11-09T14:31:15.718111Z'], ['aj07', '2020-10-22T10:51:33.432664Z'], ['sonhng', '2020-11-11T23:46:58.295061Z'], ['theunity', '2020-11-12T23:58:43.673046Z'], ['harman-singh-waraich', '2020-10-21T19:31:47.042555Z'], ['nocmar', '2020-11-03T18:50:08.053657Z'], ['fussyl', '2020-10-18T08:38:47.674188Z'], ['stephenstb', '2020-11-11T22:57:00.425115Z'], ['franono', '2020-11-02T03:02:36.734369Z'], ['tonysun83', '2020-10-29T05:46:02.566708Z'], ['kafcioo', '2020-10-29T15:48:19.308478Z'], ['rafat', '2020-10-30T08:30:18.537670Z'], ['burgerking12', '2020-11-01T08:09:42.238961Z'], ['echolon166', '2020-10-21T11:15:30.421615Z'], ['casub', '2020-11-09T12:41:27.992025Z'], ['nnnkit', '2020-11-03T09:11:47.629665Z'], ['shirshak55', '2020-10-27T10:41:44.676229Z'], ['tunap', '2020-10-26T08:20:53.490295Z'], ['maksim-tolo', '2020-11-11T19:29:43.791720Z'], ['sekmet', '2020-10-22T10:33:15.502505Z'], ['christo230', '2020-10-15T15:09:04.937107Z'], ['ubinix-warun', '2020-11-06T13:57:38.700766Z'], ['kichjang', '2020-10-27T17:51:12.927810Z'], ['kwsantiago', '2020-10-29T04:23:51.623377Z'], ['martinloesethjensen', '2020-10-23T22:28:07.485984Z'], ['s5k0651', '2020-11-02T05:51:39.163450Z'], ['nukemandan', '2020-11-10T00:05:46.878440Z'], ['y12studio', '2020-10-19T11:57:28.120013Z'], ['hugoo', '2020-10-27T09:41:13.126464Z'], ['vsatyanaveen', '2020-11-12T23:58:39.656097Z'], ['caiyiliang', '2020-11-09T09:23:19.811322Z'], ['brettkolodny', '2020-11-12T04:51:33.873244Z'], ['avcdsld', '2020-11-03T10:32:15.541878Z'], ['bitash', '2020-10-21T09:04:36Z'], ['master-davidlee', '2020-10-25T09:39:59.619701Z'], ['gdixon', '2020-10-20T21:52:43.446478Z'], ['mswezey23', '2020-10-28T20:45:32.320209Z']]"
https://gitcoin.co/issue/23951,AcalaNetwork,polakdot-hello-world-acala,"[['theunity', '2020-11-13T00:08:01.793938Z'], ['nnnkit', '2020-11-03T14:52:38.571881Z'], ['gdixon', '2020-10-21T00:00:19.406811Z'], ['martinloesethjensen', '2020-10-23T19:43:16.469029Z'], ['dcarpintero', '2020-10-21T20:44:27.015121Z'], ['ksk2345', '2020-11-10T10:53:53.374509Z'], ['maar-io', '2020-10-29T20:51:50Z'], ['s5k0651', '2020-11-03T07:19:26.202152Z'], ['kichjang', '2020-10-28T05:26:54.938959Z'], ['franono', '2020-11-09T01:56:10.560102Z'], ['pmensik', '2020-11-05T16:37:33.562653Z'], ['y12studio', '2020-10-21T10:29:54.139838Z'], ['ubinix-warun', '2020-11-10T12:08:57.546425Z'], ['sekmet', '2020-10-24T08:42:33.405051Z'], ['laurenttrk', '2020-10-19T16:55:51.766901Z'], ['maksim-tolo', '2020-11-09T23:27:22.210623Z'], ['nukemandan', '2020-11-09T21:41:02.562361Z'], ['rafat', '2020-10-31T12:41:49.814165Z'], ['shamb0', '2020-10-20T08:15:25.308611Z'], ['casub', '2020-11-09T18:25:09.063632Z'], ['kwsantiago', '2020-10-29T04:15:27.924882Z'], ['bitash', '2020-10-21T09:39:25.724963Z'], ['burgerking12', '2020-11-01T08:07:02.687350Z'], ['mswezey23', '2020-10-28T19:40:51.542134Z'], ['avcdsld', '2020-10-26T16:07:29.853494Z'], ['nocmar', '2020-11-01T20:07:01.408911Z'], ['nnti3n', '2020-11-08T13:32:08.320140Z'], ['yasiryagi', '2020-11-12T23:58:19.846197Z'], ['caiyiliang', '2020-11-07T10:24:36.809370Z'], ['kafcioo', '2020-10-27T16:23:14.784238Z'], ['fussyl', '2020-10-18T09:23:28.405611Z'], ['brettkolodny', '2020-11-04T15:22:19.717928Z'], ['master-davidlee', '2020-10-25T12:42:12.876979Z'], ['tonysun83', '2020-10-29T07:18:42.564353Z'], ['hugoo', '2020-11-07T14:59:28.392714Z'], ['zhiwei-w-luo', '2020-11-02T11:54:18.731538Z'], ['echolon166', '2020-10-22T20:42:58.244758Z'], ['shirshak55', '2020-10-26T16:02:30Z'], ['stephenstb', '2020-11-11T20:44:54.563560Z'], ['tunap', '2020-10-23T15:05:30.866103Z'], ['harman-singh-waraich', '2020-10-22T15:20:36.509773Z'], ['sonhng', '2020-11-11T23:16:51.875994Z'], ['vinhbhn', '2020-10-31T05:35:02.281765Z']]"
https://gitcoin.co/issue/23947,Phala-Network,hello-world-by-polkadot,"[['master-davidlee', '2020-10-21T04:45:05.974830Z'], ['burgerking12', '2020-11-02T07:14:37.722131Z'], ['shirshak55', '2020-10-24T13:11:49Z'], ['vinhbhn', '2020-11-04T09:40:01.561456Z'], ['laurenttrk', '2020-10-17T20:31:01.943060Z'], ['tarzan18', '2020-11-10T06:57:43.488761Z'], ['ubinix-warun', '2020-11-12T17:38:59.307280Z'], ['shamb0', '2020-10-21T11:19:22.080553Z'], ['sekmet', '2020-10-28T03:41:32.791185Z'], ['gdixon', '2020-10-23T03:03:01Z']]"
https://gitcoin.co/issue/23945,Phala-Network,hello-world-by-polkadot,"[['gdixon', '2020-10-22T00:31:51.829657Z'], ['daveramico', '2020-10-22T13:07:56.287509Z'], ['pmensik', '2020-10-17T21:54:31.220722Z'], ['ghardin1314', '2020-10-20T15:03:10.391333Z'], ['0101coding', '2020-10-29T16:43:55.435559Z'], ['antaintan', '2020-10-31T09:27:34.866152Z'], ['burgerking12', '2020-10-25T10:47:13.379016Z'], ['vinhbhn', '2020-10-23T14:34:04.306445Z'], ['hqueue', '2020-10-19T18:37:54.847639Z'], ['maker47', '2020-10-22T15:59:51.740797Z'], ['echolon166', '2020-10-26T14:16:34.918920Z'], ['harman-singh-waraich', '2020-10-18T08:40:41.001777Z'], ['pkretzschmar', '2020-10-27T00:25:42.004103Z'], ['erazhu31', '2021-03-05T23:19:27.700201Z'], ['sekmet', '2020-10-24T16:18:27.885058Z'], ['antisaa', '2020-10-27T21:37:58.589172Z'], ['maksim-tolo', '2020-11-12T22:53:43.186150Z'], ['avcdsld', '2020-10-19T06:04:33.845740Z'], ['rafat', '2020-10-22T11:20:22.857205Z'], ['kwsantiago', '2020-10-29T18:02:02.865052Z'], ['theunity', '2020-10-29T03:25:44.715777Z'], ['maar-io', '2020-10-31T21:23:27Z'], ['tarzan18', '2020-11-03T20:36:27.467101Z'], ['brettkolodny', '2020-10-28T19:39:45.237333Z'], ['rpruizc', '2020-10-19T19:25:00Z'], ['shirshak55', '2020-10-22T18:52:56Z'], ['kafcioo', '2020-10-24T16:25:54.575246Z'], ['zauddelig', '2020-10-19T19:30:31.973525Z'], ['franono', '2020-10-30T00:39:38.980032Z'], ['sourabupadhya123', '2020-10-29T19:25:55.061437Z'], ['israel-p-s', '2020-10-26T22:57:12.996785Z'], ['eharris128', '2020-10-20T19:14:22.839482Z'], ['s5k0651', '2020-10-27T19:16:35.245627Z'], ['shamb0', '2020-10-16T17:47:30.346918Z'], ['ubinix-warun', '2020-10-24T13:13:32.035322Z'], ['master-davidlee', '2020-10-20T03:07:58.150535Z'], ['mttrung', '2020-10-25T17:50:30.919325Z'], ['beqaabu', '2020-10-20T09:24:46Z'], ['y12studio', '2020-10-20T15:27:11.730469Z'], ['tunap', '2020-10-20T13:48:11.263021Z'], ['hugoo', '2020-10-19T22:09:53.400001Z'], ['nnnkit', '2020-10-27T11:34:09.830837Z'], ['soner', '2020-10-25T17:39:41.296945Z'], ['zhiwei-w-luo', '2020-10-27T14:27:31.091912Z'], ['nocmar', '2020-10-25T13:58:34.036187Z'], ['kavelaa', '2020-10-18T08:59:47.367399Z'], ['harodggg', '2020-10-22T19:37:12.299407Z'], ['sonhng', '2020-10-25T16:15:51.369247Z'], ['mondaylord', '2020-11-04T14:14:17.361076Z'], ['yasiryagi', '2020-11-09T20:59:32.721401Z'], ['stephenstb', '2020-11-10T00:30:30.993858Z'], ['martinloesethjensen', '2020-11-12T21:17:00.511982Z'], ['nukemandan', '2020-11-11T00:04:24.987695Z'], ['kichjang', '2020-10-23T03:52:56.217897Z'], ['001027548-johnsonabhishek', '2020-10-19T06:31:11.393773Z'], ['yingchenlee', '2020-11-02T07:29:48.107124Z'], ['mswezey23', '2020-10-21T23:11:38.301829Z'], ['sarahkay99', '2020-10-24T07:56:31.899865Z'], ['nnti3n', '2020-10-25T16:10:01.467561Z'], ['tommydot', '2020-11-06T13:31:34.731102Z'], ['scarletbright', '2020-10-17T17:48:00Z'], ['laurenttrk', '2020-10-16T14:34:02.261586Z'], ['casub', '2020-10-20T14:21:46.655730Z'], ['dcarpintero', '2020-10-27T23:12:22.301368Z'], ['berbass', '2020-11-11T00:19:14.747617Z']]"
https://gitcoin.co/issue/23944,Web3-Foundation-Hackathons,hello-world-by-polkadot,"[['fussyl', '2020-11-07T21:11:35.345979Z'], ['martinloesethjensen', '2020-11-12T20:57:43.954592Z'], ['nukemandan', '2020-12-01T19:23:13.611972Z'], ['bitash', '2020-11-02T11:10:37.456117Z'], ['shamb0', '2020-10-28T07:51:07.103031Z'], ['vinhbhn', '2020-10-31T08:12:41.600816Z'], ['y12studio', '2020-11-10T00:11:26.077974Z'], ['rafat', '2020-11-11T12:51:45.064378Z'], ['kichjang', '2020-11-01T07:08:02.878175Z'], ['burgerking12', '2020-11-04T13:21:03.992527Z'], ['hugoo', '2020-11-08T16:55:59.903935Z'], ['theunity', '2020-11-12T23:55:33.273006Z'], ['franono', '2020-11-02T03:05:01.525728Z'], ['ksk2345', '2020-11-13T07:48:26.965694Z'], ['harodggg-resubmit', '2020-11-11T15:50:45.212635Z'], ['avcdsld', '2020-10-30T23:06:45.701851Z'], ['mswezey23', '2020-11-04T03:39:13.971052Z'], ['nocmar', '2020-11-07T12:56:24.963300Z'], ['shirshak55', '2020-10-26T17:40:27Z'], ['harodggg', '2020-11-10T16:37:42.299607Z'], ['kafcioo', '2020-10-24T14:21:21.194904Z'], ['dcarpintero', '2020-11-02T22:02:52.612051Z'], ['harman-singh-waraich', '2020-10-29T13:55:54.611596Z'], ['maar-io', '2020-11-05T23:53:36.399517Z'], ['sonhng', '2020-11-12T13:48:48.988293Z'], ['s5k0651', '2020-11-08T05:06:13.045370Z'], ['tonysun83', '2020-11-08T07:26:09.368429Z'], ['brettkolodny', '2020-11-04T19:14:26.853556Z'], ['master-davidlee', '2020-11-01T14:12:52.538727Z'], ['nnnkit', '2020-11-04T21:13:48.094435Z'], ['echolon166', '2020-11-12T15:06:48.651762Z'], ['sekmet', '2020-11-12T23:13:21.133403Z'], ['machinsoft', '2020-11-23T10:33:12.541901Z'], ['gdixon', '2020-10-25T04:19:03.109654Z'], ['laurenttrk', '2020-11-01T23:24:46.711709Z'], ['tunap', '2020-10-28T15:33:05.231085Z'], ['maksim-tolo', '2020-11-12T22:54:53.580678Z'], ['ubinix-warun', '2020-11-12T17:42:29.951778Z'], ['stephenstb', '2020-11-12T08:38:52.594794Z']]"
https://gitcoin.co/issue/23943,Web3-Foundation-Hackathons,hello-world-by-polkadot,"[['yasiryagi', '2020-11-06T02:14:02Z'], ['mat-bit', '2020-11-08T00:11:14.853602Z'], ['laurenttrk', '2020-10-16T06:08:39.647590Z'], ['learnpolkadot', '2020-10-15T20:33:31.377336Z'], ['avcdsld', '2020-10-16T12:12:16.963526Z'], ['rodrogh', '2020-10-17T14:21:23.925991Z'], ['tunap', '2020-10-17T05:52:53.339045Z'], ['alicenekocat', '2020-10-16T18:03:04.208327Z'], ['nukemandan', '2020-10-16T23:36:00.456050Z'], ['netgodfather', '2020-10-19T05:15:42.886544Z'], ['freestriker00', '2020-10-26T16:58:36.020947Z'], ['sudomakemeasandwitch', '2020-10-28T09:35:03.937580Z'], ['razvanmateid', '2020-11-03T15:22:00.844218Z'], ['elektronaut0815', '2020-10-29T19:03:21Z'], ['jaspertimm', '2020-11-04T07:25:15.048006Z'], ['evanslyb', '2020-11-03T08:20:56.769427Z'], ['obxium', '2020-10-27T13:41:16.390374Z'], ['timthomasdev', '2020-10-17T17:22:59.038276Z'], ['royki', '2020-10-29T16:02:45.584695Z'], ['sb-biss', '2020-11-11T11:44:39.901689Z'], ['maar-io', '2020-10-15T19:52:53Z'], ['amitjosh', '2020-10-15T20:51:54.237103Z'], ['tytzm17', '2020-10-16T16:55:41.865853Z'], ['lzmlam', '2020-10-20T17:53:35.968680Z'], ['wlstylr', '2020-12-22T22:51:27.100128Z'], ['shamb0', '2020-10-17T09:08:29.746066Z'], ['mousekozo', '2020-10-17T12:07:29.630615Z'], ['casub', '2020-10-16T15:23:54.140502Z'], ['mswezey23', '2020-10-19T20:29:22.806849Z'], ['burgerking12', '2020-10-16T19:37:56.237139Z'], ['pranshurastogi', '2020-10-16T16:44:02.161871Z'], ['arifkalayci', '2020-10-21T07:59:02.402771Z'], ['scottkiss', '2020-10-21T09:26:05.483259Z'], ['rafat', '2020-10-15T22:19:54.297507Z'], ['harman-singh-waraich', '2020-10-16T08:14:42.167874Z'], ['uosvald', '2020-10-21T09:57:09.033427Z'], ['yichiehliu', '2020-10-25T09:56:51.052731Z'], ['pixeloso0527', '2020-10-21T22:02:05.629268Z'], ['developery-nl', '2020-10-15T20:45:18.976465Z'], ['tn606024', '2020-10-26T08:31:44.589387Z'], ['danghou', '2020-11-03T18:28:34.839982Z'], ['stephenstb', '2020-10-27T06:58:37.659227Z'], ['echolon166', '2020-10-15T08:11:36.271490Z'], ['zhaxzhax', '2020-10-15T14:17:02.797128Z'], ['dcarpintero', '2020-10-15T14:21:29.940982Z'], ['rpruizc', '2020-10-15T15:00:01Z'], ['a4nkit', '2020-10-16T02:53:39.187150Z'], ['y12studio', '2020-10-16T08:37:24.478079Z'], ['beqaabu', '2020-10-17T08:45:11.915771Z'], ['eanam', '2020-10-15T18:29:12.049415Z'], ['001027548-johnsonabhishek', '2020-10-18T09:33:01.576943Z'], ['1027540johnsonaniketh', '2020-10-18T09:35:28.741739Z'], ['kiok46', '2020-10-17T09:47:36.084779Z'], ['aviekakkar', '2020-10-31T16:10:57.051471Z'], ['aynelis', '2020-10-17T10:02:49.856706Z'], ['alekscp', '2020-10-15T20:36:27.999492Z'], ['vinhbhn', '2020-10-17T14:12:29.005349Z'], ['nicob87', '2020-12-10T16:50:53.883579Z'], ['pasmanikm', '2020-10-20T22:26:26.824500Z'], ['lzw65', '2020-10-20T11:09:14.993395Z'], ['0xparashar', '2020-10-16T19:06:03.060300Z'], ['shirshak55', '2020-10-16T19:12:21Z'], ['yungskum', '2020-10-16T19:45:50.782232Z'], ['ayushmishra2005', '2020-10-24T01:29:05.828204Z'], ['elicayuu', '2020-10-25T01:58:03.400537Z'], ['franono', '2020-10-25T04:04:53.560229Z'], ['0xcaso', '2020-10-17T22:00:38.897175Z'], ['dieface', '2020-10-24T15:26:17.610162Z'], ['emotemot', '2020-10-15T11:41:17.334743Z'], ['sskkcisos', '2020-10-15T21:50:53.822854Z'], ['zh', '2020-10-20T17:14:02.831509Z'], ['gardenerofeden', '2020-11-09T21:31:20.316706Z'], ['ryansann', '2020-10-29T06:12:24.335277Z'], ['l0nelystrangrr', '2020-10-30T09:15:38.073484Z'], ['fussyl', '2020-10-15T09:19:18.145594Z'], ['irhonin', '2020-10-15T11:15:41.416040Z'], ['hychen', '2020-10-27T15:30:37.953283Z'], ['sarahkay99', '2020-10-15T16:43:20.659750Z'], ['alex-di', '2020-10-16T08:25:58.110495Z'], ['gyan0890', '2020-10-15T19:30:53.160054Z'], ['kafcioo', '2020-10-18T19:50:22.230982Z'], ['pedrojuan91', '2020-10-27T07:00:34.135951Z'], ['dangte', '2020-11-03T16:36:14.001714Z'], ['pkrasam', '2020-10-16T03:43:45.764780Z'], ['jozer-rami', '2020-10-17T09:31:43.863561Z'], ['yoda-near', '2020-10-18T17:41:15Z'], ['vitalydv', '2020-10-18T18:34:16.985688Z'], ['anhcao142', '2020-10-16T16:06:25.673340Z'], ['hugoo', '2020-10-17T15:44:22.769880Z'], ['metamic', '2021-01-03T10:50:12.092478Z'], ['cmreynol', '2020-10-17T15:58:57.742452Z'], ['eusebiogit', '2020-10-20T15:05:49.174594Z'], ['ciprianiacobescu', '2020-10-25T00:11:43.367384Z'], ['latenthero', '2020-10-17T09:53:19.971471Z'], ['theunity', '2020-10-19T14:32:24.490708Z'], ['dacapricorn', '2020-10-20T10:59:03.795236Z'], ['nocmar', '2020-10-15T21:24:30.769302Z'], ['harodggg', '2020-10-15T18:42:13.467433Z'], ['sourabupadhya123', '2020-10-16T18:29:02.347609Z'], ['mrucznik', '2020-11-12T23:03:44.156743Z'], ['yellowbirdy', '2020-10-27T08:41:14.958960Z'], ['dyhbrewer', '2020-10-27T09:27:17.760442Z'], ['viktorkirjanov', '2020-10-16T14:59:47.600091Z'], ['pmensik', '2020-10-20T12:19:48.859047Z'], ['scarletbright', '2020-10-19T21:34:38.747957Z'], ['tropicar', '2020-10-27T18:22:57.224765Z'], ['mixelated', '2020-10-17T02:33:00.618045Z'], ['sonhng', '2020-10-16T18:59:47.118695Z'], ['gdixon', '2020-10-17T18:17:35.137248Z'], ['ksk2345', '2020-10-21T17:14:26.737039Z'], ['martymulligan', '2020-11-11T19:43:00.694855Z'], ['shanfenggood', '2020-10-21T03:23:43.843795Z'], ['jkrupinski', '2020-10-17T15:14:18.456714Z'], ['dotrungkien', '2020-10-30T07:20:36.334513Z'], ['aadorian', '2020-10-17T19:03:38.564850Z'], ['ibraheemacamara', '2020-10-17T18:02:23.668710Z'], ['juanpalopez', '2020-10-24T01:13:59.609600Z'], ['dmahser', '2020-10-20T18:40:09.320621Z'], ['hqueue', '2020-10-18T01:11:31.804754Z'], ['starlure', '2020-10-19T00:31:43.286149Z'], ['mozaman', '2020-10-16T14:55:12.212730Z'], ['kevinchensr', '2020-10-16T15:16:17.340616Z'], ['shri4net', '2020-10-19T10:45:42.473242Z'], ['sekmet', '2020-11-02T03:59:44.949313Z'], ['vsatyanaveen', '2020-10-31T21:17:27.184157Z'], ['luisacerv', '2020-10-31T22:05:06.242916Z'], ['s5k0651', '2020-11-07T04:24:49.873495Z'], ['brettkolodny', '2020-10-29T18:31:17.100134Z'], ['nnnkit', '2020-10-29T19:56:29.594697Z'], ['tonysun83', '2020-10-15T23:27:26Z'], ['minuma', '2020-10-17T07:08:59.519903Z'], ['0x2bc', '2020-10-16T07:16:31.423492Z'], ['tadashim', '2020-10-17T13:04:40.959155Z'], ['jimmy-tudeski', '2020-10-18T19:19:02.934329Z'], ['bitash', '2020-10-20T20:25:26.502743Z'], ['jeffanthony', '2020-10-25T22:12:11Z'], ['liangfenxiaodao', '2020-11-12T06:12:17.042546Z'], ['lempusher', '2020-11-11T23:38:01.050527Z'], ['berkinayberk', '2020-10-15T17:42:21.901886Z'], ['jacobmakarsky', '2020-10-21T21:46:30.871706Z'], ['benhen75', '2020-11-01T06:10:40.648308Z'], ['aj07', '2020-10-15T12:46:43.284001Z'], ['ubinix-warun', '2020-10-17T02:29:19.907963Z'], ['martinloesethjensen', '2020-10-15T21:42:32.994598Z'], ['brozorec', '2020-10-17T12:18:33.564521Z'], ['antisaa', '2020-10-15T19:25:40.602253Z'], ['maksim-tolo', '2020-10-15T22:39:34.704959Z'], ['quantsec', '2020-10-18T03:21:11Z'], ['christofon', '2020-10-15T22:37:25.095056Z'], ['master-davidlee', '2020-10-16T02:39:58.512121Z'], ['mirooon', '2020-11-01T19:50:18.694382Z'], ['kichjang', '2020-10-16T09:53:22.454209Z'], ['shobhitvishnoi30', '2020-10-16T11:09:28.742278Z'], ['r1oga', '2020-11-02T21:04:14.142889Z'], ['gomesandre', '2020-10-26T22:56:21.184280Z']]"
https://gitcoin.co/issue/23942,Web3-Foundation-Hackathons,hello-world-by-polkadot,"[['nukemandan', '2020-10-17T00:04:38.974814Z'], ['scrapperbitch', '2020-10-16T05:44:37.530633Z'], ['seven7e', '2020-10-17T10:30:50.564030Z'], ['jeffanthony', '2020-10-25T22:13:28Z'], ['netgodfather', '2020-10-19T05:28:31.768379Z'], ['gomesandre', '2020-10-26T23:09:52.511641Z'], ['sudomakemeasandwitch', '2020-10-30T00:03:41.716605Z'], ['yoda-near', '2020-10-19T01:45:21Z'], ['elektronaut0815', '2020-10-29T00:14:59Z'], ['nocmar', '2020-11-07T12:27:20.846438Z'], ['hqueue', '2020-10-18T01:34:48.975391Z'], ['mozaman', '2020-10-16T16:16:29.090486Z'], ['y12studio', '2020-10-16T17:27:57.863848Z'], ['pedrojuan91', '2020-10-28T07:34:49.026528Z'], ['hugoo', '2020-10-17T16:28:14.125487Z'], ['timthomasdev', '2020-10-19T15:47:39.371736Z'], ['emotemot', '2020-10-15T12:02:20.140218Z'], ['stephenstb', '2020-10-28T04:24:17.887162Z'], ['gdixon', '2020-10-17T16:22:38.822895Z'], ['gardenerofeden', '2020-11-10T11:05:47.250179Z'], ['harodggg', '2020-10-16T16:34:49.982055Z'], ['brozorec', '2020-10-17T16:08:38.490499Z'], ['shri4net', '2020-10-21T17:47:12.530190Z'], ['bitash', '2020-10-20T22:05:26.368257Z'], ['zhiwei-w-luo', '2020-10-28T13:40:01.074043Z'], ['l0nelystrangrr', '2020-11-02T09:21:54.686088Z'], ['freestriker00', '2020-10-26T17:26:18.352297Z'], ['arifkalayci', '2020-10-21T08:14:07.538004Z'], ['lzmlam', '2020-10-21T10:50:20.820444Z'], ['harshvardhan-shah', '2020-10-19T14:40:46.871818Z'], ['tonysun83', '2020-10-16T08:06:28Z'], ['kichjang', '2020-10-17T04:35:35.250548Z'], ['rafat', '2020-10-16T02:28:34.288297Z'], ['developery-nl', '2020-10-15T22:30:27.708738Z'], ['minuma', '2020-10-17T08:19:21.230694Z'], ['martinloesethjensen', '2020-10-15T23:09:26.948388Z'], ['master-davidlee', '2020-10-16T02:56:58.194689Z'], ['davidrhodus', '2020-10-15T18:50:59.964825Z'], ['echolon166', '2020-10-17T09:40:58.758223Z'], ['aadorian', '2020-10-17T14:01:43.658066Z'], ['pranshurastogi', '2020-10-16T17:50:06.998477Z'], ['tytzm17', '2020-10-16T18:35:40.355951Z'], ['shanfenggood', '2020-10-21T05:36:39.061310Z'], ['gyan0890', '2020-10-16T19:08:27.590581Z'], ['0xparashar', '2020-10-16T19:17:21.597579Z'], ['alicenekocat', '2020-10-16T19:52:09.084129Z'], ['jdelour', '2020-10-16T20:10:28.186979Z'], ['chainvisions', '2020-10-23T02:18:27.738543Z'], ['franono', '2020-10-25T23:47:55.266593Z'], ['juanpalopez', '2020-10-24T21:04:54.421527Z'], ['kafcioo', '2020-10-19T06:39:45.571183Z'], ['tunap', '2020-10-17T07:30:55.506609Z'], ['obxium', '2020-10-28T23:17:45.473790Z'], ['elicayuu', '2020-10-31T13:09:28.984458Z'], ['aynelis', '2020-10-17T11:14:14.177534Z'], ['dieface', '2020-10-25T04:15:09.679358Z'], ['aj07', '2020-10-15T12:28:55.724172Z'], ['dcarpintero', '2020-10-15T16:17:12.892865Z'], ['shamb0', '2020-10-17T10:52:48.302854Z'], ['sonhng', '2020-10-16T19:34:04.531013Z'], ['anhcao142', '2020-10-16T16:47:31.400795Z'], ['alex-di', '2020-10-16T09:42:38.911767Z'], ['amitjosh', '2020-10-16T12:52:52.055240Z'], ['latenthero', '2020-10-17T11:19:08.500385Z'], ['christofon', '2020-10-16T15:27:29.023471Z'], ['vinhbhn', '2020-10-17T15:25:30.610429Z'], ['vitalydv', '2020-10-18T21:08:43.363691Z'], ['shirshak55', '2020-10-21T20:35:05Z'], ['eanam', '2020-10-16T18:02:53.960454Z'], ['eusebiogit', '2020-10-20T18:09:18.402340Z'], ['0x2bc', '2020-10-16T16:15:59.257012Z'], ['a4nkit', '2020-10-16T02:56:15.232534Z'], ['mswezey23', '2020-10-19T21:12:51.754206Z'], ['jimmy-tudeski', '2020-10-18T18:00:42.641388Z'], ['lzw65', '2020-10-20T05:57:30.281130Z'], ['alekscp', '2020-10-21T20:21:14.409608Z'], ['hychen', '2020-10-24T15:34:56.006549Z'], ['harman-singh-waraich', '2020-10-24T18:56:42.773939Z'], ['pkrasam', '2020-10-16T05:31:47.134971Z'], ['laurenttrk', '2020-10-16T09:41:56.727321Z'], ['antisaa', '2020-10-16T20:22:42.204166Z'], ['pasmanikm', '2020-10-21T01:35:24.630387Z'], ['casub', '2020-10-16T14:56:26.653737Z'], ['tn606024', '2020-10-26T10:21:18.225250Z'], ['kiok46', '2020-10-17T09:49:00.494424Z'], ['tropicar', '2020-10-30T18:13:37.583264Z'], ['s5k0651', '2020-11-04T05:34:22.686817Z'], ['vsatyanaveen', '2020-11-01T03:02:29.758282Z'], ['aviekakkar', '2020-11-01T01:59:27.550036Z'], ['mirooon', '2020-11-01T19:51:21.564640Z'], ['hbulgarini', '2020-11-05T20:25:24.407555Z'], ['yasiryagi', '2020-11-08T02:45:46.365004Z'], ['ibraheemacamara', '2020-10-18T11:51:45.016746Z'], ['burgerking12', '2020-10-17T07:08:58.707708Z'], ['mixelated', '2020-10-17T08:55:14.361483Z'], ['kevinchensr', '2020-10-17T09:47:37.011713Z'], ['tadashim', '2020-10-18T01:06:15.831345Z'], ['0xcaso', '2020-10-18T14:49:52.474631Z'], ['001027548-johnsonabhishek', '2020-10-18T17:30:24.583704Z'], ['maksim-tolo', '2020-10-16T13:50:23.695847Z'], ['ksk2345', '2020-10-22T10:35:04.849543Z'], ['berkinayberk', '2020-10-15T18:05:23.906820Z'], ['avcdsld', '2020-10-16T17:46:48.013266Z'], ['maar-io', '2020-10-16T18:35:46Z'], ['evanslyb', '2020-11-03T14:56:08.065094Z'], ['r1oga', '2020-11-03T20:03:04.829973Z'], ['royki', '2020-10-29T18:07:15.391191Z'], ['dotrungkien', '2020-10-30T09:17:54.507961Z'], ['rpruizc', '2020-10-15T17:32:46Z'], ['nnnkit', '2020-10-29T20:39:29.051862Z'], ['sekmet', '2020-11-02T16:34:32.808961Z'], ['benhen75', '2020-11-03T00:53:37.502262Z'], ['brettkolodny', '2020-10-31T17:18:00.330366Z'], ['jaspertimm', '2020-11-05T07:47:19.163750Z'], ['pixeloso0527', '2020-10-25T19:42:09.216937Z'], ['theunity', '2020-10-21T03:38:43.800021Z'], ['fussyl', '2020-10-15T08:57:13.589316Z'], ['ubinix-warun', '2020-10-17T16:21:39.600962Z'], ['pmensik', '2020-10-20T19:57:25.238571Z']]"
https://gitcoin.co/issue/23941,Web3-Foundation-Hackathons,hello-world-by-polkadot,"[['s5k0651', '2020-11-07T06:17:39.570955Z'], ['daveramico', '2020-10-15T16:36:36.167120Z'], ['christofon', '2020-10-15T22:51:02.078792Z'], ['soner', '2020-10-19T18:45:13.723313Z'], ['mswezey23', '2020-10-19T21:26:46.088872Z'], ['nukemandan', '2020-10-16T19:47:16.590560Z'], ['dieface', '2020-10-25T12:47:42.473401Z'], ['dacapricorn', '2020-10-25T11:25:11.620427Z'], ['pedrojuan91', '2020-10-26T13:40:55.853380Z'], ['gomesandre', '2020-10-27T01:17:29.801352Z'], ['arnpham', '2020-10-16T06:58:39.575830Z'], ['minuma', '2020-10-17T06:03:29.419475Z'], ['luisporto55', '2020-10-19T14:20:13.735272Z'], ['alekscp', '2020-10-20T22:52:27.939388Z'], ['sekmet', '2020-10-21T10:59:48.483749Z'], ['nmlinaric', '2020-10-17T21:03:19.578029Z'], ['simogab', '2020-10-15T20:49:03.786209Z'], ['sarahkay99', '2020-10-16T15:33:10.399397Z'], ['bitash', '2020-10-20T22:27:11.609336Z'], ['gyan0890', '2020-10-18T19:15:51.911136Z'], ['rmartinus', '2020-10-17T22:52:37.698205Z'], ['knowerlittle', '2020-10-16T14:42:48.492144Z'], ['gauerpl', '2020-11-03T11:45:02.054449Z'], ['harodggg', '2020-10-16T00:38:54.729503Z'], ['stephenstb', '2020-10-28T19:32:54.580391Z'], ['learnpolkadot', '2020-10-15T18:00:31.371048Z'], ['maar-io', '2020-10-15T20:45:11Z'], ['juanpalopez', '2020-10-24T23:14:48.633278Z'], ['wlstylr', '2020-11-13T03:25:21.684352Z'], ['sudomakemeasandwitch', '2020-10-30T20:17:48.206953Z'], ['antisaa', '2020-10-16T07:24:04.979596Z'], ['dcarpintero', '2020-10-15T16:54:40.559130Z'], ['jaspertimm', '2020-11-04T06:05:20.918811Z'], ['aviekakkar', '2020-10-30T14:03:40.820219Z'], ['001027548-johnsonabhishek', '2020-10-16T02:27:55.080910Z'], ['tonysun83', '2020-10-16T18:46:16.049580Z'], ['anhcao142', '2020-10-16T07:59:32.512728Z'], ['emotemot', '2020-10-15T13:43:53.961206Z'], ['alicenekocat', '2020-10-15T18:04:42.762640Z'], ['caiyiliang', '2020-10-16T08:25:19.141052Z'], ['aadorian', '2020-10-17T05:25:16.172762Z'], ['dmahser', '2020-10-19T22:52:29.336161Z'], ['pkrasam', '2020-10-16T04:33:27.630198Z'], ['gitvagabond', '2020-10-16T06:11:13.849086Z'], ['master-davidlee', '2020-10-16T05:57:52.593400Z'], ['silaszhr', '2020-10-16T15:15:17.932032Z'], ['developery-nl', '2020-10-16T16:36:28.548759Z'], ['davidkohsea', '2020-10-16T17:50:52.511877Z'], ['theunity', '2020-10-21T06:36:29.338900Z'], ['rickyjames56', '2020-10-22T21:44:24.072244Z'], ['ksk2345', '2020-10-22T14:46:15.048123Z'], ['tn606024', '2020-10-23T05:50:18.349034Z'], ['shirshak55', '2020-10-16T20:05:16.827976Z'], ['stepanlav', '2020-10-15T18:29:11.992562Z'], ['jeffanthony', '2020-10-26T16:23:19.982823Z'], ['brettkolodny', '2020-10-30T02:34:16.600172Z'], ['0x2bc', '2020-10-16T09:04:11.247746Z'], ['mousekozo', '2020-10-17T06:35:32.734378Z'], ['nnnkit', '2020-10-27T17:55:24.339098Z'], ['elektronaut0815', '2020-11-11T10:20:57.892399Z'], ['hitchhooker', '2021-03-18T01:56:24.238075Z'], ['echolon166', '2020-10-15T07:49:12.061783Z'], ['kichjang', '2020-10-15T08:35:57.489330Z'], ['davidrhodus', '2020-10-15T17:48:18.030040Z'], ['zhaxzhax', '2020-10-15T14:10:57.678336Z'], ['antonkhvorov', '2020-10-15T17:18:56.486801Z'], ['mallachari', '2020-10-18T20:45:37.892272Z'], ['xielehe', '2020-10-20T00:54:35.488865Z'], ['pmensik', '2020-10-19T20:56:41.005435Z'], ['martinloesethjensen', '2020-10-16T20:32:08.772946Z'], ['franono', '2020-10-27T00:10:30.657984Z'], ['nocmar', '2020-10-15T19:00:52.681563Z'], ['jacobmakarsky', '2020-10-15T21:00:41.420578Z'], ['reddevild271', '2020-10-16T07:09:15.955583Z'], ['yungskum', '2020-10-16T17:00:30.949443Z'], ['ubinix-warun', '2020-10-16T16:13:02.056135Z'], ['elicayuu', '2020-10-31T15:02:14.560063Z'], ['maksim-tolo', '2020-10-15T23:09:05.448831Z'], ['zauddelig', '2020-10-17T18:08:49.863751Z'], ['vgasparini', '2020-10-15T22:45:40.147558Z'], ['laurogripa', '2020-10-16T01:17:50.140668Z'], ['hychen', '2020-10-23T00:28:53.895847Z'], ['teeyihhou', '2020-11-16T04:53:56.491807Z'], ['cddelta', '2020-10-16T03:48:05.248863Z'], ['scarletbright', '2020-10-18T11:41:54.654420Z'], ['casub', '2020-10-16T14:53:52.508544Z'], ['0xparashar', '2020-10-16T19:45:06.722481Z'], ['netgodfather', '2020-10-19T06:39:44.764448Z'], ['fussyl', '2020-10-15T03:03:39.975059Z'], ['0xcaso', '2020-10-18T15:43:43.450782Z'], ['drandreaskrueger', '2020-10-17T17:58:29.489441Z'], ['mixelated', '2020-10-16T04:29:49.534187Z'], ['kamohaladus', '2020-10-15T20:11:26.972539Z'], ['timthomasdev', '2020-10-21T04:35:46.448351Z'], ['pranshurastogi', '2020-10-16T18:04:11.102743Z'], ['eusebiogit', '2020-10-20T23:40:13.644242Z'], ['arifkalayci', '2020-10-21T08:23:42.777195Z'], ['tunap', '2020-10-17T10:22:24.603464Z'], ['pgolovkin', '2020-10-15T20:09:32.062461Z'], ['quantsec', '2020-10-17T18:13:10Z'], ['timidan', '2020-10-21T23:39:06.012506Z'], ['vinhbhn', '2020-10-17T07:27:57.936256Z'], ['kiok46', '2020-10-17T10:18:30.101221Z'], ['kafcioo', '2020-10-18T21:11:48.620883Z'], ['eltex-shvecov', '2020-11-06T07:17:23.473452Z'], ['mat-bit', '2020-11-12T03:50:44.663124Z'], ['benhen75', '2020-11-03T01:19:33.616058Z'], ['vsatyanaveen', '2020-11-01T03:19:11.318718Z'], ['kardiaz', '2020-10-17T08:41:57.159936Z'], ['krooogle', '2020-10-16T09:26:38.402865Z'], ['irhonin', '2020-10-19T00:07:32.685584Z'], ['archeagle', '2020-10-16T04:55:01.398170Z'], ['ibraheemacamara', '2020-10-18T14:36:36.852970Z'], ['gdixon', '2020-10-17T20:00:27.859749Z'], ['laurenttrk', '2020-10-16T07:15:39.999336Z'], ['viktorkirjanov', '2020-10-16T16:11:05.173962Z'], ['shri4net', '2020-10-20T01:35:52.981421Z'], ['lzmlam', '2020-10-21T11:08:48.073625Z'], ['aliabbasmerchant', '2020-10-23T16:49:49.142312Z'], ['tommydot', '2020-10-19T07:14:33.503520Z'], ['chainvisions', '2020-10-30T17:02:41.369510Z'], ['harman-singh-waraich', '2020-10-15T16:59:37.414986Z'], ['amitjosh', '2020-10-15T17:10:28.558426Z'], ['y12studio', '2020-10-16T07:54:13.526719Z'], ['rafat', '2020-10-16T03:51:15.720796Z'], ['wulin767', '2020-10-29T01:30:05.691890Z'], ['avcdsld', '2020-10-16T02:43:13.736038Z'], ['shanfenggood', '2020-10-20T09:55:28.568484Z'], ['mrfolgers92', '2020-10-17T21:08:25.247761Z'], ['sonhng', '2020-10-15T20:17:14.561626Z'], ['burgerking12', '2020-11-03T07:53:11.479033Z'], ['yasiryagi', '2020-11-06T02:11:30Z'], ['berkinayberk', '2020-10-15T17:27:37.855567Z'], ['rpruizc', '2020-10-15T18:18:37.875511Z'], ['1027540johnsonaniketh', '2020-10-16T02:40:52.389446Z'], ['jimmy-tudeski', '2020-10-18T01:41:53.660464Z'], ['kevinchensr', '2020-10-17T11:35:04.424585Z'], ['mwansich', '2020-10-15T21:34:36.012621Z'], ['hugoo', '2020-10-17T16:42:36.995965Z'], ['sourabupadhya123', '2020-10-16T01:40:02.892770Z']]"
https://gitcoin.co/issue/23940,Web3-Foundation-Hackathons,hello-world-by-polkadot,"[['sonhng', '2020-10-18T09:05:15.380170Z'], ['martinloesethjensen', '2020-10-18T09:13:35.591256Z'], ['tunap', '2020-10-17T10:33:39.759733Z'], ['echolon166', '2020-10-18T19:35:56.412445Z'], ['davidkohsea', '2020-10-17T14:29:28.213449Z'], ['emillaudon', '2020-12-20T10:47:21.378314Z'], ['nocmar', '2020-10-17T18:51:26.038879Z'], ['maar-io', '2020-10-17T22:07:46Z'], ['rpruizc', '2020-10-16T22:29:29.392727Z'], ['franono', '2020-10-27T02:00:36.317958Z'], ['vitalydv', '2020-10-19T01:26:13.194895Z'], ['mswezey23', '2020-10-20T04:33:37.561932Z'], ['antisaa', '2020-10-20T08:36:37.288219Z'], ['xielehe', '2020-10-19T09:19:09.010216Z'], ['gitvagabond', '2020-10-19T06:46:25.957384Z'], ['avcdsld', '2020-10-15T19:49:51.628662Z'], ['mttrung', '2020-10-18T15:30:54.861524Z'], ['alex-di', '2020-10-18T20:48:45.224423Z'], ['dcarpintero', '2020-10-17T16:31:13.752358Z'], ['jacobmakarsky', '2020-10-21T20:09:49.212265Z'], ['scarletbright', '2020-10-22T14:32:02.358357Z'], ['vinhbhn', '2020-10-19T15:58:52.182912Z'], ['jaspertimm', '2020-11-06T04:31:39.918143Z'], ['harman-singh-waraich', '2020-10-16T17:22:02.740115Z'], ['caiyiliang', '2020-10-16T05:47:28.818669Z'], ['kafcioo', '2020-10-24T22:49:47.642197Z'], ['fussyl', '2020-10-19T01:58:03.709059Z'], ['kichjang', '2020-10-19T01:38:54.620314Z'], ['sekmet', '2020-11-12T11:15:55.897564Z'], ['rafat', '2020-10-17T00:46:47.238950Z'], ['kavelaa', '2020-10-17T08:30:06.941999Z'], ['nnti3n', '2020-10-18T13:28:48.066360Z'], ['y12studio', '2020-10-18T15:46:12.057140Z'], ['brozorec', '2020-10-18T16:40:03.998497Z'], ['davidrhodus', '2020-10-20T23:52:21.186536Z'], ['bitash', '2020-10-22T10:25:21.952208Z'], ['gdixon', '2020-10-17T20:20:24.978425Z'], ['alekscp', '2020-10-17T16:52:39.922879Z'], ['shamb0', '2020-10-28T15:45:32.076369Z'], ['mixelated', '2020-10-18T04:35:07.545504Z'], ['maksim-tolo', '2020-10-17T14:16:19.721560Z'], ['xuriwork', '2020-10-17T16:00:55.473077Z'], ['harodggg', '2020-10-19T21:07:02.780064Z'], ['shirshak55', '2020-10-16T20:55:14Z'], ['stephenstb', '2020-10-31T05:51:26.727544Z'], ['brettkolodny', '2020-10-18T22:42:29.030595Z'], ['master-davidlee', '2020-10-27T11:18:07.146340Z'], ['hychen', '2020-10-27T13:44:53.405381Z'], ['kamohaladus', '2020-10-17T09:33:02.165976Z'], ['timthomasdev', '2020-10-18T21:20:54.994357Z'], ['bogdancirlugea', '2020-10-18T20:10:05Z'], ['aadorian', '2020-10-18T04:31:08.985680Z'], ['theunity', '2020-11-12T23:57:31.935992Z'], ['burgerking12', '2020-10-19T05:19:58.697699Z'], ['ubinix-warun', '2020-10-21T06:03:30.303258Z'], ['benhen75', '2020-11-03T02:47:10.448059Z'], ['evanslyb', '2020-10-31T08:39:57.369240Z'], ['seven7e', '2020-10-18T04:01:07.214718Z'], ['trongvuong1902', '2020-10-18T15:42:45.626385Z'], ['maker47', '2020-10-21T16:52:38.923700Z'], ['s5k0651', '2020-11-11T07:01:37.904577Z'], ['aviekakkar', '2020-10-29T02:17:37.791483Z'], ['tonysun83', '2020-10-18T16:29:41.097947Z'], ['adnfx2', '2020-10-28T02:47:38.174433Z'], ['nnnkit', '2020-10-31T18:13:18.572272Z'], ['joanoliete', '2020-11-08T16:24:08.007118Z'], ['ksk2345', '2020-11-05T18:13:22.627745Z'], ['dieface', '2020-10-25T17:09:30.020371Z'], ['ksaikiranr', '2020-10-17T09:03:40.720220Z'], ['hugoo', '2020-10-18T11:11:50.119223Z'], ['laurenttrk', '2020-10-18T17:44:23.170304Z'], ['rmartinus', '2020-10-17T23:09:25.140504Z'], ['mirooon', '2020-11-03T09:40:42.362045Z'], ['tn606024', '2020-10-23T09:53:06.937395Z'], ['nukemandan', '2020-10-19T19:02:08.738411Z'], ['dacapricorn', '2020-10-18T15:29:19.578930Z'], ['developery-nl', '2020-10-17T11:36:02.014461Z']]"
https://gitcoin.co/issue/23939,Web3-Foundation-Hackathons,hello-world-by-polkadot,"[['sekmet', '2020-11-05T22:14:30.051247Z'], ['vsatyanaveen', '2020-11-12T16:12:03.668781Z'], ['joanoliete', '2020-11-08T15:37:35.269941Z'], ['pgolovkin', '2020-10-14T21:32:51.362470Z'], ['avcdsld', '2020-10-17T00:21:25.706328Z'], ['antisaa', '2020-10-18T00:14:27.503520Z'], ['vinhbhn', '2020-10-17T07:59:06.056390Z'], ['tn606024', '2020-10-23T08:04:19.293982Z'], ['shirshak55', '2020-10-16T20:25:53Z'], ['gdixon', '2020-10-17T20:39:15.037484Z'], ['dcarpintero', '2020-10-15T17:50:26.540615Z'], ['shanfenggood', '2020-10-19T10:12:12.164494Z'], ['doronaviguy', '2020-11-02T13:13:10.508551Z'], ['shamb0', '2020-10-28T12:18:04.868084Z'], ['simogab', '2020-10-16T15:25:09.383609Z'], ['alex-di', '2020-10-25T11:45:12.996800Z'], ['rmartinus', '2020-10-17T11:40:47.343488Z'], ['mswezey23', '2020-10-20T21:08:50.489358Z'], ['anmolgaur45', '2020-10-19T09:52:51.230253Z'], ['hychen', '2020-10-26T03:20:38.192371Z'], ['christofon', '2020-10-16T22:03:19.908596Z'], ['echolon166', '2020-10-15T22:08:27.091044Z'], ['harodggg', '2020-10-15T13:23:45.435088Z'], ['jacobmakarsky', '2020-10-20T00:22:23.255362Z'], ['trongvuong1902', '2020-10-18T08:02:51.044651Z'], ['pmensik', '2020-10-22T18:18:04.728979Z'], ['tonysun83', '2020-10-17T15:49:22.102702Z'], ['mxmaster2s', '2020-10-23T18:40:50.230012Z'], ['aadorian', '2020-10-17T02:54:11.004807Z'], ['dacapricorn', '2020-10-18T11:40:26.260663Z'], ['minuma', '2020-10-18T13:37:47.292368Z'], ['seven7e', '2020-10-17T09:43:55.981868Z'], ['sonhng', '2020-10-15T19:45:57Z'], ['nnti3n', '2020-10-17T10:02:23.077551Z'], ['gitvagabond', '2020-10-16T17:09:58.555514Z'], ['mpetrun5', '2020-10-17T19:33:22.643139Z'], ['developery-nl', '2020-10-16T23:28:05.498834Z'], ['kichjang', '2020-10-17T23:22:24.916888Z'], ['xielehe', '2020-10-19T01:29:54.913469Z'], ['theunity', '2020-10-27T06:07:44.301601Z'], ['master-davidlee', '2020-10-18T12:02:57.255669Z'], ['nnnkit', '2020-10-31T19:32:04.606345Z'], ['fussyl', '2020-10-15T11:07:46.460160Z'], ['tunap', '2020-10-17T10:12:11.380111Z'], ['laurenttrk', '2020-10-16T11:50:50.817054Z'], ['nmlinaric', '2020-10-18T16:20:31.876046Z'], ['y12studio', '2020-10-17T14:16:46.887797Z'], ['kafcioo', '2020-10-18T20:46:10.369150Z'], ['aviekakkar', '2020-10-17T17:38:46.309495Z'], ['mirooon', '2020-11-03T19:54:59.197495Z'], ['evanslyb', '2020-10-31T14:07:01.116089Z'], ['kavelaa', '2020-10-17T14:44:03.381688Z'], ['timthomasdev', '2020-10-17T19:07:54.961897Z'], ['nocmar', '2020-10-17T20:54:04.366724Z'], ['martinloesethjensen', '2020-10-17T19:44:02.594092Z'], ['vitalydv', '2020-10-19T10:05:21.217884Z'], ['franono', '2020-10-27T04:08:56.992130Z'], ['harman-singh-waraich', '2020-10-16T19:50:11.469075Z'], ['stephenstb', '2020-11-02T01:00:58.888434Z'], ['latenthero', '2020-10-18T12:45:45.696470Z'], ['bitash', '2020-10-22T00:57:08.345258Z'], ['001027548-johnsonabhishek', '2020-10-18T18:47:31.285487Z'], ['mttrung', '2020-10-17T15:08:19.345855Z'], ['irhonin', '2020-10-15T00:41:57.552212Z'], ['maar-io', '2020-10-17T17:38:34Z'], ['dancespiele', '2020-10-20T16:30:40.906074Z'], ['caiyiliang', '2020-10-17T22:23:04.850096Z'], ['rafat', '2020-10-17T07:59:42.333608Z'], ['mixelated', '2020-10-17T09:22:12.442969Z'], ['rpruizc', '2020-10-16T19:47:17Z'], ['casub', '2020-10-18T21:08:42.160369Z'], ['davidkohsea', '2020-10-17T15:32:11.677111Z'], ['ubinix-warun', '2020-10-17T18:06:39.988889Z'], ['reddevild271', '2020-10-16T06:42:56.898376Z'], ['maksim-tolo', '2020-10-17T10:45:32.509353Z'], ['netgodfather', '2020-10-28T00:40:37.032173Z'], ['ksk2345', '2020-11-12T11:51:03.651224Z'], ['bogdancirlugea', '2020-10-18T12:25:18Z'], ['jaspertimm', '2020-11-05T10:48:41.844037Z'], ['r1oga', '2020-11-19T20:37:54.472147Z'], ['ksaikiranr', '2020-10-16T17:02:05.691816Z'], ['aynelis', '2020-10-18T12:39:13.970265Z'], ['kamohaladus', '2020-10-18T09:55:52.930863Z'], ['brettkolodny', '2020-10-18T17:25:09.996641Z'], ['s5k0651', '2020-11-11T23:39:51.688528Z'], ['hqueue', '2020-10-16T00:44:07.049756Z'], ['nukemandan', '2020-10-19T19:23:17.181735Z'], ['elektronaut0815', '2020-11-05T01:11:34Z'], ['burgerking12', '2020-11-03T09:27:09.353368Z'], ['filipepolizel', '2020-11-22T20:58:00.879022Z'], ['hugoo', '2020-10-17T20:05:12.232332Z'], ['1027540johnsonaniketh', '2020-10-18T19:16:23.000822Z'], ['alekscp', '2020-10-16T12:08:37.422580Z'], ['brozorec', '2020-10-19T13:27:00.954299Z']]"
https://gitcoin.co/issue/23938,Web3-Foundation-Hackathons,hello-world-by-polkadot,"[['alexwaw', '2020-11-12T20:03:38.520796Z'], ['kavelaa', '2020-10-16T16:59:57.957640Z'], ['sonhng', '2020-10-17T16:22:52.802960Z'], ['mswezey23', '2020-10-20T16:00:01.263009Z'], ['martinloesethjensen', '2020-10-16T21:03:22.223086Z'], ['dcarpintero', '2020-10-16T22:18:38.266837Z'], ['scarletbright', '2020-10-19T02:30:13.640669Z'], ['gdixon', '2020-10-19T05:54:00.060573Z'], ['ahmeddh', '2020-10-29T17:29:41.688253Z'], ['tonysun83', '2020-10-17T16:38:40.377224Z'], ['ubinix-warun', '2020-10-20T04:11:36.280796Z'], ['yoda-near', '2020-10-20T10:34:43Z'], ['drandreaskrueger', '2020-10-17T19:12:44.461893Z'], ['mttrung', '2020-10-19T05:23:00.593656Z'], ['nnnkit', '2020-10-29T20:07:10.061187Z'], ['echolon166', '2020-10-16T10:33:27.233609Z'], ['timthomasdev', '2020-10-18T21:31:19.465115Z'], ['franono', '2020-10-26T00:12:39.928294Z'], ['nnti3n', '2020-10-19T05:55:58.954469Z'], ['minuma', '2020-10-19T13:47:55.690089Z'], ['rafat', '2020-10-18T23:14:54.527195Z'], ['kefuos', '2020-10-17T00:02:24.724063Z'], ['antisaa', '2020-10-19T14:23:09.737557Z'], ['aynelis', '2020-10-18T22:00:34.733667Z'], ['yungskum', '2020-10-19T15:42:06.361292Z'], ['sekmet', '2020-10-30T18:16:58.766254Z'], ['harman-singh-waraich', '2020-10-29T11:47:39.777587Z'], ['laurenttrk', '2020-10-17T19:39:15.969582Z'], ['s5k0651', '2020-11-12T03:40:10.079677Z'], ['vinhbhn', '2020-10-18T07:47:22.099936Z'], ['aadorian', '2020-10-18T03:57:44.114430Z'], ['0xparashar', '2020-10-19T05:26:09.264223Z'], ['irhonin', '2020-10-16T11:21:55.341801Z'], ['alicenekocat', '2020-10-16T15:16:06.107916Z'], ['kiok46', '2020-10-17T19:02:25.716205Z'], ['pmensik', '2020-10-22T16:59:34.901113Z'], ['nukemandan', '2020-10-16T19:29:53.469279Z'], ['kafcioo', '2020-10-25T09:12:17.791089Z'], ['davidd8', '2020-10-16T21:08:05.693666Z'], ['jeffanthony', '2020-10-25T22:48:32Z'], ['hugoo', '2020-10-17T22:09:56.603956Z'], ['osdifera', '2020-10-17T02:22:10.531478Z'], ['freestriker00', '2020-10-26T20:41:22.689894Z'], ['aviekakkar', '2020-10-28T21:52:00.662914Z'], ['master-davidlee', '2020-10-29T01:22:43.224058Z'], ['nocmar', '2020-10-19T09:57:32.214145Z'], ['dieg0-cy', '2020-10-31T22:38:47.031739Z'], ['paurosello', '2020-10-17T09:56:52.125883Z'], ['stephenstb', '2020-11-12T08:31:40.333101Z'], ['emillaudon', '2020-10-29T00:16:16.708179Z'], ['yasiryagi', '2020-11-10T10:51:08.581596Z'], ['vsatyanaveen', '2020-11-01T04:34:08.672456Z'], ['daveramico', '2020-10-19T11:56:19.583534Z'], ['trial123zel', '2020-10-18T22:29:59.194203Z'], ['jimmy-tudeski', '2020-10-16T16:36:33.560365Z'], ['jacobmakarsky', '2020-10-20T00:27:21.814025Z'], ['doronaviguy', '2020-11-02T12:11:15.766728Z'], ['theunity', '2020-10-21T03:40:20.297499Z'], ['0x2bc', '2020-10-18T10:33:37.746502Z'], ['kichjang', '2020-10-19T00:12:43.567600Z'], ['mxmaster2s', '2020-10-23T16:12:43.976797Z'], ['harodggg', '2020-10-17T11:35:16.608639Z'], ['rpruizc', '2020-10-17T13:29:22Z'], ['trongvuong1902', '2020-10-19T05:45:34.253143Z'], ['brettkolodny', '2020-11-04T15:36:42.481147Z'], ['ciprianiacobescu', '2020-10-26T14:27:39.616074Z'], ['starlure', '2020-10-21T04:58:48.549199Z'], ['sarahkay99', '2020-10-19T18:06:28.627872Z'], ['shirshak55', '2020-10-18T08:02:04Z'], ['shanfenggood', '2020-10-20T09:57:24.880107Z'], ['tn606024', '2020-10-23T04:53:54.892800Z'], ['jdelour', '2020-10-16T18:52:01.543382Z'], ['dacapricorn', '2020-10-21T10:06:29.161054Z'], ['kamohaladus', '2020-10-21T10:22:00.669294Z'], ['shamb0', '2020-10-18T04:55:08.879190Z'], ['netgodfather', '2020-10-27T06:50:15.061825Z'], ['tunap', '2020-10-26T17:53:34.681954Z'], ['developery-nl', '2020-10-17T08:04:06.292869Z'], ['maar-io', '2020-10-22T05:26:56Z'], ['pkrasam', '2020-10-16T13:35:49.016047Z'], ['hqueue', '2020-10-18T02:10:33.060231Z'], ['latenthero', '2020-10-18T18:06:07.217067Z'], ['mixelated', '2020-10-16T09:56:39.624792Z'], ['elhamne', '2020-10-16T12:26:42.159287Z'], ['tommydot', '2020-10-19T09:38:29.646040Z'], ['maksim-tolo', '2020-10-19T07:17:07.989710Z'], ['elektronaut0815', '2020-11-05T12:55:09Z'], ['001027548-johnsonabhishek', '2020-10-19T20:37:54.168071Z'], ['alekscp', '2020-10-23T21:15:00.775039Z'], ['seven7e', '2020-10-18T04:09:04.867852Z'], ['amitjosh', '2020-10-18T07:07:09.176875Z'], ['oritwoen', '2020-10-19T17:33:47.682488Z'], ['burgerking12', '2020-10-18T21:37:09.485641Z'], ['avcdsld', '2020-10-16T18:40:17.280291Z'], ['pedrojuan91', '2020-10-28T22:09:18.015574Z'], ['xielehe', '2020-10-21T00:21:52.739646Z'], ['fussyl', '2020-11-07T21:03:10.430105Z'], ['hbulgarini', '2020-11-05T20:08:09.201172Z'], ['soner', '2020-10-19T17:29:52.127333Z'], ['y12studio', '2020-10-18T23:01:32.901155Z']]"
https://gitcoin.co/issue/23937,Web3-Foundation-Hackathons,hello-world-by-polkadot,"[['irhonin', '2020-10-14T23:44:04.624636Z'], ['aadorian', '2020-10-18T04:07:24.963129Z'], ['scarletbright', '2020-10-19T20:12:11.673400Z'], ['rpruizc', '2020-10-17T17:07:40Z'], ['kamohaladus', '2020-10-20T18:35:18.588410Z'], ['timthomasdev', '2020-10-16T22:26:40.186987Z'], ['tunap', '2020-10-26T10:29:09.043779Z'], ['tn606024', '2020-10-26T10:34:20.800214Z'], ['y12studio', '2020-10-16T17:53:21.714038Z'], ['burgerking12', '2020-10-21T09:32:11.743632Z'], ['netgodfather', '2020-10-27T00:08:23.384289Z'], ['rafat', '2020-10-16T05:12:01.630614Z'], ['ubinix-warun', '2020-10-18T14:44:37.718579Z'], ['shirshak55', '2020-10-16T21:47:51Z'], ['vinhbhn', '2020-10-18T02:28:27.901108Z'], ['nukemandan', '2020-10-18T05:03:47.296829Z'], ['hugoo', '2020-10-17T17:37:40.949231Z'], ['obxium', '2020-10-27T12:31:28.063172Z'], ['theunity', '2020-11-12T23:54:10.133273Z'], ['pgolovkin', '2020-10-14T20:25:46.190569Z'], ['hqueue', '2020-10-19T18:59:40.705617Z'], ['jimmy-tudeski', '2020-10-18T23:57:49.165019Z'], ['nnnkit', '2020-10-29T18:18:18.493436Z'], ['s5k0651', '2020-11-12T05:48:32.554946Z'], ['fussyl', '2020-11-07T07:14:11.750469Z'], ['alicenekocat', '2020-10-17T01:20:46.172293Z'], ['caiyiliang', '2020-10-18T00:57:58.689319Z'], ['master-davidlee', '2020-10-18T12:21:28.097572Z'], ['nnti3n', '2020-10-18T13:31:52.519838Z'], ['aynelis', '2020-10-18T09:34:46.768552Z'], ['minuma', '2020-10-17T10:02:20.495425Z'], ['nocmar', '2020-10-16T11:38:30.379529Z'], ['yungskum', '2020-10-18T19:45:02.688716Z'], ['drandreaskrueger', '2020-10-17T17:45:55.622864Z'], ['mxmaster2s', '2020-10-23T11:20:33.446874Z'], ['0x2bc', '2020-10-16T21:15:05.726288Z'], ['kichjang', '2020-10-17T21:22:30.746128Z'], ['jaspertimm', '2020-11-05T06:42:01.108062Z'], ['stephenstb', '2020-11-02T20:54:36.864135Z'], ['pedrojuan91', '2020-10-29T13:41:36.453959Z'], ['tommydot', '2020-10-31T13:07:15.107160Z'], ['vsatyanaveen', '2020-11-01T05:56:34.342922Z'], ['franono', '2020-11-01T04:42:11.190092Z'], ['reddevild271', '2020-10-14T23:42:21.983974Z'], ['mttrung', '2020-10-18T15:34:02.073950Z'], ['kavelaa', '2020-10-16T15:15:57.020637Z'], ['brettkolodny', '2020-10-17T15:59:44.119369Z'], ['mswezey23', '2020-10-20T01:54:35.419675Z'], ['kiok46', '2020-10-17T19:53:13.040725Z'], ['dcarpintero', '2020-10-16T21:51:05.352128Z'], ['ksk2345', '2020-10-24T16:39:56.633989Z'], ['amitjosh', '2020-10-27T05:06:34.717287Z'], ['mixelated', '2020-10-16T10:55:06.706641Z'], ['maksim-tolo', '2020-10-16T15:37:34.903904Z'], ['jeffanthony', '2020-10-26T20:09:37Z'], ['maar-io', '2020-10-22T14:19:15Z'], ['antisaa', '2020-10-17T15:49:37.339407Z'], ['tonysun83', '2020-10-17T06:14:04.053661Z'], ['pkrasam', '2020-10-16T11:49:07.822388Z'], ['hychen', '2020-10-23T09:42:42.093170Z'], ['aviekakkar', '2020-11-01T22:49:01.672898Z'], ['davidrhodus', '2020-10-20T18:03:24.877866Z'], ['yasiryagi', '2020-11-12T01:44:14Z'], ['shamb0', '2020-10-17T13:42:57.033645Z'], ['nmlinaric', '2020-10-18T18:30:19.343280Z'], ['0xparashar', '2020-10-16T17:50:17.555419Z'], ['grrwahrr', '2020-10-27T13:50:32.428056Z'], ['mwansich', '2020-10-15T19:59:06.121098Z'], ['bitash', '2020-10-21T21:52:54.729587Z'], ['martinloesethjensen', '2020-10-17T18:16:18.551649Z'], ['001027548-johnsonabhishek', '2020-10-22T07:17:54.909727Z'], ['harman-singh-waraich', '2020-10-16T03:26:29.011364Z'], ['jacobmakarsky', '2020-10-19T21:59:30.920665Z'], ['avcdsld', '2020-10-16T15:40:55.096390Z'], ['developery-nl', '2020-10-16T18:45:05.417498Z'], ['seven7e', '2020-10-18T00:25:26.486484Z'], ['paurosello', '2020-10-16T15:00:38.248182Z'], ['sekmet', '2020-11-02T17:47:01.048187Z'], ['hbulgarini', '2020-11-04T19:53:27.003761Z'], ['berbass', '2020-11-11T01:09:15.033857Z'], ['mackblue', '2020-10-16T05:30:44.612130Z'], ['latenthero', '2020-10-17T19:08:23.250553Z'], ['mpetrun5', '2020-10-17T19:12:44.551889Z'], ['pmensik', '2020-10-23T00:12:42.686810Z'], ['sonhng', '2020-10-17T21:00:36.197393Z'], ['mousekozo', '2020-10-25T13:06:25.185773Z'], ['elektronaut0815', '2020-11-01T18:50:58Z'], ['laurenttrk', '2020-10-16T08:20:47.700670Z'], ['harodggg', '2020-10-16T07:49:24.014635Z'], ['gdixon', '2020-10-20T01:12:45.040362Z'], ['learnpolkadot', '2020-10-15T18:19:33.778137Z'], ['jdelour', '2020-10-16T19:53:18.320215Z'], ['echolon166', '2020-10-15T14:27:24.794815Z'], ['trongvuong1902', '2020-10-18T08:12:04.145838Z'], ['dsvensson', '2020-10-17T09:34:43.482096Z'], ['casub', '2020-10-16T17:15:08.878300Z'], ['gardenerofeden', '2020-11-10T23:49:28.194196Z'], ['kafcioo', '2020-10-20T07:56:29.905979Z']]"
https://gitcoin.co/issue/23936,Web3-Foundation-Hackathons,hello-world-by-polkadot,"[['fussyl', '2020-10-16T06:49:57.178977Z'], ['brozorec', '2020-10-19T17:06:30Z'], ['developery-nl', '2020-10-17T17:27:20.175283Z'], ['tonysun83', '2020-10-22T03:11:10.809048Z'], ['timthomasdev', '2020-10-22T01:52:40.426812Z'], ['arifkalayci', '2020-10-24T11:38:45.155677Z'], ['nnti3n', '2020-10-25T05:33:57.705194Z'], ['master-davidlee', '2020-10-19T02:46:05.843048Z'], ['rpruizc', '2020-10-21T13:19:04Z'], ['nocmar', '2020-10-20T20:08:17.206522Z'], ['y12studio', '2020-10-16T13:43:10.588065Z'], ['eusebiogit', '2020-10-26T20:50:24.897664Z'], ['shirshak55', '2020-10-16T21:57:41.259767Z'], ['theunity', '2020-11-13T00:29:00.220543Z'], ['mttrung', '2020-10-25T05:31:09.679373Z'], ['vsatyanaveen', '2020-11-01T06:04:44.287361Z'], ['alekscp', '2020-10-24T19:11:02Z'], ['shri4net', '2020-10-24T19:12:54.999223Z'], ['tunap', '2020-10-26T10:25:14.724601Z'], ['gdixon', '2020-10-20T01:24:42Z'], ['maksim-tolo', '2020-11-11T23:14:37.014227Z'], ['dcarpintero', '2020-10-18T15:16:02.346565Z'], ['bitash', '2020-10-21T08:21:58.338247Z'], ['pmensik', '2020-10-23T00:18:36.402407Z'], ['aadorian', '2020-10-25T03:46:11.696960Z'], ['mousekozo', '2020-10-25T13:37:17.679893Z'], ['001027548-johnsonabhishek', '2020-10-24T21:23:08.732157Z'], ['harman-singh-waraich', '2020-10-19T11:21:35.959497Z'], ['kanesamoa', '2020-10-27T01:13:25.726388Z'], ['franono', '2020-11-01T04:38:01.723836Z'], ['martinloesethjensen', '2020-11-08T20:32:38.834229Z'], ['stephenstb', '2020-11-10T23:25:15.569501Z'], ['laurenttrk', '2020-10-16T21:55:56.895079Z'], ['jdelour', '2020-10-16T21:56:59.684803Z'], ['kafcioo', '2020-10-24T17:59:39Z'], ['brettkolodny', '2020-11-02T20:15:16Z'], ['ubinix-warun', '2020-10-20T05:01:52.231075Z'], ['avcdsld', '2020-10-20T05:46:07.831342Z'], ['nukemandan', '2020-10-23T20:32:45.211235Z'], ['hugoo', '2020-10-20T16:09:22.675233Z'], ['sekmet', '2020-10-25T16:27:22.365269Z'], ['antisaa', '2020-10-29T21:52:37.734741Z'], ['nnnkit', '2020-10-29T18:36:37.511788Z'], ['yasiryagi', '2020-11-12T01:33:04.578485Z'], ['hqueue', '2020-10-20T19:02:05.898169Z'], ['sonhng', '2020-10-24T22:08:44Z'], ['vinhbhn', '2020-10-26T10:42:40.515826Z'], ['zhiquan911', '2020-10-21T14:50:13.172956Z'], ['maar-io', '2020-10-31T23:05:18Z'], ['jeffanthony', '2020-10-27T01:35:27Z'], ['s5k0651', '2020-10-27T23:09:24Z'], ['amitjosh', '2020-10-28T08:29:49.196829Z'], ['kichjang', '2020-10-19T03:44:07Z'], ['aviekakkar', '2020-11-05T16:02:08.678799Z'], ['casub', '2020-11-05T18:45:16.416712Z'], ['shamb0', '2020-10-18T12:07:19.529022Z'], ['harodggg', '2020-10-23T20:55:48.966113Z'], ['kamohaladus', '2020-10-24T17:01:12.025325Z'], ['echolon166', '2020-10-15T12:26:46.062659Z'], ['burgerking12', '2020-10-27T13:43:32.639556Z'], ['mswezey23', '2020-10-27T17:43:21.417084Z'], ['rafat', '2020-10-20T08:08:23.111939Z'], ['0x2bc', '2020-10-20T19:10:58.751701Z'], ['ksk2345', '2020-10-26T09:54:03.288272Z']]"
https://gitcoin.co/issue/23935,Web3-Foundation-Hackathons,hello-world-by-polkadot,"[['laurenttrk', '2020-10-19T13:05:42.887177Z'], ['brettkolodny', '2020-10-23T01:51:36Z'], ['harman-singh-waraich', '2020-10-24T08:28:52.811958Z'], ['avcdsld', '2020-10-24T17:38:35.894115Z'], ['tunap', '2020-10-26T13:14:25.724008Z'], ['zhiwei-w-luo', '2020-10-28T13:01:14.500199Z'], ['nukemandan', '2020-11-03T05:11:11.539265Z'], ['nocmar', '2020-10-29T21:08:21.200117Z'], ['franono', '2020-11-02T00:36:04.390844Z'], ['rafat', '2020-11-01T11:30:55.225089Z'], ['s5k0651', '2020-11-07T01:41:15Z'], ['developery-nl', '2020-10-19T20:39:25.980791Z'], ['alekscp', '2020-10-19T23:55:56Z'], ['aj07', '2020-10-22T06:51:18.222289Z'], ['shirshak55', '2020-10-18T19:08:59Z'], ['y12studio', '2020-10-20T10:16:40Z'], ['kamohaladus', '2020-11-11T15:21:18.014172Z'], ['coderrick', '2020-11-12T22:14:05.921283Z'], ['martinloesethjensen', '2020-10-18T22:22:27.845793Z'], ['harodggg', '2020-10-25T19:50:58.694095Z'], ['vinhbhn', '2020-10-25T15:03:10.898673Z'], ['echolon166', '2020-10-24T22:44:12.483692Z'], ['master-davidlee', '2020-10-27T04:30:30.051964Z'], ['burgerking12', '2020-10-29T14:06:38.500666Z'], ['nnnkit', '2020-10-31T21:52:12.723525Z'], ['gdixon', '2020-10-22T06:24:28Z'], ['brozorec', '2020-11-01T14:57:10.163258Z'], ['kichjang', '2020-10-23T22:54:42Z'], ['grekinsky', '2020-10-25T05:33:25.013466Z'], ['kafcioo', '2020-10-24T20:45:35.636466Z'], ['stephenstb', '2020-11-08T20:30:36.975698Z'], ['paurosello', '2020-10-19T07:36:02.768377Z'], ['theunity', '2020-11-13T00:21:44.564449Z'], ['dcarpintero', '2020-10-31T21:19:38.236125Z'], ['tonysun83', '2020-10-27T08:36:58.856400Z'], ['shamb0', '2020-10-17T17:11:44.074771Z'], ['sekmet', '2020-10-30T04:06:31.767300Z'], ['mswezey23', '2020-10-27T22:46:36.054041Z'], ['fussyl', '2020-10-28T08:57:58.786430Z'], ['vsatyanaveen', '2020-11-12T16:37:29.093083Z'], ['ubinix-warun', '2020-11-11T20:17:39.443632Z'], ['sonhng', '2020-11-12T20:50:33Z'], ['aadorian', '2020-10-25T01:22:00.324517Z'], ['bitash', '2020-10-27T06:17:05.692983Z'], ['maar-io', '2020-11-01T23:11:48Z'], ['hugoo', '2020-10-25T20:20:07.022443Z']]"
https://gitcoin.co/issue/23934,Web3-Foundation-Hackathons,hello-world-by-polkadot,"[['echolon166', '2020-11-12T11:08:35.384871Z'], ['fussyl', '2020-11-06T10:13:36.708500Z'], ['jacobmakarsky', '2020-11-06T21:07:30.262330Z'], ['hugoo', '2020-11-08T16:19:06.810142Z'], ['harodggg', '2020-11-08T12:34:53.181881Z'], ['brettkolodny', '2020-11-04T02:52:46.159320Z'], ['nocmar', '2020-11-04T19:17:35.176544Z'], ['bitash', '2020-10-28T05:56:21.684348Z'], ['caiyiliang', '2020-11-06T08:24:21.648145Z'], ['shirshak55', '2020-10-30T18:49:02Z'], ['shamb0', '2020-10-22T05:02:07.361246Z'], ['dcarpintero', '2020-11-02T21:22:12.554107Z'], ['y12studio', '2020-11-10T00:09:39.889891Z'], ['nukemandan', '2020-10-27T02:42:34.228828Z'], ['ubinix-warun', '2020-11-11T13:20:46.907126Z'], ['gdixon', '2020-10-22T13:10:05Z'], ['maksim-tolo', '2020-11-11T22:18:54.186643Z'], ['rpruizc', '2020-10-22T00:29:12Z'], ['shri4net', '2020-11-13T07:56:44.293771Z'], ['sekmet', '2020-11-12T22:48:59.550860Z'], ['kafcioo', '2020-10-24T18:26:18Z'], ['vinhbhn', '2020-10-30T11:34:45.807688Z'], ['maar-io', '2020-11-05T23:50:29.732506Z'], ['hychen', '2020-11-03T01:38:19.539517Z'], ['brozorec', '2020-11-08T15:38:04.729314Z'], ['avcdsld', '2020-10-30T22:48:10.208964Z'], ['laurenttrk', '2020-10-28T11:46:33.150949Z'], ['tunap', '2020-10-26T10:18:40.720582Z'], ['mswezey23', '2020-11-04T03:29:14.038045Z'], ['burgerking12', '2020-11-04T08:00:55.635198Z'], ['tonysun83', '2020-11-01T06:56:20Z'], ['nnnkit', '2020-11-01T15:52:54.820446Z'], ['sonhng', '2020-11-11T22:28:43Z'], ['s5k0651', '2020-11-08T04:32:39.134616Z'], ['kichjang', '2020-11-01T06:53:27Z'], ['sacha-l', '2020-11-03T22:37:38.991246Z']]"
https://gitcoin.co/issue/23933,Web3-Foundation-Hackathons,hello-world-by-polkadot,"[['developery-nl', '2020-10-20T19:17:19.798181Z'], ['laurenttrk', '2020-10-17T15:33:33.151100Z'], ['gdixon', '2020-10-22T13:15:49Z'], ['jacobmakarsky', '2020-10-23T21:26:23.558169Z'], ['kichjang', '2020-10-25T10:00:58Z'], ['burgerking12', '2020-11-04T12:47:37.477495Z'], ['vinhbhn', '2020-10-30T07:12:11.861169Z'], ['tunap', '2020-10-28T15:27:20.138781Z'], ['fussyl', '2020-10-16T11:19:34.975136Z'], ['avcdsld', '2020-11-03T15:49:24.567683Z'], ['lzw65', '2020-10-22T01:50:46.280728Z'], ['nnnkit', '2020-11-01T12:17:38.620536Z'], ['dcarpintero', '2020-11-01T15:48:17.545410Z'], ['master-davidlee', '2020-10-25T07:39:38.862735Z'], ['hugoo', '2020-11-08T12:00:28.554538Z'], ['brozorec', '2020-10-26T11:27:32.827642Z'], ['casub', '2020-11-09T20:16:39.080302Z'], ['nukemandan', '2020-10-27T22:11:41.565104Z'], ['kafcioo', '2020-10-26T21:53:10.396736Z'], ['rafat', '2020-11-03T10:58:30.652064Z'], ['mswezey23', '2020-11-01T01:44:24.449010Z'], ['martinloesethjensen', '2020-11-11T19:45:04.649367Z'], ['hychen', '2020-10-30T09:20:22.896501Z'], ['ubinix-warun', '2020-11-11T11:09:03.359771Z'], ['shirshak55', '2020-10-18T21:06:55Z'], ['stephenstb', '2020-11-04T21:39:06.462013Z'], ['y12studio', '2020-10-18T05:23:27.353295Z'], ['harman-singh-waraich', '2020-10-21T09:34:22.285319Z'], ['echolon166', '2020-11-10T19:48:27.846788Z'], ['maar-io', '2020-11-03T18:36:19Z'], ['harodggg', '2020-11-09T20:56:37.833590Z'], ['sonhng', '2020-11-08T10:31:48Z'], ['s5k0651', '2020-11-11T01:55:43.675318Z'], ['bitash', '2020-10-27T10:37:59.544705Z'], ['shri4net', '2020-11-13T06:57:57.054416Z'], ['nocmar', '2020-10-31T19:13:48.542500Z'], ['r1oga', '2020-11-08T22:20:45.879491Z'], ['brettkolodny', '2020-11-04T19:10:44.508386Z'], ['maksim-tolo', '2020-11-11T20:39:59.849736Z'], ['sacha-l', '2020-11-13T20:56:39.360981Z'], ['shamb0', '2020-10-19T07:54:02.761555Z'], ['tonysun83', '2020-10-30T08:48:32.502798Z'], ['sekmet', '2020-11-12T20:14:33.445200Z'], ['shanfenggood', '2020-10-23T01:36:18.719620Z'], ['ksk2345', '2020-11-06T08:38:34.649512Z']]"
https://gitcoin.co/issue/23932,Web3-Foundation-Hackathons,hello-world-by-polkadot,"[['sekmet', '2020-10-24T05:25:12.394888Z'], ['arifkalayci', '2020-10-25T03:36:18.718702Z'], ['stephenstb', '2020-11-10T21:16:22.817400Z'], ['jimmy-tudeski', '2020-10-26T14:57:38.556512Z'], ['master-davidlee', '2020-10-21T13:24:30.826235Z'], ['fussyl', '2020-10-16T19:32:07.348952Z'], ['shirshak55', '2020-10-18T21:16:05Z'], ['jacobmakarsky', '2020-10-22T18:14:54.004649Z'], ['nocmar', '2020-10-22T08:40:33.940905Z'], ['kafcioo', '2020-10-23T11:24:35Z'], ['burgerking12', '2020-10-27T05:19:31.092105Z'], ['mswezey23', '2020-10-27T02:14:44.262426Z'], ['trongvuong1902', '2020-10-24T14:45:17.480341Z'], ['martinloesethjensen', '2020-10-21T10:51:16.334687Z'], ['sacha-l', '2020-10-30T13:01:41.583993Z'], ['eanam', '2020-10-22T17:40:37.616336Z'], ['sonhng', '2020-10-24T12:31:25Z'], ['nnti3n', '2020-10-25T05:30:04.228317Z'], ['vinhbhn', '2020-10-22T14:21:16.928278Z'], ['s5k0651', '2020-11-08T19:47:10.789596Z'], ['irhonin', '2020-10-15T14:24:58.887095Z'], ['shamb0', '2020-10-18T06:38:31.444481Z'], ['beqaabu', '2020-10-18T13:36:45Z'], ['brozorec', '2020-10-20T17:44:30.580721Z'], ['hugoo', '2020-10-20T11:56:14.402623Z'], ['rpruizc', '2020-10-23T00:33:21Z'], ['mttrung', '2020-10-24T12:44:59.900994Z'], ['kamohaladus', '2020-10-24T12:23:57.905298Z'], ['nnnkit', '2020-11-01T17:55:48.699735Z'], ['tunap', '2020-10-17T19:12:44Z'], ['ksk2345', '2020-10-24T11:37:19.307132Z'], ['developery-nl', '2020-10-20T10:53:01.996107Z'], ['yasiryagi', '2020-11-14T15:51:44Z'], ['hqueue', '2020-10-20T17:08:00.514377Z'], ['y12studio', '2020-10-17T16:28:30.331378Z'], ['tonysun83', '2020-10-23T06:22:24.241800Z'], ['jdelour', '2020-10-16T18:15:25.307609Z'], ['bitash', '2020-10-21T22:07:26.527799Z'], ['yungskum', '2020-10-24T01:41:31.524744Z'], ['ubinix-warun', '2020-10-25T03:26:06.759493Z'], ['timthomasdev', '2020-10-21T20:23:40.112155Z'], ['elhamne', '2020-10-20T19:54:04.224726Z'], ['pmensik', '2020-11-03T09:23:32.683899Z'], ['kichjang', '2020-10-21T11:43:12Z'], ['shri4net', '2020-10-23T11:43:08Z'], ['casub', '2020-10-16T21:02:55.266687Z'], ['anhcao142', '2020-10-24T12:39:27.532624Z'], ['aadorian', '2020-10-20T00:04:02.235331Z'], ['jeffanthony', '2020-10-29T22:35:23Z'], ['harodggg', '2020-10-21T17:52:00.286457Z'], ['rafat', '2020-10-23T02:36:22.487007Z'], ['hychen', '2020-10-27T22:16:21.685830Z'], ['maksim-tolo', '2020-11-10T16:41:56.204915Z'], ['franono', '2020-11-02T00:52:44.315178Z'], ['dcarpintero', '2020-10-18T14:02:34.761563Z'], ['yoda-near', '2020-10-21T16:29:52Z'], ['ciprianiacobescu', '2020-10-25T02:18:06Z'], ['caiyiliang', '2020-10-23T01:58:48.489467Z'], ['shanfenggood', '2020-10-21T10:20:52.082927Z'], ['maar-io', '2020-10-22T20:17:46Z'], ['laurenttrk', '2020-10-16T21:11:55.060764Z'], ['nukemandan', '2020-10-25T20:33:03.889754Z'], ['harman-singh-waraich', '2020-10-18T14:20:44.969386Z'], ['chainvisions', '2020-10-23T07:01:56.415763Z'], ['gdixon', '2020-10-20T02:58:07Z'], ['mixelated', '2020-10-17T05:35:44.625461Z'], ['vsatyanaveen', '2020-11-12T16:55:25.046449Z'], ['1027540johnsonaniketh', '2020-10-25T03:37:36.499225Z'], ['001027548-johnsonabhishek', '2020-10-25T02:49:24.015449Z'], ['amitjosh', '2020-10-27T11:14:39.870187Z'], ['kanesamoa', '2020-10-24T06:32:15.037013Z'], ['zhiquan911', '2020-10-24T07:28:24.234296Z'], ['avcdsld', '2020-10-22T01:29:54.725953Z'], ['brettkolodny', '2020-11-02T16:38:20Z'], ['echolon166', '2020-10-15T16:26:59.098423Z']]"
https://gitcoin.co/issue/23931,Web3-Foundation-Hackathons,hello-world-by-polkadot,"[['maar-io', '2020-11-04T18:47:01Z'], ['vinhbhn', '2020-11-02T14:04:09.525251Z'], ['harodggg', '2020-11-10T12:21:01.937353Z'], ['kamohaladus', '2020-11-11T18:07:00.146414Z'], ['shamb0', '2020-10-28T06:16:55.027326Z'], ['zhiwei-w-luo', '2020-11-04T11:20:23.564893Z'], ['shirshak55', '2020-10-19T20:30:06Z'], ['maksim-tolo', '2020-11-10T16:30:19.582020Z'], ['nocmar', '2020-11-06T19:19:32.684155Z'], ['gdixon', '2020-11-08T16:26:53.823375Z'], ['brozorec', '2020-11-09T14:47:07.682975Z'], ['redaops', '2020-10-15T15:11:10.972546Z'], ['caiyiliang', '2020-10-28T10:34:14.098604Z'], ['ravi11o', '2020-10-31T14:08:36.714345Z'], ['rafat', '2020-11-11T12:33:50.482104Z'], ['fussyl', '2020-11-07T07:04:58.560166Z'], ['dcarpintero', '2020-11-03T16:24:50.470879Z'], ['bitash', '2020-10-28T00:29:09.146170Z'], ['laurenttrk', '2020-10-21T20:37:34.635096Z'], ['martinloesethjensen', '2020-11-05T21:34:09.631726Z'], ['nnti3n', '2020-11-12T02:35:21.022372Z'], ['sonhng', '2020-11-11T23:56:49.359916Z'], ['s5k0651', '2020-11-09T04:54:12.309631Z'], ['franono', '2020-10-27T03:26:03.320284Z'], ['nnnkit', '2020-10-30T13:46:04.593375Z'], ['vipineth', '2020-10-30T17:06:20.438090Z'], ['kafcioo', '2020-11-04T10:15:09.402306Z'], ['tonysun83', '2020-11-04T09:07:35.049782Z'], ['emetropoli', '2020-11-03T22:39:53.598566Z'], ['casub', '2020-11-05T18:22:11.329441Z'], ['y12studio', '2020-10-25T10:29:47.096855Z'], ['arifkalayci', '2020-10-25T13:59:21.916321Z'], ['burgerking12', '2020-11-06T15:24:24.840269Z'], ['irhonin', '2020-10-30T01:36:24.499814Z'], ['avcdsld', '2020-10-27T15:54:59.371683Z']]"
https://gitcoin.co/issue/23930,Web3-Foundation-Hackathons,hello-world-by-polkadot,"[['nnnkit', '2020-11-10T19:03:55.758813Z'], ['gdixon', '2020-11-10T03:00:37.291772Z'], ['laurenttrk', '2020-10-22T21:34:57.584142Z'], ['brettkolodny', '2020-11-08T20:33:10.231197Z'], ['burgerking12', '2020-11-11T15:05:53.803419Z'], ['y12studio', '2020-11-12T02:00:23.797112Z']]"
https://gitcoin.co/issue/23929,Web3-Foundation-Hackathons,hello-world-by-polkadot,"[['burgerking12', '2020-11-09T07:53:15.288468Z'], ['harodggg', '2020-11-10T16:00:36.400887Z'], ['brettkolodny', '2020-10-27T22:13:44.046898Z'], ['bitash', '2020-10-29T03:37:17.722001Z'], ['vinhbhn', '2020-11-10T13:50:11.289932Z'], ['laurenttrk', '2020-10-27T15:22:02.356083Z'], ['harodggg-resubmit', '2020-11-11T15:47:36.449493Z'], ['shirshak55', '2020-11-04T18:18:52.420655Z'], ['shamb0', '2020-10-26T01:28:21.768965Z'], ['gdixon', '2020-10-25T02:38:14.293236Z'], ['maar-io', '2020-11-12T17:07:31.950357Z'], ['emetropoli', '2020-11-06T16:07:13.523926Z']]"
https://gitcoin.co/issue/23928,Web3-Foundation-Hackathons,hello-world-by-polkadot,"[['gdixon', '2020-11-09T07:51:55.819155Z'], ['brettkolodny', '2020-11-13T04:50:12.213546Z'], ['nnnkit', '2020-11-08T18:44:12.637212Z'], ['laurenttrk', '2020-11-01T22:45:03.485858Z'], ['bitash', '2020-11-08T03:18:00.859499Z']]"
https://gitcoin.co/issue/23915,nblockchain,XamarinFormsWasmChromeExtension,"[['alextselikas', '2020-10-17T16:05:30.111212Z']]"
https://gitcoin.co/issue/23911,seedclub,seed-club-hacks,"[['ccfalv', '2020-10-30T15:38:34.068634Z'], ['jzstern', '2020-10-30T17:51:47.670209Z']]"
https://gitcoin.co/issue/23908,seedclub,seed-club-hacks,"[['apoorvlathey', '2020-10-31T00:00:09.323763Z'], ['silaszhr', '2020-10-30T14:32:10.152246Z']]"
https://gitcoin.co/issue/23905,seedclub,seed-club-hacks,"[['makoto', '2020-10-25T20:11:44.480111Z'], ['zashton', '2020-10-30T16:11:09.982272Z']]"
https://gitcoin.co/issue/23902,humanprotocol,hmt-escrow,"[['excerebrose', '2020-10-18T00:17:54.917887Z']]"
https://gitcoin.co/issue/23897,metacartel,untitled-hackathon,"[['icinsight', '2020-10-26T02:16:02.793642Z'], ['levalleux-ludo', '2020-10-29T11:01:05.173366Z'], ['zoek1', '2020-10-27T02:44:52.312820Z'], ['princesinha19', '2020-10-26T06:55:24.348085Z'], ['canokaue', '2020-10-26T03:22:39.521150Z'], ['abhimanyu121', '2020-10-24T07:12:52.130807Z'], ['kaius-star', '2020-10-26T23:32:49.950560Z'], ['tomafc330', '2020-10-27T18:04:32.286618Z'], ['dj-powehi', '2020-10-26T12:47:22.685776Z'], ['sirius651', '2020-10-26T10:35:40.938686Z'], ['pauliax', '2020-10-26T22:44:39.268720Z'], ['abhayait', '2020-10-25T16:24:45.958169Z'], ['mukeshjaiswal01', '2020-10-26T23:56:50.629391Z'], ['gokulsan', '2020-10-26T11:01:13.321385Z']]"
https://gitcoin.co/issue/23895,ensdomains,address-encoder,"[['janus', '2020-10-08T13:44:27.190799Z']]"
https://gitcoin.co/issue/23894,ensdomains,address-encoder,"[['echolon166', '2020-10-07T22:58:33.471160Z']]"
https://gitcoin.co/issue/23893,ensdomains,address-encoder,"[['echolon166', '2020-10-08T00:48:58.673328Z']]"
https://gitcoin.co/issue/23892,ensdomains,address-encoder,"[['irhonin', '2020-10-08T16:15:58.668208Z']]"
https://gitcoin.co/issue/23891,ensdomains,address-encoder,"[['irhonin', '2020-10-08T16:43:30.308039Z']]"
https://gitcoin.co/issue/23890,ensdomains,address-encoder,"[['irhonin', '2020-10-08T16:52:38.584062Z']]"
https://gitcoin.co/issue/23889,ensdomains,address-encoder,"[['echolon166', '2020-10-08T12:51:29.969600Z']]"
https://gitcoin.co/issue/23888,ensdomains,address-encoder,"[['echolon166', '2020-10-08T01:49:23.786311Z']]"
https://gitcoin.co/issue/23887,ensdomains,address-encoder,"[['turtle3695', '2020-11-07T02:54:14.825694Z'], ['echolon166', '2020-10-08T17:00:38.471438Z']]"
https://gitcoin.co/issue/23886,ensdomains,address-encoder,"[['echolon166', '2020-12-11T17:38:08.685272Z'], ['surajsingla333', '2020-10-08T17:26:20.674503Z']]"
https://gitcoin.co/issue/23884,ensdomains,address-encoder,"[['echolon166', '2020-10-07T23:35:09.776558Z']]"
https://gitcoin.co/issue/23883,ensdomains,address-encoder,"[['janus', '2020-10-12T10:49:00.790911Z']]"
https://gitcoin.co/issue/23882,ensdomains,address-encoder,"[['echolon166', '2020-10-08T17:37:44.809033Z']]"
https://gitcoin.co/issue/23881,ensdomains,address-encoder,"[['echolon166', '2020-10-07T22:47:37.523327Z']]"
https://gitcoin.co/issue/23880,ensdomains,address-encoder,"[['janus', '2020-10-08T20:18:46.596632Z']]"
https://gitcoin.co/issue/23879,ensdomains,address-encoder,"[['janus', '2020-10-08T21:17:46.190110Z']]"
https://gitcoin.co/issue/23878,ensdomains,address-encoder,"[['echolon166', '2020-10-08T10:53:12.601771Z']]"
https://gitcoin.co/issue/23877,ensdomains,address-encoder,"[['echolon166', '2020-10-08T01:07:04.737036Z']]"
https://gitcoin.co/issue/23876,ensdomains,address-encoder,"[['echolon166', '2020-10-07T22:28:13.093573Z']]"
https://gitcoin.co/issue/23875,ensdomains,address-encoder,"[['echolon166', '2020-10-08T20:03:40.538889Z']]"
https://gitcoin.co/issue/23867,ensdomains,address-encoder,"[['canokaue', '2020-10-06T20:26:43.284764Z'], ['echolon166', '2020-10-07T21:47:19.133271Z']]"
https://gitcoin.co/issue/23866,ensdomains,address-encoder,"[['echolon166', '2020-10-06T22:06:19.159021Z']]"
https://gitcoin.co/issue/23865,ensdomains,address-encoder,"[['irhonin', '2020-10-06T21:41:22.128042Z']]"
https://gitcoin.co/issue/23864,ensdomains,address-encoder,"[['echolon166', '2020-10-06T20:06:48.863886Z']]"
https://gitcoin.co/issue/23863,ensdomains,address-encoder,"[['irhonin', '2020-10-06T21:17:14.385859Z']]"
https://gitcoin.co/issue/23861,ensdomains,address-encoder,"[['irhonin', '2020-10-06T21:02:30.137824Z'], ['echolon166', '2020-10-06T19:31:33.378777Z']]"
https://gitcoin.co/issue/23859,ensdomains,address-encoder,"[['janus', '2020-10-09T14:34:46.408583Z']]"
https://gitcoin.co/issue/23858,ensdomains,address-encoder,"[['echolon166', '2020-10-06T21:05:10.323129Z']]"
https://gitcoin.co/issue/23857,ensdomains,address-encoder,"[['ilanolkies', '2020-10-07T09:20:06.350933Z'], ['echolon166', '2020-12-07T17:15:36.482009Z']]"
https://gitcoin.co/issue/23856,ensdomains,address-encoder,"[['echolon166', '2020-12-07T17:51:42.044167Z'], ['ilanolkies', '2020-10-07T09:28:53.603215Z']]"
https://gitcoin.co/issue/23855,seedclub,seed-club-hacks,"[['writeprovidence', '2020-10-29T21:44:51.233572Z'], ['biuxmaster', '2020-10-27T11:47:07.363958Z'], ['masteritachi', '2020-10-29T23:30:54.609665Z'], ['l-kh', '2020-10-30T19:43:06.144233Z'], ['cryptoouf-blog', '2020-10-24T16:44:57.903068Z'], ['krastycraft', '2020-10-25T13:16:41.688679Z']]"
https://gitcoin.co/issue/23854,ensdomains,address-encoder,"[['janus', '2020-10-09T21:11:45.803345Z']]"
https://gitcoin.co/issue/23853,ensdomains,address-encoder,"[['irhonin', '2020-10-06T20:20:25.592174Z']]"
https://gitcoin.co/issue/23852,seedclub,seed-club-hacks,[]
https://gitcoin.co/issue/23849,RadicalxChange,GitxChange,"[['ivanmolto', '2020-11-01T21:00:32.692633Z'], ['santanaruben', '2020-10-26T20:48:41.307418Z']]"
https://gitcoin.co/issue/23848,gitcoinco,skunkworks,"[['elhamne', '2020-12-01T11:59:51.008225Z'], ['moonniy', '2020-11-23T07:53:07.960201Z'], ['hhio618', '2020-10-15T12:11:19.200898Z'], ['developerfred', '2020-11-07T17:06:49.139917Z'], ['irhonin', '2020-10-07T10:27:16.291251Z']]"
https://gitcoin.co/issue/23847,ensdomains,address-encoder,"[['echolon166', '2020-12-02T12:49:23.210469Z'], ['canokaue', '2020-10-06T04:20:31.205181Z']]"
https://gitcoin.co/issue/23846,ensdomains,address-encoder,"[['echolon166', '2020-10-06T08:58:43.387820Z']]"
https://gitcoin.co/issue/23845,ensdomains,address-encoder,"[['canokaue', '2020-10-06T03:39:16.096313Z']]"
https://gitcoin.co/issue/23844,ensdomains,address-encoder,"[['rodgz1622', '2020-10-06T08:40:49.769552Z'], ['canokaue', '2020-10-06T03:40:37.557454Z'], ['dotrungkien', '2020-10-06T02:52:58.576073Z']]"
https://gitcoin.co/issue/23843,ensdomains,address-encoder,"[['krivenkoviktor1954', '2020-10-06T19:44:41.426164Z'], ['canokaue', '2020-10-06T19:08:50.600665Z']]"
https://gitcoin.co/issue/23842,ensdomains,address-encoder,"[['kleo2012', '2020-10-06T05:20:51.716555Z']]"
https://gitcoin.co/issue/23841,ensdomains,address-encoder,"[['echolon166', '2020-10-06T12:18:53.902271Z']]"
https://gitcoin.co/issue/23840,ensdomains,address-encoder,"[['echolon166', '2020-10-10T17:59:42.852355Z']]"
https://gitcoin.co/issue/23839,ensdomains,address-encoder,"[['echolon166', '2020-10-06T15:52:35.638232Z']]"
https://gitcoin.co/issue/23838,ensdomains,address-encoder,"[['echolon166', '2020-10-06T12:55:40.276303Z']]"
https://gitcoin.co/issue/23837,ensdomains,address-encoder,"[['canokaue', '2020-10-06T14:19:55.588447Z'], ['echolon166', '2020-12-02T14:42:03.875200Z']]"
https://gitcoin.co/issue/23832,idena-network,idena-desktop,"[['irhonin', '2020-10-09T02:59:37.559667Z'], ['teeryrey', '2020-10-06T11:21:40.023886Z']]"
https://gitcoin.co/issue/23829,hCaptcha,telegram-bot,"[['hhio618', '2020-10-10T09:28:35.473853Z']]"
https://gitcoin.co/issue/23820,seedclub,seed-club-hacks,"[['alxcnwy', '2020-10-30T19:24:18.787808Z']]"
https://gitcoin.co/issue/23819,RadicalxChange,GitxChange,"[['nestorbonilla', '2020-11-01T22:04:21.980797Z'], ['madeline3000', '2020-11-02T03:59:08.142447Z'], ['man-jain', '2020-11-01T21:40:25.169060Z'], ['moarsel', '2020-11-02T03:44:24.751861Z']]"
https://gitcoin.co/issue/23817,clrfund,monorepo,[]
https://gitcoin.co/issue/23816,clrfund,monorepo,"[['siftal', '2020-10-10T17:35:00Z'], ['masaun', '2020-11-01T14:48:55.660736Z'], ['rezahsnz', '2020-10-10T13:25:20.121106Z']]"
https://gitcoin.co/issue/23814,ensdomains,address-encoder,"[['canokaue', '2020-10-06T02:20:27.711514Z']]"
https://gitcoin.co/issue/23813,ensdomains,address-encoder,"[['irhonin', '2020-12-18T21:04:00.277761Z']]"
https://gitcoin.co/issue/23811,ensdomains,address-encoder,"[['echolon166', '2020-12-13T16:49:34.227583Z'], ['surajsingla333', '2020-10-04T09:22:16.001793Z']]"
https://gitcoin.co/issue/23808,ensdomains,address-encoder,"[['echolon166', '2020-12-13T16:48:52.434795Z'], ['surajsingla333', '2020-10-04T11:42:56.570904Z']]"
https://gitcoin.co/issue/23807,ensdomains,address-encoder,"[['echolon166', '2020-12-13T16:50:11.115241Z'], ['surajsingla333', '2020-10-03T21:36:11.324278Z']]"
https://gitcoin.co/issue/23802,ensdomains,address-encoder,"[['echolon166', '2020-10-06T08:06:09.149290Z'], ['theperfectpunk', '2020-10-06T19:33:45.283630Z']]"
https://gitcoin.co/issue/23796,RebasedToken,Bounties,"[['developerfred', '2020-10-03T21:57:25.647839Z']]"
https://gitcoin.co/issue/23794,ArweaveTeam,Bounties,"[['ivanmolto', '2020-11-24T23:39:18.359227Z'], ['ardriveapp', '2020-11-24T15:47:58.365566Z'], ['htrap', '2020-11-24T15:28:19.385134Z'], ['arzzen', '2020-11-05T14:17:19.707122Z'], ['wojak-frog', '2020-11-29T01:18:05.189929Z'], ['abbaskiko', '2020-11-30T04:58:06.139104Z'], ['jakub-wojciechowski', '2020-11-24T15:25:57.624632Z'], ['mikehibbert', '2020-11-24T15:20:35.603823Z'], ['t8', '2020-11-24T14:35:20.580754Z'], ['vporton', '2020-11-06T17:55:59.459222Z']]"
https://gitcoin.co/issue/23780,hCaptcha,telegram-bot,"[['hhio618', '2020-10-01T09:26:35.580049Z']]"
https://gitcoin.co/issue/23775,thxprotocol,contracts,"[['evert0x', '2020-09-29T18:14:29.104138Z']]"
https://gitcoin.co/issue/23768,status-im,design,"[['gulyasbence', '2020-12-10T19:40:42.694022Z']]"
https://gitcoin.co/issue/23762,gitcoinco,web,"[['zoek1', '2020-10-02T17:58:49.537828Z']]"
https://gitcoin.co/issue/23761,web3swift-team,web3swift,"[['podkovyrin', '2020-12-31T08:17:12Z']]"
https://gitcoin.co/issue/23756,gitcoinco,web,"[['hhio618', '2020-09-25T14:40:42.251111Z']]"
https://gitcoin.co/issue/23755,ensdomains,address-encoder,"[['irhonin', '2020-09-23T19:36:05.991162Z']]"
https://gitcoin.co/issue/23754,ensdomains,address-encoder,"[['irhonin', '2020-09-26T18:24:37.536416Z']]"
https://gitcoin.co/issue/23753,ensdomains,address-encoder,"[['ilanolkies', '2020-10-04T06:00:59.341660Z']]"
https://gitcoin.co/issue/23752,ensdomains,address-encoder,"[['twenty1pi', '2020-09-22T23:54:56.460222Z'], ['davidstrouk', '2020-09-23T07:24:59.046881Z']]"
https://gitcoin.co/issue/23751,ensdomains,address-encoder,"[['irhonin', '2020-09-24T13:48:43.002056Z']]"
https://gitcoin.co/issue/23750,ensdomains,address-encoder,"[['echolon166', '2020-09-30T12:30:08.188494Z'], ['davidstrouk', '2020-09-24T08:41:18.602233Z']]"
https://gitcoin.co/issue/23749,ensdomains,address-encoder,"[['echolon166', '2020-09-30T12:32:02.956024Z']]"
https://gitcoin.co/issue/23748,ensdomains,address-encoder,"[['resgar', '2020-09-28T13:14:28.316613Z']]"
https://gitcoin.co/issue/23746,ensdomains,address-encoder,"[['dotrungkien', '2020-09-28T08:05:28.207295Z']]"
https://gitcoin.co/issue/23738,ensdomains,address-encoder,"[['mlatief', '2020-09-25T17:36:30.705894Z'], ['irhonin', '2020-09-25T02:01:24.464640Z']]"
https://gitcoin.co/issue/23737,AdamSC1-ddg,defidomains,"[['yacare555', '2020-09-22T06:20:18.513127Z']]"
https://gitcoin.co/issue/23704,textileio,community,"[['zoek1', '2020-10-01T04:56:56.841214Z'], ['brianspha', '2020-10-04T21:26:48.111891Z'], ['hdriqi', '2020-09-29T11:46:58.416445Z'], ['amiyatulu', '2020-09-28T04:41:58.491655Z']]"
https://gitcoin.co/issue/23697,gitcoinco,web,"[['merwane', '2020-09-17T17:46:07.013005Z']]"
https://gitcoin.co/issue/23696,gitcoinco,web,"[['gitcoinbot', '2020-09-13T21:17:58.253972Z']]"
https://gitcoin.co/issue/23692,NebulousLabs,Skynet-Hive,"[['rezahsnz', '2020-10-03T12:19:47.282930Z'], ['hdriqi', '2020-09-29T22:57:14.535707Z'], ['robert-zaremba', '2020-10-05T04:42:55.740890Z'], ['jackson-harris-iii', '2020-10-05T03:02:29.771428Z'], ['zoek1', '2020-10-05T17:42:05.873173Z'], ['lunafromthemoon', '2020-09-29T20:35:19.744758Z'], ['princesinha19', '2020-09-30T10:37:27.981965Z'], ['gagdiez', '2020-09-29T12:10:19.859971Z']]"
https://gitcoin.co/issue/23670,ethereum,ethereum-org-website,"[['ph5500', '2020-09-10T18:07:58.787583Z']]"
https://gitcoin.co/issue/23654,ArweaveTeam,Bounties,"[['artob', '2020-10-07T15:25:43.141248Z']]"
https://gitcoin.co/issue/23652,near,bounties,"[['mosgov', '2020-09-29T11:00:35.315998Z'], ['maxman111', '2020-09-28T18:44:46.848127Z'], ['mandril1', '2020-09-28T17:01:14.717272Z'], ['princesinha19', '2020-09-30T08:50:37.449337Z'], ['ecwireless', '2020-10-05T06:53:42.665924Z'], ['andronnk', '2020-10-06T11:40:41.730530Z'], ['cryptoblarabi', '2020-09-23T13:27:34.408621Z'], ['mukeshjaiswal01', '2020-10-03T02:47:01.345112Z'], ['nanspro', '2020-09-30T19:33:29.922803Z'], ['ozymandius1', '2020-09-30T19:26:05.372120Z'], ['mdzor', '2020-09-30T17:10:16.886237Z'], ['miohtama', '2020-09-30T21:08:13.439934Z'], ['peekpi', '2020-09-29T18:41:30.896158Z'], ['sirius651', '2020-09-29T15:35:22.835172Z'], ['jabyl', '2020-10-05T06:58:00.237519Z'], ['theophoric', '2020-10-05T06:58:57.064383Z'], ['rezahsnz', '2020-09-30T15:12:42.931971Z'], ['silantnode', '2020-09-30T19:16:53.670853Z'], ['zoek1', '2020-10-01T04:56:15.278661Z'], ['aluhning', '2020-10-05T05:14:39.102966Z'], ['andreujuanc', '2020-09-30T21:57:45.449143Z'], ['aj07', '2020-09-30T16:34:09.117201Z'], ['amiyatulu', '2020-09-28T04:36:48.798589Z'], ['beechains', '2020-09-30T01:08:09.772863Z'], ['lunafromthemoon', '2020-09-29T20:28:19.531281Z'], ['waylad', '2020-09-30T09:24:34.327638Z'], ['ama31337', '2020-09-27T05:02:51.293149Z'], ['lucaa9', '2020-09-30T15:07:48.115537Z'], ['ivenka', '2020-10-04T21:24:34.540115Z'], ['ilnada', '2020-09-30T23:30:10.123249Z'], ['lotfy2', '2020-09-27T11:36:05.329362Z'], ['damiir1', '2020-09-29T15:11:36.788237Z'], ['monier21', '2020-09-27T12:19:48.299174Z'], ['robert-zaremba', '2020-10-05T04:45:08.347565Z'], ['technologyas', '2020-09-30T19:45:29.067539Z'], ['vibhumeh', '2020-09-30T17:50:14.181850Z'], ['jackson-harris-iii', '2020-09-30T17:42:32.971572Z'], ['lenara', '2020-09-30T17:37:36.938768Z'], ['nipol', '2020-09-30T13:45:40.619279Z'], ['gagdiez', '2020-09-29T12:12:18.433860Z'], ['jsimbouras', '2020-10-04T18:31:21.199409Z'], ['e8128', '2020-09-29T00:58:50.586006Z'], ['hdriqi', '2020-09-29T14:20:35.458533Z'], ['litoopcmbjp340', '2020-10-03T03:17:06.299566Z'], ['layinka', '2020-09-30T01:00:30.694572Z'], ['edgy-writer', '2020-09-29T20:15:06.663022Z']]"
https://gitcoin.co/issue/23650,ensdomains,address-encoder,"[['aranhaagency', '2020-09-07T22:34:46.130527Z']]"
https://gitcoin.co/issue/23649,ensdomains,address-encoder,"[['aranhaagency', '2020-09-07T22:12:26.060464Z'], ['hqueue', '2020-09-17T17:49:39.977648Z']]"
https://gitcoin.co/issue/23648,ensdomains,address-encoder,"[['irhonin', '2020-10-01T23:49:16.484310Z'], ['twenty1pi', '2020-09-08T14:36:11.428590Z']]"
https://gitcoin.co/issue/23647,ensdomains,address-encoder,"[['aranhaagency', '2020-09-07T22:24:00.047096Z']]"
https://gitcoin.co/issue/23646,ensdomains,address-encoder,"[['aranhaagency', '2020-09-07T21:57:58.705030Z']]"
https://gitcoin.co/issue/23645,ensdomains,address-encoder,"[['canokaue', '2020-09-09T05:04:55.542028Z']]"
https://gitcoin.co/issue/23644,ensdomains,address-encoder,"[['aranhaagency', '2020-09-07T21:44:50.214136Z'], ['irhonin', '2020-10-04T22:25:33.000552Z']]"
https://gitcoin.co/issue/23638,ArweaveTeam,Bounties,"[['canokaue', '2020-09-11T01:54:41.361926Z'], ['cristiangpr', '2020-09-29T11:36:52.569543Z'], ['cryptoblarabi', '2020-09-19T13:36:52.880486Z'], ['rick11rick', '2020-09-30T19:20:03.416657Z'], ['dzuqe', '2020-09-10T02:05:37.318230Z'], ['vporton', '2020-10-17T16:06:24.298687Z'], ['theloneronin', '2020-09-18T23:12:04.983788Z'], ['dmytrobaida', '2020-10-30T15:22:44.236169Z'], ['youba66', '2021-06-10T17:32:49.936103Z'], ['pksunkara', '2021-05-21T23:51:59.427325Z'], ['giraffekey', '2021-05-26T02:17:57.750631Z'], ['iktumi', '2021-01-11T16:59:35.336562Z'], ['mosgov', '2020-09-28T20:00:51.354998Z'], ['cddelta', '2020-09-05T21:16:22.360224Z'], ['xyligan78', '2020-10-27T19:47:34.820577Z'], ['raghav078', '2020-10-01T09:14:44.664299Z'], ['vibrantcontent', '2020-10-30T19:37:31.954191Z']]"
https://gitcoin.co/issue/23632,cartesi,dapp-incubation-program,"[['shadowqueent', '2020-09-21T19:53:07.688728Z']]"
https://gitcoin.co/issue/23631,PinataCloud,apollo,"[['tzdybal', '2020-10-26T14:08:11.406432Z']]"
https://gitcoin.co/issue/23630,ensdomains,ens-app,"[['aranhaagency', '2020-09-07T19:36:49.132516Z']]"
https://gitcoin.co/issue/23629,ensdomains,ens-app,"[['canokaue', '2020-10-04T22:45:04.497763Z']]"
https://gitcoin.co/issue/23626,ensdomains,ens-app,"[['twenty1pi', '2020-09-08T16:41:40.783765Z']]"
https://gitcoin.co/issue/23625,FleekHQ,space-daemon,"[['viraja1', '2020-10-15T19:50:40.430741Z'], ['nandit123', '2020-10-15T16:00:48.697499Z'], ['swarooph', '2020-10-14T23:54:42.473354Z']]"
https://gitcoin.co/issue/23623,unstoppabledomains,decentralized-websites,"[['jabyl', '2020-10-15T18:45:41.298027Z'], ['agnelvishal', '2020-10-12T18:56:18.359244Z'], ['namelessperson0', '2020-10-15T17:58:57.226979Z']]"
https://gitcoin.co/issue/23622,gitcoinco,web,"[['walidmujahid', '2020-09-15T02:21:21.837515Z']]"
https://gitcoin.co/issue/23621,textileio,community,"[['jabyl', '2020-10-12T18:52:42.578881Z'], ['ethereal-bliss', '2020-10-15T18:26:08.871057Z'], ['amiyatulu', '2020-10-08T04:59:42.490593Z']]"
https://gitcoin.co/issue/23620,hCaptcha,hmt-basemodels,"[['hhio618', '2020-09-06T14:33:14.249270Z']]"
https://gitcoin.co/issue/23619,PinataCloud,apollo,"[['agnelvishal', '2020-10-24T07:55:12.556302Z']]"
https://gitcoin.co/issue/23618,textileio,community,"[['naszam', '2020-10-14T23:29:40.372305Z'], ['jabyl', '2020-10-15T18:47:38.649235Z']]"
https://gitcoin.co/issue/23617,textileio,community,"[['kedmertens', '2020-10-15T17:49:25.008386Z'], ['namelessperson0', '2020-10-15T20:51:05.923795Z'], ['viraja1', '2020-10-15T19:47:14.257756Z']]"
https://gitcoin.co/issue/23616,textileio,community,"[['luckyr13', '2020-10-12T09:43:36.859571Z'], ['viraja1', '2020-10-15T19:44:42.975691Z']]"
https://gitcoin.co/issue/23567,humanprotocol,hmt-escrow,"[['excerebrose', '2020-09-08T11:32:48.573681Z']]"
https://gitcoin.co/issue/23552,AstarNetwork,Astar,"[['hpzxk', '2020-09-17T09:30:07.546654Z']]"
https://gitcoin.co/issue/23546,ArweaveTeam,Bounties,"[['ivanmolto', '2020-10-03T00:43:09.694339Z'], ['nekomeowww', '2020-09-30T14:04:18.371868Z'], ['silentx07', '2020-08-22T00:04:55.192237Z']]"
https://gitcoin.co/issue/23541,Sharonbyrne,Sample-contracts,"[['writeprovidence', '2020-08-28T15:44:59Z']]"
https://gitcoin.co/issue/23537,golemfactory,yagna,"[['denisdesimon', '2020-08-21T17:05:34.544887Z'], ['jkrupinski', '2020-08-24T19:11:07.498595Z'], ['bolorundurovj', '2020-08-26T12:02:08.266693Z'], ['mjluck', '2020-08-25T10:52:06.406498Z'], ['gusjasponde', '2020-08-21T17:06:09.015980Z'], ['hilaril', '2020-08-25T13:29:43.612502Z'], ['loganbek', '2020-08-21T20:25:00Z'], ['uniq20', '2020-09-01T13:26:59.700915Z'], ['rymnc', '2020-08-22T04:53:39.006867Z'], ['vaughancrash', '2020-08-24T21:33:05.461514Z'], ['rob827', '2020-08-25T02:08:52.196305Z'], ['canokaue', '2020-08-27T18:06:08.280289Z'], ['sudeepb02', '2020-08-21T19:45:40.750734Z'], ['tiitro', '2020-08-25T11:32:56.406086Z'], ['rezahsnz', '2020-08-25T05:39:28.090309Z'], ['gamacoin2017', '2020-09-03T19:43:06.651636Z'], ['anldrms', '2020-09-01T13:03:53.434702Z'], ['zoek1', '2020-08-25T01:44:50.531701Z'], ['coderrick', '2020-08-24T19:04:59.711857Z'], ['aluisyo', '2020-08-21T19:29:35.311530Z'], ['hd878', '2020-08-21T16:44:34.437915Z'], ['nestorbonilla', '2020-08-21T12:25:22.776711Z'], ['cddelta', '2020-08-24T21:09:57.966513Z'], ['armandogaytan', '2020-08-21T18:19:38.416209Z'], ['thomgabriel', '2020-08-26T12:55:14.271972Z'], ['molecula451', '2020-08-21T12:02:35.243045Z'], ['anoof', '2020-08-27T13:37:01.616447Z'], ['oficinastk', '2020-08-24T18:15:15.587583Z'], ['bild96', '2020-08-24T18:02:30.340984Z'], ['timidan', '2020-08-21T21:02:43Z']]"
https://gitcoin.co/issue/23534,muellerberndt,sabre,"[['yacare555', '2020-08-26T02:16:24.518108Z']]"
https://gitcoin.co/issue/23530,mstable,mStable-app,"[['krzysu', '2020-09-01T15:53:48.741054Z'], ['silentx07', '2020-08-22T00:06:48.950197Z'], ['flashiig', '2020-08-21T15:19:18.952018Z']]"
https://gitcoin.co/issue/23522,ethereum,ethereum-org-website,"[['pensebien', '2020-08-15T01:57:08.233557Z']]"
https://gitcoin.co/issue/23521,ethereum,ethereum-org-website,"[['aranhaagency', '2020-08-15T00:35:19.292831Z']]"
https://gitcoin.co/issue/23509,AstarNetwork,Astar,"[['lilbruh-coder', '2020-08-22T17:29:30.515168Z'], ['lythongart', '2020-08-21T02:09:08.728212Z'], ['jackhammer1987', '2020-08-22T17:24:34.440633Z'], ['dangquangvu314', '2020-08-22T17:12:18.572333Z'], ['jacky120597', '2020-08-22T17:18:50.536786Z'], ['realtakahashi', '2020-08-22T10:06:54.031967Z'], ['pzolaem', '2020-08-21T05:44:27.586044Z'], ['poggi-luca', '2020-08-24T13:38:57.838464Z'], ['mtu1501', '2020-08-22T17:15:47.865643Z'], ['mlemmlem1530', '2020-08-22T17:07:31.888557Z']]"
https://gitcoin.co/issue/23506,KiwiToken,wallet,"[['bild96', '2020-08-19T17:15:08.798546Z']]"
https://gitcoin.co/issue/23501,diadata-org,diadata,"[['mul1sh', '2020-08-11T17:16:59.837447Z']]"
https://gitcoin.co/issue/23497,smartcontractkit,chainlink,"[['duygutgl', '2020-09-24T11:25:51.748992Z'], ['machinsoft', '2020-11-23T11:40:43.926731Z'], ['voanhcung', '2021-06-27T16:03:14.575935Z'], ['mingderwang', '2020-09-29T04:33:20.614290Z']]"
https://gitcoin.co/issue/23490,MetaFam,Fork-The-World,[]
https://gitcoin.co/issue/23482,near,near-sdk-as,"[['luciotato', '2020-08-06T02:01:21.259661Z']]"
https://gitcoin.co/issue/25747,rungroj-m,test,"[['hideakihata', '2021-05-19T08:30:50.452391Z']]"
https://gitcoin.co/issue/23463,ArweaveTeam,Bounties,"[['theloneronin', '2020-09-10T15:15:38.986344Z']]"
https://gitcoin.co/issue/23462,namebasehq,api-documentation,"[['execc', '2020-08-16T18:23:33.034288Z'], ['vinhyenvodoi98', '2020-08-17T17:46:13.017977Z'], ['rafaelcastrocouto', '2020-08-26T01:07:58.793359Z'], ['t-900-a', '2020-08-19T21:50:32.197307Z'], ['haikukoten', '2020-08-13T06:49:31.343375Z'], ['drnguyen2525', '2020-08-19T15:21:50.690777Z'], ['beechains', '2020-08-11T04:49:59.304593Z'], ['tobyjaguar', '2020-08-17T19:18:49.624390Z'], ['v1xingyue', '2020-08-08T02:38:45.259489Z'], ['mandelliant', '2020-08-20T01:08:53.053621Z']]"
https://gitcoin.co/issue/23461,NebulousLabs,Skynet-Hive,"[['motanovici', '2020-08-17T13:10:03.208297Z'], ['abdel-az', '2020-08-17T10:22:21.798155Z'], ['shashi278', '2020-08-18T05:03:22.957549Z'], ['skynethubio', '2020-08-20T06:41:34.817116Z'], ['sunnyrk', '2020-08-20T11:49:35.972671Z'], ['jennaeverard', '2020-08-16T04:26:02.668521Z'], ['ivanmolto', '2020-08-19T23:31:32.175914Z'], ['termoose', '2020-08-20T07:05:49.095059Z'], ['kunalpat25', '2020-08-20T05:37:16.151796Z'], ['koder-abc123', '2020-08-21T14:27:24.731937Z'], ['kcchouette', '2020-08-19T19:42:58.844761Z'], ['beechains', '2020-08-12T02:13:08.347509Z'], ['gturkoglu', '2020-08-20T00:03:36.961985Z'], ['lyhistory', '2020-08-11T02:42:05.095578Z'], ['schulz3000', '2020-08-18T17:50:01.999131Z'], ['drmathias', '2020-08-19T06:35:11.646964Z'], ['talhasch', '2020-08-17T13:36:40.457940Z'], ['haikukoten', '2020-08-13T06:50:40.805107Z'], ['l-kh', '2020-08-18T22:26:26.093429Z'], ['azizyano', '2020-08-18T20:06:53.277241Z'], ['kunalkamble', '2020-08-19T18:03:54.739700Z'], ['drnguyen2525', '2020-08-19T15:32:44.829454Z'], ['rezahsnz', '2020-08-10T17:33:26.683752Z'], ['mjmay08', '2020-08-17T01:25:19.535309Z'], ['vinhyenvodoi98', '2020-08-17T17:47:21.461370Z'], ['jelsianajennet', '2020-08-18T19:10:09.052517Z']]"
https://gitcoin.co/issue/23460,NebulousLabs,Skynet-Hive,"[['shashi278', '2020-08-18T06:10:18.760697Z'], ['sunnyrk', '2020-08-20T11:50:07.466786Z'], ['lucstu', '2020-08-19T02:31:06.913602Z'], ['redsolver', '2020-08-15T18:05:45.884577Z'], ['lacastar', '2020-08-20T03:52:09.222726Z'], ['ltfschoen', '2020-08-09T23:46:38.590928Z'], ['exp0nge', '2020-08-19T16:04:18.734958Z'], ['bhanupsingh77', '2020-08-17T19:57:47.913120Z'], ['haikukoten', '2020-08-13T06:51:40.036179Z'], ['phpcodecrafting', '2020-08-20T03:14:14.007157Z'], ['t-900-a', '2020-08-18T23:29:01.497708Z'], ['gagdiez', '2020-08-13T14:53:51.560684Z'], ['viraja1', '2020-08-19T17:29:06.566927Z'], ['beechains', '2020-08-08T18:34:11.286760Z'], ['vinhyenvodoi98', '2020-08-17T17:42:55.925651Z'], ['drnguyen2525', '2020-08-19T15:34:12.685078Z']]"
https://gitcoin.co/issue/26647,near,bounties,[]
https://gitcoin.co/issue/23421,MetaFam,Fork-The-World,[]
https://gitcoin.co/issue/23486,maltablock,gitcoin,"[['mul53', '2020-08-04T22:48:19.894573Z']]"
https://gitcoin.co/issue/23409,ethereum,ethereum-org-website,"[['developerfred', '2020-07-21T18:05:25.896612Z']]"
https://gitcoin.co/issue/23496,rust-rocksdb,rust-rocksdb,"[['developerfred', '2020-07-28T20:25:41.826906Z']]"
https://gitcoin.co/issue/23452,diadata-org,diadata,"[['niktrix', '2020-07-23T13:24:09.322651Z']]"
https://gitcoin.co/issue/23389,xamarin,Xamarin.Forms,[]
https://gitcoin.co/issue/23507,ethereum,ethereum-org-website,"[['conghieucntt', '2020-07-24T07:13:00.928860Z'], ['agbilotia1998', '2020-07-21T11:38:50.264641Z'], ['kichjang', '2020-07-18T06:32:13.637719Z'], ['krupalkkmech', '2020-07-22T05:55:32.026111Z'], ['krupalkkmech', '2020-07-22T06:06:47.972344Z']]"
https://gitcoin.co/issue/23400,ethereum,ethereum-org-website,"[['developerfred', '2020-07-18T00:57:34.133220Z']]"
https://gitcoin.co/issue/23391,diadata-org,diadata,"[['niktrix', '2020-07-18T20:30:52.610087Z']]"
https://gitcoin.co/issue/23390,diadata-org,diadata,"[['niktrix', '2020-07-19T08:04:45.716563Z']]"
https://gitcoin.co/issue/23483,diadata-org,diadata,"[['niktrix', '2020-08-02T04:08:31.418118Z']]"
https://gitcoin.co/issue/23414,athre0z,wasm,"[['pventuzelo', '2020-07-18T08:44:52.923186Z']]"
https://gitcoin.co/issue/23355,gnosis,conditional-tokens-docs,"[['krisjpi', '2020-08-08T00:04:05.791039Z'], ['masaun', '2020-08-08T01:21:00.475202Z'], ['luzzif', '2020-08-01T12:10:48.776492Z']]"
https://gitcoin.co/issue/23345,aragonone,hack-for-freedom,"[['andreujuanc', '2020-07-27T23:59:40.653903Z'], ['zyra-zia', '2020-07-27T22:24:37.439816Z'], ['crisog', '2020-07-27T23:00:34.434301Z'], ['befitsandpiper', '2020-08-12T01:06:49.454854Z'], ['lkngtn', '2020-07-27T23:39:48.136287Z'], ['sepu85', '2020-07-27T23:18:09.086340Z'], ['pepoospina', '2020-07-27T22:09:14.022321Z'], ['jierdin', '2020-07-27T21:42:42.266067Z'], ['chpiatt', '2020-07-27T21:25:52.914479Z'], ['bflynn4141', '2020-07-28T00:00:04.778964Z'], ['nya-elimuai', '2020-07-26T18:05:11.529083Z'], ['cojocaru', '2020-07-27T07:25:03.727955Z'], ['mikedeshazer', '2020-07-27T16:35:03.838748Z'], ['princesinha19', '2020-07-27T09:04:56.923279Z'], ['0xtaosu', '2020-07-27T21:45:23.806732Z'], ['kanika1799', '2020-07-28T10:10:00.360998Z'], ['porobov', '2020-07-27T14:50:50.584178Z'], ['abhimanyu121', '2020-07-27T12:51:06.075578Z'], ['mjamilbashir99', '2020-07-27T21:41:38.754691Z'], ['mauerv', '2020-07-28T02:59:49.395029Z'], ['vlzhr', '2020-07-27T20:40:54.562653Z'], ['nanspro', '2020-07-28T04:33:18.180896Z'], ['okduncan', '2020-07-26T23:56:05.770899Z'], ['jabyl', '2020-07-28T00:39:59.122171Z'], ['youngkidwarrior', '2020-07-28T03:14:41.988143Z']]"
https://gitcoin.co/issue/23344,diadata-org,diadata,"[['niktrix', '2020-07-15T09:44:25.614733Z']]"
https://gitcoin.co/issue/23329,diadata-org,diadata,"[['iamonuwa', '2020-07-13T22:01:30.128062Z']]"
https://gitcoin.co/issue/23328,diadata-org,diadata,"[['iamonuwa', '2020-07-13T22:02:50.070695Z']]"
https://gitcoin.co/issue/23332,diadata-org,diadata,"[['niktrix', '2020-07-14T12:05:18.213329Z']]"
https://gitcoin.co/issue/23302,graphprotocol,hack-for-freedom,"[['chpiatt', '2020-07-27T21:54:57.527687Z'], ['andreujuanc', '2020-07-28T00:04:26.852876Z']]"
https://gitcoin.co/issue/23300,gitcoinco,web,"[['shitzu-mc01', '2020-07-10T18:17:51.820144Z']]"
https://gitcoin.co/issue/23322,diadata-org,diadata,"[['niktrix', '2020-07-13T16:36:08.814503Z']]"
https://gitcoin.co/issue/23331,diadata-org,diadata,"[['niktrix', '2020-07-14T08:30:37.669674Z']]"
https://gitcoin.co/issue/23356,diadata-org,diadata,"[['niktrix', '2020-07-15T19:22:07.884018Z']]"
https://gitcoin.co/issue/23288,alto-io,game3.js,"[['zoek1', '2020-07-28T00:56:58.801580Z']]"
https://gitcoin.co/issue/27863,melonproject-archive,melon-council-bounties,[]
https://gitcoin.co/issue/24104,pit-coin,pit-coin.github.io,"[['cryptoicarus', '2020-07-22T11:09:52.327874Z'], ['l-kh', '2020-07-15T10:05:19.706573Z']]"
https://gitcoin.co/issue/27862,vue-polkadot,apps,[]
https://gitcoin.co/issue/23472,vue-polkadot,apps,[]
https://gitcoin.co/issue/23560,vue-polkadot,apps,"[['yacare555', '2020-08-22T21:37:36.382265Z']]"
https://gitcoin.co/issue/23312,diadata-org,diadata,"[['niktrix', '2020-07-12T17:05:52.199750Z']]"
https://gitcoin.co/issue/23263,aragonone,hack-for-freedom,"[['princesinha19', '2020-07-27T09:07:55.138183Z'], ['nanspro', '2020-07-28T04:32:38.953908Z']]"
https://gitcoin.co/issue/23262,aragonone,hack-for-freedom,[]
https://gitcoin.co/issue/23261,aragonone,hack-for-freedom,"[['gturkoglu', '2020-07-27T16:27:23.233779Z'], ['cojocaru', '2020-07-24T16:42:40.930432Z'], ['andreujuanc', '2020-07-28T00:01:53.831191Z'], ['kanika1799', '2020-07-27T17:28:09.364561Z']]"
https://gitcoin.co/issue/23259,aragonone,hack-for-freedom,"[['sepu85', '2020-07-27T23:09:37.832716Z'], ['zyra-zia', '2020-07-27T22:04:53.900412Z'], ['abhimanyu121', '2020-07-27T12:49:42.034467Z'], ['andreujuanc', '2020-07-28T00:05:34.395468Z'], ['vlzhr', '2020-07-27T20:50:03.382785Z']]"
https://gitcoin.co/issue/23258,aragonone,hack-for-freedom,"[['vlzhr', '2020-07-27T20:45:58.382334Z']]"
https://gitcoin.co/issue/23257,aragonone,hack-for-freedom,"[['youngkidwarrior', '2020-07-27T20:26:41.835699Z'], ['dhruvluci', '2020-07-28T00:33:25.326186Z']]"
https://gitcoin.co/issue/27861,status-im,status-mobile,[]
https://gitcoin.co/issue/27860,syscoin,syscoin-gitcoin,[]
https://gitcoin.co/issue/27859,syscoin,syscoin-gitcoin,[]
https://gitcoin.co/issue/23420,Minds,minds,[]
https://gitcoin.co/issue/23236,alto-io,game3.js,"[['dandevel', '2020-07-19T19:01:56.181981Z'], ['dotrungkien', '2020-07-21T08:44:39.258092Z'], ['brianspha', '2020-07-27T22:56:15.969385Z'], ['mul1sh', '2020-07-27T23:46:32.429745Z']]"
https://gitcoin.co/issue/23201,tellor-io,usingtellor,"[['sunnyrk', '2020-07-27T17:58:19.300019Z'], ['eatablewonderful', '2020-07-27T23:34:11.048790Z'], ['stevegachau', '2020-07-27T20:35:52.988219Z'], ['joramowuor', '2020-07-07T12:23:29.754041Z']]"
https://gitcoin.co/issue/23200,tellor-io,usingtellor,"[['sunnyrk', '2020-07-27T17:57:26.160521Z'], ['stevegachau', '2020-07-27T20:38:26.178188Z'], ['eatablewonderful', '2020-07-27T23:38:00.634771Z']]"
https://gitcoin.co/issue/23197,tellor-io,usingtellor,"[['eatablewonderful', '2020-07-27T23:36:00.719370Z'], ['sunnyrk', '2020-07-27T17:57:56.766019Z'], ['stevegachau', '2020-07-27T20:32:14.945495Z']]"
https://gitcoin.co/issue/23187,nucypher,hackathon,"[['zkriyaa', '2020-07-27T23:07:13Z'], ['joramowuor', '2020-07-26T20:25:51.842085Z'], ['sunnyrk', '2020-07-27T18:11:26.106456Z'], ['coderrick', '2020-07-27T23:59:33.205265Z'], ['nanspro', '2020-07-27T20:41:43.691967Z'], ['mingderwang', '2020-07-27T06:09:08.719065Z']]"
https://gitcoin.co/issue/27858,polkascan,polkascan-explorer-gui,[]
https://gitcoin.co/issue/23171,terra-money,gitcoin-onboarding,"[['vanilladelphia', '2020-07-15T20:07:45.135547Z'], ['inspireme6', '2020-07-06T12:18:02.947321Z'], ['pablocgl', '2020-07-14T16:08:50.183895Z'], ['samscalet', '2020-07-15T19:44:30.508338Z'], ['simseokhyun', '2020-07-14T05:47:45.515892Z'], ['aluisyo', '2020-07-10T18:13:28.232944Z'], ['marcopereira27', '2020-07-06T19:29:04.029794Z'], ['molecula451', '2020-07-09T13:42:14.245980Z'], ['vinhyenvodoi98', '2020-07-11T15:36:24.362420Z'], ['betosmith2000', '2020-07-10T23:46:16.605526Z'], ['hqueue', '2020-07-14T05:48:55.761517Z'], ['teddy4929', '2020-07-16T05:35:24.686010Z'], ['federicosan', '2020-07-22T22:37:58.077791Z'], ['dotrungkien', '2020-07-16T01:37:49.691230Z'], ['gauddel', '2020-07-31T15:13:37.599555Z'], ['developerfred', '2020-07-06T03:06:10.323790Z'], ['glassbeadgame', '2020-07-06T02:33:04.509556Z'], ['usman75', '2020-07-10T19:07:26.587347Z'], ['eliaschml', '2020-07-08T12:53:08.912128Z'], ['hamzaghz', '2020-07-08T11:53:22.086431Z'], ['nnagata', '2020-07-10T03:47:01.666049Z'], ['koder-abc123', '2020-07-09T23:36:37.281265Z'], ['jellehelsen', '2020-07-08T16:02:08.306203Z'], ['elviric', '2020-07-07T10:38:10.312844Z'], ['nira-finance', '2020-07-07T10:30:47.528313Z'], ['zyra-zia', '2020-07-07T08:53:38.329613Z'], ['dzuqe', '2020-07-05T23:10:51.897995Z'], ['isabelgeek', '2020-07-06T20:43:02.521057Z'], ['arsml', '2020-07-06T21:12:46.443700Z'], ['ivanmolto', '2020-07-06T18:33:10.845177Z'], ['mbuhle86', '2020-07-21T18:15:17.544308Z'], ['kevinyin9', '2020-08-03T10:13:51.172058Z'], ['colinbowen', '2020-07-11T09:40:45.524346Z'], ['cryptowhaler', '2020-07-07T01:27:13.621317Z'], ['aturx', '2020-07-16T02:28:53.138699Z'], ['prahitha', '2020-07-06T20:04:38.222833Z'], ['lisajytan', '2020-07-21T05:52:35.243959Z'], ['farzinnasiri', '2020-07-07T18:56:58.428739Z'], ['lacastar', '2020-07-06T07:17:12.931074Z'], ['stevegachau', '2020-07-05T21:31:39.585862Z']]"
https://gitcoin.co/issue/23309,nblockchain,geewallet,"[['traxium', '2020-07-06T14:21:18.387729Z']]"
https://gitcoin.co/issue/23401,maltablock,gitcoin,"[['mul53', '2020-07-20T18:25:32.539214Z']]"
https://gitcoin.co/issue/23144,smartcontractkit,chainlink,"[['coderrick', '2020-07-28T00:02:41.949911Z'], ['cryptowhaler', '2020-07-27T16:47:41.999087Z'], ['yuval-k', '2020-07-25T19:46:21.353719Z'], ['apronotti', '2020-07-27T15:03:51.014778Z'], ['mul1sh', '2020-07-27T23:53:59.182461Z'], ['vinhyenvodoi98', '2020-07-25T05:15:14.965756Z'], ['viraj124', '2020-07-27T16:57:50.348839Z'], ['lacastar', '2020-07-27T22:39:10.868562Z'], ['drnguyen2525', '2020-07-27T07:57:15.619668Z'], ['vbstreetz', '2020-07-27T23:24:24.548853Z'], ['sunnyrk', '2020-07-27T15:38:06.968910Z'], ['pappas999', '2020-07-27T07:06:04.582824Z'], ['gauddel', '2020-07-27T22:57:30.097324Z'], ['nghianv-1868', '2020-07-16T01:42:48.326568Z']]"
https://gitcoin.co/issue/23143,smartcontractkit,chainlink,"[['mukeshjaiswal01', '2020-07-27T19:01:39.119752Z'], ['gauddel', '2020-07-27T22:59:00.166455Z'], ['lacastar', '2020-07-27T22:41:03.449777Z'], ['sunnyrk', '2020-07-27T15:37:39.638993Z'], ['vbstreetz', '2020-07-27T23:24:28.325455Z'], ['nghianv-1868', '2020-07-16T01:46:00.836718Z'], ['coderrick', '2020-07-27T23:58:56.087441Z'], ['yuval-k', '2020-07-25T19:45:36.313896Z'], ['apronotti', '2020-07-27T15:13:07.886113Z'], ['pappas999', '2020-07-27T07:02:24.142743Z'], ['cryptowhaler', '2020-07-27T16:45:07.787996Z'], ['mul1sh', '2020-07-27T23:50:59.992262Z'], ['joramowuor', '2020-07-22T22:17:31.236959Z'], ['dandevel', '2020-07-25T14:56:24.544512Z'], ['drnguyen2525', '2020-07-27T08:06:54.923428Z'], ['vinhyenvodoi98', '2020-07-25T05:13:46.903971Z'], ['viraj124', '2020-07-27T16:52:39.814631Z']]"
https://gitcoin.co/issue/23142,smartcontractkit,chainlink,"[['senarma', '2020-07-27T22:15:40.054832Z'], ['coderrick', '2020-07-27T23:55:41.798801Z'], ['colinbowen', '2020-07-26T22:53:06.824141Z'], ['usman75', '2020-07-27T20:21:18.976144Z'], ['mukeshjaiswal01', '2020-07-27T19:05:00.038216Z'], ['nghianv-1868', '2020-07-16T01:47:48.110101Z'], ['vbstreetz', '2020-07-27T23:24:15.447605Z'], ['janus', '2020-07-27T19:47:11.190291Z'], ['vinhyenvodoi98', '2020-07-25T04:33:55.105301Z'], ['viraj124', '2020-07-27T17:00:00.600762Z'], ['drnguyen2525', '2020-07-26T17:29:45.935762Z'], ['pappas999', '2020-07-27T07:06:43.798177Z'], ['cryptowhaler', '2020-07-27T14:55:21.390124Z'], ['sunnyrk', '2020-07-27T10:36:11.011940Z'], ['azizyano', '2020-07-27T00:03:35.119131Z'], ['sudeepb02', '2020-07-27T15:09:40.114811Z'], ['gauddel', '2020-07-27T22:59:57.015107Z']]"
https://gitcoin.co/issue/24067,Minds,minds,[]
https://gitcoin.co/issue/23239,Minds,minds,"[['mul53', '2020-07-06T21:57:33.761934Z']]"
https://gitcoin.co/issue/23129,ArweaveTeam,Bounties,"[['federicosan', '2020-08-12T07:45:11.618152Z'], ['craze3', '2020-08-12T06:01:26.021562Z'], ['lketchersid', '2020-08-13T00:18:18.364035Z'], ['ardriveapp', '2020-08-13T00:33:42.446359Z'], ['rekpero', '2020-08-11T19:18:02.641598Z'], ['vporton', '2020-07-06T20:40:22.340776Z'], ['jabyl', '2020-08-12T21:44:59.133895Z'], ['ivanmolto', '2020-08-12T23:19:07.997075Z'], ['samhatem', '2020-08-13T03:59:31.484684Z'], ['mikehibbert', '2020-08-12T17:30:47.045918Z'], ['t8', '2020-08-12T03:43:07.206629Z'], ['jakub-wojciechowski', '2020-08-12T16:33:51.353577Z'], ['porobov', '2020-08-11T10:35:30.838413Z'], ['cervoneluca', '2020-08-10T14:38:23.364601Z'], ['helloipm', '2020-11-29T13:46:12.545041Z'], ['gabbieian38', '2020-07-09T09:21:30.327752Z'], ['mickeystar', '2020-08-12T19:20:25.378644Z'], ['aliceasuna94', '2020-08-09T10:32:12.755167Z'], ['izrake', '2020-08-11T19:22:31.562613Z'], ['metlock', '2020-07-02T09:18:04.477259Z'], ['hellomalaysia', '2020-08-24T09:02:13.675442Z'], ['htrap', '2020-08-12T23:20:21.696671Z']]"
https://gitcoin.co/issue/23988,status-im,design,"[['writeprovidence', '2020-10-04T00:49:06.664417Z']]"
https://gitcoin.co/issue/27857,ArweaveTeam,Bounties,[]
https://gitcoin.co/issue/23251,fuguefoundation,ff-impact-calculator,"[['kichjang', '2020-07-06T23:35:00.208152Z']]"
https://gitcoin.co/issue/23075,minimapletinytools,inclusive-code-bounties,[]
https://gitcoin.co/issue/23041,gitcoinco,web,"[['oktopusgc', '2020-06-24T06:18:08.274527Z']]"
https://gitcoin.co/issue/23210,zcash,zcash-gitcoin,"[['abdel-az', '2020-07-06T13:29:43.061097Z'], ['nestorbonilla', '2020-07-06T22:06:51.628307Z']]"
https://gitcoin.co/issue/23242,zcash,zcash-gitcoin,"[['jellehelsen', '2020-07-07T18:52:36.724760Z'], ['crystalpony', '2020-06-28T19:42:42.632619Z'], ['t-mullen', '2020-07-03T20:36:27.022033Z']]"
https://gitcoin.co/issue/23453,zcash,zcash-ios-wallet,"[['jeroenleenarts', '2020-07-28T18:01:57.586183Z']]"
https://gitcoin.co/issue/23557,ArweaveTeam,Bounties,"[['jasoons', '2020-07-28T23:25:28.312790Z']]"
https://gitcoin.co/issue/27856,vegaprotocol,0x955C6789A7fbee203B4bE0F01428E769308813f2,[]
https://gitcoin.co/issue/23025,danlipert,gitcoin-test,"[['dangitcoin', '2020-06-23T18:18:17.539722Z']]"
https://gitcoin.co/issue/23162,blocklytics,spells-fyi,"[['yacare555', '2020-07-03T00:04:35.556085Z']]"
https://gitcoin.co/issue/22797,MerosCrypto,Meros,"[['rikublock', '2020-06-18T21:40:34.524485Z']]"
https://gitcoin.co/issue/23307,oceanprotocol-archive,bounties,"[['nazariyv', '2020-06-22T21:31:02.171810Z']]"
https://gitcoin.co/issue/23306,oceanprotocol-archive,bounties,"[['akshay-ap', '2020-07-06T17:23:09.274751Z']]"
https://gitcoin.co/issue/27854,keep-network,Protect-Privacy-Hackathon,[]
https://gitcoin.co/issue/23073,gitcoinco,skunkworks,"[['vbstreetz', '2020-06-28T22:36:52.153646Z']]"
https://gitcoin.co/issue/23449,DimensionDev,Maskbook,"[['nazariyv', '2020-07-27T08:47:39.933415Z'], ['nazariyv', '2020-07-27T08:47:39.953033Z']]"
https://gitcoin.co/issue/23419,raiden-network,hackathons,"[['as1ndu', '2020-07-06T19:38:53.484646Z'], ['mingderwang', '2020-07-07T19:53:57.093101Z']]"
https://gitcoin.co/issue/23450,raiden-network,hackathons,"[['hammadtq', '2020-07-07T19:40:40.308581Z'], ['denhampreen', '2020-07-07T11:50:12.468727Z'], ['coderrick', '2020-07-07T04:05:14.383416Z'], ['nanspro', '2020-07-06T23:26:06.070366Z']]"
https://gitcoin.co/issue/23230,gitcoinco,skunkworks,"[['rekpero', '2020-07-06T23:08:08.476341Z'], ['nanspro', '2020-07-06T23:26:18.889141Z'], ['coderrick', '2020-07-07T04:12:57.478264Z'], ['rawfalafel', '2020-07-06T16:55:07.920219Z'], ['sunnyrk', '2020-07-04T15:47:42.724009Z']]"
https://gitcoin.co/issue/28460,gitcoinco,skunkworks,[]
https://gitcoin.co/issue/23413,nearprotocol,Protect-Privacy-Hack,"[['hdriqi', '2020-07-02T04:23:23.433289Z'], ['fragmnt', '2020-06-30T00:55:40.345100Z'], ['rekpero', '2020-07-06T22:52:11.364412Z'], ['vbstreetz', '2020-06-28T22:38:03.357177Z']]"
https://gitcoin.co/issue/23412,nearprotocol,Protect-Privacy-Hack,"[['coderrick', '2020-07-07T04:08:37.935948Z'], ['snjax', '2020-07-06T14:59:04.564317Z'], ['usman75', '2020-07-06T23:40:12.264112Z'], ['emmaodia', '2020-07-07T12:21:39.909302Z'], ['vporton', '2020-06-18T18:03:46.578440Z'], ['sarangparikh22', '2020-07-04T18:03:29.561217Z'], ['rawfalafel', '2020-07-06T16:55:03.620453Z']]"
https://gitcoin.co/issue/28457,nearprotocol,Protect-Privacy-Hack,[]
https://gitcoin.co/issue/23411,nearprotocol,Protect-Privacy-Hack,"[['bryanapinos', '2020-07-06T23:53:03.647873Z'], ['usman75', '2020-07-06T23:10:20.847993Z'], ['motanovici', '2020-07-06T18:57:34.858732Z'], ['usman75', '2020-07-06T23:10:20.870516Z'], ['amiyatulu', '2020-07-07T04:13:08.684394Z']]"
https://gitcoin.co/issue/23346,nucypher,hackathon,"[['bahadylbekov', '2020-07-06T22:55:28.937295Z'], ['viraja1', '2020-07-03T12:48:15.629218Z'], ['coderrick', '2020-07-07T04:01:24.515561Z'], ['sunnyrk', '2020-07-04T15:45:20.621287Z'], ['man-jain', '2020-07-06T19:53:41.019186Z'], ['nanspro', '2020-07-06T23:26:32.864182Z'], ['rekpero', '2020-07-06T23:02:35.645326Z']]"
https://gitcoin.co/issue/22616,gitcoinco,web,"[['octavioamu', '2020-06-12T06:17:44.971100Z']]"
https://gitcoin.co/issue/23180,AstarNetwork,plasmdocs,[]
https://gitcoin.co/issue/23175,polkascan,polkascan-explorer-gui,"[['nightwolf3', '2020-07-01T18:29:27.533891Z']]"
https://gitcoin.co/issue/28455,polkascan,polkascan-explorer-gui,[]
https://gitcoin.co/issue/22634,AstarNetwork,plasmdocs,"[['adrianhacker-pdx', '2020-06-12T20:02:31.486134Z']]"
https://gitcoin.co/issue/28454,AstarNetwork,plasmdocs,[]
https://gitcoin.co/issue/23299,AstarNetwork,plasmdocs,"[['globalsg', '2020-06-16T14:29:38.467613Z']]"
https://gitcoin.co/issue/24283,makerdao,community,"[['keviinfoes', '2020-07-02T10:52:33.026180Z'], ['koinov', '2020-07-05T23:59:56.700816Z'], ['apguerrera', '2020-07-06T21:23:16.229681Z'], ['apguerrera', '2020-07-06T21:23:16.272954Z'], ['as1ndu', '2020-07-06T19:34:36.439315Z'], ['cryptogoth', '2020-07-07T00:03:19.530689Z'], ['sarangparikh22', '2020-07-04T13:20:26.439200Z'], ['heyheeyheeey', '2020-06-21T22:30:48.907421Z']]"
https://gitcoin.co/issue/28453,makerdao,community,[]
https://gitcoin.co/issue/28452,makerdao,community,[]
https://gitcoin.co/issue/23241,Loopring,dexwebapp,"[['vbstreetz', '2020-06-30T21:32:02.269525Z'], ['nicemarcela', '2020-07-01T01:45:36.302982Z'], ['luzzif', '2020-06-30T22:17:34.602909Z'], ['developerfred', '2020-06-30T22:17:34.582125Z'], ['luzzif', '2020-06-30T22:17:34.641061Z']]"
https://gitcoin.co/issue/23249,zcash,zcash-gitcoin,"[['nandit123', '2020-07-07T20:36:17.393192Z'], ['nandit123', '2020-07-07T20:36:17.410039Z'], ['aaronjaramillo', '2020-07-07T00:50:38.146797Z'], ['nighthawk24', '2020-07-06T18:59:07.101184Z'], ['nestorbonilla', '2020-07-06T21:43:51.453374Z']]"
https://gitcoin.co/issue/28451,zcash,zcash-gitcoin,[]
https://gitcoin.co/issue/23062,near,near-sdk-as,"[['kaiba42', '2020-06-19T20:31:00.890752Z']]"
https://gitcoin.co/issue/28450,polkadot-js,apps,[]
https://gitcoin.co/issue/22661,MerosCrypto,Meros,[]
https://gitcoin.co/issue/22632,MerosCrypto,Meros,"[['rikublock', '2020-06-12T12:54:39.475689Z']]"
https://gitcoin.co/issue/23090,gitcoinco,web,"[['matimaone1', '2020-06-22T12:10:20.135966Z'], ['kushmd', '2020-06-20T00:04:34.643189Z'], ['youssefs0102', '2020-06-19T12:07:31.013406Z'], ['blahkheart', '2020-06-18T12:32:28.832532Z'], ['l-kh', '2020-06-18T07:54:18.080163Z'], ['kvndlgs', '2020-06-10T00:48:56.606915Z'], ['dale-q', '2020-06-27T22:30:39.868344Z'], ['contentcreatorok', '2020-06-28T21:37:29.418594Z'], ['blockchainadvisor', '2020-06-28T18:38:50.101375Z'], ['deguvunor', '2020-06-26T01:26:16.236405Z'], ['avrilapril', '2020-06-24T18:03:42.759719Z'], ['biuxmaster', '2020-06-22T12:26:19.224539Z'], ['maystro4', '2020-06-16T23:43:50.096826Z'], ['thecydonian', '2020-06-18T22:24:23.136846Z'], ['writeprovidence', '2020-06-20T21:50:57.630162Z']]"
https://gitcoin.co/issue/22492,danlipert,gitcoin-test,"[['dangitcoin', '2020-06-08T18:18:00.829271Z']]"
https://gitcoin.co/issue/23504,videoDAC,android,"[['mul1sh', '2020-08-07T06:09:39.299028Z']]"
https://gitcoin.co/issue/23095,polkadot-js,apps,"[['laurogripa', '2020-06-17T18:43:05.762759Z']]"
https://gitcoin.co/issue/28448,polkadot-js,apps,[]
https://gitcoin.co/issue/23824,polkadot-js,apps,[]
https://gitcoin.co/issue/28447,polkadot-js,apps,[]
https://gitcoin.co/issue/23179,polkadot-js,apps,[]
https://gitcoin.co/issue/28446,polkadot-js,apps,[]
https://gitcoin.co/issue/23096,polkadot-js,apps,"[['wimel', '2020-06-18T07:33:15.727825Z']]"
https://gitcoin.co/issue/28445,polkadot-js,apps,[]
https://gitcoin.co/issue/23489,polkadot-js,apps,"[['nightwolf3', '2020-07-31T21:38:33.209407Z']]"
https://gitcoin.co/issue/28444,polkadot-js,apps,[]
https://gitcoin.co/issue/22668,muellerberndt,sabre,"[['eswarasai', '2020-06-15T15:09:01.897613Z']]"
https://gitcoin.co/issue/22481,ethereum,ethereum-org-website,"[['shad-k', '2020-06-06T15:29:52.050937Z']]"
https://gitcoin.co/issue/22955,muellerberndt,sabre,"[['eswarasai', '2020-06-06T12:00:37.464122Z']]"
https://gitcoin.co/issue/28443,muellerberndt,sabre,[]
https://gitcoin.co/issue/22593,polkascan,polkascan-explorer-gui,[]
https://gitcoin.co/issue/28442,polkascan,polkascan-explorer-gui,[]
https://gitcoin.co/issue/23098,polkascan,polkascan-explorer-gui,"[['nicemarcela', '2020-06-12T22:34:47.557818Z']]"
https://gitcoin.co/issue/28441,polkascan,polkascan-explorer-gui,[]
https://gitcoin.co/issue/22712,encointer,explorer,"[['demyanrogozhin', '2020-06-14T00:04:27.874513Z'], ['demyanrogozhin', '2020-06-14T00:04:27.859915Z']]"
https://gitcoin.co/issue/23097,AstarNetwork,plasmdocs,"[['jamessandy', '2020-06-12T09:35:12.117712Z'], ['jamessandy', '2020-06-12T09:35:12.053676Z']]"
https://gitcoin.co/issue/22421,gitcoinco,web,"[['oktopusgc', '2020-06-04T06:17:58.549703Z']]"
https://gitcoin.co/issue/28439,stacks-network,hackathons,[]
https://gitcoin.co/issue/22566,TrueBlocks,trueblocks-core,"[['bardinpetr', '2020-06-10T11:12:04.627832Z']]"
https://gitcoin.co/issue/22547,ethereum,ethereum-foundation-website,"[['ph5500', '2020-06-09T04:23:00.599566Z']]"
https://gitcoin.co/issue/22404,ethereum,esp-website,"[['ph5500', '2020-06-02T23:45:32.252582Z']]"
https://gitcoin.co/issue/23415,status-im,status-keycard,"[['choppu', '2020-06-25T16:31:30.224293Z'], ['luibo', '2020-07-05T15:35:46.105318Z']]"
https://gitcoin.co/issue/23410,status-im,status-keycard,"[['mul1sh', '2020-07-03T08:04:12.690794Z'], ['choppu', '2020-06-27T13:58:19.571972Z']]"
https://gitcoin.co/issue/23573,status-im,status-keycard,"[['choppu', '2020-08-27T17:51:24.898959Z'], ['zoek1', '2020-07-14T07:38:32.118990Z'], ['sirius651', '2020-07-06T11:09:47.184629Z'], ['choppu', '2020-08-27T17:51:24.873937Z']]"
https://gitcoin.co/issue/22378,danlipert,gitcoin-test,"[['dangitcoin', '2020-06-01T18:18:07.302340Z']]"
https://gitcoin.co/issue/22407,ProofSuite,OrFeed,"[['mul1sh', '2020-06-02T11:18:13.201621Z']]"
https://gitcoin.co/issue/28438,polkascan,polkascan-explorer-gui,[]
https://gitcoin.co/issue/28437,ethereum,ethereum-org-website,[]
https://gitcoin.co/issue/22998,ethereum,ethereum-org-website,"[['sebastiantf', '2020-05-28T22:39:20.862252Z'], ['sebastiantf', '2020-05-28T22:18:21.808626Z']]"
https://gitcoin.co/issue/28436,ethereum,ethereum-org-website,[]
https://gitcoin.co/issue/22892,ethereum,ethereum-org-website,"[['sebastiantf', '2020-05-28T21:51:47.031631Z']]"
https://gitcoin.co/issue/28435,ethereum,ethereum-org-website,[]
https://gitcoin.co/issue/22940,Web3Foundation,build-polkadot,"[['vbstreetz', '2020-06-11T20:11:36.843733Z'], ['branciard', '2020-06-12T00:05:03.799629Z'], ['yangwao', '2020-06-11T21:54:59.996807Z'], ['milonite', '2020-06-11T21:46:45.011089Z'], ['federicosan', '2020-06-11T20:40:31.905523Z'], ['globalsg', '2020-06-10T13:12:58.685515Z'], ['whalelephant', '2020-06-09T11:29:08.393017Z'], ['hukkin', '2020-06-08T21:46:06.669070Z'], ['ltfschoen', '2020-06-08T11:08:39.151806Z'], ['ayobuenavista', '2020-06-09T14:04:18.230961Z'], ['realchainlife', '2020-06-11T17:39:38.116884Z'], ['nicolasochem', '2020-06-11T18:11:15.640394Z'], ['fdoherty13', '2020-06-13T00:05:05.550730Z'], ['chevdor', '2020-06-10T15:09:55.497842Z'], ['branciard', '2020-06-11T21:54:59.979774Z'], ['mariopino', '2020-06-09T20:52:57.413053Z'], ['dvc94ch', '2020-06-09T13:41:00.231457Z']]"
https://gitcoin.co/issue/28434,Web3Foundation,build-polkadot,[]
https://gitcoin.co/issue/22391,encointer,explorer,"[['demyanrogozhin', '2020-06-02T11:56:53.892111Z']]"
https://gitcoin.co/issue/23365,gitcoinco,web,"[['twaldorf', '2020-06-06T23:46:59.263047Z'], ['robertovalenti', '2020-06-10T23:36:58.562110Z'], ['tarcnux', '2020-06-06T06:04:59.161185Z'], ['keviinfoes', '2020-06-04T10:19:13.904824Z'], ['matimaone1', '2020-06-13T18:21:21.364072Z'], ['wadek2', '2020-06-10T19:33:44.730276Z'], ['ivanmolto', '2020-06-10T21:56:17.547919Z'], ['nickdgreg', '2020-06-07T18:04:29.965642Z'], ['robertovalenti', '2020-06-10T23:56:49.481789Z'], ['gilsoncarlos', '2020-06-15T22:54:00.607728Z']]"
https://gitcoin.co/issue/23089,gitcoinco,web,"[['sebastiantf', '2020-06-05T14:34:56.781105Z']]"
https://gitcoin.co/issue/22260,ethereum,ethereum-org-website,"[['jcraigwastaken', '2020-05-27T18:33:42.606869Z']]"
https://gitcoin.co/issue/22953,DemocracyEarth,dao,"[['keviinfoes', '2020-06-08T10:39:36.803923Z'], ['moose-code', '2020-06-10T18:57:13.406881Z'], ['samarth30', '2020-06-09T08:18:51.522355Z']]"
https://gitcoin.co/issue/28433,DemocracyEarth,dao,[]
https://gitcoin.co/issue/22652,RadicalxChange,GitxChange,"[['nestorbonilla', '2020-06-10T23:55:18.759090Z'], ['rymnc', '2020-06-08T18:48:32.536643Z']]"
https://gitcoin.co/issue/23091,gitcoinco,web,"[['molecula451', '2020-06-14T02:25:55.455533Z']]"
https://gitcoin.co/issue/24280,RadicalxChange,GitxChange,"[['18dew', '2020-06-10T21:57:51.169783Z'], ['moarsel', '2020-06-10T20:19:26.713494Z']]"
https://gitcoin.co/issue/22209,gitcoinco,web,"[['shitzu-mc01', '2020-05-26T18:18:10.821587Z']]"
https://gitcoin.co/issue/23311,oceanprotocol-archive,bounties,"[['nazariyv', '2020-07-05T16:28:10.277283Z']]"
https://gitcoin.co/issue/23235,oceanprotocol-archive,bounties,"[['turripa', '2020-05-30T16:00:21.379566Z'], ['dhruvluci', '2020-06-10T18:27:27.947030Z'], ['calchulus', '2020-06-10T18:23:01.625036Z'], ['inesmariad', '2020-05-30T16:00:58.681925Z']]"
https://gitcoin.co/issue/22636,wildcards-world,ui,"[['masaun', '2020-06-11T05:47:15.293785Z'], ['nazariyv', '2020-06-01T14:30:58.932127Z']]"
https://gitcoin.co/issue/22637,wildcards-world,ui,"[['lychees', '2020-06-10T22:16:28.622501Z']]"
https://gitcoin.co/issue/22118,danlipert,gitcoin-test,"[['dangitcoin', '2020-05-21T18:18:13.117854Z']]"
https://gitcoin.co/issue/22100,gitcoinco,web,"[['shitzu-mc01', '2020-05-20T18:18:05.908204Z']]"
https://gitcoin.co/issue/22065,gitcoinco,web,"[['shitzu-mc01', '2020-05-19T18:18:12.064329Z']]"
https://gitcoin.co/issue/22329,polkascan,polkascan-explorer-gui,"[['problem-halting', '2020-05-22T15:48:47.395147Z']]"
https://gitcoin.co/issue/28425,polkascan,polkascan-explorer-gui,[]
https://gitcoin.co/issue/23088,gitcoinco,web,"[['sebastiantf', '2020-05-25T09:15:44.462096Z']]"
https://gitcoin.co/issue/22638,gitcoinco,web,"[['zoek1', '2020-06-08T21:53:56.895111Z']]"
https://gitcoin.co/issue/22060,ethereum,ethereum-org-website,"[['sebastiantf', '2020-05-18T21:39:01.455730Z']]"
https://gitcoin.co/issue/22028,gitcoinco,web,"[['shitzu-mc01', '2020-05-18T18:18:19.571962Z']]"
https://gitcoin.co/issue/22026,gitcoinco,web,"[['shitzu-mc01', '2020-05-18T18:18:10.119005Z']]"
https://gitcoin.co/issue/21999,gitcoinco,web,"[['shitzu-mc01', '2020-05-17T06:17:43.412484Z']]"
https://gitcoin.co/issue/22699,idena-network,idena-go,"[['idenary', '2020-06-10T21:37:09.977921Z'], ['iyomisc', '2020-06-10T19:42:29.085415Z'], ['fairdrop-io', '2020-06-10T21:29:39.185023Z'], ['devkodev', '2020-06-15T15:50:12.281735Z'], ['paolofacchinetti', '2020-06-11T16:50:46.473309Z'], ['earthlingdavey', '2020-06-16T17:05:19.466582Z']]"
https://gitcoin.co/issue/21997,ProofSuite,OrFeed,"[['ryan-gordon', '2020-05-16T23:32:18.488265Z']]"
https://gitcoin.co/issue/22985,ipfs,devgrants,"[['mul53', '2020-06-19T19:13:08.757964Z']]"
https://gitcoin.co/issue/22112,blockchain-etl,ethereum-etl-airflow,"[['sebastiantf', '2020-05-16T07:17:18.111881Z']]"
https://gitcoin.co/issue/21981,gitcoinco,web,"[['test4', '2020-05-15T06:18:01.572054Z']]"
https://gitcoin.co/issue/21975,near,community,"[['phoenix202020', '2020-05-14T22:04:18.018853Z']]"
https://gitcoin.co/issue/23336,gitcoinco,downtownstimulus,"[['thesachinmittal', '2020-07-04T11:09:08.164323Z']]"
https://gitcoin.co/issue/22659,idena-network,idena-go,"[['henryfour', '2020-06-14T12:25:33.019445Z'], ['uivlis', '2020-06-12T10:33:05.883393Z']]"
https://gitcoin.co/issue/28424,idena-network,idena-go,[]
https://gitcoin.co/issue/23529,stacks-network,hackathons,"[['dale-q', '2020-05-31T06:36:20.372915Z'], ['psq', '2020-05-30T02:17:55.200910Z'], ['friedger', '2020-05-27T18:11:04.437924Z'], ['hozzjss', '2020-05-28T17:24:15.378078Z'], ['xmakina', '2020-05-29T05:08:50.739611Z'], ['dotrungkien', '2020-05-29T15:14:54.451239Z'], ['lketchersid', '2020-05-29T23:54:12.295856Z'], ['zexxlin', '2020-05-29T15:15:16.720073Z'], ['harsh-98', '2020-06-27T20:42:58.283004Z']]"
https://gitcoin.co/issue/28423,stacks-network,hackathons,[]
https://gitcoin.co/issue/23065,stacks-network,hackathons,"[['friedger', '2020-05-29T00:23:49.594908Z'], ['viraja1', '2020-05-30T18:05:12.190579Z'], ['xmakina', '2020-05-23T00:04:33.116135Z'], ['lketchersid', '2020-05-29T17:44:14.633026Z'], ['fhilf', '2020-05-30T11:18:04.362955Z'], ['harsh-98', '2020-06-27T20:51:27.513385Z'], ['antonina-cherednichenko', '2020-05-29T23:45:22.274016Z'], ['dotrungkien', '2020-05-29T09:19:22.567833Z'], ['psq', '2020-05-30T02:13:46.897826Z'], ['elbaruni', '2020-05-28T22:21:59.302923Z'], ['radicleart', '2020-05-29T16:08:29.950759Z']]"
https://gitcoin.co/issue/28422,stacks-network,hackathons,[]
https://gitcoin.co/issue/23066,stacks-network,hackathons,"[['dale-q', '2020-05-30T00:36:55.241831Z'], ['antonina-cherednichenko', '2020-05-29T04:46:33.689162Z'], ['antonina-cherednichenko', '2020-05-29T04:46:33.672576Z'], ['liyunarena', '2020-05-28T18:27:00.689076Z'], ['ennea8', '2020-05-28T15:23:07.156660Z'], ['kevingconyers', '2020-05-27T14:52:53.564489Z'], ['friedger', '2020-05-14T23:51:41.255058Z'], ['hozzjss', '2020-05-26T15:17:01.378157Z'], ['emmaodia', '2020-05-23T14:43:28.271767Z'], ['cgdeviation', '2020-05-22T17:34:36.365314Z'], ['harsh-98', '2020-06-27T20:55:20.103713Z'], ['m1ke98', '2020-05-28T18:30:13.616536Z'], ['betosmith2000', '2020-05-27T20:58:21.422454Z'], ['lketchersid', '2020-05-29T17:44:22.866209Z'], ['lketchersid', '2020-05-29T17:44:22.849445Z'], ['xmakina', '2020-05-17T00:04:18.056193Z'], ['dotrungkien', '2020-05-21T02:40:42.589019Z'], ['victaphu', '2020-05-30T06:05:22.102088Z'], ['radicleart', '2020-05-27T14:21:39.013038Z'], ['kuoyehs', '2020-05-29T10:02:29.011703Z'], ['jpnorair', '2020-05-30T18:50:42.179193Z'], ['elbaruni', '2020-05-29T20:59:07.066393Z'], ['harinirajan397', '2020-05-27T04:04:55.528942Z'], ['timidan', '2020-05-29T20:12:14.970563Z'], ['bild96', '2020-06-23T17:20:47.304271Z']]"
https://gitcoin.co/issue/28421,stacks-network,hackathons,[]
https://gitcoin.co/issue/21967,gitcoinco,web,"[['thelostone-mc', '2020-05-14T18:18:28.052308Z']]"
https://gitcoin.co/issue/21952,gitcoinco,web,"[['shitzu-mc01', '2020-05-13T18:18:06.099577Z']]"
https://gitcoin.co/issue/23167,Arcology-Builders,democracy,"[['owonwo', '2020-07-01T11:22:23.916525Z']]"
https://gitcoin.co/issue/28420,Arcology-Builders,democracy,[]
https://gitcoin.co/issue/22393,near,near-sdk-rs,"[['sergey-melnychuk', '2020-05-22T07:20:23.289885Z']]"
https://gitcoin.co/issue/22030,gitcoinco,web,"[['molecula451', '2020-05-14T11:46:19.332464Z']]"
https://gitcoin.co/issue/24279,Azure-Samples,bc-community-samples,"[['x5engine', '2020-05-28T12:38:32.759086Z']]"
https://gitcoin.co/issue/28419,Azure-Samples,bc-community-samples,[]
https://gitcoin.co/issue/22273,Azure-Samples,bc-community-samples,"[['x5engine', '2020-05-28T00:57:59.591143Z']]"
https://gitcoin.co/issue/22344,Azure-Samples,bc-community-samples,"[['cristiangpr', '2020-05-29T20:48:52.457732Z'], ['x5engine', '2020-05-27T23:55:15.567024Z']]"
https://gitcoin.co/issue/22282,Azure-Samples,bc-community-samples,"[['x5engine', '2020-05-28T06:06:58.667219Z'], ['nanspro', '2020-05-22T23:44:24.166617Z'], ['samarth30', '2020-05-17T16:07:18.374404Z'], ['usman75', '2020-05-25T11:21:59.455030Z'], ['vporton', '2020-05-14T02:23:28.639705Z']]"
https://gitcoin.co/issue/22250,Azure-Samples,bc-community-samples,"[['timidan', '2020-05-24T21:21:59.619181Z'], ['anldrms', '2020-05-19T19:12:48.462537Z'], ['motanovici', '2020-05-27T19:53:52.162908Z'], ['vporton', '2020-05-14T02:23:32.207626Z'], ['samarth30', '2020-05-15T18:04:10.041156Z'], ['usman75', '2020-05-23T13:42:26.328353Z']]"
https://gitcoin.co/issue/21987,peachla8,website,[]
https://gitcoin.co/issue/23727,hyperledger,solang,"[['kichjang', '2020-09-21T08:21:20.458837Z']]"
https://gitcoin.co/issue/21985,open-web3-stack,open-runtime-module-library,"[['kichjang', '2020-05-14T20:24:12.651548Z']]"
https://gitcoin.co/issue/23177,vue-polkadot,apps,"[['ryan-gordon', '2020-06-12T03:23:57.826760Z']]"
https://gitcoin.co/issue/23178,vue-polkadot,ui,"[['ryan-gordon', '2020-06-16T21:57:54.810201Z']]"
https://gitcoin.co/issue/23042,f-o-a-m,foam.developer,"[['zoek1', '2020-06-05T04:26:24.157745Z'], ['abhimanyu121', '2020-05-25T12:51:34.881071Z']]"
https://gitcoin.co/issue/28418,f-o-a-m,foam.developer,[]
https://gitcoin.co/issue/22488,aave,aave-gitcoin-hackaton-2019,"[['ridesolo', '2020-05-24T07:54:35.325237Z'], ['sunnyrk', '2020-05-31T21:57:23.422224Z']]"
https://gitcoin.co/issue/24278,f-o-a-m,foam.developer,[]
https://gitcoin.co/issue/28417,f-o-a-m,foam.developer,[]
https://gitcoin.co/issue/22333,rtoken-project,rtoken-monorepo,"[['bobface', '2020-05-09T16:45:19.576800Z'], ['ridesolo', '2020-05-10T10:46:18.756495Z']]"
https://gitcoin.co/issue/22489,aave,aave-gitcoin-hackaton-2019,"[['ridesolo', '2020-05-19T04:25:54.407337Z']]"
https://gitcoin.co/issue/28416,aave,aave-gitcoin-hackaton-2019,[]
https://gitcoin.co/issue/23406,aave,aave-gitcoin-hackaton-2019,"[['snaketh4x0r', '2020-05-27T22:19:26.758269Z']]"
https://gitcoin.co/issue/28415,aave,aave-gitcoin-hackaton-2019,[]
https://gitcoin.co/issue/21680,gitcoinco,skunkworks,[]
https://gitcoin.co/issue/22611,Uniswap,v2-core,"[['masaun', '2020-05-28T01:03:41.725137Z'], ['sunnyrk', '2020-05-26T10:42:26.174466Z'], ['snaketh4x0r', '2020-05-27T21:27:44.544275Z'], ['man-jain', '2020-05-26T16:55:15.450171Z'], ['viraja1', '2020-05-27T21:14:28.960416Z']]"
https://gitcoin.co/issue/22327,NebulousLabs,Skynet-Hive,"[['cycleworm', '2020-05-27T23:07:09.483147Z'], ['latenthero', '2020-05-26T20:41:11.549132Z'], ['isabelgeek', '2020-05-25T21:21:30.177635Z'], ['dawe35', '2020-05-20T22:17:20.342541Z'], ['viraja1', '2020-05-26T17:59:13.352442Z'], ['themailman05', '2020-05-27T23:15:31.551082Z'], ['drewstaylor', '2020-05-27T23:10:37.407588Z'], ['carboclanc', '2020-05-29T10:10:36.920663Z'], ['l-kh', '2020-05-24T10:04:13.914045Z'], ['kcchouette', '2020-05-23T16:28:05.894429Z'], ['thelostone-mc', '2020-05-29T10:00:59.440844Z'], ['ivanmolto', '2020-05-27T18:03:38.637468Z'], ['delivator', '2020-05-27T19:50:18.747179Z'], ['azizyano', '2020-05-24T18:58:23.551070Z'], ['latenthero', '2020-05-26T20:44:51.112491Z'], ['man-jain', '2020-05-26T16:41:22.405194Z']]"
https://gitcoin.co/issue/22375,gitcoinco,skunkworks,"[['l0gykal', '2020-05-26T17:29:22.198969Z'], ['manolingam', '2020-06-01T15:08:26.160901Z'], ['merwane', '2020-05-29T17:32:34.828487Z'], ['snaketh4x0r', '2020-05-27T21:43:53.682396Z'], ['nicemarcela', '2020-05-27T08:59:48.357585Z'], ['ivanmolto', '2020-05-27T18:03:21.097106Z'], ['anaisdu', '2020-05-26T17:32:50.841546Z'], ['isabelgeek', '2020-05-25T21:59:47.038900Z']]"
https://gitcoin.co/issue/22377,gitcoinco,skunkworks,"[['gitdonater', '2020-05-15T03:36:08.934166Z'], ['aturx', '2020-06-01T18:02:40.448511Z'], ['gungz', '2020-05-19T23:09:56.152277Z'], ['bdev07', '2020-05-19T04:45:46.827740Z'], ['fragmnt', '2020-05-29T05:37:02.411805Z'], ['elviric', '2020-05-19T21:50:42.372744Z'], ['emmaodia', '2020-05-20T00:55:54.315707Z'], ['lorisc', '2020-05-19T23:38:44.267086Z'], ['thecydonian', '2020-05-19T21:50:42.351426Z'], ['sarangparikh22', '2020-05-19T17:46:11.217116Z'], ['srisankethu', '2020-05-22T01:16:32.507313Z'], ['swswsw', '2020-05-19T23:00:22.993212Z'], ['zavodil', '2020-05-19T22:45:22.278195Z']]"
https://gitcoin.co/issue/22649,gitcoinco,web,"[['molecula451', '2020-05-08T18:58:42.373437Z']]"
https://gitcoin.co/issue/22443,nearprotocol,ready-layer-one-hackathon,"[['bakaoh', '2020-05-12T10:16:57.745036Z'], ['fragmnt', '2020-05-18T22:32:53.951585Z'], ['x5engine', '2020-05-19T23:58:03.003648Z'], ['lychees', '2020-05-19T21:36:59.079368Z']]"
https://gitcoin.co/issue/22141,cybercongress,cyb-virus,[]
https://gitcoin.co/issue/21670,aaayushsingh,electra,[]
https://gitcoin.co/issue/21984,open-web3-stack,open-runtime-module-library,"[['mul53', '2020-05-15T00:22:24.601931Z']]"
https://gitcoin.co/issue/28414,aave,aave-gitcoin-hackaton-2019,[]
https://gitcoin.co/issue/21655,etclabscore,bounty-openrpc-project,[]
https://gitcoin.co/issue/21649,etclabscore,containerized-client-metrics-analysis,[]
https://gitcoin.co/issue/22444,nearprotocol,ready-layer-one-hackathon,"[['gungz', '2020-05-19T21:57:14.133089Z'], ['elviric', '2020-05-19T21:32:54.619417Z'], ['elviric', '2020-05-19T21:32:54.636575Z']]"
https://gitcoin.co/issue/22446,nearprotocol,ready-layer-one-hackathon,"[['lexcmcqueen', '2020-05-19T21:57:34.482653Z'], ['srisankethu', '2020-05-19T21:47:11.313341Z'], ['sarangparikh22', '2020-05-19T17:50:28.716040Z']]"
https://gitcoin.co/issue/22425,pooltogether,pooltogether-pool-contracts,"[['fragmnt', '2020-05-28T01:17:57.064775Z'], ['man-jain', '2020-05-27T20:37:02.754548Z'], ['pierrickgt', '2020-05-28T02:11:29.786806Z']]"
https://gitcoin.co/issue/22428,pooltogether,pooltogether-pool-contracts,"[['calchulus', '2020-05-27T16:24:17.353182Z'], ['masaun', '2020-05-27T13:34:47.109125Z'], ['emilianobonassi', '2020-05-15T19:08:33.713620Z'], ['viraj124', '2020-06-03T15:44:51.912585Z'], ['pumpkingwok', '2020-05-26T19:16:01.966179Z'], ['man-jain', '2020-05-27T23:07:04.251048Z']]"
https://gitcoin.co/issue/22427,pooltogether,pooltogether-pool-contracts,"[['saitejakuruva', '2020-05-28T06:38:09.736118Z'], ['anaisdu', '2020-05-26T13:42:59.538475Z'], ['kanika1799', '2020-05-25T19:09:14.761190Z'], ['mds1', '2020-05-25T21:36:15.677851Z'], ['manolingam', '2020-05-26T07:28:31.504417Z'], ['nicemarcela', '2020-05-26T22:32:14.762214Z'], ['nestorbonilla', '2020-05-28T03:48:57.236527Z']]"
https://gitcoin.co/issue/22426,pooltogether,pooltogether-pool-contracts,"[['hamzaghz', '2020-05-26T15:24:06.901515Z'], ['glassbeadgame', '2020-05-28T01:27:37.790581Z'], ['l0gykal', '2020-05-26T17:20:16.961952Z'], ['nestorbonilla', '2020-05-27T18:33:43.796512Z']]"
https://gitcoin.co/issue/28413,pooltogether,pooltogether-pool-contracts,[]
https://gitcoin.co/issue/24276,dAAAb,BBFT,"[['t106310103', '2020-05-06T10:00:47.283947Z']]"
https://gitcoin.co/issue/28409,dAAAb,BBFT,[]
https://gitcoin.co/issue/24277,elastos,Elastos.Community,"[['fragmnt', '2020-05-28T03:21:19.169332Z'], ['fragmnt', '2020-05-28T03:21:19.125447Z'], ['emmaodia', '2020-05-28T23:44:07.355611Z'], ['emmaodia', '2020-05-28T23:44:07.372050Z'], ['fragmnt', '2020-05-28T03:21:19.204994Z'], ['fintie', '2020-05-28T00:40:26.778132Z'], ['fintie', '2020-05-28T00:40:26.764161Z']]"
https://gitcoin.co/issue/28410,elastos,Elastos.Community,[]
https://gitcoin.co/issue/22102,encointer,explorer,"[['demyanrogozhin', '2020-05-20T12:07:47.794582Z']]"
https://gitcoin.co/issue/22320,elastos,Elastos.Community,"[['fragmnt', '2020-05-29T05:35:32.930600Z']]"
https://gitcoin.co/issue/28408,elastos,Elastos.Community,[]
https://gitcoin.co/issue/22374,renproject,gitcoin-bounties,"[['tsnark', '2020-05-26T01:18:49.795503Z'], ['krishnaperabathula', '2020-05-24T18:02:19.402434Z'], ['pmprete', '2020-05-28T03:04:05.106862Z'], ['pmprete', '2020-05-28T03:04:05.064192Z']]"
https://gitcoin.co/issue/28412,renproject,gitcoin-bounties,[]
https://gitcoin.co/issue/23018,vue-polkadot,apps,"[['iamonuwa', '2020-06-07T07:35:20.983537Z']]"
https://gitcoin.co/issue/23518,hyperledger,solang,"[['kichjang', '2020-08-01T07:14:11.592324Z']]"
https://gitcoin.co/issue/21730,open-web3-stack,open-runtime-module-library,"[['kichjang', '2020-05-08T17:33:39.002962Z']]"
https://gitcoin.co/issue/22367,ArweaveTeam,Bounties,"[['brianspha', '2020-05-22T21:35:55.647981Z'], ['brianspha', '2020-05-22T00:02:05.137361Z'], ['pmprete', '2020-05-22T02:14:04.347003Z'], ['denhampreen', '2020-05-22T10:25:40.621973Z']]"
https://gitcoin.co/issue/28407,ArweaveTeam,Bounties,[]
https://gitcoin.co/issue/22368,ArweaveTeam,Bounties,"[['bonifaty', '2020-05-20T19:30:17.126656Z'], ['merwane', '2020-05-20T17:45:13.246826Z']]"
https://gitcoin.co/issue/28406,ArweaveTeam,Bounties,[]
https://gitcoin.co/issue/22369,ArweaveTeam,Bounties,"[['mikehibbert', '2020-05-20T20:05:09.118774Z'], ['rekpero', '2020-05-20T22:12:55.733128Z'], ['anish-agnihotri', '2020-05-20T21:09:15.883051Z'], ['aliceasuna94', '2020-05-20T21:05:41.108537Z']]"
https://gitcoin.co/issue/28405,ArweaveTeam,Bounties,[]
https://gitcoin.co/issue/22469,Synthetixio,NYBW-Hackathon-Gitcoin,"[['kevinknielsen', '2020-05-27T05:53:37.707862Z'], ['kevinknielsen', '2020-05-27T05:53:37.690342Z'], ['michaelcohen716', '2020-05-27T20:55:58.404439Z'], ['jwojciechowski', '2020-05-27T14:44:45.186591Z'], ['adi99', '2020-05-27T12:52:21.815875Z'], ['guillaumepalayer', '2020-05-27T14:01:32.637538Z']]"
https://gitcoin.co/issue/24090,aave,aave-gitcoin-hackaton-2019,"[['viraja1', '2020-05-27T20:57:56.648351Z'], ['sanchaymittal', '2020-05-29T18:31:32.432280Z'], ['calchulus', '2020-05-27T16:27:07.498522Z'], ['sanchaymittal', '2020-05-29T18:31:32.405138Z'], ['carboclanc', '2020-05-29T10:13:06.699574Z'], ['snaketh4x0r', '2020-05-27T21:38:21.344752Z'], ['man-jain', '2020-05-26T16:43:41.139109Z'], ['robinpan1', '2020-05-26T03:26:36.884086Z'], ['michaelcohen716', '2020-05-27T21:00:07.052145Z']]"
https://gitcoin.co/issue/28404,aave,aave-gitcoin-hackaton-2019,[]
https://gitcoin.co/issue/22486,aave,aave-gitcoin-hackaton-2019,"[['viraja1', '2020-05-26T17:47:10.236673Z'], ['carboclanc', '2020-05-29T10:05:38.512133Z']]"
https://gitcoin.co/issue/21693,gitcoinco,web,"[['vporton', '2020-05-07T20:47:52.909504Z']]"
https://gitcoin.co/issue/23592,gitcoinco,web,[]
https://gitcoin.co/issue/22280,stellar,hackathon-get-started,"[['amitjosh', '2020-05-27T19:39:05.423910Z'], ['tgemayel', '2020-05-27T01:10:23.598842Z'], ['kuyawa', '2020-05-26T21:52:14.311413Z'], ['sharmilan5', '2020-05-27T16:29:07.937086Z'], ['definitepotato', '2020-05-26T17:31:19.447319Z'], ['btcninja', '2020-05-28T03:35:10.314924Z'], ['merwane', '2020-05-19T12:44:12.605874Z'], ['layinka', '2020-05-27T21:56:12.960387Z']]"
https://gitcoin.co/issue/28403,stellar,hackathon-get-started,[]
https://gitcoin.co/issue/23468,polkascan,polkascan-explorer-gui,"[['graceslsne8', '2020-07-13T12:28:49.078332Z']]"
https://gitcoin.co/issue/28402,polkascan,polkascan-explorer-gui,[]
https://gitcoin.co/issue/21671,polkadot-js,api,"[['kichjang', '2020-05-06T05:15:08.028399Z']]"
https://gitcoin.co/issue/21599,fsprojects,fantomas,"[['bobface', '2020-05-04T13:55:06.885288Z']]"
https://gitcoin.co/issue/26157,robsecord,ChargedParticlesEth,[]
https://gitcoin.co/issue/21729,polkadot-js,api,"[['kichjang', '2020-05-05T03:12:22.189092Z']]"
https://gitcoin.co/issue/23024,gitcoinco,web,"[['vporton', '2020-05-02T11:32:08.793774Z']]"
https://gitcoin.co/issue/23716,gitcoinco,web,"[['zoek1', '2020-06-16T17:37:17.284665Z']]"
https://gitcoin.co/issue/21728,polkadot-js,api,"[['hoani', '2020-05-05T11:45:09.348385Z']]"
https://gitcoin.co/issue/23795,integritee-network,worker,"[['whalelephant', '2020-09-21T10:01:35.312476Z']]"
https://gitcoin.co/issue/22051,gitcoinco,skunkworks,"[['vinhyenvodoi98', '2020-05-19T06:50:37.317739Z'], ['hammadtq', '2020-05-19T04:49:56.337377Z'], ['motanovici', '2020-05-18T19:49:05.305714Z'], ['tharamalai', '2020-05-17T10:13:52.888098Z'], ['vinhyenvodoi98', '2020-05-19T06:50:37.304664Z'], ['dogemos', '2020-05-18T18:50:18.954833Z'], ['ivanmolto', '2020-05-18T18:01:39.910366Z'], ['emmaodia', '2020-05-17T22:29:36.799108Z']]"
https://gitcoin.co/issue/22445,nearprotocol,ready-layer-one-hackathon,"[['dhruvluci', '2020-05-19T21:15:05.733199Z']]"
https://gitcoin.co/issue/22447,nearprotocol,ready-layer-one-hackathon,"[['sarangparikh22', '2020-05-19T17:53:57.767038Z'], ['bdev07', '2020-05-19T04:40:35.057296Z'], ['thecydonian', '2020-05-19T21:32:58.259085Z']]"
https://gitcoin.co/issue/28399,nearprotocol,ready-layer-one-hackathon,[]
https://gitcoin.co/issue/24274,nearprotocol,ready-layer-one-hackathon,"[['realchainlife', '2020-05-19T22:57:13.758417Z'], ['hdriqi', '2020-05-18T22:50:31.203908Z'], ['sarangparikh22', '2020-05-19T17:55:14.974147Z']]"
https://gitcoin.co/issue/28398,nearprotocol,ready-layer-one-hackathon,[]
https://gitcoin.co/issue/22449,nearprotocol,ready-layer-one-hackathon,"[['zavodil', '2020-05-19T22:42:42.026227Z'], ['emmaodia', '2020-05-20T00:57:22.802514Z'], ['sarangparikh22', '2020-05-19T17:58:16.218827Z'], ['danieliwoofficial', '2020-05-20T01:28:33.126165Z'], ['0xmikko', '2020-05-19T20:22:41.530151Z']]"
https://gitcoin.co/issue/21488,gitcoinco,web,"[['shitzu-mc01', '2020-04-30T18:18:25.547106Z']]"
https://gitcoin.co/issue/21738,scs,substrate-api-client,"[['developerfred', '2020-05-01T14:57:09.897897Z'], ['hoani', '2020-05-04T22:21:49.272263Z']]"
https://gitcoin.co/issue/21731,polkascan,polkascan-explorer-gui,"[['illlefr4u', '2020-05-03T09:49:00.721322Z']]"
https://gitcoin.co/issue/28397,polkascan,polkascan-explorer-gui,[]
https://gitcoin.co/issue/21746,diadata-org,diadata,"[['nazariyv', '2020-05-03T21:06:32.936164Z']]"
https://gitcoin.co/issue/21580,gitcoinco,web,"[['dzuqe', '2020-05-03T10:09:03.633744Z']]"
https://gitcoin.co/issue/21464,ethereum,eth2.0-pm,[]
https://gitcoin.co/issue/22067,gitcoinco,web,"[['molecula451', '2020-04-28T18:57:29.099013Z']]"
https://gitcoin.co/issue/22538,nearprotocol,ready-layer-one-hackathon,"[['sarangparikh22', '2020-05-19T18:00:08.499867Z'], ['vbstreetz', '2020-05-19T06:51:09.853075Z'], ['aluhning', '2020-05-19T20:55:47.055994Z'], ['swswsw', '2020-05-19T22:57:07.710032Z'], ['emmaodia', '2020-05-20T00:55:31.355611Z'], ['maexx393', '2020-05-19T20:11:37.923032Z'], ['lorisc', '2020-05-19T23:30:35.026836Z']]"
https://gitcoin.co/issue/21771,gitcoinco,web,"[['thecydonian', '2020-05-11T17:55:56.755019Z']]"
https://gitcoin.co/issue/23085,gitcoinco,web,"[['sebastiantf', '2020-05-12T11:41:10.439553Z']]"
https://gitcoin.co/issue/21672,diadata-org,diadata,"[['nazariyv', '2020-05-04T17:38:06.247114Z']]"
https://gitcoin.co/issue/21501,fuguefoundation,ff-contracts,"[['kichjang', '2020-05-01T02:53:50.452424Z']]"
https://gitcoin.co/issue/21434,AstarNetwork,Astar,"[['roy1210', '2020-04-24T15:32:20.044669Z']]"
https://gitcoin.co/issue/21408,gitcoinco,web,"[['shitzu-mc01', '2020-04-22T18:18:15.966837Z']]"
https://gitcoin.co/issue/23448,trufflesuite,truffle,"[['kichjang', '2020-05-01T22:41:42.303890Z']]"
https://gitcoin.co/issue/28396,dAAAb,BBFT,[]
https://gitcoin.co/issue/21396,fuguefoundation,ff-contracts,"[['kichjang', '2020-04-19T21:46:10.215573Z']]"
https://gitcoin.co/issue/22019,gitcoinco,web,"[['sebastiantf', '2020-04-21T07:59:42.251965Z']]"
https://gitcoin.co/issue/22479,gitcoinco,web,"[['imtiaz101325', '2020-04-23T16:23:55.984144Z']]"
https://gitcoin.co/issue/21362,harmony-one,stake-heist,[]
https://gitcoin.co/issue/28395,harmony-one,stake-heist,[]
https://gitcoin.co/issue/21699,harmony-one,harmony,"[['chainode', '2020-05-03T22:57:10.156101Z'], ['fragmnt', '2020-05-08T02:39:22.607610Z'], ['staking4all', '2020-05-01T18:38:12.340197Z']]"
https://gitcoin.co/issue/21602,harmony-one,harmony,"[['satishkumarj', '2020-05-04T20:06:39.102831Z'], ['satishkumarj', '2020-04-27T13:06:34.387416Z']]"
https://gitcoin.co/issue/21358,harmony-one,stake-heist,[]
https://gitcoin.co/issue/21360,harmony-one,harmony,[]
https://gitcoin.co/issue/21359,harmony-one,harmony,[]
https://gitcoin.co/issue/21361,harmony-one,harmony,[]
https://gitcoin.co/issue/21353,harmony-one,harmony,[]
https://gitcoin.co/issue/21517,harmony-one,harmony,"[['paulsd2020', '2020-05-01T18:42:17.281410Z']]"
https://gitcoin.co/issue/21351,harmony-one,harmony,[]
https://gitcoin.co/issue/21349,harmony-one,harmony,[]
https://gitcoin.co/issue/21604,harmony-one,harmony,"[['chainode', '2020-05-04T20:55:41.583095Z']]"
https://gitcoin.co/issue/21348,harmony-one,harmony,[]
https://gitcoin.co/issue/21512,harmonylion,ideamarkets,"[['bobface', '2020-04-17T17:46:28.660817Z']]"
https://gitcoin.co/issue/21446,Bobface,maker-auctions,"[['anudit', '2020-04-24T14:39:06.116036Z'], ['l-kh', '2020-04-27T12:04:32.303579Z'], ['elliottjobmann', '2020-04-20T05:36:09.448364Z'], ['azizyano', '2020-04-23T20:22:13.995607Z'], ['writeprovidence', '2020-04-26T23:57:09.422313Z'], ['materligmann', '2020-04-26T03:44:27.808720Z']]"
https://gitcoin.co/issue/22388,bandprotocol,cross-chain-hackthon,"[['victaphu', '2020-05-18T21:30:13.933407Z'], ['vbstreetz', '2020-05-11T12:14:12.313968Z'], ['freemanjackal', '2020-05-19T00:08:14.648588Z']]"
https://gitcoin.co/issue/28394,bandprotocol,cross-chain-hackthon,[]
https://gitcoin.co/issue/22387,bandprotocol,cross-chain-hackthon,"[['tharamalai', '2020-05-15T11:49:56.775833Z'], ['pisuthd', '2020-05-10T18:33:09.676604Z']]"
https://gitcoin.co/issue/28393,bandprotocol,cross-chain-hackthon,[]
https://gitcoin.co/issue/21510,gitcoinco,web,"[['developerfred', '2020-04-22T21:31:58.083037Z'], ['developerfred', '2020-04-22T21:31:58.068024Z']]"
https://gitcoin.co/issue/22484,Agoric,cross-chain-hackathon,"[['emmaodia', '2020-05-17T04:58:21.558093Z']]"
https://gitcoin.co/issue/22482,Agoric,cross-chain-hackathon,"[['vinhyenvodoi98', '2020-05-18T04:34:48.923214Z'], ['vporton', '2020-04-23T21:14:44.822077Z'], ['vinhyenvodoi98', '2020-05-18T04:34:48.905392Z'], ['ivanmolto', '2020-05-18T06:21:38.067891Z'], ['skunath', '2020-05-18T15:45:53.577322Z'], ['haischel', '2020-05-18T18:19:26.344158Z']]"
https://gitcoin.co/issue/28389,Agoric,cross-chain-hackathon,[]
https://gitcoin.co/issue/22483,Agoric,cross-chain-hackathon,"[['hammadtq', '2020-05-19T04:48:06.418005Z']]"
https://gitcoin.co/issue/21591,gitcoinco,web,"[['vporton', '2020-04-17T02:27:23.288035Z']]"
https://gitcoin.co/issue/22418,unstoppabledomains,decentralized-websites,"[['agnelvishal', '2020-05-26T16:48:25.124622Z'], ['nathanio', '2020-06-02T19:55:04.969149Z']]"
https://gitcoin.co/issue/21310,gitcoinco,web,"[['shitzu-mc01', '2020-04-15T18:21:24.183412Z']]"
https://gitcoin.co/issue/22042,cosmos,ibc,"[['vbstreetz', '2020-05-11T12:13:08.922244Z'], ['guettomusick', '2020-05-18T21:47:32.436981Z'], ['nnkken', '2020-05-18T13:08:03.789469Z'], ['mingderwang', '2020-05-18T16:32:50.344950Z'], ['vladimirvvs', '2020-05-18T16:12:37.581966Z'], ['3100', '2020-05-18T16:50:50.092317Z'], ['vshvsh', '2020-05-18T21:47:26.311551Z'], ['motanovici', '2020-05-18T14:46:58.951698Z'], ['vladimirvvs', '2020-05-17T18:39:51.235677Z'], ['dogemos', '2020-05-18T18:52:08.733390Z'], ['tharamalai', '2020-05-15T11:25:52.930289Z']]"
https://gitcoin.co/issue/28385,cosmos,ibc,[]
https://gitcoin.co/issue/21525,gitcoinco,web,"[['sebastiantf', '2020-04-15T13:48:14.732879Z']]"
https://gitcoin.co/issue/21694,longhashventures,blockchainforgood,"[['dhruvluci', '2020-05-07T16:07:51.770854Z'], ['blokaly', '2020-05-07T21:36:22.393805Z']]"
https://gitcoin.co/issue/21935,Equideum,hackathons,"[['gauravxsingh', '2020-05-11T21:20:03.584839Z'], ['masaun', '2020-05-11T21:20:03.540025Z'], ['silasslayer', '2020-05-12T19:49:30.832093Z'], ['papealioune', '2020-05-12T03:11:48.186392Z'], ['jierdin', '2020-05-12T03:11:48.275848Z'], ['jierdin', '2020-05-12T03:11:48.257859Z'], ['okduncan', '2020-05-12T01:33:43.151098Z'], ['brianspha', '2020-05-12T01:33:43.138926Z'], ['dimasquest', '2020-05-12T00:52:25.304269Z'], ['levalleux-ludo', '2020-05-12T00:01:41.315087Z'], ['wfsterling', '2020-05-11T23:28:41.317005Z'], ['itsencrypted', '2020-05-11T23:06:47.068388Z'], ['jierdin', '2020-05-12T03:11:48.345137Z'], ['jierdin', '2020-05-12T03:11:48.312130Z'], ['jsimbouras', '2020-05-11T21:20:03.682237Z'], ['miriamdong', '2020-05-11T21:20:03.657323Z'], ['jierdin', '2020-05-12T03:11:48.220545Z'], ['bowhead', '2020-05-12T03:11:48.203382Z'], ['janmoomoo', '2020-05-11T21:20:03.875204Z'], ['gauravxsingh', '2020-05-11T21:20:03.798609Z'], ['wfsterling', '2020-05-11T23:06:47.038452Z'], ['ericr6', '2020-05-11T23:06:47.025639Z'], ['gauravxsingh', '2020-05-11T21:20:03.990842Z'], ['kirkballou', '2020-05-09T10:18:53.443109Z'], ['papealioune', '2020-05-12T03:11:48.294595Z'], ['masaun', '2020-05-11T21:20:03.484312Z'], ['bowhead', '2020-05-12T03:11:48.237868Z'], ['balajipachai', '2020-05-12T12:45:07.662482Z'], ['jierdin', '2020-05-12T12:45:07.645220Z'], ['jierdin', '2020-05-12T12:45:07.627446Z'], ['hynki95', '2020-05-11T23:28:41.301982Z'], ['sebasscoates', '2020-05-11T23:06:47.083561Z'], ['gauravxsingh', '2020-05-11T21:20:03.629665Z'], ['fuguefoundation', '2020-05-11T01:44:52.737778Z'], ['axeleratummx', '2020-04-21T00:07:14.308640Z'], ['kirkballou', '2020-05-09T10:18:53.430725Z'], ['chainaim3003', '2020-04-20T16:40:40.453350Z'], ['okduncan', '2020-05-11T23:06:47.122117Z'], ['gauravxsingh', '2020-05-11T21:20:03.711118Z'], ['okduncan', '2020-05-11T23:28:41.287058Z'], ['wfsterling', '2020-05-11T23:06:47.106626Z'], ['itsencrypted', '2020-05-11T23:06:47.052426Z'], ['ericr6', '2020-05-11T21:20:03.746969Z'], ['wfsterling', '2020-05-11T23:06:47.013103Z'], ['ericr6', '2020-05-11T21:20:03.943205Z']]"
https://gitcoin.co/issue/28384,Equideum,hackathons,[]
https://gitcoin.co/issue/28383,ethereum,ethereum-org-website,[]
https://gitcoin.co/issue/21288,gitcoinco,skunkworks,"[['molecula451', '2020-04-14T20:51:36.392492Z']]"
https://gitcoin.co/issue/23488,gitcoinco,web,[]
https://gitcoin.co/issue/21378,dAAAb,BBFT,"[['antoniosehk', '2020-04-20T00:02:57.080780Z']]"
https://gitcoin.co/issue/28379,dAAAb,BBFT,[]
https://gitcoin.co/issue/21225,dAAAb,BBFT,"[['antoniosehk', '2020-04-13T02:39:48.707250Z']]"
https://gitcoin.co/issue/28378,dAAAb,BBFT,[]
https://gitcoin.co/issue/21283,ipfs,distributed-wikipedia-mirror,"[['kanej', '2020-04-12T00:17:39.233525Z']]"
https://gitcoin.co/issue/22692,bluzelle,swarm-of-duty,"[['aqoleg', '2020-04-25T22:06:36.934961Z'], ['bardinpetr', '2020-05-31T13:58:08.953374Z'], ['bardinpetr', '2020-05-31T13:58:08.937214Z'], ['paulsd2020', '2020-05-02T00:02:18.492713Z'], ['mul53', '2020-04-27T18:51:02.918174Z'], ['vbstreetz', '2020-04-16T18:31:59.934646Z']]"
https://gitcoin.co/issue/28377,bluzelle,swarm-of-duty,[]
https://gitcoin.co/issue/28376,bluzelle,swarm-of-duty,[]
https://gitcoin.co/issue/23562,bluzelle,swarm-of-duty,"[['rekpero', '2020-05-20T18:13:47.715987Z']]"
https://gitcoin.co/issue/28372,bluzelle,swarm-of-duty,[]
https://gitcoin.co/issue/24268,blocklytics,spells-subgraph,"[['developerfred', '2020-04-12T20:52:51.413894Z']]"
https://gitcoin.co/issue/28371,blocklytics,spells-subgraph,[]
https://gitcoin.co/issue/21285,blocklytics,spells-fyi,"[['kichjang', '2020-04-14T18:05:51.563961Z']]"
https://gitcoin.co/issue/21104,ethereum,ethereum-org-website,"[['antodp', '2020-04-08T22:03:41.135500Z']]"
https://gitcoin.co/issue/28370,ethereum,ethereum-org-website,[]
https://gitcoin.co/issue/21106,ethereum,ethereum-org-website,"[['antodp', '2020-04-08T23:57:38.507356Z']]"
https://gitcoin.co/issue/28369,ethereum,ethereum-org-website,[]
https://gitcoin.co/issue/21103,ethereum,ethereum-org-website,"[['sebastiantf', '2020-04-08T22:38:45.183163Z']]"
https://gitcoin.co/issue/21101,ethereum,ethereum-org-website,"[['sebastiantf', '2020-04-08T22:31:40.379522Z']]"
https://gitcoin.co/issue/21100,ethereum,ethereum-org-website,"[['sebastiantf', '2020-04-08T21:39:15.086700Z']]"
https://gitcoin.co/issue/21105,ethereum,ethereum-org-website,"[['antodp', '2020-04-08T21:23:28.975226Z']]"
https://gitcoin.co/issue/28368,ethereum,ethereum-org-website,[]
https://gitcoin.co/issue/21102,ethereum,ethereum-org-website,"[['sebastiantf', '2020-04-08T19:03:34.149579Z']]"
https://gitcoin.co/issue/21054,gitcoinco,web,"[['shitzu-mc01', '2020-04-08T18:19:45.834377Z']]"
https://gitcoin.co/issue/23982,Arcology-Builders,democracy,[]
https://gitcoin.co/issue/28367,Arcology-Builders,democracy,[]
https://gitcoin.co/issue/21313,gitcoinco,web,"[['uivlis', '2020-04-08T08:49:02.955462Z'], ['dylanjw', '2020-04-09T04:54:23.710811Z']]"
https://gitcoin.co/issue/22576,austintgriffith,eth.build,"[['iamonuwa', '2020-04-30T12:11:34.542589Z']]"
https://gitcoin.co/issue/21467,austintgriffith,eth.build,"[['iamonuwa', '2020-04-23T00:56:04.743532Z']]"
https://gitcoin.co/issue/21176,fuguefoundation,ff-dapp,[]
https://gitcoin.co/issue/21442,Arcology-Builders,democracy,"[['elliottjobmann', '2020-04-25T01:35:12.041706Z']]"
https://gitcoin.co/issue/20969,MixinNetwork,mixin,"[['mul1sh', '2020-04-06T12:38:07.060049Z']]"
https://gitcoin.co/issue/24267,gitcoinco,skunkworks,"[['anldrms', '2020-04-06T20:49:40.524111Z'], ['deepcryptodive', '2020-04-04T16:08:47.921160Z'], ['vbstreetz', '2020-04-04T14:13:38.886209Z'], ['dale-q', '2020-04-06T15:39:54.015103Z'], ['renatrazumov', '2020-04-03T21:33:57.542369Z'], ['samscalet', '2020-04-04T00:36:31.398657Z'], ['masaun', '2020-04-08T09:38:28.909364Z'], ['isabelgeek', '2020-04-06T23:04:01.722536Z'], ['iamonuwa', '2020-04-07T02:07:19.023197Z'], ['iamonuwa', '2020-04-07T00:57:24.266691Z'], ['yuwira', '2020-04-27T16:32:41.047685Z'], ['coderrick', '2020-04-09T15:21:02.051932Z']]"
https://gitcoin.co/issue/28365,gitcoinco,skunkworks,[]
https://gitcoin.co/issue/21010,gitcoinco,web,"[['iamonuwa', '2020-04-07T01:56:42.005744Z']]"
https://gitcoin.co/issue/21708,aidanok,arweave-dns-gateway,"[['agbilotia1998', '2020-04-14T17:43:34.054121Z']]"
https://gitcoin.co/issue/20916,supabase,realtime,"[['mul1sh', '2020-04-03T09:44:21.883930Z']]"
https://gitcoin.co/issue/24266,dAAAb,BBFT,"[['chinyh', '2020-04-02T10:34:12.559195Z']]"
https://gitcoin.co/issue/28364,dAAAb,BBFT,[]
https://gitcoin.co/issue/20898,danlipert,gitcoin-test,"[['dangitcoin', '2020-04-01T18:18:59.352994Z']]"
https://gitcoin.co/issue/20921,branciard,DAppNodePackage-folding-at-home,"[['branciard', '2020-04-02T19:02:50.158943Z']]"
https://gitcoin.co/issue/21450,dappnode,DappnodePackage-block-explorer,"[['leibniz137', '2020-04-23T05:33:25.080335Z']]"
https://gitcoin.co/issue/21025,mailchain,mailchain-legacy,[]
https://gitcoin.co/issue/20894,gitcoinco,creative,"[['writeprovidence', '2020-04-01T01:32:10.606272Z'], ['roundtree-larry', '2020-03-31T21:52:52.224883Z'], ['loganbek', '2020-03-29T18:27:19.747392Z'], ['jaredchilders', '2020-04-01T00:39:36.637412Z']]"
https://gitcoin.co/issue/21238,gitcoinco,web,"[['developerfred', '2020-03-29T19:47:47.708276Z']]"
https://gitcoin.co/issue/27868,gitcoinco,web,[]
https://gitcoin.co/issue/24265,EtherDotBlue,MythX,"[['abdel-az', '2020-04-08T18:46:56.298148Z'], ['abdel-az', '2020-04-08T18:48:58.063098Z'], ['azizyano', '2020-03-27T11:46:11.190251Z']]"
https://gitcoin.co/issue/28361,EtherDotBlue,MythX,[]
https://gitcoin.co/issue/20974,Consensys,protocol-BountiedWork,"[['atoulme', '2020-03-28T07:10:55.826900Z']]"
https://gitcoin.co/issue/22646,gitcoinco,skunkworks,"[['iamonuwa', '2020-04-07T02:08:23.522987Z'], ['holle197', '2020-03-30T18:12:56.203057Z'], ['vporton', '2020-04-08T02:13:35.058363Z'], ['iamonuwa', '2020-04-07T01:01:26.970983Z'], ['cupojoseph', '2020-03-31T00:05:50.017420Z'], ['onhorou', '2020-04-15T15:18:55.236569Z'], ['winahyos', '2020-05-09T10:03:30.669959Z']]"
https://gitcoin.co/issue/28360,gitcoinco,skunkworks,[]
https://gitcoin.co/issue/23092,gitcoinco,web,"[['sebastiantf', '2020-04-21T20:18:04.836875Z']]"
https://gitcoin.co/issue/20872,EtherDotBlue,MythX,"[['mds1', '2020-03-28T18:12:13.899290Z'], ['rhosadah', '2020-03-28T03:40:00.740391Z'], ['l-kh', '2020-03-30T00:54:45.610050Z']]"
https://gitcoin.co/issue/28359,EtherDotBlue,MythX,[]
https://gitcoin.co/issue/23053,Zilliqa,ledger-app-zilliqa,"[['mul1sh', '2020-05-08T08:56:12.415773Z']]"
https://gitcoin.co/issue/20856,dAAAb,BBFT,"[['antoniosehk', '2020-03-29T19:55:06.112522Z']]"
https://gitcoin.co/issue/28357,dAAAb,BBFT,[]
https://gitcoin.co/issue/21416,amateur-dev,Unipool,"[['bobface', '2020-03-28T17:23:36.993882Z']]"
https://gitcoin.co/issue/28356,amateur-dev,Unipool,[]
https://gitcoin.co/issue/20818,wearekickback,contracts,"[['bobface', '2020-03-21T12:15:08.854853Z']]"
https://gitcoin.co/issue/20750,gitcoinco,web,"[['zoek1', '2020-03-20T23:43:23.425197Z']]"
https://gitcoin.co/issue/20764,ethhub-io,ethhub,"[['molecula451', '2020-03-23T09:55:23.346563Z']]"
https://gitcoin.co/issue/25252,dAAAb,BBFT,"[['figpish', '2020-03-23T06:06:13.461185Z']]"
https://gitcoin.co/issue/28355,dAAAb,BBFT,[]
https://gitcoin.co/issue/20741,centrifuge,website,"[['sounak98', '2020-03-19T21:14:07.052195Z']]"
https://gitcoin.co/issue/20677,etclabscore,Bounty-Share-the-love-of-ETC,[]
https://gitcoin.co/issue/20676,etclabscore,Bounty-DIY-hardware-wallet,[]
https://gitcoin.co/issue/25251,gitcoinco,web,[]
https://gitcoin.co/issue/28354,gitcoinco,web,[]
https://gitcoin.co/issue/20690,web3swift-team,web3swift,"[['hakumai-iida', '2020-03-19T11:24:25.963210Z']]"
https://gitcoin.co/issue/28353,Arcology-Builders,democracy,[]
https://gitcoin.co/issue/20822,gitcoinco,skunkworks,"[['codenamejason', '2020-03-23T18:51:57.724735Z'], ['mds1', '2020-03-26T17:12:19.237895Z'], ['leonprou', '2020-03-26T16:23:45.056666Z'], ['atorbmain', '2020-03-26T16:08:57.577116Z'], ['web3dopamine', '2020-03-23T15:00:56.796332Z'], ['vbstreetz', '2020-03-26T18:37:37.364063Z']]"
https://gitcoin.co/issue/25249,gitcoinco,web,"[['molecula451', '2020-03-19T18:55:56.920723Z']]"
https://gitcoin.co/issue/28352,gitcoinco,web,[]
https://gitcoin.co/issue/20748,vporton,courts,"[['ridesolo', '2020-03-22T06:26:59.971940Z']]"
https://gitcoin.co/issue/21696,wearekickback,app,"[['zoek1', '2020-04-06T22:03:44.248613Z'], ['think-in-universe', '2020-04-16T18:35:19.438419Z']]"
https://gitcoin.co/issue/25248,alto-io,funding-the-future,"[['isabelgeek', '2020-04-06T21:56:48.994442Z'], ['masaun', '2020-04-06T14:26:47.175379Z'], ['leonprou', '2020-04-06T17:20:10.284808Z']]"
https://gitcoin.co/issue/28351,alto-io,funding-the-future,[]
https://gitcoin.co/issue/23517,gitcoinco,web,"[['molecula451', '2020-04-20T19:53:46.218026Z']]"
https://gitcoin.co/issue/25247,alto-io,funding-the-future,"[['brianspha', '2020-04-07T00:28:27.672921Z'], ['zoek1', '2020-04-06T21:54:40.846571Z'], ['moonniy', '2020-04-06T22:17:28.415735Z'], ['apoorvlathey', '2020-04-06T23:50:42.590305Z']]"
https://gitcoin.co/issue/28350,alto-io,funding-the-future,[]
https://gitcoin.co/issue/20880,TripleSpeeder,token-allowance-checker,"[['elliottjobmann', '2020-03-20T20:50:00.700545Z'], ['ubermana', '2020-03-25T20:00:15.546209Z'], ['seichris', '2020-03-17T09:11:19.248154Z'], ['thecydonian', '2020-03-16T20:22:58.047445Z'], ['atorbmain', '2020-03-25T16:59:56.356268Z'], ['kvndlgs', '2020-03-31T15:50:53.318559Z'], ['l-kh', '2020-03-24T20:05:35.296045Z'], ['anudit', '2020-03-23T16:18:21.196541Z'], ['azizyano', '2020-03-28T21:39:13.556344Z']]"
https://gitcoin.co/issue/20742,EtherDotBlue,MythX,"[['vbstreetz', '2020-03-16T23:58:30.307855Z'], ['mul1sh', '2020-03-19T21:47:02.534944Z']]"
https://gitcoin.co/issue/25246,EtherDotBlue,MythX,"[['mul1sh', '2020-03-24T10:49:09.738117Z'], ['l-kh', '2020-03-24T15:29:50.592333Z']]"
https://gitcoin.co/issue/28349,EtherDotBlue,MythX,[]
https://gitcoin.co/issue/20194,danlipert,gitcoin-test,"[['thelostone-mc', '2020-03-15T18:18:55.997396Z']]"
https://gitcoin.co/issue/25245,bancorprotocol,contracts-solidity,"[['mds1', '2020-04-06T19:07:56.764576Z'], ['leckylao', '2020-04-06T20:37:43.828754Z'], ['rekpero', '2020-04-07T08:36:00.711604Z'], ['x5engine', '2020-04-07T00:03:48Z']]"
https://gitcoin.co/issue/28348,bancorprotocol,contracts-solidity,[]
https://gitcoin.co/issue/25244,bancorprotocol,contracts-solidity,"[['proy24', '2020-04-07T08:06:47.920945Z'], ['ridesolo', '2020-04-04T19:47:39.827151Z']]"
https://gitcoin.co/issue/28347,bancorprotocol,contracts-solidity,[]
https://gitcoin.co/issue/21697,yanganto,nvim-translate,[]
https://gitcoin.co/issue/19841,gitcoinco,web,"[['octavioamu', '2020-03-15T06:19:13.296835Z']]"
https://gitcoin.co/issue/19607,danlipert,gitcoin-test,"[['dangitcoin', '2020-03-14T18:19:08.556591Z'], ['dangitcoin', '2020-03-14T18:19:08.501742Z'], ['dangitcoin', '2020-03-14T18:19:08.419299Z'], ['dangitcoin', '2020-03-14T18:19:08.613775Z'], ['dangitcoin', '2020-03-14T18:19:08.714427Z']]"
https://gitcoin.co/issue/25331,dAAAb,BBFT,[]
https://gitcoin.co/issue/28346,dAAAb,BBFT,[]
https://gitcoin.co/issue/19554,OneMillionDevs,bounties,"[['adnfx2', '2020-03-13T19:44:29.900671Z'], ['deonb360', '2020-03-13T22:24:22.211081Z'], ['mdb1710', '2020-03-13T22:24:32.414851Z'], ['molecula451', '2020-03-13T21:40:12.053260Z']]"
https://gitcoin.co/issue/20707,witnet,witnet-rust,"[['kichjang', '2020-03-13T23:25:54.959423Z']]"
https://gitcoin.co/issue/20652,witnet,witnet-rust,"[['xiaods', '2020-03-17T11:29:15.777319Z']]"
https://gitcoin.co/issue/20923,blockchain-etl,ethereum-etl-airflow,"[['agbilotia1998', '2020-03-13T14:36:55.896755Z']]"
https://gitcoin.co/issue/20664,blockchain-etl,ethereum-etl-airflow,"[['x5engine', '2020-03-17T16:08:06.794177Z']]"
https://gitcoin.co/issue/28344,mysteriumnetwork,node,[]
https://gitcoin.co/issue/25240,mysteriumnetwork,node,"[['web3dopamine', '2020-04-07T15:09:49.745831Z']]"
https://gitcoin.co/issue/28343,mysteriumnetwork,node,[]
https://gitcoin.co/issue/25239,mysteriumnetwork,node,"[['mul1sh', '2020-03-31T18:42:41.641029Z']]"
https://gitcoin.co/issue/28342,mysteriumnetwork,node,[]
https://gitcoin.co/issue/21415,AmbireTech,adex-protocol,"[['zoek1', '2020-04-06T22:01:06.423880Z']]"
https://gitcoin.co/issue/20751,AmbireTech,adex-protocol-eth,"[['bobface', '2020-03-13T11:13:33.560309Z']]"
https://gitcoin.co/issue/20731,web3swift-team,web3swift,"[['baldyash', '2020-03-19T11:12:57.932480Z']]"
https://gitcoin.co/issue/21519,gitcoinco,web,"[['thecydonian', '2020-05-01T19:03:04.920742Z']]"
https://gitcoin.co/issue/21595,gitcoinco,web,"[['zoek1', '2020-04-09T07:05:35.837976Z']]"
https://gitcoin.co/issue/21472,gitcoinco,web,"[['santteegt', '2020-03-19T17:36:12.528097Z']]"
https://gitcoin.co/issue/20826,gitcoinco,web,"[['b1dr', '2020-03-24T19:22:30.628553Z'], ['srisankethu', '2020-03-10T17:14:28.640115Z'], ['hamzaghz', '2020-03-13T20:27:25.277039Z'], ['merit-tech', '2020-03-26T20:32:21.791737Z'], ['merit-tech', '2020-03-26T20:32:21.774877Z'], ['writeprovidence', '2020-03-26T17:13:28.790891Z'], ['loganbek', '2020-03-18T21:55:36.351848Z'], ['blockchayne', '2020-03-18T16:44:44.095429Z'], ['giovannidisiena', '2020-03-11T20:17:36.747946Z'], ['blockchayne', '2020-03-14T17:23:44.491920Z'], ['dadahaha2020', '2020-03-10T20:24:47.836083Z'], ['calvinoea', '2020-03-11T19:22:19.318034Z'], ['vargaspeniel', '2020-03-13T20:12:39.460817Z'], ['atorbmain', '2020-03-25T23:59:50.363666Z'], ['blockchayne', '2020-03-23T05:12:54.795486Z']]"
https://gitcoin.co/issue/19453,gitcoinco,web,"[['shitzu-mc01', '2020-03-09T18:18:19.690545Z']]"
https://gitcoin.co/issue/21023,vyperlang,vyper,"[['iamdefinitelyahuman', '2020-03-24T19:18:49.473037Z']]"
https://gitcoin.co/issue/20637,gitcoinco,web,"[['atorbmain', '2020-03-13T23:09:23.040368Z'], ['kushmd', '2020-03-15T18:17:34.135633Z'], ['roundtree-larry', '2020-03-13T23:09:23.021522Z'], ['l-kh', '2020-03-15T10:07:08.381331Z'], ['thecydonian', '2020-03-12T03:34:37.062388Z']]"
https://gitcoin.co/issue/28339,oceanprotocol-archive,bounties,[]
https://gitcoin.co/issue/20755,ensdomains,address-encoder,"[['momodaka', '2020-03-07T06:40:22.949536Z'], ['xiaods', '2020-03-07T07:20:52.300504Z'], ['maksim-tolo', '2020-03-08T20:39:55.151755Z']]"
https://gitcoin.co/issue/25235,austintgriffith,eth.build,"[['sebastiantf', '2020-03-07T03:02:05.653226Z']]"
https://gitcoin.co/issue/28338,austintgriffith,eth.build,[]
https://gitcoin.co/issue/20956,gitcoinco,web,"[['zoek1', '2020-03-05T21:36:17.962070Z']]"
https://gitcoin.co/issue/20955,gitcoinco,web,"[['zoek1', '2020-03-09T11:23:20.534183Z']]"
https://gitcoin.co/issue/20702,gitcoinco,web,"[['youssefs0102', '2020-03-16T18:26:11.857348Z'], ['atorbmain', '2020-03-10T23:15:05.542146Z'], ['b1dr', '2020-03-10T14:54:34.393497Z'], ['biuxmaster', '2020-03-17T14:48:45.140406Z'], ['virtual-face', '2020-03-11T19:23:47.186309Z'], ['kamal13afin', '2020-03-10T15:08:08.988507Z'], ['nanshulot', '2020-03-18T18:15:16.525214Z'], ['kvndlgs', '2020-03-11T17:04:18.920048Z'], ['thecydonian', '2020-03-08T22:20:27.957527Z'], ['hamzaghz', '2020-03-09T14:22:45.633171Z'], ['roundtree-larry', '2020-03-14T00:17:53.493430Z'], ['merit-tech', '2020-03-18T21:19:27.292840Z'], ['l-kh', '2020-03-10T10:36:00.853700Z'], ['writeprovidence', '2020-03-13T18:11:41.082276Z']]"
https://gitcoin.co/issue/19399,blockchain-etl,ethereum-etl-airflow,"[['sebastiantf', '2020-03-04T19:15:40.498769Z']]"
https://gitcoin.co/issue/21432,xamarin,Xamarin.Forms,"[['bobface', '2020-03-05T14:13:23.382027Z']]"
https://gitcoin.co/issue/23045,gitcoinco,web,"[['molecula451', '2020-06-21T02:31:29.465849Z']]"
https://gitcoin.co/issue/19476,cybersemics,em,"[['xiaods', '2020-03-10T17:13:53.134126Z'], ['xiaods', '2020-03-03T14:12:48.058809Z']]"
https://gitcoin.co/issue/25234,austintgriffith,eth.build,"[['bobface', '2020-03-02T10:33:54.155039Z']]"
https://gitcoin.co/issue/28337,austintgriffith,eth.build,[]
https://gitcoin.co/issue/21479,gitcoinco,web,"[['zoek1', '2020-04-08T15:05:57.513023Z']]"
https://gitcoin.co/issue/19364,gitcoinco,web,"[['developerfred', '2020-02-28T21:27:47.225338Z']]"
https://gitcoin.co/issue/21483,gitcoinco,web,"[['cupojoseph', '2020-04-06T19:11:56.932270Z']]"
https://gitcoin.co/issue/25233,INFURA,infura,[]
https://gitcoin.co/issue/28336,INFURA,infura,[]
https://gitcoin.co/issue/20686,centrifuge,website,"[['sounak98', '2020-03-06T14:09:18.239953Z']]"
https://gitcoin.co/issue/19321,centrifuge,documentation,"[['agbilotia1998', '2020-02-27T12:29:30.965451Z']]"
https://gitcoin.co/issue/19450,centrifuge,documentation,"[['millnitzluan', '2020-03-05T17:17:11.506935Z']]"
https://gitcoin.co/issue/20873,centrifuge,documentation,"[['acolytec3', '2020-03-02T21:11:52.044465Z']]"
https://gitcoin.co/issue/22109,NebulousLabs,Skynet-Hive,"[['tetek', '2020-03-14T00:17:23.766004Z'], ['tetek', '2020-03-14T00:17:23.731420Z'], ['kunalkamble', '2020-03-15T06:12:49.318071Z'], ['bakaoh', '2020-03-15T06:12:49.282340Z'], ['unbilth', '2020-03-17T06:11:28.663976Z'], ['markichu', '2020-03-16T18:18:58.158369Z'], ['t-900-a', '2020-03-16T06:12:42.859365Z'], ['dawe35', '2020-03-14T00:17:23.325107Z'], ['isabelgeek', '2020-03-16T00:47:24.991539Z'], ['javgh', '2020-03-14T00:17:23.548151Z'], ['ariesjia', '2020-03-15T19:08:54.407579Z'], ['oussema', '2020-03-15T17:49:41.835739Z'], ['brandonwestcott', '2020-03-15T00:11:55.383079Z'], ['redsolver', '2020-03-15T22:19:53.639310Z'], ['redsolver', '2020-03-15T22:19:53.613763Z'], ['ariesjia', '2020-03-15T19:08:54.433586Z'], ['latenthero', '2020-03-15T12:11:18.621568Z'], ['latenthero', '2020-03-15T12:11:18.582346Z'], ['reznikmm', '2020-03-15T12:11:18.490193Z'], ['kcchouette', '2020-03-15T12:11:18.544314Z'], ['akbarnafisa', '2020-03-14T18:12:36.505898Z'], ['hdriqi', '2020-03-14T00:17:23.408986Z'], ['redsolver', '2020-03-15T22:19:53.588397Z'], ['ivanmolto', '2020-03-14T00:17:23.377132Z'], ['vbstreetz', '2020-03-14T00:17:23.348881Z'], ['brianspha', '2020-03-15T17:39:02.803836Z'], ['leroyshirto', '2020-03-15T22:19:53.556277Z'], ['vporton', '2020-03-14T00:17:23.295418Z'], ['aj07', '2020-03-14T06:14:02.774843Z'], ['psudoanon', '2020-03-15T22:19:53.664610Z'], ['happyman811', '2020-03-15T17:39:02.740306Z'], ['ariesjia', '2020-03-15T19:08:54.376626Z'], ['ariesjia', '2020-03-15T19:08:54.344385Z'], ['avalonche', '2020-03-14T00:17:23.698388Z'], ['javgh', '2020-03-14T00:17:23.642052Z'], ['javgh', '2020-03-14T00:17:23.493316Z'], ['viraja1', '2020-03-14T00:17:23.443978Z'], ['skynethubio', '2020-03-16T06:12:42.806107Z'], ['zoek1', '2020-03-16T06:12:42.737541Z'], ['zoek1', '2020-03-16T06:12:42.684453Z'], ['unbilth', '2020-03-16T06:12:42.635697Z'], ['masaun', '2020-03-15T19:32:00.212045Z']]"
https://gitcoin.co/issue/25232,INFURA,infura,[]
https://gitcoin.co/issue/28335,INFURA,infura,[]
https://gitcoin.co/issue/19386,harmonylion,ideamarkets,[]
https://gitcoin.co/issue/25231,blockchainforsocialimpact,incubator,"[['nestorbonilla', '2020-04-09T04:57:03.577743Z'], ['alexvotofuture', '2020-03-31T20:27:34.701654Z'], ['nestorbonilla', '2020-04-09T04:57:03.597283Z'], ['distributeddoge', '2020-04-09T09:57:00.104862Z']]"
https://gitcoin.co/issue/28334,blockchainforsocialimpact,incubator,[]
https://gitcoin.co/issue/19387,harmonylion,ideamarkets,"[['bobface', '2020-02-26T19:29:21.932409Z']]"
https://gitcoin.co/issue/19415,ensdomains,address-encoder,"[['x5engine', '2020-02-27T03:47:24.895109Z'], ['jay-dee7', '2020-02-25T06:55:55.383928Z'], ['inspireme6', '2020-02-28T05:58:54.251306Z']]"
https://gitcoin.co/issue/19264,robsecord,ChargedParticlesWeb,[]
https://gitcoin.co/issue/19276,oxen-io,session-desktop,"[['konstantinullrich', '2020-02-24T19:34:36.113611Z']]"
https://gitcoin.co/issue/19503,skr-v,PixelArtDecentraland,"[['mul1sh', '2020-02-26T12:30:13.889381Z']]"
https://gitcoin.co/issue/25228,videoDAC,android,"[['adrianhacker-pdx', '2020-03-14T18:06:49.942677Z']]"
https://gitcoin.co/issue/28331,videoDAC,android,[]
https://gitcoin.co/issue/19251,skr-v,PixelArtDecentraland,"[['mul1sh', '2020-02-23T15:24:58.911406Z']]"
https://gitcoin.co/issue/19277,likecoin,liker-land,"[['darksorrow', '2020-02-25T20:58:07.472942Z']]"
https://gitcoin.co/issue/19435,harmonylion,ideamarkets,[]
https://gitcoin.co/issue/19272,quilt,pm,"[['kfichter', '2020-02-21T17:23:33.957243Z']]"
https://gitcoin.co/issue/25226,harmonylion,ideamarkets,"[['bobface', '2020-02-21T16:24:27.853277Z']]"
https://gitcoin.co/issue/28329,harmonylion,ideamarkets,[]
https://gitcoin.co/issue/19193,gitcoinco,web,"[['shitzu-mc01', '2020-02-20T19:18:50.290926Z']]"
https://gitcoin.co/issue/19191,thelostone-mc,holo,"[['shitzu-mc01', '2020-02-20T19:18:42.043082Z']]"
https://gitcoin.co/issue/19216,harmonylion,ideamarkets,"[['pbteja1998', '2020-02-21T01:33:59.329012Z']]"
https://gitcoin.co/issue/25224,harmonylion,ideamarkets,"[['kichjang', '2020-02-22T09:10:23.409790Z'], ['bobface', '2020-02-22T17:56:29.272609Z']]"
https://gitcoin.co/issue/28327,harmonylion,ideamarkets,[]
https://gitcoin.co/issue/19177,robsecord,ChargedParticlesWeb,"[['calchulus', '2020-02-19T05:50:13.866044Z']]"
https://gitcoin.co/issue/19317,gitcoinco,web,"[['sounak98', '2020-02-23T06:14:27.470753Z']]"
https://gitcoin.co/issue/19200,gitcoinco,web,"[['kichjang', '2020-02-20T09:29:37.637876Z']]"
https://gitcoin.co/issue/19282,gitcoinco,web,"[['zoek1', '2020-02-21T11:44:33.950486Z']]"
https://gitcoin.co/issue/21468,gitcoinco,web,"[['walidmujahid', '2020-02-24T10:49:31.674049Z']]"
https://gitcoin.co/issue/19159,web3swift-team,web3swift,[]
https://gitcoin.co/issue/19456,pegnet,pegnet,"[['proy24', '2020-03-04T10:51:08.563695Z']]"
https://gitcoin.co/issue/20658,pegnet,pegnetd,"[['man-jain', '2020-03-16T17:21:52.857781Z']]"
https://gitcoin.co/issue/25220,unstoppabledomains,decentralized-websites,"[['aranhaagency', '2020-02-14T05:14:48.602944Z']]"
https://gitcoin.co/issue/28323,unstoppabledomains,decentralized-websites,[]
https://gitcoin.co/issue/19427,Consensys,protocol-BountiedWork,"[['atoulme', '2020-02-27T06:51:09.650616Z']]"
https://gitcoin.co/issue/25219,Consensys,protocol-BountiedWork,[]
https://gitcoin.co/issue/28322,Consensys,protocol-BountiedWork,[]
https://gitcoin.co/issue/19132,ProofSuite,OrFeed,"[['jmlon', '2020-02-15T22:21:16.498000Z']]"
https://gitcoin.co/issue/25218,ethereum-lists,tokens,"[['aranhaagency', '2020-02-11T20:59:05.514885Z']]"
https://gitcoin.co/issue/28321,ethereum-lists,tokens,[]
https://gitcoin.co/issue/25216,prysmaticlabs,prysm,"[['aranhaagency', '2020-02-11T20:50:44.426317Z']]"
https://gitcoin.co/issue/28319,prysmaticlabs,prysm,[]
https://gitcoin.co/issue/20812,prysmaticlabs,prysm,"[['rauljordan', '2020-03-25T14:10:58.769837Z']]"
https://gitcoin.co/issue/25215,ArweaveTeam,Bounties,"[['igastatus', '2020-06-18T17:34:36.172473Z'], ['gturkoglu', '2020-04-27T19:22:43.996607Z'], ['anldrms', '2020-04-27T19:22:44.016962Z'], ['rickrods', '2020-05-10T19:10:49.123261Z']]"
https://gitcoin.co/issue/28318,ArweaveTeam,Bounties,[]
https://gitcoin.co/issue/19070,ProofSuite,OrFeed,"[['mul1sh', '2020-02-12T01:08:28.747303Z']]"
https://gitcoin.co/issue/19040,ProofSuite,OrFeed,[]
https://gitcoin.co/issue/19033,cybercongress,cyb,"[['darksorrow', '2020-02-08T20:43:39.546563Z']]"
https://gitcoin.co/issue/19446,yanganto,s3rs,"[['xiaods', '2020-02-28T15:11:52.261986Z']]"
https://gitcoin.co/issue/21306,gitcoinco,web,"[['kichjang', '2020-02-16T22:45:08.194856Z']]"
https://gitcoin.co/issue/19044,ProofSuite,OrFeed,"[['mul1sh', '2020-02-08T04:07:44.197607Z']]"
https://gitcoin.co/issue/18983,gitcoinco,web,"[['shitzu-mc01', '2020-02-05T19:18:33.760453Z']]"
https://gitcoin.co/issue/19051,ecency,steemapi,"[['developerfred', '2020-02-08T01:20:57.968508Z']]"
https://gitcoin.co/issue/21401,gitcoinco,web,"[['kichjang', '2020-02-16T22:44:08.241207Z']]"
https://gitcoin.co/issue/18989,ProofSuite,OrFeed,[]
https://gitcoin.co/issue/19340,wearekickback,app,"[['tomafrench', '2020-02-08T04:34:55.898595Z']]"
https://gitcoin.co/issue/19238,gitcoinco,web,"[['man-jain', '2020-02-12T20:10:28.892085Z'], ['santteegt', '2020-02-11T22:24:34.975839Z']]"
https://gitcoin.co/issue/18950,contributor-assistant,github-action,"[['ibakshay', '2020-02-03T11:43:01.667430Z']]"
https://gitcoin.co/issue/25212,INFURA,infura,"[['l-kh', '2020-02-01T19:08:32.405859Z']]"
https://gitcoin.co/issue/28315,INFURA,infura,[]
https://gitcoin.co/issue/25211,INFURA,infura,[]
https://gitcoin.co/issue/28314,INFURA,infura,[]
https://gitcoin.co/issue/19072,ProofSuite,OrFeed,"[['nikhil3000', '2020-02-12T06:14:58.697768Z']]"
https://gitcoin.co/issue/18899,gitcoinco,web,"[['octavioamu', '2020-01-30T07:17:54.778679Z']]"
https://gitcoin.co/issue/18908,harmonylion,ideamarkets,"[['pengiundev', '2020-01-30T19:36:22.054312Z']]"
https://gitcoin.co/issue/19298,ryan-foamspace,Sustain-Web3-hackathon,"[['abhimanyu121', '2020-02-12T23:47:35.559175Z'], ['vbstreetz', '2020-02-12T23:11:17.187442Z'], ['dhodge229', '2020-02-12T21:54:52.602514Z']]"
https://gitcoin.co/issue/25207,simpleaswater,rfcs,"[['man-jain', '2020-02-13T01:08:30.469791Z'], ['coolcryptomaniac', '2020-02-13T18:40:32.077280Z'], ['jshanks21', '2020-02-05T16:21:32.457005Z'], ['sifaw23', '2020-04-14T20:00:42.922504Z'], ['vaultec81', '2020-04-11T21:17:59.493351Z']]"
https://gitcoin.co/issue/28310,simpleaswater,rfcs,[]
https://gitcoin.co/issue/18898,gitcoinco,web,"[['thelostone-mc', '2020-01-30T07:17:51.606460Z'], ['shitzu-mc01', '2020-01-30T07:17:51.532043Z']]"
https://gitcoin.co/issue/25206,dfuse-io,hackathons,"[['proy24', '2020-02-12T16:47:28.050607Z'], ['robsecord', '2020-02-12T23:43:02.724539Z']]"
https://gitcoin.co/issue/28309,dfuse-io,hackathons,[]
https://gitcoin.co/issue/25205,dfuse-io,hackathons,"[['triplespeeder', '2020-02-12T16:35:47.868055Z']]"
https://gitcoin.co/issue/28308,dfuse-io,hackathons,[]
https://gitcoin.co/issue/25203,Consensys,Relays,"[['aj07', '2020-02-11T17:16:35.934507Z'], ['crisgarner', '2020-02-13T02:16:01.351198Z'], ['robsecord', '2020-02-11T23:01:27.988252Z'], ['makoto', '2020-02-12T11:08:45.785579Z']]"
https://gitcoin.co/issue/28306,Consensys,Relays,[]
https://gitcoin.co/issue/25204,dfuse-io,hackathons,"[['proy24', '2020-02-12T22:39:27.487796Z'], ['robsecord', '2020-02-12T23:31:16.353661Z'], ['n0name-sw3', '2020-02-11T13:37:51.820424Z']]"
https://gitcoin.co/issue/28307,dfuse-io,hackathons,[]
https://gitcoin.co/issue/25202,Consensys,Relays,"[['robsecord', '2020-02-11T22:48:51.109750Z'], ['zoek1', '2020-02-12T22:50:29.723831Z'], ['aj07', '2020-02-11T17:16:50.284475Z'], ['coolcryptomaniac', '2020-02-14T02:06:11.217397Z']]"
https://gitcoin.co/issue/28305,Consensys,Relays,[]
https://gitcoin.co/issue/19300,ryan-foamspace,Sustain-Web3-hackathon,"[['kanika1799', '2020-02-12T18:01:02.892416Z'], ['balasan', '2020-02-13T03:09:22.033623Z'], ['walidmujahid', '2020-02-12T23:50:57.266524Z'], ['0xmikko', '2020-02-12T22:13:15.041703Z'], ['zoek1', '2020-02-12T22:50:31.592350Z']]"
https://gitcoin.co/issue/25200,bancorprotocol,contracts-solidity,"[['pisuthd', '2020-02-28T20:27:46.112785Z'], ['man-jain', '2020-02-12T20:20:31.862926Z'], ['x5engine', '2020-03-01T13:40:01.876811Z'], ['brianspha', '2020-02-13T00:43:40.018318Z'], ['proy24', '2020-02-29T04:33:18.879650Z']]"
https://gitcoin.co/issue/28303,bancorprotocol,contracts-solidity,[]
https://gitcoin.co/issue/18835,gitcoinco,web,"[['shitzu-mc01', '2020-01-28T19:18:37.616426Z'], ['thelostone-mc', '2020-01-28T19:18:37.690616Z']]"
https://gitcoin.co/issue/18834,gitcoinco,web,"[['shitzu-mc01', '2020-01-28T19:18:33.185005Z'], ['thelostone-mc', '2020-01-28T19:18:33.330602Z']]"
https://gitcoin.co/issue/19379,gitcoinco,web,"[['thedatadesigner', '2020-03-02T05:01:26.523848Z'], ['hamzaghz', '2020-03-02T15:15:30.670823Z'], ['hamzaghz', '2020-03-02T15:15:30.772564Z'], ['thecydonian', '2020-02-28T16:48:59.209787Z']]"
https://gitcoin.co/issue/18946,chejazi,points-challenge,"[['apoorvlathey', '2020-02-02T04:12:04.675538Z'], ['adriancova', '2020-02-02T06:10:01.846399Z'], ['unmay', '2020-02-02T01:09:25.144347Z'], ['markichu', '2020-02-01T05:27:14.842018Z'], ['adrianhacker-pdx', '2020-01-29T16:45:25.101036Z']]"
https://gitcoin.co/issue/18894,ProofSuite,OrFeed,"[['kichjang', '2020-01-29T17:41:56.739573Z']]"
https://gitcoin.co/issue/18881,OneMillionDevs,bounties,"[['dyorme', '2020-01-28T15:59:17.210768Z'], ['coolcryptomaniac', '2020-01-28T03:15:32.828027Z'], ['robbiekruszynski', '2020-01-26T21:29:33.977531Z'], ['writeprovidence', '2020-01-28T11:09:31.653681Z'], ['markichu', '2020-01-27T09:45:05.247683Z'], ['mccallofthewild', '2020-01-29T19:09:58.821901Z']]"
https://gitcoin.co/issue/18880,ProofSuite,OrFeed,"[['naggertooth', '2020-01-27T14:55:31.965235Z']]"
https://gitcoin.co/issue/19437,cadCAD-org,cadCAD,"[['sembrestels', '2020-03-06T19:40:20.600979Z']]"
https://gitcoin.co/issue/18797,ProofSuite,OrFeed,[]
https://gitcoin.co/issue/18789,ProofSuite,OrFeed,"[['dvdbng', '2020-01-25T16:04:16.515127Z']]"
https://gitcoin.co/issue/19060,gitcoinco,web,"[['zoek1', '2020-01-27T00:53:56.107815Z']]"
https://gitcoin.co/issue/22419,gitcoinco,web,"[['zoek1', '2020-02-01T01:08:19.968036Z']]"
https://gitcoin.co/issue/19373,gitcoinco,web,"[['zoek1', '2020-01-29T17:51:15.095818Z']]"
https://gitcoin.co/issue/19514,TruSat,trusat-backend,"[['cameronfr', '2020-03-02T21:22:37.792733Z']]"
https://gitcoin.co/issue/18748,gitcoinco,web,"[['shitzu-mc01', '2020-01-24T19:19:41.112886Z']]"
https://gitcoin.co/issue/25199,FlorianGe96,GitcoinEngage,"[['fatmanwalking', '2020-01-23T15:58:41.021304Z']]"
https://gitcoin.co/issue/28302,FlorianGe96,GitcoinEngage,[]
https://gitcoin.co/issue/18661,michael-spengler,gitcoin-test,"[['ibakshay', '2020-01-23T08:24:17.349873Z']]"
https://gitcoin.co/issue/19374,gitcoinco,web,"[['sebastiantf', '2020-02-14T16:43:06.505353Z']]"
https://gitcoin.co/issue/18629,michael-spengler,gitcoin-test,"[['hawkman59', '2020-01-22T14:14:50.190096Z']]"
https://gitcoin.co/issue/18624,michael-spengler,gitcoin-test,"[['felixwaage', '2020-01-22T13:29:12.694687Z']]"
https://gitcoin.co/issue/18803,skr-v,PixelArtDCL,"[['sebastiantf', '2020-01-27T07:11:50.121958Z']]"
https://gitcoin.co/issue/25197,harmonylion,99designsformemes,"[['dyorme', '2020-01-22T23:16:36.108903Z'], ['ashline', '2020-01-22T19:56:00.878135Z'], ['cervoneluca', '2020-01-22T13:58:15.294097Z'], ['hamzaghz', '2020-02-15T12:22:43.504380Z'], ['thecydonian', '2020-02-16T01:07:28.399446Z'], ['hamzaghz', '2020-01-31T17:36:37.230308Z'], ['krajarajan', '2020-02-06T09:13:10.308589Z'], ['ianfinn1994', '2020-02-10T13:07:23.631936Z'], ['satrianak', '2020-01-24T17:25:35.424096Z'], ['elliottjobmann', '2020-02-18T01:31:47.471216Z'], ['fufik', '2020-02-15T18:11:47.171390Z'], ['csplawn918794', '2020-11-25T11:12:48.915793Z'], ['zharjac', '2020-01-24T14:02:21.923513Z'], ['x5engine', '2020-01-24T00:32:26.843095Z'], ['7ada', '2020-02-21T19:03:11.036402Z'], ['kvndlgs', '2020-02-04T21:55:33.851426Z'], ['syadox', '2020-01-23T21:48:21.255492Z'], ['arnaudbourdonnay', '2020-02-25T18:11:43.339400Z'], ['hbarcelos', '2020-01-23T21:27:36.382102Z']]"
https://gitcoin.co/issue/28300,harmonylion,99designsformemes,[]
https://gitcoin.co/issue/18588,agarwalyeshu,node-okex-ws-spot,"[['samistart', '2020-01-22T00:29:49.140513Z']]"
https://gitcoin.co/issue/18975,MyBitFoundation,MyBit-Go.website,"[['mul53', '2020-01-25T13:13:25.340396Z']]"
https://gitcoin.co/issue/18583,danlipert,gitcoin-test,"[['dangitcoin', '2020-01-21T19:18:50.678466Z']]"
https://gitcoin.co/issue/18572,MyBitFoundation,MyBit-UI-Toolkit.app,"[['mul53', '2020-01-21T10:38:52.011245Z']]"
https://gitcoin.co/issue/19048,gitcoinco,web,"[['mul53', '2020-02-07T18:26:06.764384Z']]"
https://gitcoin.co/issue/18562,ethhub-io,ethhub,"[['adrianhacker-pdx', '2020-01-20T00:03:14.308957Z']]"
https://gitcoin.co/issue/26982,gitcoinco,web,[]
https://gitcoin.co/issue/18911,gitcoinco,web,[]
https://gitcoin.co/issue/18906,gitcoinco,web,"[['kichjang', '2020-01-21T12:21:01.544547Z']]"
https://gitcoin.co/issue/25196,quilt,pm,"[['kfichter', '2020-01-17T20:27:58.637650Z']]"
https://gitcoin.co/issue/28299,quilt,pm,[]
https://gitcoin.co/issue/18384,danlipert,gitcoin-test,"[['dangitcoin', '2020-01-15T19:19:08.808251Z']]"
https://gitcoin.co/issue/18472,gitcoinco,desktop-app,"[['sebastiantf', '2020-01-16T19:15:59.965446Z']]"
https://gitcoin.co/issue/18584,skr-v,PixelArtDCL,"[['sebastiantf', '2020-01-20T19:00:59.191288Z']]"
https://gitcoin.co/issue/18410,ethereum,eth2.0-pm,[]
https://gitcoin.co/issue/18589,Arachnid,ethjs-abi-bigquery,"[['kichjang', '2020-01-16T06:12:15.087882Z'], ['kichjang', '2020-01-16T06:12:56.369535Z']]"
https://gitcoin.co/issue/18369,dap-ps,discover,"[['iamonuwa', '2020-01-14T16:21:26.732644Z']]"
https://gitcoin.co/issue/23904,Minds,minds,[]
https://gitcoin.co/issue/20949,Minds,minds,[]
https://gitcoin.co/issue/18822,tornadocash,tornado-core,"[['solexplorer', '2020-01-27T12:55:31.089000Z']]"
https://gitcoin.co/issue/18476,Arcology-Builders,democracy,"[['mul53', '2020-01-17T13:20:20.193295Z']]"
https://gitcoin.co/issue/18181,gitcoinco,web,"[['iamonuwa', '2020-01-11T17:33:01.654394Z']]"
https://gitcoin.co/issue/18528,ethhub-io,ethhub,"[['acolytec3', '2020-01-18T11:30:12.803429Z']]"
https://gitcoin.co/issue/18878,ethhub-io,ethhub,"[['sanchaymittal', '2020-01-23T19:39:31.198018Z']]"
https://gitcoin.co/issue/18529,ethhub-io,ethhub,"[['adrianhacker-pdx', '2020-01-18T03:32:49.588853Z']]"
https://gitcoin.co/issue/18530,ethhub-io,ethhub,"[['adrianhacker-pdx', '2020-01-16T08:55:51.191394Z']]"
https://gitcoin.co/issue/20948,gitcoinco,web,"[['evgeniuz', '2020-02-05T15:23:47.651048Z']]"
https://gitcoin.co/issue/19443,OneMillionDevs,bounties,"[['arsena21', '2020-01-27T16:24:45.516391Z'], ['datakarima', '2020-01-29T21:21:11.588275Z'], ['dyorme', '2020-01-24T22:12:13.515476Z'], ['thecydonian', '2020-02-13T02:24:28.287615Z'], ['datakarima', '2020-02-25T00:24:27.300373Z'], ['oussema', '2020-02-25T00:24:27.454011Z'], ['dyorme', '2020-01-20T22:20:11.935289Z']]"
https://gitcoin.co/issue/18167,AstarNetwork,Astar,"[['think-in-universe', '2020-01-10T06:43:54.679885Z']]"
https://gitcoin.co/issue/18939,sablier-labs,v1-protocol,"[['triplespeeder', '2020-01-22T15:02:22.598738Z'], ['brianspha', '2020-01-23T23:43:40.612483Z'], ['mccallofthewild', '2020-01-24T05:25:24.134355Z'], ['cameronfr', '2020-01-21T06:09:55.237484Z']]"
https://gitcoin.co/issue/18150,gitcoinco,web,"[['shitzu-mc01', '2020-01-09T19:18:35.552547Z']]"
https://gitcoin.co/issue/18914,gitcoinco,web,"[['walidmujahid', '2020-01-23T22:57:11.753247Z'], ['zoek1', '2020-01-23T19:23:34.479774Z']]"
https://gitcoin.co/issue/18940,sablier-labs,v1-protocol,"[['masaun', '2020-01-23T13:48:14.565045Z']]"
https://gitcoin.co/issue/18904,INFURA,hackathons,"[['sanchaymittal', '2020-01-23T23:06:24.275226Z'], ['inspirationaltwist', '2020-01-23T23:06:23.812874Z'], ['viraja1', '2020-01-23T23:06:23.719170Z'], ['solexplorer', '2020-01-23T23:06:23.623211Z'], ['nanspro', '2020-01-23T23:06:23.526952Z'], ['miraj98', '2020-01-23T23:06:23.327646Z'], ['abhimanyu121', '2020-01-23T23:06:22.382369Z'], ['wisdomabioye', '2020-01-23T23:06:24.455964Z'], ['crisgarner', '2020-01-23T23:06:24.522100Z'], ['mul1sh', '2020-01-23T23:06:24.071069Z'], ['rodrigosobrero', '2020-01-23T23:06:24.175232Z'], ['ivanmolto', '2020-01-23T23:06:23.228438Z'], ['kanika1799', '2020-01-23T23:06:23.077511Z'], ['eharris128', '2020-01-23T23:06:22.794187Z'], ['cervoneluca', '2020-01-23T23:06:23.904080Z'], ['netpoe', '2020-01-23T23:06:22.565742Z'], ['naszam', '2020-01-23T23:06:22.986219Z'], ['itsencrypted', '2020-01-23T23:06:24.365541Z'], ['eatablewonderful', '2020-01-23T23:06:23.999371Z'], ['man-jain', '2020-01-23T23:06:23.164379Z'], ['samgos', '2020-01-23T23:06:22.887432Z'], ['emmaodia', '2020-01-23T23:06:22.680367Z']]"
https://gitcoin.co/issue/18890,INFURA,hackathons,"[['abhimanyu121', '2020-01-22T18:17:52.246964Z'], ['cervoneluca', '2020-01-23T23:55:48.860710Z'], ['viraja1', '2020-01-24T01:57:31.759411Z'], ['man-jain', '2020-01-23T22:15:29.323268Z'], ['jmsofarelli', '2020-01-23T22:42:11.448595Z']]"
https://gitcoin.co/issue/18891,INFURA,hackathons,"[['wisdomabioye', '2020-01-24T01:14:32.326163Z'], ['destiner', '2020-01-23T14:06:56.335733Z']]"
https://gitcoin.co/issue/18336,skr-v,PixelArtDCL,"[['sebastiantf', '2020-01-15T03:12:59.936029Z']]"
https://gitcoin.co/issue/25195,MetaMask,Hackathons,"[['palanes1978', '2020-01-27T07:53:23.780644Z'], ['biconomy', '2020-01-25T06:00:29.989325Z'], ['mudgen', '2020-01-25T04:39:57.685157Z'], ['guiltygyoza', '2020-01-24T04:01:46.031847Z'], ['yoavw', '2020-01-24T02:42:06.958925Z'], ['amxx', '2020-01-22T14:45:02.544303Z'], ['peekpi', '2020-01-21T02:42:53.599823Z'], ['palanes1978', '2020-01-27T22:12:55.083105Z'], ['apexmfer', '2020-01-19T02:48:12.362573Z'], ['wighawag', '2020-01-23T06:29:08.689446Z'], ['tomarsachin2271', '2020-01-23T22:06:39.066786Z'], ['stonecoldpat', '2020-01-23T21:20:08.798061Z'], ['okduncan', '2020-01-25T02:05:05.746949Z']]"
https://gitcoin.co/issue/28298,MetaMask,Hackathons,[]
https://gitcoin.co/issue/18958,wearekickback,app,"[['molecula451', '2020-01-20T00:53:53.229607Z'], ['emmymay', '2020-01-13T00:44:28.246776Z'], ['beebeehem', '2020-01-18T06:51:38.791445Z']]"
https://gitcoin.co/issue/18959,wearekickback,app,"[['owans', '2020-01-23T12:22:25.441375Z'], ['bobeu', '2020-01-22T13:41:27.118383Z'], ['crisgarner', '2020-01-10T04:40:07.012856Z'], ['emmaodia', '2020-01-10T00:18:00.722265Z'], ['andyboyan', '2020-01-23T17:20:43.999493Z'], ['andyboyan', '2020-01-12T19:08:16.371420Z']]"
https://gitcoin.co/issue/18258,wearekickback,app,"[['tomafrench', '2020-01-12T19:21:22.666807Z']]"
https://gitcoin.co/issue/18647,wearekickback,app,"[['think-in-universe', '2020-01-11T21:36:49.680875Z']]"
https://gitcoin.co/issue/18776,GrahamMcBain,EmbarkDeveloperSurvey,"[['adriancova', '2020-01-17T07:21:41.277855Z'], ['solexplorer', '2020-01-17T07:21:40.460420Z'], ['cervoneluca', '2020-01-19T13:19:53.803543Z'], ['yogiramadhan', '2020-01-24T15:37:45.215581Z'], ['inspirationaltwist', '2020-01-17T07:21:41.478733Z'], ['srisankethu', '2020-01-24T13:27:27.766251Z'], ['glassbeadgame', '2020-01-24T13:27:27.480071Z'], ['isabelgeek', '2020-01-22T14:14:52.019547Z'], ['javkhaanj7', '2020-01-22T14:14:51.808244Z'], ['glassbeadgame', '2020-01-22T08:41:40.267124Z'], ['sebastiantf', '2020-01-17T07:21:40.986110Z'], ['aj07', '2020-01-19T07:21:23.026473Z'], ['draekus', '2020-01-17T07:21:41.183656Z'], ['tomafrench', '2020-01-20T21:11:38.991147Z'], ['snaketh4x0r', '2020-01-24T13:27:27.671880Z'], ['krtk6160', '2020-01-24T13:27:27.561827Z'], ['enkhdari', '2020-01-22T14:14:51.912162Z'], ['itsencrypted', '2020-01-21T19:43:42.237054Z'], ['androolloyd', '2020-01-17T07:21:41.607394Z'], ['acolytec3', '2020-01-17T07:21:40.667545Z'], ['enkhdari', '2020-01-22T08:41:40.495002Z'], ['javkhaanj7', '2020-01-22T08:41:40.353224Z'], ['molecula451', '2020-01-18T19:24:22.707097Z'], ['jacobmakarsky', '2020-01-17T07:21:42.048075Z'], ['samgos', '2020-01-17T07:21:40.556782Z'], ['edsphinx', '2020-01-21T19:43:42.334356Z'], ['arturgontijo', '2020-01-21T19:43:42.012231Z'], ['erikbjare', '2020-01-20T13:20:59.980882Z'], ['iamonuwa', '2020-01-17T15:25:31.618674Z'], ['sanchaymittal', '2020-01-17T07:21:42.149772Z'], ['molecula451', '2020-01-17T07:21:41.705466Z'], ['nanspro', '2020-01-17T07:21:41.876677Z'], ['mds1', '2020-01-17T07:21:41.550705Z'], ['sadepe', '2020-01-24T15:37:45.098808Z'], ['satrianak', '2020-01-24T15:37:44.970673Z'], ['mpandam123', '2020-01-24T15:37:44.863651Z'], ['maksim-tolo', '2020-01-18T13:12:53.600393Z'], ['schulz3000', '2020-01-22T20:49:49.514328Z'], ['mpandam123', '2020-01-24T17:04:30.893369Z'], ['yuwira', '2020-01-24T17:04:30.773616Z'], ['sebastiantf', '2020-01-17T07:21:40.845559Z'], ['leocn', '2020-01-17T07:21:40.090208Z'], ['itsencrypted', '2020-01-21T19:43:42.111162Z'], ['aj07', '2020-01-19T07:21:23.104149Z'], ['santteegt', '2020-01-17T07:21:41.960978Z'], ['sebastiantf', '2020-01-17T07:21:41.088376Z'], ['satrianak', '2020-01-24T20:24:30.474342Z'], ['rekpero', '2020-01-22T08:41:40.147019Z'], ['maksim-tolo', '2020-01-18T13:12:53.512743Z'], ['schulz3000', '2020-01-24T13:27:27.343151Z'], ['rodrigosobrero', '2020-01-20T19:41:41.509975Z'], ['porobov', '2020-01-20T09:03:27.211638Z'], ['blockchayne', '2020-01-19T19:28:23.550244Z'], ['janmoomoo', '2020-01-17T07:21:41.796223Z'], ['ivanmolto', '2020-01-17T07:21:40.229565Z'], ['roheat', '2020-01-17T07:21:41.382602Z'], ['iamonuwa', '2020-01-18T14:50:34.143347Z'], ['sagarjethi', '2020-01-18T14:50:34.029856Z'], ['tweetious', '2020-01-18T13:12:53.779159Z'], ['maksim-tolo', '2020-01-18T13:12:53.690774Z'], ['monosux', '2020-01-20T19:41:41.628089Z'], ['yuwira', '2020-01-24T20:24:30.617303Z'], ['molecula451', '2020-01-18T21:16:47.755131Z'], ['samscalet', '2020-01-17T07:21:40.347659Z'], ['ivanmolto', '2020-01-17T07:21:40.159515Z'], ['erikbjare', '2020-01-20T13:21:00.134613Z'], ['eatablewonderful', '2020-01-19T19:28:23.456944Z'], ['tweetious', '2020-01-18T13:12:53.881891Z']]"
https://gitcoin.co/issue/18972,stacks-network,bounties,"[['x5engine', '2020-01-24T00:01:05.947343Z']]"
https://gitcoin.co/issue/18971,stacks-network,bounties,"[['hatskier', '2020-01-23T01:17:07.885079Z']]"
https://gitcoin.co/issue/18973,stacks-network,bounties,"[['emmaodia', '2020-01-19T02:58:53.681279Z'], ['x5engine', '2020-01-18T21:26:45.345820Z'], ['hatskier', '2020-01-22T17:36:36.808079Z'], ['csplawn765', '2020-01-25T17:17:53.845848Z']]"
https://gitcoin.co/issue/19312,GrahamMcBain,EmbarkDeveloperSurvey,"[['samrahimi', '2020-01-22T05:45:19.048111Z'], ['enkhdari', '2020-01-23T07:15:43.550842Z'], ['man-jain', '2020-01-23T22:18:20.558324Z'], ['sirius651', '2020-02-27T11:45:49.204892Z'], ['coolcryptomaniac', '2020-01-23T08:49:03.757798Z'], ['untsop', '2020-01-23T07:00:22.233005Z'], ['coolcryptomaniac', '2020-01-22T06:37:46.742982Z'], ['aj07', '2020-01-19T05:08:47.877259Z'], ['inspirationaltwist', '2020-01-20T08:45:09.622341Z'], ['samscalet', '2020-01-15T22:14:32.496013Z'], ['itsencrypted', '2020-01-24T01:00:11.633636Z'], ['jacobmakarsky', '2020-01-17T05:33:53.879372Z'], ['javkhaanj7', '2020-01-23T07:19:15.998969Z'], ['molecula451', '2020-01-23T22:18:20.470891Z']]"
https://gitcoin.co/issue/18970,stacks-network,bounties,"[['davidyapdy', '2020-01-22T20:04:33.082081Z'], ['friedger', '2020-01-22T14:49:07.653124Z'], ['xanderjakeq', '2020-01-23T11:27:20.748480Z']]"
https://gitcoin.co/issue/18259,wearekickback,app,"[['tomafrench', '2020-01-09T16:34:19.544846Z']]"
https://gitcoin.co/issue/18241,gitcoinco,web,"[['iamonuwa', '2020-01-08T19:08:03.532707Z']]"
https://gitcoin.co/issue/19523,gitcoinco,skunkworks,[]
https://gitcoin.co/issue/19042,mesg-foundation,js-sdk,"[['uivlis', '2020-02-07T06:02:48.475616Z']]"
https://gitcoin.co/issue/19005,TruSat,trusat-frontend,"[['marcoautiero', '2020-01-15T18:33:02.986350Z']]"
https://gitcoin.co/issue/28296,TruSat,trusat-frontend,[]
https://gitcoin.co/issue/19012,gitcoinco,web,"[['iamonuwa', '2020-01-07T14:07:21.460520Z']]"
https://gitcoin.co/issue/18462,status-im,status-mobile,"[['samgos', '2020-01-14T15:25:20.605572Z']]"
https://gitcoin.co/issue/18206,Arcology-Builders,democracy,[]
https://gitcoin.co/issue/28294,Arcology-Builders,democracy,[]
https://gitcoin.co/issue/18956,leapdao,leap-contracts,[]
https://gitcoin.co/issue/18204,leapdao,leap-node,"[['agbilotia1998', '2020-01-12T14:34:27.131747Z']]"
https://gitcoin.co/issue/18067,videoDAC,streaming-back-end,"[['mul1sh', '2020-01-04T20:07:12.634489Z']]"
https://gitcoin.co/issue/18162,ethereum,eth2.0-pm,[]
https://gitcoin.co/issue/18500,ArweaveTeam,Bounties,"[['proy24', '2020-01-06T21:23:45.384701Z'], ['zoek1', '2020-01-16T04:45:21.153660Z'], ['mikehibbert', '2020-01-16T00:14:29.262027Z'], ['mul53', '2020-01-16T01:51:35.800079Z'], ['mccallofthewild', '2020-01-16T07:07:51.543932Z']]"
https://gitcoin.co/issue/24248,ArweaveTeam,Bounties,"[['jacobmakarsky', '2020-01-16T05:18:08.244092Z'], ['zoek1', '2020-01-16T04:42:33.148389Z'], ['jarethrader', '2020-01-15T22:36:08.078987Z'], ['proy24', '2020-01-10T23:00:20.909306Z'], ['rekpero', '2020-01-03T12:54:56.045467Z'], ['crypto-guys', '2020-01-02T09:35:34.648397Z'], ['benesjan', '2019-12-30T22:26:00.089249Z'], ['andreid', '2020-01-09T22:13:52.688188Z'], ['sunnymodi21', '2019-12-27T20:08:38.498843Z']]"
https://gitcoin.co/issue/28293,ArweaveTeam,Bounties,[]
https://gitcoin.co/issue/18153,gitcoinco,web,"[['iamonuwa', '2020-01-03T04:57:10.949614Z']]"
https://gitcoin.co/issue/27030,gitcoinco,web,[]
https://gitcoin.co/issue/24505,gitcoinco,web,"[['zoek1', '2019-12-31T00:59:53.144511Z']]"
https://gitcoin.co/issue/18093,gitcoinco,web,"[['mul53', '2019-12-26T23:13:24.546783Z']]"
https://gitcoin.co/issue/27029,gitcoinco,web,[]
https://gitcoin.co/issue/17966,monadic-xyz,web3,"[['iamonuwa', '2019-12-18T22:58:03.971668Z']]"
https://gitcoin.co/issue/27028,monadic-xyz,web3,[]
https://gitcoin.co/issue/17947,gitcoinco,web,"[['shitzu-mc01', '2019-12-18T19:18:08.661312Z']]"
https://gitcoin.co/issue/19283,1inch,1inchProtocol,"[['k06a', '2020-01-08T23:10:33.828974Z']]"
https://gitcoin.co/issue/18061,gitcoinco,web,"[['molecula451', '2019-12-21T21:25:39.991316Z']]"
https://gitcoin.co/issue/17989,cybersemics,em,"[['edsonayllon', '2019-12-21T00:16:00.119283Z']]"
https://gitcoin.co/issue/17955,harmonylion,ideamarkets,"[['iamonuwa', '2019-12-18T11:04:37.455869Z']]"
https://gitcoin.co/issue/28291,harmonylion,ideamarkets,[]
https://gitcoin.co/issue/17964,monadic-xyz,web3,[]
https://gitcoin.co/issue/17967,monadic-xyz,web3,"[['loganbek', '2019-12-18T23:33:25.539079Z']]"
https://gitcoin.co/issue/27027,monadic-xyz,web3,[]
https://gitcoin.co/issue/17959,Arcology-Builders,democracy,[]
https://gitcoin.co/issue/18033,eth-brownie,brownie,"[['agbilotia1998', '2019-12-29T21:40:20.610577Z']]"
https://gitcoin.co/issue/17829,mesg-foundation,js-sdk,"[['roms1383', '2019-12-12T07:55:45.818416Z']]"
https://gitcoin.co/issue/17903,cyborgshead,rank-sandbox,"[['vird', '2019-12-13T20:23:40.129871Z']]"
https://gitcoin.co/issue/17819,gitcoinco,web,"[['octavioamu', '2019-12-11T19:18:34.687403Z']]"
https://gitcoin.co/issue/17833,MyBitFoundation,MyBit-Go.app,"[['iamonuwa', '2019-12-11T21:28:32.518586Z']]"
https://gitcoin.co/issue/18001,diadata-org,diadata,"[['nazariyv', '2019-12-21T18:16:19.277469Z']]"
https://gitcoin.co/issue/17904,diadata-org,diadata,"[['nazariyv', '2019-12-15T21:46:01.506344Z']]"
https://gitcoin.co/issue/17972,cybersemics,em,"[['molecula451', '2019-12-20T05:42:05.118449Z']]"
https://gitcoin.co/issue/21612,gitcoinco,web,"[['molecula451', '2020-05-05T00:11:14.364140Z']]"
https://gitcoin.co/issue/17793,fvictorio-tests,hello-world,"[['fvictorio', '2019-12-10T19:18:00.021590Z']]"
https://gitcoin.co/issue/17792,fvictorio-tests,hello-world,"[['fvictorio-tests', '2019-12-10T19:17:56.371227Z']]"
https://gitcoin.co/issue/18099,ProofSuite,OrFeed,"[['man-jain', '2019-12-22T13:49:17.355255Z']]"
https://gitcoin.co/issue/17803,ProofSuite,OrFeed,"[['seichris', '2019-12-10T15:55:45.441035Z']]"
https://gitcoin.co/issue/18096,3box,3box,"[['zoek1', '2019-12-18T05:53:23.189969Z'], ['think-in-universe', '2019-12-15T16:20:43.916918Z']]"
https://gitcoin.co/issue/18460,status-im,status-mobile,"[['tbenr', '2020-01-06T11:09:33.440169Z']]"
https://gitcoin.co/issue/17909,diadata-org,diadata,"[['nazariyv', '2019-12-15T22:09:15.516272Z']]"
https://gitcoin.co/issue/18103,AstarNetwork,Astar,"[['think-in-universe', '2019-12-13T16:44:31.463352Z']]"
https://gitcoin.co/issue/17808,MyBitFoundation,MyBit-Go.app,"[['iamonuwa', '2019-12-08T08:07:56.136580Z']]"
https://gitcoin.co/issue/17749,MyBitFoundation,MyBit-Go.website,"[['iamonuwa', '2019-12-06T13:41:24.781579Z']]"
https://gitcoin.co/issue/17805,Arcology-Builders,democracy,"[['seichris', '2019-12-11T08:13:45.312960Z']]"
https://gitcoin.co/issue/28290,Arcology-Builders,democracy,[]
https://gitcoin.co/issue/18062,gitcoinco,web,"[['iamonuwa', '2019-12-08T08:09:21.115360Z']]"
https://gitcoin.co/issue/27026,gitcoinco,web,[]
https://gitcoin.co/issue/17720,thelostone-mc,holo,"[['shitzu-mc01', '2019-12-04T19:18:25.306858Z']]"
https://gitcoin.co/issue/17880,ethereum,eth2.0-pm,[]
https://gitcoin.co/issue/17956,Consensys,Consensys-Grants,"[['michaelcohen716', '2019-12-18T18:38:25.083618Z'], ['viraja1', '2019-12-17T01:52:32.252857Z'], ['crisgarner', '2019-12-16T07:07:41.306309Z'], ['thesachinmittal', '2019-12-19T15:46:20.293319Z'], ['xvettex', '2019-12-16T22:30:23.105012Z'], ['ebunayo', '2019-12-07T19:27:59.428986Z']]"
https://gitcoin.co/issue/17961,Consensys,Global-Community-Relay,"[['man-jain', '2019-12-18T10:04:59.944175Z'], ['kadenzipfel', '2019-12-18T04:04:37.091587Z'], ['owans', '2019-12-18T02:42:55.539421Z'], ['viraja1', '2019-12-18T02:20:58.019928Z']]"
https://gitcoin.co/issue/28289,Consensys,Global-Community-Relay,[]
https://gitcoin.co/issue/18076,Consensys,Global-Community-Relay,"[['thesachinmittal', '2019-12-18T10:32:43.563167Z'], ['rekpero', '2019-12-18T05:37:49.121990Z'], ['viraja1', '2019-12-18T02:43:32.149033Z'], ['viraja1', '2019-12-18T02:43:32.112043Z']]"
https://gitcoin.co/issue/18077,Consensys,Global-Community-Relay,"[['xvettex', '2019-12-17T23:13:22.057910Z'], ['pakokrew', '2019-12-16T21:15:07.491195Z'], ['michaelcohen716', '2019-12-17T23:55:56.411665Z'], ['thesachinmittal', '2019-12-18T10:31:56.470218Z'], ['okduncan', '2019-12-19T17:04:41.855468Z'], ['viraja1', '2019-12-18T03:47:37.543874Z']]"
https://gitcoin.co/issue/28288,Consensys,Global-Community-Relay,[]
https://gitcoin.co/issue/18078,Consensys,Global-Community-Relay,"[['thesachinmittal', '2019-12-18T10:27:22.033629Z'], ['xvettex', '2019-12-17T23:13:53.335702Z'], ['kadenzipfel', '2019-12-18T04:01:08.934257Z'], ['michaelcohen716', '2019-12-17T18:41:23.847284Z'], ['viraja1', '2019-12-18T04:12:31.131007Z']]"
https://gitcoin.co/issue/28287,Consensys,Global-Community-Relay,[]
https://gitcoin.co/issue/18200,3box,3box-chatbox-react,"[['tiramisu77', '2019-12-13T11:29:31.365006Z']]"
https://gitcoin.co/issue/17689,danlipert,gitcoin-test,"[['dangitcoin', '2019-12-03T19:17:56.899665Z']]"
https://gitcoin.co/issue/17781,ProofSuite,OrFeed,[]
https://gitcoin.co/issue/17686,ethereum,ethereum-org-website,[]
https://gitcoin.co/issue/25521,ethereum,ethereum-org-website,"[['antodp', '2021-04-13T09:24:30.057862Z']]"
https://gitcoin.co/issue/28286,ethereum,ethereum-org-website,[]
https://gitcoin.co/issue/17687,ethereum,ethereum-org-website,[]
https://gitcoin.co/issue/17710,ethereum,ethereum-org-website,"[['antodp', '2019-12-03T16:27:34.389558Z']]"
https://gitcoin.co/issue/28285,ethereum,ethereum-org-website,[]
https://gitcoin.co/issue/17905,ethereum,ethereum-org-website,"[['sesamestrong', '2019-12-11T21:49:13.373599Z'], ['phantomcracker', '2019-12-10T22:56:38.079272Z']]"
https://gitcoin.co/issue/18941,WalletConnect,walletconnect-monorepo,"[['kumarparas7477', '2019-12-31T10:16:56.756212Z'], ['kamescg', '2019-12-17T04:00:25.644731Z'], ['masaun', '2019-12-16T15:36:22.074472Z'], ['abhimanyu121', '2019-12-16T20:23:53.511470Z'], ['kumarparas7477', '2019-12-17T03:26:00.382297Z']]"
https://gitcoin.co/issue/18260,WalletConnect,walletconnect-monorepo,"[['bakaoh', '2019-12-06T10:23:43.433835Z'], ['aquiladev', '2019-12-07T06:05:20.914587Z'], ['fmiras', '2019-12-16T07:32:48.680984Z']]"
https://gitcoin.co/issue/19151,wearekickback,app,"[['nukemandan', '2019-12-18T03:17:40.782438Z'], ['hammadtq', '2019-12-15T14:57:11.276327Z'], ['tomafrench', '2020-01-24T19:03:39.344673Z'], ['crisgarner', '2020-01-24T13:02:49.731150Z'], ['snaketh4x0r', '2020-01-24T13:02:49.561074Z'], ['hammadtq', '2019-12-15T14:57:11.241417Z'], ['crisgarner', '2020-01-24T13:02:49.640694Z']]"
https://gitcoin.co/issue/28284,wearekickback,app,[]
https://gitcoin.co/issue/18028,wearekickback,contracts,"[['pistolla', '2019-12-28T07:06:27.791331Z'], ['antodp', '2019-12-05T13:03:36.256742Z']]"
https://gitcoin.co/issue/18201,3box,3box-comments-react,"[['rekpero', '2019-12-16T15:48:48.937261Z'], ['think-in-universe', '2019-12-17T04:35:44.702909Z']]"
https://gitcoin.co/issue/28282,3box,3box-comments-react,[]
https://gitcoin.co/issue/17657,gitcoinco,skunkworks,[]
https://gitcoin.co/issue/28281,gitcoinco,skunkworks,[]
https://gitcoin.co/issue/17672,ProofSuite,OrFeed,"[['antodp', '2019-12-03T00:46:06.294125Z']]"
https://gitcoin.co/issue/17962,wearekickback,contracts,"[['antodp', '2019-12-02T17:43:26.452357Z']]"
https://gitcoin.co/issue/17705,wearekickback,app,"[['erib3', '2019-12-04T09:08:24.290996Z']]"
https://gitcoin.co/issue/17963,wearekickback,app,"[['nukemandan', '2019-12-12T23:00:15.950392Z']]"
https://gitcoin.co/issue/17952,wearekickback,app,"[['xavier-charles', '2019-12-16T20:11:28.581488Z'], ['hammadtq', '2019-12-12T12:15:35.006891Z']]"
https://gitcoin.co/issue/18811,MetaMask,eth-sig-util,"[['kichjang', '2020-01-09T00:51:52.454066Z']]"
https://gitcoin.co/issue/17609,ProofSuite,OrFeed,"[['0xbigbang', '2019-11-28T20:07:13.287583Z']]"
https://gitcoin.co/issue/17673,ProofSuite,OrFeed,"[['mul1sh', '2019-12-02T19:08:09.612259Z']]"
https://gitcoin.co/issue/17711,Consensys,smart-contract-best-practices,"[['kadenzipfel', '2019-11-26T18:23:57.201635Z']]"
https://gitcoin.co/issue/19431,gitcoinco,web,[]
https://gitcoin.co/issue/17576,johguse,profanity,"[['johguse', '2019-11-26T01:24:30.012964Z']]"
https://gitcoin.co/issue/17679,Arcology-Builders,democracy,"[['writeprovidence', '2019-12-01T00:17:57.038766Z'], ['biuxmaster', '2019-11-29T21:00:22.531747Z'], ['kvndlgs', '2019-11-28T03:28:31.822417Z']]"
https://gitcoin.co/issue/17960,status-im,status-mobile,"[['tbenr', '2019-12-18T23:26:58.869532Z']]"
https://gitcoin.co/issue/28279,status-im,status-mobile,[]
https://gitcoin.co/issue/17877,status-im,status-go,"[['acolytec3', '2019-12-06T05:26:14.015861Z']]"
https://gitcoin.co/issue/17569,cybercongress,cyb,"[['mul53', '2019-11-25T11:25:01.481280Z']]"
https://gitcoin.co/issue/17721,crytic,slither,"[['uivlis', '2019-11-27T09:33:44.338081Z']]"
https://gitcoin.co/issue/17862,crytic,slither,"[['uivlis', '2019-11-27T08:29:36.852622Z']]"
https://gitcoin.co/issue/17772,crytic,crytic-compile,"[['karansinghgit', '2019-12-06T05:32:41.869086Z']]"
https://gitcoin.co/issue/17575,gitcoinco,web,[]
https://gitcoin.co/issue/17510,gitcoinco,web,"[['shitzu-mc01', '2019-11-20T19:17:32.512994Z']]"
https://gitcoin.co/issue/17696,ethereum,eth2.0-pm,[]
https://gitcoin.co/issue/17506,ethereum,eth2.0-pm,[]
https://gitcoin.co/issue/17775,cybersemics,em,"[['pengiundev', '2019-11-29T10:57:23.038823Z']]"
https://gitcoin.co/issue/17534,status-im,status-mobile,"[['acolytec3', '2019-11-20T11:03:01.728530Z']]"
https://gitcoin.co/issue/17752,quilt,pm,"[['kfichter', '2019-12-07T01:09:11.127766Z']]"
https://gitcoin.co/issue/17798,cybersemics,em,"[['mul1sh', '2019-12-01T15:29:25.899982Z']]"
https://gitcoin.co/issue/17581,FEMBusinessModelsRing,web3_revenue_primitives,"[['uivlis', '2019-11-19T15:51:15.734200Z']]"
https://gitcoin.co/issue/27025,FEMBusinessModelsRing,web3_revenue_primitives,[]
https://gitcoin.co/issue/18892,torusresearch,torus-website,"[['mul1sh', '2020-01-23T19:59:32.534249Z']]"
https://gitcoin.co/issue/17470,ensdomains,subdomain-registrar,"[['iamonuwa', '2019-11-18T06:57:10.164023Z']]"
https://gitcoin.co/issue/18411,ArweaveTeam,Bounties,"[['sunnymodi21', '2019-12-15T03:10:35.769390Z'], ['zoek1', '2019-12-19T07:05:15.057318Z'], ['ivanmolto', '2019-12-06T21:05:16.412633Z'], ['imerkle', '2019-12-15T23:32:39.207006Z'], ['mul53', '2019-12-03T12:28:15.458196Z'], ['crypto-guys', '2019-11-28T22:11:22Z'], ['crypto-guys', '2019-12-06T20:03:32.373736Z'], ['isabelgeek', '2019-12-13T11:44:37.703430Z'], ['andreid', '2019-11-18T08:46:17.457360Z'], ['esantra', '2019-12-16T05:07:39.118693Z'], ['bakaoh', '2019-11-22T07:07:47.673595Z']]"
https://gitcoin.co/issue/28275,ArweaveTeam,Bounties,[]
https://gitcoin.co/issue/24243,ArweaveTeam,Bounties,"[['rekpero', '2019-12-05T14:55:50.396230Z'], ['mul1sh', '2019-12-19T05:59:44.797157Z'], ['nezcich', '2019-12-07T00:09:07.014614Z'], ['mul1sh', '2019-12-19T05:59:44.862704Z'], ['andreid', '2019-12-06T14:46:38.937281Z']]"
https://gitcoin.co/issue/28274,ArweaveTeam,Bounties,[]
https://gitcoin.co/issue/17461,WalletConnect,walletconnect-monorepo,"[['mul53', '2019-11-15T22:26:50.812016Z']]"
https://gitcoin.co/issue/17421,gitcoinco,web,"[['oktopusgc', '2019-11-16T07:17:41.144550Z']]"
https://gitcoin.co/issue/17490,mailchain,mailchain-legacy,"[['despire', '2019-11-19T17:39:06.246264Z']]"
https://gitcoin.co/issue/24242,Loopring,trusted_setup,[]
https://gitcoin.co/issue/28273,Loopring,trusted_setup,[]
https://gitcoin.co/issue/28272,ArweaveTeam,Bounties,[]
https://gitcoin.co/issue/23086,ArweaveTeam,Bounties,"[['adrian798', '2019-11-21T00:11:26.445871Z'], ['senarma', '2020-01-22T14:56:57.622229Z'], ['paulbb3', '2019-12-08T23:40:19.053262Z'], ['dylandee7', '2020-01-20T11:05:43.873507Z'], ['batatsar', '2019-11-15T03:35:47.583135Z'], ['abdallah991ux', '2020-02-11T19:34:54.447390Z'], ['imerkle', '2019-11-20T19:07:56.124383Z'], ['raphaeltorresg', '2020-01-18T22:03:04.177666Z'], ['anto1010', '2020-02-26T23:28:35.216350Z'], ['aluisyo', '2020-01-08T19:34:39.284986Z'], ['bjekjik', '2019-11-24T01:08:07.380394Z'], ['anldrms', '2020-06-12T17:36:21.264796Z'], ['jezsmith720', '2019-11-17T00:08:38.532150Z'], ['poocart', '2020-05-02T18:38:15.953486Z'], ['glowkeeper', '2019-11-27T19:30:21.471148Z']]"
https://gitcoin.co/issue/28271,ArweaveTeam,Bounties,[]
https://gitcoin.co/issue/19024,kauri-io,Content,[]
https://gitcoin.co/issue/18829,kauri-io,Content,"[['solexplorer', '2020-01-28T13:55:02.519125Z']]"
https://gitcoin.co/issue/17479,santteegt,widget-example,"[['mul53', '2019-11-18T14:35:10.211743Z']]"
https://gitcoin.co/issue/17363,danlipert,gitcoin-test,"[['dangitcoin', '2019-11-13T19:18:06.405152Z']]"
https://gitcoin.co/issue/20713,status-im,design,[]
https://gitcoin.co/issue/17564,ditcraft,questionnaires,"[['roheat', '2019-11-24T09:07:53.612031Z'], ['iamonuwa', '2019-11-24T09:07:53.546542Z'], ['karansinghgit', '2019-11-24T09:07:53.664683Z'], ['hellasol', '2019-11-24T09:07:53.409905Z'], ['miklt', '2019-11-24T09:07:53.461868Z'], ['kamaci', '2019-11-24T09:07:53.579201Z'], ['molecula451', '2019-11-24T09:07:53.697499Z'], ['agbilotia1998', '2019-11-24T09:07:53.373211Z'], ['magionxilo', '2019-11-24T09:07:53.497442Z']]"
https://gitcoin.co/issue/17585,mesg-foundation,docs,"[['agbilotia1998', '2019-11-14T14:45:21.305589Z']]"
https://gitcoin.co/issue/17397,mesg-foundation,docs,"[['mul53', '2019-11-14T13:15:24.109589Z']]"
https://gitcoin.co/issue/17474,mesg-foundation,js-sdk,"[['uivlis', '2019-11-13T15:00:50.527061Z']]"
https://gitcoin.co/issue/25833,mesg-foundation,js-sdk,"[['uivlis', '2021-06-05T10:07:27.911780Z']]"
https://gitcoin.co/issue/28270,mesg-foundation,js-sdk,[]
https://gitcoin.co/issue/17450,mesg-foundation,docs,"[['mcmxcdev', '2019-11-15T18:17:14.448185Z']]"
https://gitcoin.co/issue/17401,mesg-foundation,js-sdk,"[['aluisyo', '2019-11-14T13:15:52.918288Z']]"
https://gitcoin.co/issue/28269,mesg-foundation,js-sdk,[]
https://gitcoin.co/issue/27015,gitcoinco,web,[]
https://gitcoin.co/issue/17620,cybersemics,em,"[['fritzjay', '2019-11-29T19:50:36.768205Z']]"
https://gitcoin.co/issue/17788,cybersemics,em,[]
https://gitcoin.co/issue/17552,cybersemics,em,"[['hellasol', '2019-11-15T01:10:31.019375Z']]"
https://gitcoin.co/issue/17321,cybersemics,em,"[['iamonuwa', '2019-11-10T23:03:30.370154Z']]"
https://gitcoin.co/issue/23354,tensortrade-org,tensortrade,[]
https://gitcoin.co/issue/17351,docknetwork,substrate-warmup,"[['janus', '2019-11-10T16:57:12.018941Z']]"
https://gitcoin.co/issue/17391,docknetwork,substrate-warmup,"[['janus', '2019-11-13T08:30:34.669970Z']]"
https://gitcoin.co/issue/17997,diadata-org,diadata,"[['nazariyv', '2019-12-22T00:23:57.203458Z']]"
https://gitcoin.co/issue/17598,diadata-org,diadata,"[['nazariyv', '2019-11-25T22:00:08.417377Z']]"
https://gitcoin.co/issue/17641,diadata-org,diadata,"[['nazariyv', '2019-11-28T23:44:45.581030Z']]"
https://gitcoin.co/issue/17706,diadata-org,diadata,"[['nazariyv', '2019-12-03T20:38:19.334869Z']]"
https://gitcoin.co/issue/17998,diadata-org,diadata,"[['nazariyv', '2019-12-22T18:50:22.185500Z']]"
https://gitcoin.co/issue/18029,diadata-org,diadata,"[['nazariyv', '2019-12-23T17:21:55.371072Z']]"
https://gitcoin.co/issue/24241,gitcoinco,skunkworks,"[['jezsmith720', '2019-11-20T19:52:17.828619Z']]"
https://gitcoin.co/issue/28268,gitcoinco,skunkworks,[]
https://gitcoin.co/issue/17619,0mkara,etheratom,"[['0mkara', '2019-11-28T12:29:37.960823Z']]"
https://gitcoin.co/issue/22534,gitcoinco,web,"[['vince0656', '2020-03-21T21:17:07.148485Z']]"
https://gitcoin.co/issue/17202,gitcoinco,web,"[['shitzu-mc01', '2019-11-06T19:17:39.852669Z']]"
https://gitcoin.co/issue/17476,diadata-org,diadata,"[['nazariyv', '2019-11-12T13:22:19.252859Z']]"
https://gitcoin.co/issue/17373,spacemeshos,svm,"[['jorropo', '2019-11-10T10:08:18.363894Z']]"
https://gitcoin.co/issue/17369,spacemeshos,svm,"[['imerkle', '2019-11-09T21:52:23.102783Z']]"
https://gitcoin.co/issue/17868,cennznet,explorer,"[['mul53', '2019-12-11T10:41:02.185820Z'], ['mul53', '2019-12-11T10:41:02.141628Z']]"
https://gitcoin.co/issue/18821,cennznet,explorer,"[['mul53', '2020-01-17T04:29:22.126873Z']]"
https://gitcoin.co/issue/17606,cennznet,explorer,"[['iamonuwa', '2019-11-11T00:59:26.016019Z']]"
https://gitcoin.co/issue/24240,cennznet,explorer,"[['mul53', '2019-11-29T20:27:47.056282Z']]"
https://gitcoin.co/issue/17758,7finney,ethcode,"[['0mkara', '2019-12-02T19:06:41.894637Z']]"
https://gitcoin.co/issue/17419,ArweaveTeam,Bounties,"[['merwane', '2019-11-08T15:23:54.407906Z'], ['glowkeeper', '2019-11-08T17:52:27.941525Z'], ['mikehibbert', '2019-11-11T16:52:17.268846Z'], ['merwane', '2019-11-08T15:23:54.370682Z'], ['crypto-guys', '2019-11-10T15:49:39.362156Z'], ['zoek1', '2019-11-12T03:55:36.682597Z']]"
https://gitcoin.co/issue/17160,validitycrypto,website,"[['dexterstat', '2019-11-04T05:32:47.079192Z'], ['molecula451', '2019-11-04T02:16:01.517807Z']]"
https://gitcoin.co/issue/17472,status-im,status-mobile,"[['acolytec3', '2019-11-11T15:23:19.292953Z']]"
https://gitcoin.co/issue/21412,status-im,status-mobile,"[['acolytec3', '2019-11-11T15:20:13.894238Z']]"
https://gitcoin.co/issue/17153,status-im,status-mobile,[]
https://gitcoin.co/issue/17324,status-im,status-mobile,"[['acolytec3', '2019-11-03T12:39:17.276170Z']]"
https://gitcoin.co/issue/17683,mailchain,mailchain-legacy,"[['jeevanpillay', '2019-11-20T05:46:39.034409Z']]"
https://gitcoin.co/issue/17491,mailchain,mailchain-legacy,"[['jeevanpillay', '2019-11-16T01:22:55.937293Z']]"
https://gitcoin.co/issue/18884,airalab,robonomics,"[['strdn', '2020-01-28T22:17:17.554038Z'], ['strdn', '2020-01-24T22:04:25.010155Z']]"
https://gitcoin.co/issue/17413,Consensys,protocol-BountiedWork,[]
https://gitcoin.co/issue/28261,Consensys,protocol-BountiedWork,[]
https://gitcoin.co/issue/17212,ethereum,eth2.0-pm,[]
https://gitcoin.co/issue/17211,ethereum,eth2.0-pm,[]
https://gitcoin.co/issue/17208,ethereum,eth2.0-pm,[]
https://gitcoin.co/issue/17553,cybercongress,aragon-auction-app,"[['maksim-tolo', '2019-11-21T22:33:24.788102Z']]"
https://gitcoin.co/issue/18883,kauri-io,Content,"[['thesachinmittal', '2019-12-28T17:19:45.918617Z']]"
https://gitcoin.co/issue/18256,sigp,lighthouse,"[['g-r-a-n-t', '2019-12-03T01:41:57.176477Z']]"
https://gitcoin.co/issue/17343,etclabscore,core-geth,"[['moskusfe', '2019-10-31T00:39:29.496284Z']]"
https://gitcoin.co/issue/17468,etclabscore,WrappedETC,"[['antodp', '2019-10-31T14:48:18.830253Z'], ['bakaoh', '2019-10-31T06:36:20.864343Z']]"
https://gitcoin.co/issue/17294,ethereum,ethereum-org-website,"[['antodp', '2019-11-01T11:06:49.470463Z'], ['antodp', '2019-11-01T11:06:49.522165Z']]"
https://gitcoin.co/issue/17295,ethereum,ethereum-org-website,"[['antodp', '2019-11-01T11:03:07.937186Z']]"
https://gitcoin.co/issue/17537,nucypher,hackathon,"[['supercipher', '2019-11-13T17:07:34.739949Z'], ['viraja1', '2019-11-11T03:49:07.633195Z'], ['viraja1', '2019-11-11T03:58:56.723009Z']]"
https://gitcoin.co/issue/17444,ethhub-io,ethhub,"[['miguelmv21', '2019-11-01T17:54:33.901967Z']]"
https://gitcoin.co/issue/17549,status-im,status-mobile,"[['acolytec3', '2019-11-02T20:52:41.725069Z']]"
https://gitcoin.co/issue/28260,status-im,status-mobile,[]
https://gitcoin.co/issue/17086,nblockchain,DotNetEssentials,"[['dcghub', '2019-10-30T19:28:42.664585Z']]"
https://gitcoin.co/issue/17539,hoprnet,website-hoprnet-org,"[['cristiam86', '2019-11-15T01:07:11.381439Z']]"
https://gitcoin.co/issue/17230,hoprnet,website-hoprnet-org,"[['nionis', '2019-11-03T19:08:41.202650Z']]"
https://gitcoin.co/issue/17540,MetaMask,metamask-extension,[]
https://gitcoin.co/issue/17394,gitcoinco,web,"[['molecula451', '2019-11-11T07:08:26.103787Z']]"
https://gitcoin.co/issue/28259,gitcoinco,web,[]
https://gitcoin.co/issue/17136,thelostone-mc,holo,"[['shitzu-mc01', '2019-11-02T06:17:33.078002Z']]"
https://gitcoin.co/issue/17463,AmbireTech,adex-protocol-eth,"[['bakaoh', '2019-11-10T02:00:21.643595Z'], ['nionis', '2019-11-11T08:40:51.864525Z'], ['ridesolo', '2019-11-09T15:52:33.106678Z']]"
https://gitcoin.co/issue/17418,ArweaveTeam,Bounties,"[['mykatz', '2019-11-09T03:08:24.684135Z'], ['mikehibbert', '2019-11-05T22:01:42.033870Z'], ['sznlabs', '2019-11-09T06:50:52.917987Z'], ['sznlabs', '2019-11-09T06:50:52.861208Z'], ['muyaedward', '2019-11-09T07:35:49.701307Z'], ['mikehibbert', '2019-11-06T13:51:49.738543Z'], ['merwane', '2019-11-06T01:18:45.865291Z'], ['iamonuwa', '2019-11-08T03:23:01.334246Z']]"
https://gitcoin.co/issue/28258,ArweaveTeam,Bounties,[]
https://gitcoin.co/issue/17483,aave,aave-gitcoin-hackaton-2019,"[['maxweng', '2019-11-09T00:11:06.585297Z'], ['sanchaymittal', '2019-11-12T05:08:30.778653Z']]"
https://gitcoin.co/issue/17486,aave,aave-gitcoin-hackaton-2019,"[['stefanionescu', '2019-11-09T21:26:27.597577Z'], ['johngrantuk', '2019-11-08T13:26:04.104379Z'], ['thesachinmittal', '2019-11-12T05:01:27.132057Z'], ['achiko', '2019-11-11T22:39:41.947448Z']]"
https://gitcoin.co/issue/17482,aave,aave-gitcoin-hackaton-2019,"[['thesachinmittal', '2019-11-12T04:58:48.031414Z'], ['maxweng', '2019-11-08T22:00:22.985851Z'], ['masaun', '2019-11-11T10:23:10.246556Z']]"
https://gitcoin.co/issue/17481,aave,aave-gitcoin-hackaton-2019,"[['thesachinmittal', '2019-11-12T04:56:09.441344Z'], ['michaelszer', '2019-11-11T12:00:14.281363Z'], ['viraja1', '2019-11-11T03:59:03.796500Z'], ['lincolnmcloud', '2019-11-12T05:37:23.627050Z'], ['zoek1', '2019-11-12T03:50:50.480576Z'], ['michaelcohen716', '2019-11-11T23:20:41.838465Z'], ['michaelszer', '2019-11-11T12:00:14.323167Z'], ['merwane', '2019-11-10T13:54:49.797185Z'], ['merwane', '2019-11-10T13:54:49.843078Z']]"
https://gitcoin.co/issue/28257,aave,aave-gitcoin-hackaton-2019,[]
https://gitcoin.co/issue/17161,status-im,status-mobile,"[['tbenr', '2019-11-01T18:27:47.951896Z']]"
https://gitcoin.co/issue/17304,ethereum,ethereum-org-website,"[['antodp', '2019-10-28T21:07:37.780302Z']]"
https://gitcoin.co/issue/17296,ethereum,ethereum-org-website,"[['eswarasai', '2019-10-28T13:45:15.865659Z']]"
https://gitcoin.co/issue/17297,ethereum,ethereum-org-website,"[['zoek1', '2019-10-31T11:47:47.214954Z'], ['think-in-universe', '2019-10-29T20:09:33.485365Z']]"
https://gitcoin.co/issue/17302,ethereum,ethereum-org-website,"[['think-in-universe', '2019-10-30T18:58:32.865878Z']]"
https://gitcoin.co/issue/28256,ethereum,ethereum-org-website,[]
https://gitcoin.co/issue/17303,ethereum,ethereum-org-website,"[['pierrickgt', '2019-10-28T21:47:06.442615Z']]"
https://gitcoin.co/issue/17300,ethereum,ethereum-org-website,"[['abhimanyu121', '2019-10-30T06:01:22.791306Z'], ['think-in-universe', '2019-10-30T04:57:04.976040Z']]"
https://gitcoin.co/issue/17298,ethereum,ethereum-org-website,"[['nabetse00', '2019-10-29T12:08:28.558319Z'], ['man-jain', '2019-10-30T08:47:11.647243Z'], ['imerkle', '2019-11-07T19:30:55.902669Z']]"
https://gitcoin.co/issue/17299,ethereum,ethereum-org-website,"[['solexplorer', '2019-10-29T06:38:53.838555Z'], ['enigmatic331', '2019-11-02T08:54:18.437277Z']]"
https://gitcoin.co/issue/17396,gitcoinco,web,"[['straumer', '2019-10-31T14:22:46.429827Z']]"
https://gitcoin.co/issue/28254,gitcoinco,web,[]
https://gitcoin.co/issue/17850,rsksmart,rskj,"[['bruce-forks', '2019-11-10T00:47:10.237872Z'], ['zyfrank', '2019-11-11T12:53:49.587181Z']]"
https://gitcoin.co/issue/17135,hoprnet,website-hoprnet-org,"[['ashleyoyt', '2019-11-01T18:49:09.871312Z']]"
https://gitcoin.co/issue/17849,rsksmart,rskj,"[['coejoder', '2019-11-05T19:32:09.641055Z']]"
https://gitcoin.co/issue/17848,rsksmart,rskj,"[['mraof', '2019-11-06T20:50:57.410670Z'], ['bakaoh', '2019-11-03T03:36:37.083438Z']]"
https://gitcoin.co/issue/17847,rsksmart,rskj,"[['bakaoh', '2019-10-27T02:59:29.144624Z']]"
https://gitcoin.co/issue/17846,rsksmart,rskj,"[['atoulme', '2019-10-27T13:20:27.846762Z']]"
https://gitcoin.co/issue/17845,rsksmart,rskj,"[['levalleux-ludo', '2019-11-06T04:33:20.277401Z']]"
https://gitcoin.co/issue/17844,rsksmart,rskj,"[['atoulme', '2019-11-10T11:05:08.558215Z']]"
https://gitcoin.co/issue/17843,rsksmart,rskj,"[['levalleux-ludo', '2019-11-09T19:09:17.520631Z']]"
https://gitcoin.co/issue/17841,rsksmart,rskj,"[['mraof', '2019-11-15T02:04:27.023545Z']]"
https://gitcoin.co/issue/17842,rsksmart,rskj,"[['bakaoh', '2019-10-27T04:49:20.072136Z']]"
https://gitcoin.co/issue/16984,dapps-dev-club,dapps-dev-club-website,"[['bguiz-testuser', '2019-10-24T01:40:45.072516Z']]"
https://gitcoin.co/issue/16992,gitcoinco,web,"[['shitzu-mc01', '2019-10-24T06:17:40.178579Z']]"
https://gitcoin.co/issue/16975,gitcoinco,web,"[['shitzu-mc01', '2019-10-23T18:17:54.335217Z']]"
https://gitcoin.co/issue/17387,eth1x-finality-gadget-working-group,pm,"[['g-r-a-n-t', '2019-11-08T01:44:14.691349Z']]"
https://gitcoin.co/issue/17703,gitcoinco,web,"[['solexplorer', '2019-12-03T20:20:37.773951Z']]"
https://gitcoin.co/issue/17899,gitcoinco,web,"[['zoek1', '2019-11-05T14:47:33.032055Z']]"
https://gitcoin.co/issue/17116,status-im,status-mobile,"[['acolytec3', '2019-10-22T02:07:48.389842Z']]"
https://gitcoin.co/issue/17292,status-im,status-mobile,"[['alphaserpentis', '2019-11-06T18:00:09.882213Z']]"
https://gitcoin.co/issue/16986,gitcoinco,web,[]
https://gitcoin.co/issue/17626,harmonylion,ideamarkets,"[['sirlupinwatson', '2019-11-19T22:05:02.363413Z']]"
https://gitcoin.co/issue/28253,harmonylion,ideamarkets,[]
https://gitcoin.co/issue/17337,tensortrade-org,tensortrade,"[['dahifi', '2019-11-08T13:52:34.066852Z']]"
https://gitcoin.co/issue/18818,gitcoinco,web,"[['naszam', '2019-10-31T20:53:11.424557Z'], ['gungz', '2019-10-31T20:03:29.874944Z'], ['naszam', '2019-10-31T21:00:24.170236Z'], ['naszam', '2019-10-31T20:56:35.352967Z'], ['gungz', '2019-10-31T20:03:29.832126Z'], ['naszam', '2019-10-31T18:53:29.376185Z'], ['naszam', '2019-10-31T18:49:28.183609Z'], ['ososco', '2019-10-23T19:53:05.175525Z'], ['naszam', '2019-10-23T15:25:09.477491Z'], ['elenadimitrova', '2019-10-21T11:09:59.112192Z'], ['solexplorer', '2019-10-27T12:18:45.712387Z'], ['martinlsanchez', '2019-10-28T21:50:21.388713Z'], ['robbiekruszynski', '2019-11-07T05:06:04.477171Z'], ['rasliche', '2019-11-11T19:45:39.106741Z'], ['sudeepb02', '2019-10-20T10:12:15.518645Z'], ['robbiekruszynski', '2020-01-27T02:27:35.800485Z'], ['solexplorer', '2019-10-23T20:16:29.646066Z'], ['ososco', '2019-10-20T07:43:37.465163Z'], ['merwane', '2019-10-19T19:43:36.885534Z'], ['ososco', '2019-10-31T20:03:29.909836Z'], ['gungz', '2019-10-24T21:18:29.750296Z']]"
https://gitcoin.co/issue/16973,nblockchain,grin-wallet,"[['sharkst', '2019-10-18T12:27:56.515767Z']]"
https://gitcoin.co/issue/16965,status-im,status-mobile,"[['acolytec3', '2019-10-17T14:51:17.581782Z']]"
https://gitcoin.co/issue/16888,gitcoinco,web,"[['shitzu-mc01', '2019-10-16T18:17:39.642619Z']]"
https://gitcoin.co/issue/16916,tensortrade-org,tensortrade,"[['rshtirmer', '2019-10-17T23:56:37.623340Z']]"
https://gitcoin.co/issue/17141,tensortrade-org,tensortrade,"[['mwbrulhardt', '2019-11-02T15:26:13.979441Z'], ['mwbrulhardt', '2019-11-02T15:26:14.023767Z']]"
https://gitcoin.co/issue/16871,fvictorio-tests,hello-world,"[['fvictorio-tests', '2019-10-15T18:17:37.770644Z']]"
https://gitcoin.co/issue/16850,tensortrade-org,tensortrade,[]
https://gitcoin.co/issue/16909,tensortrade-org,tensortrade,"[['dru-zod', '2019-10-16T16:40:54.013893Z']]"
https://gitcoin.co/issue/17184,tensortrade-org,tensortrade,"[['antonyip', '2019-11-03T02:03:43.512947Z'], ['funlyonions', '2019-11-05T19:28:50.385246Z']]"
https://gitcoin.co/issue/17118,status-im,status-mobile,"[['tbenr', '2019-10-25T07:18:13.126405Z']]"
https://gitcoin.co/issue/17029,status-im,status-mobile,"[['acolytec3', '2019-10-10T11:20:37.488545Z']]"
https://gitcoin.co/issue/16892,ethereum,ethereum-org-website,[]
https://gitcoin.co/issue/17340,ethereum,ethereum-org-website,[]
https://gitcoin.co/issue/17341,ethereum,ethereum-org-website,[]
https://gitcoin.co/issue/16891,ethereum,ethereum-org-website,"[['eswarasai', '2019-10-08T07:23:18.763989Z']]"
https://gitcoin.co/issue/17092,centrifuge,documentation,"[['eswarasai', '2019-10-09T07:08:04.069561Z']]"
https://gitcoin.co/issue/24705,makerdao,community,"[['thesachinmittal', '2019-10-20T14:59:35.094150Z']]"
https://gitcoin.co/issue/28250,makerdao,community,[]
https://gitcoin.co/issue/16886,gitcoinco,data-ops,"[['adivyas99', '2019-10-08T11:39:18.938359Z'], ['think-in-universe', '2019-10-09T03:10:55.886263Z'], ['mul1sh', '2019-10-09T02:17:03.081800Z']]"
https://gitcoin.co/issue/16897,status-im,status-mobile,"[['acolytec3', '2019-10-07T12:12:52.237072Z']]"
https://gitcoin.co/issue/28249,status-im,status-mobile,[]
https://gitcoin.co/issue/16950,mainnebula,SPACE_TASKS,"[['chrisstpierre', '2019-10-20T18:46:12.546431Z']]"
https://gitcoin.co/issue/16658,gitcoinco,web,"[['shitzu-mc01', '2019-10-02T18:17:52.892785Z']]"
https://gitcoin.co/issue/16653,fvictorio-tests,hello-world,"[['fvictorio-tests', '2019-10-02T06:17:34.860941Z']]"
https://gitcoin.co/issue/16648,fvictorio-tests,hello-world,"[['fvictorio', '2019-10-01T18:18:10.293244Z'], ['fvictorio', '2019-10-01T18:18:10.262398Z']]"
https://gitcoin.co/issue/16643,fvictorio-tests,hello-world,"[['fvictorio-tests', '2019-10-01T18:17:54.682370Z']]"
https://gitcoin.co/issue/16852,wearekickback,app,"[['eswarasai', '2019-10-07T08:32:56.312207Z']]"
https://gitcoin.co/issue/16866,gitcoinco,web,"[['sebastiantf', '2019-10-13T12:22:02.280437Z']]"
https://gitcoin.co/issue/28248,gitcoinco,web,[]
https://gitcoin.co/issue/16863,polkadot-js,apps,"[['eswarasai', '2019-10-10T10:06:19.977293Z']]"
https://gitcoin.co/issue/16816,polkadot-js,ui,"[['cameronfr', '2019-10-10T20:24:37.274742Z']]"
https://gitcoin.co/issue/16817,polkadot-js,apps,"[['fr4ctalbit', '2019-10-06T17:42:53.789914Z']]"
https://gitcoin.co/issue/16696,polkadot-js,apps,"[['shyamks', '2019-10-04T17:57:06.331435Z'], ['shyamks', '2019-10-04T18:08:53.195069Z']]"
https://gitcoin.co/issue/16928,polkadot-js,apps,"[['touhonoob', '2019-10-19T03:33:18.038038Z']]"
https://gitcoin.co/issue/17800,status-im,status-mobile,"[['sirius651', '2019-11-18T13:36:30.220311Z']]"
https://gitcoin.co/issue/16616,muellerberndt,sabre,"[['iamonuwa', '2019-09-29T22:53:21.427291Z']]"
https://gitcoin.co/issue/16673,muellerberndt,sabre,"[['eswarasai', '2019-10-02T16:44:39.910236Z']]"
https://gitcoin.co/issue/16737,mainnebula,SPACE_TASKS,"[['imwatsi', '2019-09-30T23:42:24.230896Z']]"
https://gitcoin.co/issue/16991,mainnebula,SPACE_TASKS,"[['imwatsi', '2019-10-17T20:38:09.610608Z']]"
https://gitcoin.co/issue/28246,mainnebula,SPACE_TASKS,[]
https://gitcoin.co/issue/16919,mainnebula,SPACE_TASKS,"[['imwatsi', '2019-10-17T17:08:11.906255Z']]"
https://gitcoin.co/issue/28245,mainnebula,SPACE_TASKS,[]
https://gitcoin.co/issue/24236,gitcoinco,skunkworks,"[['nionis', '2019-10-05T03:24:08.036513Z'], ['mul1sh', '2019-10-05T03:05:05.393804Z'], ['man-jain', '2019-10-05T02:00:41.134132Z'], ['web3cryptowallet', '2019-10-04T14:12:55.755439Z'], ['web3cryptowallet', '2019-10-04T13:55:21.451944Z'], ['jvluso', '2019-10-04T21:22:07.429580Z'], ['viraja1', '2019-10-02T18:50:48.813138Z'], ['janmoomoo', '2019-10-04T23:26:49.084725Z'], ['djrosenbaum', '2019-10-05T00:34:31.741247Z'], ['michaelcohen716', '2019-10-04T18:33:17.476324Z']]"
https://gitcoin.co/issue/28243,gitcoinco,skunkworks,[]
https://gitcoin.co/issue/16853,cybercongress,go-cyber,"[['vasilistefanenko', '2019-10-07T19:14:00.773836Z']]"
https://gitcoin.co/issue/24234,bancorprotocol,contracts-solidity,"[['nionis', '2019-10-05T03:15:19.198628Z'], ['mul1sh', '2019-10-05T02:51:13.696686Z']]"
https://gitcoin.co/issue/28241,bancorprotocol,contracts-solidity,[]
https://gitcoin.co/issue/16550,danlipert,gitcoin-test,"[['dan', '2019-09-25T18:17:27.115181Z']]"
https://gitcoin.co/issue/17143,hoprnet,website-hoprnet-org,"[['vineettyagi28', '2019-11-01T13:09:45.117383Z']]"
https://gitcoin.co/issue/16858,Consensys,ConsenSysGrants-Challenges,"[['bakaoh', '2019-10-04T07:18:16.850092Z']]"
https://gitcoin.co/issue/24232,harmonylion,ideamarkets,"[['akersof', '2019-10-07T05:36:44.183378Z']]"
https://gitcoin.co/issue/28238,harmonylion,ideamarkets,[]
https://gitcoin.co/issue/16898,Consensys,ConsenSysGrants-Challenges,"[['viraja1', '2019-10-02T19:07:50.280902Z'], ['masaun', '2019-10-04T07:49:45.510113Z'], ['janmoomoo', '2019-10-05T01:01:47.239756Z'], ['djrosenbaum', '2019-10-05T00:38:56.324166Z'], ['ianphilips', '2019-10-04T23:29:07.141243Z'], ['merwane', '2019-09-26T17:23:07.513448Z']]"
https://gitcoin.co/issue/16859,Consensys,ConsenSysGrants-Challenges,"[['michaelcohen716', '2019-10-04T18:36:33.093016Z']]"
https://gitcoin.co/issue/16857,Consensys,ConsenSysGrants-Challenges,"[['distributeddoge', '2019-10-04T21:28:23.487702Z']]"
https://gitcoin.co/issue/16511,fvictorio-tests,hello-world,"[['fvictorio', '2019-09-24T18:17:38.090683Z']]"
https://gitcoin.co/issue/16509,fvictorio-tests,hello-world,"[['fvictorio-tests', '2019-09-24T18:17:32.024177Z']]"
https://gitcoin.co/issue/16506,msgpack,msgpack-node,"[['touhonoob', '2019-09-24T14:17:44.570247Z']]"
https://gitcoin.co/issue/16499,fvictorio-tests,hello-world,"[['fvictorio-tests', '2019-09-24T06:17:18.968552Z']]"
https://gitcoin.co/issue/16698,usetech-llc,polkadot_api_cpp,"[['chernant', '2019-10-03T08:55:02.789228Z']]"
https://gitcoin.co/issue/16818,usetech-llc,polkadot_api_cpp,"[['chernant', '2019-10-10T12:54:05.199483Z']]"
https://gitcoin.co/issue/16869,Consensys,Road-To-Devcon-Relay,"[['brianspha', '2019-10-05T00:59:11.071718Z'], ['abhimanyu121', '2019-10-04T22:16:21.058163Z'], ['viraja1', '2019-10-02T18:29:01.209787Z'], ['solexplorer', '2019-10-05T13:36:35.012092Z']]"
https://gitcoin.co/issue/28237,Consensys,Road-To-Devcon-Relay,[]
https://gitcoin.co/issue/16862,Consensys,Road-To-Devcon-Relay,"[['djrosenbaum', '2019-10-05T00:21:42.200495Z'], ['janmoomoo', '2019-10-05T03:39:28.252163Z'], ['brianspha', '2019-10-05T00:54:07.415507Z'], ['michaelcohen716', '2019-10-04T16:39:57.528899Z'], ['masaun', '2019-10-04T08:06:39.175092Z'], ['brianspha', '2019-10-05T17:58:39.419626Z']]"
https://gitcoin.co/issue/28236,Consensys,Road-To-Devcon-Relay,[]
https://gitcoin.co/issue/16466,fvictorio-tests,hello-world,"[['fvictorio-tests', '2019-09-21T06:17:29.261723Z']]"
https://gitcoin.co/issue/16864,Consensys,Road-To-Devcon-Relay,"[['moranthomas', '2019-10-03T20:18:04.797441Z'], ['distributeddoge', '2019-10-04T17:00:52.693534Z'], ['viraja1', '2019-10-04T22:15:13.618595Z'], ['writeprovidence', '2019-10-04T15:48:34.904952Z'], ['shantanu-singh', '2019-10-04T15:46:09.356156Z'], ['hammadtq', '2019-10-04T19:37:28.634324Z'], ['think-in-universe', '2019-10-04T22:39:34.615574Z'], ['owans', '2019-10-05T01:17:17.594946Z']]"
https://gitcoin.co/issue/28235,Consensys,Road-To-Devcon-Relay,[]
https://gitcoin.co/issue/16460,gitcoinco,web,"[['shitzu-mc01', '2019-09-20T18:17:51.573611Z']]"
https://gitcoin.co/issue/16754,centrifuge,website,"[['eswarasai', '2019-09-20T12:44:17.944059Z']]"
https://gitcoin.co/issue/16739,blockchain-etl,ethereum-etl-airflow,"[['askeluv', '2019-09-30T12:03:20.271336Z'], ['uivlis', '2019-09-28T12:19:45.377637Z']]"
https://gitcoin.co/issue/16740,blockchain-etl,ethereum-etl-airflow,"[['askeluv', '2019-10-01T03:01:35.282892Z']]"
https://gitcoin.co/issue/16741,blockchain-etl,ethereum-etl-airflow,"[['askeluv', '2019-10-01T02:59:52.298759Z']]"
https://gitcoin.co/issue/16442,fvictorio-tests,hello-world,"[['fvictorio-tests', '2019-09-20T06:18:06.138239Z']]"
https://gitcoin.co/issue/16441,fvictorio-tests,hello-world,"[['fvictorio-tests', '2019-09-20T06:18:02.543955Z']]"
https://gitcoin.co/issue/16558,RavenProject,Ravencoin,[]
https://gitcoin.co/issue/16421,speedshop,speedshop,"[['ashleyoyt', '2019-09-18T20:33:38.634005Z']]"
https://gitcoin.co/issue/16824,ArweaveTeam,Bounties,"[['aidanok', '2019-10-03T08:56:21.562925Z'], ['aidanok', '2019-10-03T08:56:21.533044Z'], ['mccallofthewild', '2019-10-03T03:59:36.492243Z'], ['josh-richardson', '2019-10-03T03:19:23.796246Z'], ['robin-thomas', '2019-10-03T00:47:21.822956Z']]"
https://gitcoin.co/issue/28231,ArweaveTeam,Bounties,[]
https://gitcoin.co/issue/23682,gitcoinco,web,"[['mul1sh', '2019-11-06T16:45:06.797950Z']]"
https://gitcoin.co/issue/23681,gitcoinco,web,"[['mul1sh', '2019-10-21T15:11:09.809267Z']]"
https://gitcoin.co/issue/16672,kauri-io,Content,"[['mrdavey', '2019-09-24T12:43:15.672280Z']]"
https://gitcoin.co/issue/16589,hoprnet,website-hoprnet-org,"[['cristiam86', '2019-09-25T22:00:54.550760Z']]"
https://gitcoin.co/issue/16419,hoprnet,website-hoprnet-org,"[['sebastiantf', '2019-09-18T18:28:55.573638Z']]"
https://gitcoin.co/issue/17164,gitcoinco,creative,[]
https://gitcoin.co/issue/28230,gitcoinco,creative,[]
https://gitcoin.co/issue/16368,hoprnet,website-hoprnet-org,"[['reimo', '2019-09-16T15:16:58.486820Z']]"
https://gitcoin.co/issue/16505,usetech-llc,polkadot_api_cpp,"[['chernant', '2019-09-20T07:55:23.472571Z']]"
https://gitcoin.co/issue/16477,polkadot-js,apps,"[['eswarasai', '2019-09-20T22:17:20.665465Z']]"
https://gitcoin.co/issue/16459,polkadot-js,apps,"[['pbteja1998', '2019-09-16T22:39:49.259556Z']]"
https://gitcoin.co/issue/16590,polkadot-js,apps,"[['eswarasai', '2019-09-27T07:42:37.103378Z']]"
https://gitcoin.co/issue/16337,fvictorio-tests,hello-world,[]
https://gitcoin.co/issue/16330,gitcoinco,web,"[['octavioamu', '2019-09-12T18:17:46.909810Z']]"
https://gitcoin.co/issue/18951,gitcoinco,web,"[['majortomsec', '2019-09-17T17:27:14.043530Z']]"
https://gitcoin.co/issue/16328,gitcoinco,web,"[['shitzu-mc01', '2019-09-12T18:17:37.041328Z']]"
https://gitcoin.co/issue/16508,vue-polkadot,ui,"[['pbteja1998', '2019-09-11T01:39:41.110834Z']]"
https://gitcoin.co/issue/16791,status-im,status-mobile,"[['marcusrbrown', '2019-09-13T06:03:42.863236Z']]"
https://gitcoin.co/issue/16317,gitcoinco,skunkworks,"[['ryanedmondbeck', '2019-09-10T21:08:48.443025Z']]"
https://gitcoin.co/issue/16385,dap-ps,discover,"[['iamonuwa', '2019-09-11T10:45:28.647433Z']]"
https://gitcoin.co/issue/16432,centrifuge,website,"[['mirshko', '2019-09-09T14:16:21.260120Z']]"
https://gitcoin.co/issue/19035,cennznet,grants,"[['l-kh', '2020-01-29T20:46:42.307272Z']]"
https://gitcoin.co/issue/16587,cennznet,grants,[]
https://gitcoin.co/issue/16401,cennznet,runanode,"[['bakaoh', '2019-09-17T06:09:03.248274Z']]"
https://gitcoin.co/issue/16360,cennznet,runanode,"[['acolytec3', '2019-09-12T17:45:20.437769Z'], ['acolytec3', '2019-09-12T17:45:20.474624Z']]"
https://gitcoin.co/issue/16174,ethereum,eth-wiki,"[['marcusrbrown', '2019-09-07T00:14:22.009249Z']]"
https://gitcoin.co/issue/16159,ethereum,eth-wiki,"[['acolytec3', '2019-09-07T02:21:15.960070Z'], ['marcusrbrown', '2019-09-07T03:23:16.927643Z']]"
https://gitcoin.co/issue/16160,ethereum,eth-wiki,"[['marcusrbrown', '2019-09-07T00:45:36.531090Z']]"
https://gitcoin.co/issue/16408,protofire,eth-cli,"[['uivlis', '2019-09-12T19:36:18.243546Z']]"
https://gitcoin.co/issue/16445,protofire,eth-cli,"[['acolytec3', '2019-09-12T17:39:57.677220Z']]"
https://gitcoin.co/issue/18063,protofire,eth-cli,"[['emmaodia', '2019-12-11T14:05:55.293841Z']]"
https://gitcoin.co/issue/16896,status-im,status-mobile,"[['tbenr', '2019-10-09T18:30:10.062479Z']]"
https://gitcoin.co/issue/16932,Synthetixio,synthetix,"[['k06a', '2019-09-18T09:58:56.185671Z']]"
https://gitcoin.co/issue/16361,gitcoinco,web,"[['guistf', '2019-09-13T13:32:54.279975Z'], ['writeprovidence', '2019-09-15T20:44:05.802803Z']]"
https://gitcoin.co/issue/16402,cennznet,runanode,"[['j0shwheeler', '2019-09-13T09:54:26.628339Z']]"
https://gitcoin.co/issue/16662,cennznet,runanode,"[['ashokk1990', '2019-10-02T14:53:23.334995Z']]"
https://gitcoin.co/issue/16755,cennznet,runanode,"[['eswarasai', '2019-09-22T19:48:27.772002Z']]"
https://gitcoin.co/issue/16144,harmonylion,ideamarkets,"[['akersof', '2019-09-06T10:43:17.134305Z']]"
https://gitcoin.co/issue/24230,cennznet,runanode,"[['agbilotia1998', '2019-10-07T05:57:23.374829Z']]"
https://gitcoin.co/issue/16355,vlzhr,waves,"[['kmadorin', '2019-09-14T09:21:48.655710Z']]"
https://gitcoin.co/issue/28225,vlzhr,waves,[]
https://gitcoin.co/issue/17229,iExecBlockchainComputing,iexec-apps,"[['nikhil3000', '2019-09-17T17:39:06.196171Z'], ['janus', '2019-10-22T19:14:14.074135Z'], ['andy92pac', '2019-10-19T11:57:27.797534Z']]"
https://gitcoin.co/issue/17227,iExecBlockchainComputing,iexec-apps,"[['frippo40', '2019-11-07T16:52:17.053716Z'], ['andy92pac', '2019-10-21T00:04:54.717200Z']]"
https://gitcoin.co/issue/17226,iExecBlockchainComputing,iexec-apps,"[['andy92pac', '2019-10-21T00:06:44.626686Z']]"
https://gitcoin.co/issue/17225,iExecBlockchainComputing,iexec-apps,"[['thomasvangurp', '2019-10-30T20:36:49.329468Z'], ['emmaodia', '2019-10-05T16:30:24.924172Z']]"
https://gitcoin.co/issue/16861,gitcoinco,creative,"[['virtual-face', '2019-09-24T19:52:22.866025Z']]"
https://gitcoin.co/issue/24229,cennznet,runanode,"[['joelchen', '2019-09-26T04:44:08.039745Z']]"
https://gitcoin.co/issue/16372,skalenetwork,hackathon,"[['stefanionescu', '2019-09-11T23:49:58.159791Z'], ['djrosenbaum', '2019-09-11T23:57:41.603798Z']]"
https://gitcoin.co/issue/16373,skalenetwork,hackathon,"[['stefanionescu', '2019-09-11T23:47:10.904648Z'], ['comets1', '2019-09-12T06:08:09.160778Z'], ['hammadtq', '2019-09-12T04:02:35.426404Z'], ['codeslip', '2019-09-12T02:49:20.961792Z']]"
https://gitcoin.co/issue/16409,knocte,DotNetLightning,"[['chuckwagoncomputing', '2019-09-14T03:17:56.442094Z']]"
https://gitcoin.co/issue/16697,airalab,robonomics,"[['strdn', '2019-10-01T17:50:04.808192Z']]"
https://gitcoin.co/issue/16596,polkascan,polkascan-pre-explorer-gui,"[['neospu', '2019-09-15T19:23:32.857091Z']]"
https://gitcoin.co/issue/28220,polkascan,polkascan-pre-explorer-gui,[]
https://gitcoin.co/issue/15855,gitcoinco,web,"[['shitzu-mc01', '2019-09-04T18:18:55.156477Z']]"
https://gitcoin.co/issue/16764,status-im,status-mobile,[]
https://gitcoin.co/issue/28219,status-im,status-mobile,[]
https://gitcoin.co/issue/22642,status-im,status-mobile,"[['alexjg', '2019-09-05T11:12:58.734765Z']]"
https://gitcoin.co/issue/16416,status-im,status-mobile,"[['ariesjia', '2019-09-11T23:09:19.635379Z']]"
https://gitcoin.co/issue/16473,eth-brownie,brownie,"[['acolytec3', '2019-09-20T00:04:04.479997Z']]"
https://gitcoin.co/issue/15762,gitcoinco,web,"[['shitzu-mc01', '2019-08-31T18:17:47.624614Z']]"
https://gitcoin.co/issue/15757,gitcoinco,web,[]
https://gitcoin.co/issue/16378,facebook,jscodeshift,"[['marcusrbrown', '2019-09-16T17:08:56.084484Z']]"
https://gitcoin.co/issue/16496,ethereum,eth2.0-pm,[]
https://gitcoin.co/issue/16391,gitcoinco,web,[]
https://gitcoin.co/issue/15828,status-im,status-mobile,"[['majortomsec', '2019-08-31T00:38:02.589269Z']]"
https://gitcoin.co/issue/17678,Synthetixio,synthetix,"[['zyfrank', '2019-09-24T18:05:32.105588Z']]"
https://gitcoin.co/issue/16515,harmonylion,ideamarkets,"[['pbteja1998', '2019-09-21T03:52:18.536189Z']]"
https://gitcoin.co/issue/16537,status-im,status-keycard,"[['bakaoh', '2019-09-01T09:47:21.747268Z']]"
https://gitcoin.co/issue/16542,status-im,status-keycard,"[['mul1sh', '2019-09-12T02:32:52.503905Z'], ['ligi', '2019-09-12T06:06:38.613089Z']]"
https://gitcoin.co/issue/28215,status-im,status-keycard,[]
https://gitcoin.co/issue/16263,gitcoinco,web,"[['acolytec3', '2019-09-02T19:27:06.337194Z']]"
https://gitcoin.co/issue/16468,skalenetwork,hackathon,"[['codeslip', '2019-09-12T02:46:59.067353Z'], ['djrosenbaum', '2019-09-12T00:22:27.088975Z'], ['man-jain', '2019-09-12T06:06:58.167707Z'], ['stefanionescu', '2019-09-11T22:30:12.796607Z']]"
https://gitcoin.co/issue/16471,skalenetwork,hackathon,"[['sanchaymittal', '2019-09-12T15:26:10.946512Z'], ['codeslip', '2019-09-12T02:41:18.064048Z'], ['djrosenbaum', '2019-09-12T00:13:05.457386Z'], ['stefanionescu', '2019-09-11T23:41:40.978798Z'], ['sanchaymittal', '2019-09-12T15:26:49.338932Z'], ['sanchaymittal', '2019-09-22T04:56:43.814630Z'], ['comets1', '2019-09-12T06:06:27.717269Z'], ['antoniocardenas', '2019-09-10T23:58:16.765895Z'], ['comets1', '2019-09-12T06:06:27.688903Z'], ['masaun', '2019-09-11T13:32:05.971124Z']]"
https://gitcoin.co/issue/16804,status-im,status-mobile,"[['bitsikka', '2019-09-02T16:13:17.057846Z']]"
https://gitcoin.co/issue/28213,status-im,status-mobile,[]
https://gitcoin.co/issue/16239,gitcoinco,command_line_standardbounties_funder,"[['pbteja1998', '2019-08-29T05:07:57.959769Z']]"
https://gitcoin.co/issue/15739,gitcoinco,web,"[['majortomsec', '2019-08-30T16:34:48.019784Z']]"
https://gitcoin.co/issue/16405,portis-project,gitcoin-ethereal-blocks-hackathon,"[['stefanionescu', '2019-09-11T22:24:53.787444Z'], ['deacix', '2019-09-10T16:43:59.024387Z'], ['jacekv', '2019-09-11T08:21:19.486013Z']]"
https://gitcoin.co/issue/28212,portis-project,gitcoin-ethereal-blocks-hackathon,[]
https://gitcoin.co/issue/15674,gitcoinco,web,"[['shitzu-mc01', '2019-08-28T18:18:23.761491Z']]"
https://gitcoin.co/issue/16424,bancorprotocol,contracts-solidity,"[['proofoftom', '2019-09-14T04:08:49.948799Z']]"
https://gitcoin.co/issue/28210,bancorprotocol,contracts-solidity,[]
https://gitcoin.co/issue/16536,status-im,status-js-api,"[['wslyvh', '2019-09-13T19:24:19.541052Z'], ['mul1sh', '2019-09-12T02:48:06.109153Z'], ['brianspha', '2019-09-12T06:05:39.163829Z'], ['krisc', '2019-09-11T19:24:47.709922Z']]"
https://gitcoin.co/issue/16701,polkadot-java,api,"[['wangboy', '2019-09-28T18:03:16.578439Z']]"
https://gitcoin.co/issue/15777,usetech-llc,polkadot_api_cpp,"[['chernant', '2019-08-30T14:42:29.456131Z']]"
https://gitcoin.co/issue/15776,usetech-llc,polkadot_api_cpp,"[['chernant', '2019-08-30T14:40:15.600995Z']]"
https://gitcoin.co/issue/15775,usetech-llc,polkadot_api_cpp,"[['chernant', '2019-08-30T14:38:59.963928Z']]"
https://gitcoin.co/issue/16425,bancorprotocol,contracts-solidity,"[['nionis', '2019-09-14T04:17:56.896393Z']]"
https://gitcoin.co/issue/28207,bancorprotocol,contracts-solidity,[]
https://gitcoin.co/issue/15588,gitcoinco,web,"[['octavioamu', '2019-08-28T06:17:55.423689Z']]"
https://gitcoin.co/issue/15692,protofire,solhint,"[['akersof', '2019-08-23T18:14:40.651730Z']]"
https://gitcoin.co/issue/15694,protofire,solhint,"[['touhonoob', '2019-08-24T03:22:24.737207Z']]"
https://gitcoin.co/issue/15693,protofire,solhint,"[['touhonoob', '2019-08-24T03:24:15.057747Z']]"
https://gitcoin.co/issue/15817,protofire,solhint,"[['think-in-universe', '2019-08-28T07:03:16.615725Z']]"
https://gitcoin.co/issue/15821,ethereum,eth-wiki,"[['batatsar', '2019-08-23T03:31:39.268725Z']]"
https://gitcoin.co/issue/15819,ethereum,eth-wiki,"[['acolytec3', '2019-08-23T11:12:52.188892Z']]"
https://gitcoin.co/issue/15822,ethereum,eth-wiki,"[['bakaoh', '2019-08-23T03:55:28.695289Z']]"
https://gitcoin.co/issue/15827,ethereum,eth-wiki,"[['batatsar', '2019-08-23T03:20:44.454565Z']]"
https://gitcoin.co/issue/15687,WalletConnect,web3modal,"[['eswarasai', '2019-08-22T19:02:46.730360Z']]"
https://gitcoin.co/issue/27013,gitcoinco,web,[]
https://gitcoin.co/issue/15445,gitcoinco,web,"[['shitzu-mc01', '2019-08-21T18:17:58.946985Z']]"
https://gitcoin.co/issue/16415,status-im,status-mobile,"[['acolytec3', '2019-09-12T14:20:37.765575Z']]"
https://gitcoin.co/issue/16334,DigixGlobal,governance-ui-components,[]
https://gitcoin.co/issue/16333,DigixGlobal,dao-server,"[['bshevchenko', '2019-09-04T12:13:34.969615Z']]"
https://gitcoin.co/issue/16785,DigixGlobal,governance-ui,"[['eswarasai', '2019-09-18T06:17:54.747695Z']]"
https://gitcoin.co/issue/15430,scrtlabs,EnigmaBounties,"[['bshevchenko', '2019-08-20T07:58:06.115856Z']]"
https://gitcoin.co/issue/16129,dap-ps,discover,"[['iamonuwa', '2019-08-21T10:54:43.739188Z']]"
https://gitcoin.co/issue/16349,eth-brownie,brownie,[]
https://gitcoin.co/issue/15415,dap-ps,discover,"[['iamonuwa', '2019-08-18T11:27:29.935576Z']]"
https://gitcoin.co/issue/15416,dap-ps,discover,"[['iamonuwa', '2019-08-18T11:28:38.112587Z']]"
https://gitcoin.co/issue/16279,gitcoinco,web,"[['shitzu-mc01', '2019-08-14T18:17:58.521159Z']]"
https://gitcoin.co/issue/15629,status-im,status-mobile,"[['majortomsec', '2019-08-26T09:56:58.433399Z']]"
https://gitcoin.co/issue/15826,status-im,status-mobile,"[['b-m-f', '2019-09-03T18:06:41.007177Z']]"
https://gitcoin.co/issue/15558,vuejs,vuepress,"[['shad-k', '2019-08-18T16:29:42.149310Z']]"
https://gitcoin.co/issue/15425,Synthetixio,synthetix,"[['batatsar', '2019-08-19T08:42:35.619583Z']]"
https://gitcoin.co/issue/16981,Synthetixio,synthetix,"[['npashuk', '2019-10-22T21:28:37.499147Z']]"
https://gitcoin.co/issue/15572,kauri-io,Content,[]
https://gitcoin.co/issue/19107,vyperlang,vyper,"[['adrianhacker-pdx', '2020-02-12T14:36:22.904008Z']]"
https://gitcoin.co/issue/15414,dap-ps,discover,"[['iamonuwa', '2019-08-18T11:29:38.478779Z']]"
https://gitcoin.co/issue/15328,dap-ps,discover,"[['iamonuwa', '2019-08-09T16:14:20.855266Z']]"
https://gitcoin.co/issue/15314,thelostone-mc,holo,"[['shitzu-mc01', '2019-08-08T18:17:58.336125Z']]"
https://gitcoin.co/issue/15681,gitcoinco,web,"[['writeprovidence', '2019-08-28T09:19:34.597654Z']]"
https://gitcoin.co/issue/23680,gitcoinco,web,"[['molecula451', '2019-12-07T15:56:10.088109Z'], ['pradeepgangwar', '2019-12-05T17:55:46.683930Z'], ['sebastiantf', '2020-05-13T13:53:08.307432Z'], ['molecula451', '2019-12-07T15:56:10.124320Z'], ['kichjang', '2020-02-15T01:28:48.498679Z'], ['x5engine', '2019-08-06T21:54:11.288467Z'], ['kichjang', '2020-01-30T06:37:14.355848Z'], ['agbilotia1998', '2019-12-13T05:46:01.193806Z'], ['dfimbres', '2019-08-13T16:30:27.770568Z']]"
https://gitcoin.co/issue/15420,ark-mod,ArkBot,"[['allenskywalker92', '2019-08-18T14:13:41.192397Z']]"
https://gitcoin.co/issue/15746,dethcrypto,TypeChain,"[['edsonayllon', '2019-08-18T18:52:48.323485Z']]"
https://gitcoin.co/issue/15220,RibbonBlockchain,RibbonBlockchainHomepage,"[['kapsonlabs', '2019-08-01T13:10:55.228011Z']]"
https://gitcoin.co/issue/24228,LinkdropHQ,linkdrop-safe-module,"[['robertmcforster', '2019-09-09T21:11:04.143434Z']]"
https://gitcoin.co/issue/28204,LinkdropHQ,linkdrop-safe-module,[]
https://gitcoin.co/issue/15207,gitcoinco,web,[]
https://gitcoin.co/issue/15676,gitcoinco,skunkworks,"[['owans', '2019-08-16T05:13:55.524051Z'], ['masaun', '2019-08-14T21:33:29.259441Z'], ['owans', '2019-08-16T05:13:55.553490Z'], ['moranthomas', '2019-08-15T16:43:46.979863Z'], ['moranthomas', '2019-08-15T16:43:46.953723Z'], ['martynasadomaitis', '2019-08-08T14:51:34.799215Z'], ['christopher-i', '2019-08-15T22:45:22.301682Z']]"
https://gitcoin.co/issue/28203,gitcoinco,skunkworks,[]
https://gitcoin.co/issue/15236,gitcoinco,web,"[['bakaoh', '2019-08-02T15:05:53.501905Z']]"
https://gitcoin.co/issue/16495,ethereum,eth2.0-pm,[]
https://gitcoin.co/issue/15353,crytic,solc-select,"[['b-m-f', '2019-08-03T17:23:20Z']]"
https://gitcoin.co/issue/15574,usetech-llc,polkadot_api_cpp,"[['chernant', '2019-08-06T09:07:06.538289Z']]"
https://gitcoin.co/issue/15270,usetech-llc,polkadot_api_cpp,"[['bakaoh', '2019-08-01T00:47:51.467105Z']]"
https://gitcoin.co/issue/15153,RibbonBlockchain,IncentivesMVP,"[['iamonuwa', '2019-07-30T09:43:14.372782Z']]"
https://gitcoin.co/issue/15150,RibbonBlockchain,IncentivesMVP,"[['iamonuwa', '2019-07-30T09:43:14.366452Z']]"
https://gitcoin.co/issue/24224,raiden-network,hackathons,"[['mingderwang', '2019-08-15T11:11:05.756112Z'], ['wslyvh', '2019-08-14T20:36:58.976543Z'], ['nanspro', '2019-08-16T03:14:50.736179Z']]"
https://gitcoin.co/issue/28195,raiden-network,hackathons,[]
https://gitcoin.co/issue/15553,raiden-network,hackathons,"[['viraja1', '2019-08-15T14:07:11.587529Z'], ['npafitis', '2019-08-15T15:11:32.553082Z'], ['s0b0lev', '2019-08-05T04:30:31.396687Z'], ['ryanleecode', '2019-08-15T13:03:31.894325Z']]"
https://gitcoin.co/issue/15209,RibbonBlockchain,IncentivesMVP,"[['kapsonlabs', '2019-07-31T13:27:31.809638Z']]"
https://gitcoin.co/issue/15432,AmbireTech,adex-platform,"[['x5engine', '2019-08-03T16:14:24.802541Z'], ['iamonuwa', '2019-07-29T19:54:46.937383Z']]"
https://gitcoin.co/issue/15433,AmbireTech,adex-platform,"[['iamonuwa', '2019-07-30T22:31:29.790152Z'], ['x5engine', '2019-08-03T16:17:06.794117Z']]"
https://gitcoin.co/issue/15408,AmbireTech,adex-explorer,"[['bakaoh', '2019-08-05T04:16:45.204829Z'], ['levalleux-ludo', '2019-08-12T12:26:50.423921Z']]"
https://gitcoin.co/issue/15407,AmbireTech,adex-protocol-eth,"[['robhaj', '2019-08-03T08:57:56.806522Z'], ['bakaoh', '2019-08-04T06:20:42.813371Z']]"
https://gitcoin.co/issue/16246,ArweaveTeam,Bounties,"[['josh-richardson', '2019-08-16T02:48:50.384317Z'], ['nionis', '2019-08-16T02:48:50.411668Z'], ['sanchaymittal', '2019-08-15T16:02:49.088675Z'], ['proofoftom', '2019-08-16T04:00:41.199202Z']]"
https://gitcoin.co/issue/28190,ArweaveTeam,Bounties,[]
https://gitcoin.co/issue/16245,ArweaveTeam,Bounties,"[['michaelcohen716', '2019-08-16T02:48:49.811350Z'], ['mul1sh', '2019-08-15T23:57:28.592019Z'], ['acolytec3', '2019-08-15T21:03:25.042564Z']]"
https://gitcoin.co/issue/28189,ArweaveTeam,Bounties,[]
https://gitcoin.co/issue/24221,portis-project,gitcoin-grow-ethereum-hackathon,"[['santteegt', '2019-08-16T02:17:26.343350Z'], ['pisuthd', '2019-08-15T19:59:03.693374Z'], ['krisc', '2019-08-14T20:12:08.535818Z'], ['antododo', '2019-08-15T08:40:50.065670Z']]"
https://gitcoin.co/issue/28188,portis-project,gitcoin-grow-ethereum-hackathon,[]
https://gitcoin.co/issue/15146,RibbonBlockchain,RibbonBlockchainHomepage,"[['kapsonlabs', '2019-07-30T09:59:57.732916Z']]"
https://gitcoin.co/issue/15140,RibbonBlockchain,RibbonBlockchainHomepage,"[['kapsonlabs', '2019-07-30T08:11:50.304415Z']]"
https://gitcoin.co/issue/15142,RibbonBlockchain,RibbonBlockchainHomepage,"[['kapsonlabs', '2019-07-30T08:46:19.309947Z']]"
https://gitcoin.co/issue/15218,RibbonBlockchain,RibbonBlockchainHomepage,"[['kapsonlabs', '2019-07-30T12:07:44.239979Z']]"
https://gitcoin.co/issue/15274,apbendi,use-dai,"[['altprogamer', '2019-08-03T11:14:26.713323Z']]"
https://gitcoin.co/issue/15062,RibbonBlockchain,IncentivesMVP,"[['kapsonlabs', '2019-07-26T19:25:32.812227Z']]"
https://gitcoin.co/issue/16216,scrtlabs,EnigmaBounties,"[['bshevchenko', '2019-08-04T10:54:39.883463Z']]"
https://gitcoin.co/issue/28185,scrtlabs,EnigmaBounties,[]
https://gitcoin.co/issue/24219,scrtlabs,EnigmaBounties,"[['nionis', '2019-09-27T00:12:40.301773Z']]"
https://gitcoin.co/issue/28184,scrtlabs,EnigmaBounties,[]
https://gitcoin.co/issue/15269,GetSpeckle,speckle-browser-extension,"[['bshevchenko', '2019-07-30T23:04:51.860639Z']]"
https://gitcoin.co/issue/24218,scrtlabs,EnigmaBounties,"[['nionis', '2019-09-03T12:46:24.730399Z']]"
https://gitcoin.co/issue/28183,scrtlabs,EnigmaBounties,[]
https://gitcoin.co/issue/16694,scrtlabs,EnigmaBounties,"[['guix77', '2019-10-04T12:15:22.003692Z']]"
https://gitcoin.co/issue/28182,scrtlabs,EnigmaBounties,[]
https://gitcoin.co/issue/15311,gitcoinco,web,"[['pierrickgt', '2019-07-31T06:24:40.486539Z']]"
https://gitcoin.co/issue/16530,GetSpeckle,speckle-browser-extension,"[['mul1sh', '2019-09-11T16:08:10.660714Z']]"
https://gitcoin.co/issue/21388,centrifuge,security,[]
https://gitcoin.co/issue/15054,dap-ps,discover,"[['iamonuwa', '2019-07-25T08:37:15.692316Z']]"
https://gitcoin.co/issue/15017,gitcoinco,code_fund_ads,"[['dcd018', '2019-07-23T17:32:05.935252Z']]"
https://gitcoin.co/issue/18749,GetSpeckle,speckle-browser-extension,"[['eswarasai', '2019-08-22T08:23:45.640914Z']]"
https://gitcoin.co/issue/15677,sigp,lighthouse,"[['g-r-a-n-t', '2019-08-14T06:59:53.909650Z']]"
https://gitcoin.co/issue/16532,cybercongress,go-cyber,"[['vasilistefanenko', '2019-09-25T13:10:43.808511Z']]"
https://gitcoin.co/issue/28179,cybercongress,go-cyber,[]
https://gitcoin.co/issue/14960,gitcoinco,web,[]
https://gitcoin.co/issue/17265,gitcoinco,web,"[['iamonuwa', '2019-07-19T08:07:21.176352Z']]"
https://gitcoin.co/issue/15050,RibbonBlockchain,IncentivesMVP,"[['iamonuwa', '2019-07-25T19:11:22.167637Z']]"
https://gitcoin.co/issue/24553,ArweaveTeam,Bounties,"[['igorshadurin', '2019-07-20T14:18:54.167565Z']]"
https://gitcoin.co/issue/28178,ArweaveTeam,Bounties,[]
https://gitcoin.co/issue/15246,gitcoinco,web,"[['iamonuwa', '2019-07-17T01:36:11.346124Z']]"
https://gitcoin.co/issue/23679,gitcoinco,web,"[['skyge', '2019-08-19T03:39:17.451710Z']]"
https://gitcoin.co/issue/28177,kleros,tokens-on-trial,[]
https://gitcoin.co/issue/15235,ethereum,eth2.0-pm,"[['edsonayllon', '2019-07-17T02:55:12.529052Z']]"
https://gitcoin.co/issue/15195,gitcoinco,web,"[['pierrickgt', '2019-07-22T21:24:37.313469Z']]"
https://gitcoin.co/issue/15045,centrifuge,precise-proofs,"[['zyfrank', '2019-07-17T20:13:13.502014Z']]"
https://gitcoin.co/issue/14929,apbendi,use-dai,"[['acolytec3', '2019-07-12T20:15:13.290866Z']]"
https://gitcoin.co/issue/15751,crytic,solc-select,"[['ivanvpan', '2019-08-07T10:07:26.268751Z']]"
https://gitcoin.co/issue/16275,gitcoinco,web,"[['octavioamu', '2019-07-23T06:25:53.069893Z']]"
https://gitcoin.co/issue/17008,crytic,crytic-compile,[]
https://gitcoin.co/issue/15745,crytic,slither,[]
https://gitcoin.co/issue/16557,status-im,status-mobile,"[['tbenr', '2019-09-23T15:25:07.347202Z']]"
https://gitcoin.co/issue/15689,status-im,status-mobile,"[['bitsikka', '2019-08-29T11:17:11.871533Z']]"
https://gitcoin.co/issue/16172,gitcoinco,web,"[['vince0656', '2019-08-18T19:39:34.965289Z']]"
https://gitcoin.co/issue/16161,gitcoinco,web,"[['vince0656', '2019-07-26T22:26:25.102851Z']]"
https://gitcoin.co/issue/19521,prysmaticlabs,prysm,[]
https://gitcoin.co/issue/15442,status-im,status-mobile,"[['bitsikka', '2019-08-19T17:13:08.543927Z']]"
https://gitcoin.co/issue/15281,nec-community,community-gateway,"[['iamonuwa', '2019-07-29T19:56:36.453653Z'], ['iamonuwa', '2019-07-29T19:56:36.485762Z']]"
https://gitcoin.co/issue/28173,nec-community,community-gateway,[]
https://gitcoin.co/issue/14805,nblockchain,TcpEchoSharp,"[['clonedeath', '2019-07-07T14:48:43.840643Z']]"
https://gitcoin.co/issue/14803,openintents,app-center,"[['x5engine', '2019-07-08T16:10:07.023418Z']]"
https://gitcoin.co/issue/15278,gitcoinco,web,"[['octavioamu', '2019-08-06T06:16:19.977888Z']]"
https://gitcoin.co/issue/15753,iExecBlockchainComputing,iexec-apps,[]
https://gitcoin.co/issue/28170,iExecBlockchainComputing,iexec-apps,[]
https://gitcoin.co/issue/18665,iExecBlockchainComputing,iexec-apps,[]
https://gitcoin.co/issue/28169,iExecBlockchainComputing,iexec-apps,[]
https://gitcoin.co/issue/15770,iExecBlockchainComputing,iexec-apps,[]
https://gitcoin.co/issue/28168,iExecBlockchainComputing,iexec-apps,[]
https://gitcoin.co/issue/15426,aquiladev,remix-mythx-plugin,"[['aquiladev', '2019-07-21T09:21:46.125148Z']]"
https://gitcoin.co/issue/14726,gitcoinco,web,"[['thelostone-mc', '2019-06-30T06:21:24.293833Z']]"
https://gitcoin.co/issue/14722,gitcoinco,web,[]
https://gitcoin.co/issue/19106,gitcoinco,web,[]
https://gitcoin.co/issue/16650,gitcoinco,web,"[['vince0656', '2019-10-01T19:40:35.344590Z']]"
https://gitcoin.co/issue/14893,ethereum,eth2.0-pm,"[['dbrettrobertson', '2019-07-03T05:14:58.477142Z']]"
https://gitcoin.co/issue/14984,Alethio,alethio-gitcoin,"[['smitrajput', '2019-07-10T15:45:06.432879Z']]"
https://gitcoin.co/issue/14983,Alethio,alethio-gitcoin,"[['corpetty', '2019-07-11T22:02:40.078019Z'], ['acolytec3', '2019-07-09T20:22:36.626303Z'], ['tezansahu', '2019-07-09T19:28:27.780978Z'], ['craze3', '2019-07-11T03:42:05.209013Z']]"
https://gitcoin.co/issue/15431,kauri-io,Content,"[['srisankethu', '2019-07-18T03:59:25.715804Z']]"
https://gitcoin.co/issue/16175,kauri-io,Content,[]
https://gitcoin.co/issue/14905,Consensys,protocol-BountiedWork,"[['iikirilov', '2019-07-10T16:50:24.700720Z']]"
https://gitcoin.co/issue/16163,prysmaticlabs,prysm,[]
https://gitcoin.co/issue/14821,prysmaticlabs,prysm,"[['katzdan', '2019-06-28T12:15:32.029350Z']]"
https://gitcoin.co/issue/14981,kauri-io,Content,[]
https://gitcoin.co/issue/19178,kauri-io,Content,[]
https://gitcoin.co/issue/14955,graphprotocol,gitcoin-beyond-blockchain-hackathon,"[['qx133', '2019-07-10T13:05:26.736450Z'], ['0xjjpa', '2019-07-06T18:38:02.628544Z'], ['sudeepb02', '2019-07-10T20:37:57.371195Z'], ['maksim-tolo', '2019-07-10T07:14:12.934070Z'], ['robin-thomas', '2019-07-11T04:02:18.044962Z'], ['calchulus', '2019-07-11T02:31:53.888577Z'], ['sistemico', '2019-07-10T21:34:08.896314Z'], ['nanspro', '2019-07-10T20:20:31.605256Z'], ['christopher-i', '2019-07-11T02:06:47.489590Z']]"
https://gitcoin.co/issue/28165,graphprotocol,gitcoin-beyond-blockchain-hackathon,[]
https://gitcoin.co/issue/14928,portis-project,gitcoin-beyond-blockchain-hackathon,"[['krisc', '2019-07-10T19:35:13.250513Z'], ['robin-thomas', '2019-07-11T04:03:27.077590Z'], ['phraktle', '2019-07-09T15:21:46.703254Z']]"
https://gitcoin.co/issue/15504,ArweaveTeam,Bounties,"[['shenwilly', '2019-07-10T18:41:46.560077Z']]"
https://gitcoin.co/issue/28164,ArweaveTeam,Bounties,[]
https://gitcoin.co/issue/24214,raiden-network,hackathons,"[['nanspro', '2019-07-10T20:55:57.474980Z'], ['johngrantuk', '2019-07-10T16:35:25.812474Z'], ['cpurta', '2019-07-11T00:14:14.959767Z']]"
https://gitcoin.co/issue/28163,raiden-network,hackathons,[]
https://gitcoin.co/issue/14941,raiden-network,hackathons,"[['pisuthd', '2019-07-10T16:37:06.579480Z'], ['orami', '2019-07-11T19:28:20.702581Z']]"
https://gitcoin.co/issue/15010,sigillabs,mobidex,"[['enieber', '2019-07-09T01:29:51.305192Z']]"
https://gitcoin.co/issue/14740,sigillabs,mobidex,"[['socialcode-rob1', '2019-06-30T13:07:41.252158Z']]"
https://gitcoin.co/issue/14954,ArweaveTeam,Bounties,"[['snezanasucurovic042', '2019-07-02T07:02:24.980282Z'], ['josh-richardson', '2019-07-09T22:21:32.710828Z'], ['snezanasucurovic042', '2019-07-11T06:13:22.048813Z'], ['igorshadurin', '2019-06-26T15:36:27.944120Z']]"
https://gitcoin.co/issue/14953,ArweaveTeam,Bounties,"[['srisankethu', '2019-07-11T02:06:28.700407Z'], ['niinpatel', '2019-07-10T18:58:49.615052Z'], ['calchulus', '2019-07-11T01:57:11.242658Z']]"
https://gitcoin.co/issue/28160,ArweaveTeam,Bounties,[]
https://gitcoin.co/issue/15292,ArweaveTeam,Bounties,"[['craze3', '2019-07-11T03:54:41.380397Z'], ['robin-thomas', '2019-07-11T04:06:27.550910Z'], ['josh-richardson', '2019-07-21T04:01:37.875252Z'], ['mul1sh', '2019-07-20T20:38:23.626807Z'], ['vertis', '2019-07-20T18:20:58.583551Z']]"
https://gitcoin.co/issue/14723,ethhub-io,ethhub,"[['nanspro', '2019-06-24T09:46:43.114374Z']]"
https://gitcoin.co/issue/14967,Consensys,Beyond-Blockchain-Relay,"[['craze3', '2019-07-11T00:45:15.908435Z'], ['moranthomas', '2019-07-10T21:04:55.444609Z'], ['edsonayllon', '2019-07-11T03:56:36.788021Z']]"
https://gitcoin.co/issue/28159,Consensys,Beyond-Blockchain-Relay,[]
https://gitcoin.co/issue/14966,Consensys,Beyond-Blockchain-Relay,"[['owans', '2019-07-11T03:53:59.279162Z'], ['craze3', '2019-07-11T03:28:06.629855Z'], ['ktimam', '2019-07-10T22:58:38.211581Z'], ['ugolino', '2019-07-10T22:12:48.690984Z'], ['crisgarner', '2019-07-11T03:56:47.024693Z'], ['bugduino', '2019-07-10T22:43:08.662224Z'], ['phraktle', '2019-07-10T15:43:50.989136Z']]"
https://gitcoin.co/issue/28158,Consensys,Beyond-Blockchain-Relay,[]
https://gitcoin.co/issue/14963,Consensys,Beyond-Blockchain-Relay,"[['allberg', '2019-07-17T19:40:54.975081Z'], ['alexmasmej', '2019-07-11T04:00:10.045985Z'], ['viraja1', '2019-07-10T17:15:32.180891Z'], ['ringaile', '2019-07-10T19:30:17.090891Z']]"
https://gitcoin.co/issue/28157,Consensys,Beyond-Blockchain-Relay,[]
https://gitcoin.co/issue/17412,cosmos,cosmos-sdk,"[['mkg20001', '2019-10-03T18:16:35.518180Z']]"
https://gitcoin.co/issue/14660,ArweaveTeam,Bounties,"[['igar1991', '2019-06-25T12:40:53.674181Z'], ['solexplorer', '2019-06-22T12:41:11.808619Z'], ['edsonayllon', '2019-06-21T19:53:09Z']]"
https://gitcoin.co/issue/28155,ArweaveTeam,Bounties,[]
https://gitcoin.co/issue/16487,gitcoinco,web,"[['usmanmuhd', '2019-07-11T02:24:22.486966Z']]"
https://gitcoin.co/issue/14930,ssbc,patchbay,"[['mixmix', '2019-07-15T01:59:52.427614Z']]"
https://gitcoin.co/issue/15307,nblockchain,TcpEchoSharp,"[['kanaruna', '2019-07-05T15:56:24.826595Z']]"
https://gitcoin.co/issue/17250,tendermint,tendermint,"[['psalant726', '2019-10-14T21:08:01.414000Z']]"
https://gitcoin.co/issue/15345,tendermint,tendermint,"[['psalant726', '2019-08-11T23:22:00.075045Z']]"
https://gitcoin.co/issue/16952,kauri-io,Content,[]
https://gitcoin.co/issue/14661,kauri-io,Content,"[['calchulus', '2019-06-22T12:09:42.578756Z']]"
https://gitcoin.co/issue/14944,ethereum,py-evm,"[['iamonuwa', '2019-06-17T17:25:10.394230Z']]"
https://gitcoin.co/issue/15362,status-im,status-mobile,"[['pacamara', '2019-08-08T20:45:44.730216Z']]"
https://gitcoin.co/issue/20648,gitcoinco,web,"[['iamonuwa', '2019-06-20T10:13:55.695780Z']]"
https://gitcoin.co/issue/14449,dangitcoin,gitcoin-fun-pub,[]
https://gitcoin.co/issue/14567,gitcoinco,web,"[['octavioamu', '2019-06-20T18:18:50.499071Z']]"
https://gitcoin.co/issue/14533,Consensys,protocol-BountiedWork,"[['nanspro', '2019-06-18T12:09:37.566478Z']]"
https://gitcoin.co/issue/14995,Consensys,protocol-BountiedWork,"[['kevinkelley', '2019-07-21T22:20:50.908285Z']]"
https://gitcoin.co/issue/14473,Consensys,protocol-BountiedWork,"[['renaynay', '2019-06-15T19:19:15.154881Z']]"
https://gitcoin.co/issue/15792,w3f,General-Grants-Program,"[['aahutsal', '2019-09-02T16:32:32.348934Z']]"
https://gitcoin.co/issue/28149,w3f,General-Grants-Program,[]
https://gitcoin.co/issue/14452,Consensys,protocol-BountiedWork,"[['atoulme', '2019-06-12T23:43:55.900182Z']]"
https://gitcoin.co/issue/14557,gitcoinco,code_fund_ads,"[['mglaman', '2019-06-19T22:19:08.726276Z']]"
https://gitcoin.co/issue/17583,harmonylion,ideamarkets,"[['proofoftom', '2019-11-26T22:56:48.922802Z']]"
https://gitcoin.co/issue/21945,Nethereum,Nethereum-Explorer-Wallet-Template-Blazor,"[['dmytrobaida', '2020-05-05T21:01:02.820871Z'], ['dmytrobaida', '2020-05-06T17:45:29.485361Z'], ['glennawatson', '2020-05-08T02:08:30.095491Z']]"
https://gitcoin.co/issue/14739,sigillabs,mobidex,"[['sanidhayarora', '2019-07-01T18:26:26.653831Z']]"
https://gitcoin.co/issue/14754,gitcoinco,web,"[['rafalkowalski', '2019-06-28T00:09:18.305282Z']]"
https://gitcoin.co/issue/14755,gitcoinco,web,"[['rafalkowalski', '2019-06-27T20:00:08.848152Z']]"
https://gitcoin.co/issue/14752,gitcoinco,web,"[['rafalkowalski', '2019-06-24T16:57:05.395546Z']]"
https://gitcoin.co/issue/14736,status-im,status-mobile,"[['rikku-x', '2019-06-25T14:21:55.446761Z']]"
https://gitcoin.co/issue/28147,status-im,status-mobile,[]
https://gitcoin.co/issue/15405,status-im,status-mobile,"[['speedyfixer', '2019-08-07T03:58:28.036294Z']]"
https://gitcoin.co/issue/14471,nblockchain,TcpEchoSharp,"[['canndrew', '2019-06-15T05:45:56.159228Z']]"
https://gitcoin.co/issue/14466,ProDerivatives,EthereumContracts,"[['sudeepb02', '2019-06-14T19:20:15.082796Z'], ['uivlis', '2019-06-14T19:20:15.164445Z']]"
https://gitcoin.co/issue/14047,gitcoinco,web,"[['octavioamu', '2019-06-04T06:20:08.565950Z']]"
https://gitcoin.co/issue/15038,gitcoinco,web,[]
https://gitcoin.co/issue/14240,ethhub-io,ethhub,"[['nanspro', '2019-06-09T00:11:54.492673Z']]"
https://gitcoin.co/issue/14011,acolytec3,nanobitcoin-go,[]
https://gitcoin.co/issue/14510,gitcoinco,web,"[['proofoftom', '2019-06-05T00:38:26.566104Z']]"
https://gitcoin.co/issue/14637,blockades,scuttle-dark-crystal,"[['ameba23', '2019-06-24T17:04:06.192094Z']]"
https://gitcoin.co/issue/15299,gitcoinco,web,"[['acolytec3', '2019-05-31T17:00:34.230122Z']]"
https://gitcoin.co/issue/13896,danlipert,gitcoin-test,"[['dan', '2019-05-31T18:19:53.594357Z']]"
https://gitcoin.co/issue/13894,danlipert,gitcoin-test,"[['dan', '2019-05-31T18:19:43.101500Z']]"
https://gitcoin.co/issue/15728,kauri-io,Content,"[['iamonuwa', '2019-08-05T06:43:13.949562Z']]"
https://gitcoin.co/issue/13800,danlipert,gitcoin-test,"[['danlipert', '2019-05-30T18:19:56.395453Z']]"
https://gitcoin.co/issue/13797,danlipert,gitcoin-test,"[['dan', '2019-05-30T18:19:44.257936Z']]"
https://gitcoin.co/issue/13796,danlipert,gitcoin-test,[]
https://gitcoin.co/issue/13972,gitcoinco,web,[]
https://gitcoin.co/issue/15210,gitcoinco,web,"[['rafalkowalski', '2019-07-27T21:33:41.274396Z']]"
https://gitcoin.co/issue/14182,ssteiger,vyper-contract-gui,"[['aahutsal', '2019-06-08T18:10:39.105456Z']]"
https://gitcoin.co/issue/14033,nblockchain,TcpEchoSharp,"[['c410-f3r', '2019-05-29T21:20:49.485874Z']]"
https://gitcoin.co/issue/14017,leapdao,docs,"[['maxstalker', '2019-05-30T22:22:32.687591Z']]"
https://gitcoin.co/issue/13862,muellerberndt,sabre,"[['eswarasai', '2019-05-25T14:17:42.946860Z']]"
https://gitcoin.co/issue/13682,gitcoinco,web,"[['octavioamu', '2019-05-28T18:18:35.798890Z']]"
https://gitcoin.co/issue/13643,gitcoinco,web,"[['thelostone-mc', '2019-05-26T06:19:16.846798Z']]"
https://gitcoin.co/issue/14158,leapdao,leap-contracts,"[['roleengineer', '2019-06-07T11:41:38.789510Z']]"
https://gitcoin.co/issue/28145,leapdao,leap-contracts,[]
https://gitcoin.co/issue/14283,WalletConnect,web3modal,"[['aahutsal', '2019-06-11T04:36:58.896159Z']]"
https://gitcoin.co/issue/24475,julienbrg,hasard,[]
https://gitcoin.co/issue/28143,julienbrg,hasard,[]
https://gitcoin.co/issue/13661,WalletConnect,walletconnect-monorepo,"[['janus', '2019-05-26T03:24:35.757594Z']]"
https://gitcoin.co/issue/14514,dethcrypto,TypeChain,"[['quezak', '2019-05-29T09:54:22.607098Z']]"
https://gitcoin.co/issue/16844,openethereum,parity-ethereum,"[['lazaridis-com', '2019-06-04T21:20:04.947482Z']]"
https://gitcoin.co/issue/28142,openethereum,parity-ethereum,[]
https://gitcoin.co/issue/22640,status-im,status-mobile,"[['speedyfixer', '2019-08-07T04:08:13.787521Z']]"
https://gitcoin.co/issue/21455,status-im,pm,"[['aerophile', '2019-06-16T10:42:21.940936Z']]"
https://gitcoin.co/issue/13586,gitcoinco,code_fund_ads,[]
https://gitcoin.co/issue/14599,utunga,homesafe,"[['mul1sh', '2019-06-17T09:17:03.031294Z']]"
https://gitcoin.co/issue/13463,rook,rook,"[['xiaods', '2019-05-19T19:32:09.774249Z']]"
https://gitcoin.co/issue/24210,dethcrypto,TypeChain,"[['touhonoob', '2019-05-22T12:44:51.413947Z']]"
https://gitcoin.co/issue/28141,dethcrypto,TypeChain,[]
https://gitcoin.co/issue/14219,blockades,dark-crystal-standalone,"[['kyphae', '2019-06-07T09:09:53.824250Z']]"
https://gitcoin.co/issue/14220,blockades,dark-crystal-standalone,"[['kyphae', '2019-06-07T11:05:40.228693Z']]"
https://gitcoin.co/issue/14221,blockades,dark-crystal-standalone,"[['kyphae', '2019-05-29T18:40:07.960344Z']]"
https://gitcoin.co/issue/13687,prysmaticlabs,prysm,"[['katzdan', '2019-05-22T12:16:31.793813Z']]"
https://gitcoin.co/issue/13468,gitcoinco,web,"[['thelostone-mc', '2019-05-20T06:18:27.206136Z']]"
https://gitcoin.co/issue/13849,kauri-io,Content,"[['dodikk', '2019-05-18T16:05:02.535632Z']]"
https://gitcoin.co/issue/13847,kauri-io,Content,"[['random-char', '2019-05-18T16:01:54.039852Z']]"
https://gitcoin.co/issue/13467,VexyCats,Gitcoin_Bounties,"[['sachincool', '2019-05-15T23:41:34.841494Z'], ['muyaedward', '2019-05-17T04:40:13.065838Z']]"
https://gitcoin.co/issue/14569,ensdomains,ens-app,"[['iamonuwa', '2019-05-23T22:45:22.033844Z'], ['industral', '2019-05-24T16:21:58.739844Z']]"
https://gitcoin.co/issue/17173,MetaMask,metamask-extension,"[['industral', '2019-05-14T19:36:16.352391Z']]"
https://gitcoin.co/issue/13613,harmony-one,harmony,"[['touhonoob', '2019-05-16T07:59:05.266814Z']]"
https://gitcoin.co/issue/18216,liquidity-network,liquidity-burner,"[['tomafrench', '2019-12-23T18:31:55.573079Z']]"
https://gitcoin.co/issue/14002,nickreynolds,artonomous,"[['writeprovidence', '2019-05-29T12:35:55.196173Z']]"
https://gitcoin.co/issue/13313,harmony-one,harmony,"[['touhonoob', '2019-05-12T07:00:45.810767Z']]"
https://gitcoin.co/issue/26294,WalletConnect,node-walletconnect-bridge,[]
https://gitcoin.co/issue/28137,WalletConnect,node-walletconnect-bridge,[]
https://gitcoin.co/issue/13300,cupOJoseph,storj-web-gateway,[]
https://gitcoin.co/issue/13210,cupOJoseph,storj-web-gateway,[]
https://gitcoin.co/issue/13621,centrifuge,precise-proofs,"[['touhonoob', '2019-05-10T17:33:56.878097Z']]"
https://gitcoin.co/issue/13284,centrifuge,precise-proofs,"[['zyfrank', '2019-05-12T23:44:24.717214Z']]"
https://gitcoin.co/issue/13678,chainstack,docs,"[['nanspro', '2019-05-19T18:53:08.359651Z']]"
https://gitcoin.co/issue/13540,gitcoinco,web,"[['anonymous193', '2019-05-22T18:16:57.870622Z']]"
https://gitcoin.co/issue/13169,gitcoinco,web,"[['thelostone-mc', '2019-05-08T18:18:23.711782Z']]"
https://gitcoin.co/issue/13296,centrifuge,precise-proofs,"[['zyfrank', '2019-05-13T10:37:18.918485Z']]"
https://gitcoin.co/issue/17310,ethereum-cat-herders,PM,"[['madeoftin', '2019-11-11T18:25:20.121507Z']]"
https://gitcoin.co/issue/14559,trustwallet,wallet-core,"[['defuera', '2019-06-12T09:34:18.965230Z']]"
https://gitcoin.co/issue/18846,gitcoinco,skunkworks,"[['turupawn', '2019-08-05T21:26:06.107817Z']]"
https://gitcoin.co/issue/16631,austintgriffith,burner-wallet,"[['iamonuwa', '2019-05-15T08:09:06.955198Z']]"
https://gitcoin.co/issue/15005,gitcoinco,web,"[['skyge', '2019-07-15T22:56:16.198615Z']]"
https://gitcoin.co/issue/17465,gitcoinco,web,"[['zoek1', '2019-10-30T22:36:52.672543Z']]"
https://gitcoin.co/issue/14996,polkawallet-io,polkawallet-RN,"[['aahutsal', '2019-07-20T18:56:07.970435Z']]"
https://gitcoin.co/issue/13119,ChrisCates,CommonCrawler,"[['iamonuwa', '2019-05-05T01:05:36.620126Z']]"
https://gitcoin.co/issue/13259,gitcoinco,skunkworks,"[['iamonuwa', '2019-05-10T18:16:18.566360Z']]"
https://gitcoin.co/issue/14535,sendwyre,Gitcoin-Open-source-Community-Tools,"[['e18r', '2019-05-16T06:09:36.981978Z']]"
https://gitcoin.co/issue/28135,sendwyre,Gitcoin-Open-source-Community-Tools,[]
https://gitcoin.co/issue/13138,marczeller,Kleros-Monitor-Bot,[]
https://gitcoin.co/issue/13480,ssbc,patchbay,"[['mixmix', '2019-05-10T22:16:27.916049Z']]"
https://gitcoin.co/issue/13891,polkadot-js,apps,"[['pbteja1998', '2019-05-31T13:03:01.575303Z']]"
https://gitcoin.co/issue/13611,polkadot-js,apps,"[['pbteja1998', '2019-05-24T09:48:11.541854Z'], ['pbteja1998', '2019-05-24T09:48:11.748408Z']]"
https://gitcoin.co/issue/13258,polkadot-js,apps,"[['e18r', '2019-05-08T17:02:29.521349Z']]"
https://gitcoin.co/issue/14746,ArweaveTeam,Bounties,"[['shakeabi', '2019-06-19T15:06:51.985089Z'], ['jollyrogerz', '2019-06-14T15:41:27.540881Z'], ['skywhirl', '2019-06-07T10:57:52.338348Z'], ['sudeepb02', '2019-06-05T11:09:27.238859Z'], ['proofoftom', '2019-06-02T05:58:06.364249Z'], ['orange-molecule', '2019-05-26T10:18:03.944774Z'], ['duckfev3r', '2019-05-17T10:47:06.605357Z'], ['senarma', '2019-06-25T01:08:47.363796Z'], ['shenwilly', '2019-05-10T17:30:11.594831Z'], ['gary-glitch', '2019-06-25T04:08:26.107562Z'], ['justcharlz', '2019-05-10T17:30:11.554308Z'], ['kostysh', '2019-05-26T18:54:10.342586Z'], ['flash-git', '2019-05-08T03:45:35.285679Z'], ['niinpatel', '2019-06-11T15:03:47.704390Z'], ['gary-glitch', '2019-06-25T04:08:26.226946Z'], ['niinpatel', '2019-06-11T15:03:47.557132Z'], ['gauravs99', '2019-05-16T23:31:41.935044Z']]"
https://gitcoin.co/issue/28134,ArweaveTeam,Bounties,[]
https://gitcoin.co/issue/14161,status-im,pm,"[['aerophile', '2019-06-01T22:20:26.404800Z']]"
https://gitcoin.co/issue/13595,ssbc,patchbay,"[['mixmix', '2019-05-06T21:09:56.474403Z']]"
https://gitcoin.co/issue/13527,gitcoinco,web,"[['shad-k', '2019-04-30T18:55:39.081446Z']]"
https://gitcoin.co/issue/14625,gitcoinco,web,"[['e18r', '2019-04-30T01:41:58.591103Z']]"
https://gitcoin.co/issue/13021,WalletConnect,web3modal,[]
https://gitcoin.co/issue/17988,gitcoinco,web,"[['acolytec3', '2019-06-30T21:35:20.511395Z']]"
https://gitcoin.co/issue/12924,gitcoinco,web,"[['oktopusgc', '2019-04-27T06:18:22.939919Z']]"
https://gitcoin.co/issue/13901,hellobloom,share-kit,"[['touhonoob', '2019-05-04T15:18:05.230326Z']]"
https://gitcoin.co/issue/28133,hellobloom,share-kit,[]
https://gitcoin.co/issue/14710,hellobloom,share-kit,"[['mul1sh', '2019-06-25T21:34:34.589798Z']]"
https://gitcoin.co/issue/28132,hellobloom,share-kit,[]
https://gitcoin.co/issue/17441,hellobloom,share-kit,"[['mul1sh', '2019-05-28T19:22:47.782983Z']]"
https://gitcoin.co/issue/28131,hellobloom,share-kit,[]
https://gitcoin.co/issue/14062,hellobloom,share-kit,"[['mul1sh', '2019-05-18T19:26:40.483197Z']]"
https://gitcoin.co/issue/28130,hellobloom,share-kit,[]
https://gitcoin.co/issue/14140,hellobloom,share-kit,"[['georgiemathews', '2019-05-01T17:27:43.641273Z']]"
https://gitcoin.co/issue/28129,hellobloom,share-kit,[]
https://gitcoin.co/issue/14061,hellobloom,share-kit,"[['pbteja1998', '2019-05-24T04:11:51.528343Z']]"
https://gitcoin.co/issue/28128,hellobloom,share-kit,[]
https://gitcoin.co/issue/13793,gitcoinco,web,"[['thelostone-mc', '2019-05-30T18:15:10.804609Z']]"
https://gitcoin.co/issue/26601,muellerberndt,sabre,[]
https://gitcoin.co/issue/28127,muellerberndt,sabre,[]
https://gitcoin.co/issue/13642,gitcoinco,web,"[['thelostone-mc', '2019-05-25T18:15:36.183526Z']]"
https://gitcoin.co/issue/12813,harmony-one,harmony,"[['dewansahil', '2019-04-24T22:31:41.089819Z']]"
https://gitcoin.co/issue/12805,dangitcoin,gitcoin-fun-pub,[]
https://gitcoin.co/issue/13436,w3f,General-Grants-Program,"[['rossbulat', '2019-05-10T18:13:45.882658Z'], ['rossbulat', '2019-05-10T18:13:45.974679Z']]"
https://gitcoin.co/issue/16921,w3f,General-Grants-Program,"[['holygits', '2019-10-16T02:13:13.515645Z']]"
https://gitcoin.co/issue/14808,cybercongress,go-cyber,"[['janus', '2019-07-08T21:02:07.825057Z']]"
https://gitcoin.co/issue/12984,status-im,pm,"[['satyaki-mallick', '2019-04-30T05:26:32.548645Z']]"
https://gitcoin.co/issue/12649,status-im,discover-dapps,"[['iamonuwa', '2019-04-19T11:07:42.793297Z']]"
https://gitcoin.co/issue/12854,EtherDotBlue,hazechain,[]
https://gitcoin.co/issue/13173,poanetwork,wiki,"[['dappguy', '2019-05-06T06:02:10.672680Z']]"
https://gitcoin.co/issue/14024,GnosisEcosystemFund,Gnosis-Bounties-,"[['hilmarx', '2019-04-21T07:28:51.602514Z']]"
https://gitcoin.co/issue/28125,GnosisEcosystemFund,Gnosis-Bounties-,[]
https://gitcoin.co/issue/12787,kauri-io,Content,"[['cspannos', '2019-04-23T11:31:44.631273Z']]"
https://gitcoin.co/issue/13426,kauri-io,Content,"[['nanspro', '2019-04-30T18:46:56.361376Z'], ['aerophile', '2019-05-01T03:48:56.177895Z']]"
https://gitcoin.co/issue/13887,gitcoinco,skunkworks,"[['miguelmtzinf', '2019-04-30T15:34:59.103971Z']]"
https://gitcoin.co/issue/28121,gitcoinco,skunkworks,[]
https://gitcoin.co/issue/13255,poanetwork,wiki,"[['crisgarner', '2019-05-01T02:47:59.384720Z']]"
https://gitcoin.co/issue/12700,gitcoinco,web,"[['octavioamu', '2019-04-20T06:18:52.391242Z']]"
https://gitcoin.co/issue/13523,status-im,status-mobile,"[['bitsikka', '2019-05-19T09:15:24.455950Z']]"
https://gitcoin.co/issue/14149,status-im,status-mobile,"[['rikku-x', '2019-06-05T15:55:38.508433Z']]"
https://gitcoin.co/issue/12823,witnet,witnet-rust,"[['gil-air-may', '2019-04-17T12:03:14.778370Z']]"
https://gitcoin.co/issue/13431,witnet,research,"[['goldfarbas', '2019-04-18T21:37:35.093518Z'], ['finleycorrigan', '2019-04-22T06:37:58.621001Z'], ['guistf', '2019-05-11T23:13:06.393118Z'], ['twisstosin', '2019-04-23T20:44:24.532890Z'], ['johnlenin00', '2019-04-18T02:17:21.269142Z']]"
https://gitcoin.co/issue/13307,Azure-Samples,bc-community-samples,[]
https://gitcoin.co/issue/14117,Azure-Samples,bc-community-samples,"[['aquiladev', '2019-04-19T20:39:43.441711Z'], ['rajesh1101', '2019-05-10T18:09:44.500640Z']]"
https://gitcoin.co/issue/28118,Azure-Samples,bc-community-samples,[]
https://gitcoin.co/issue/13309,Azure-Samples,bc-community-samples,"[['cupojoseph', '2019-04-30T05:33:11.673961Z'], ['jakubner', '2019-05-10T18:09:14.592322Z'], ['ryanleecode', '2019-04-30T02:54:56.912336Z']]"
https://gitcoin.co/issue/28117,Azure-Samples,bc-community-samples,[]
https://gitcoin.co/issue/25083,Azure-Samples,bc-community-samples,"[['panjevic', '2019-04-30T22:02:17.284475Z'], ['davidcozsmith', '2019-04-18T23:09:37.473678Z']]"
https://gitcoin.co/issue/28116,Azure-Samples,bc-community-samples,[]
https://gitcoin.co/issue/25081,Azure-Samples,bc-community-samples,"[['apguerrera', '2019-04-30T17:57:19.829944Z'], ['davidcozsmith', '2019-05-01T04:04:37.150529Z'], ['surfingnerd', '2019-05-01T06:44:57.906689Z'], ['intnick', '2019-05-01T04:52:15.319846Z']]"
https://gitcoin.co/issue/28114,Azure-Samples,bc-community-samples,[]
https://gitcoin.co/issue/13310,Azure-Samples,bc-community-samples,"[['kirikiri', '2019-04-30T18:39:59.023070Z'], ['stejin', '2019-04-30T14:27:20.564928Z']]"
https://gitcoin.co/issue/13303,Azure-Samples,bc-community-samples,"[['panjevic', '2019-05-10T18:08:39.619240Z']]"
https://gitcoin.co/issue/13273,Azure-Samples,bc-community-samples,"[['panjevic', '2019-04-19T13:16:51.859035Z']]"
https://gitcoin.co/issue/25032,Azure-Samples,bc-community-samples,[]
https://gitcoin.co/issue/28113,Azure-Samples,bc-community-samples,"[['edsonalcala', '2019-05-10T18:08:26.754513Z']]"
https://gitcoin.co/issue/13304,Azure-Samples,bc-community-samples,"[['touhonoob', '2019-04-18T00:27:59.454690Z']]"
https://gitcoin.co/issue/13306,Azure-Samples,bc-community-samples,"[['touhonoob', '2019-04-17T08:39:25.594786Z']]"
https://gitcoin.co/issue/13305,Azure-Samples,bc-community-samples,"[['aquiladev', '2019-04-17T11:15:34.380669Z'], ['touhonoob', '2019-05-10T18:08:03.632386Z']]"
https://gitcoin.co/issue/13301,Azure-Samples,bc-community-samples,"[['jakubner', '2019-04-22T20:51:37.492549Z']]"
https://gitcoin.co/issue/13274,Azure-Samples,bc-community-samples,"[['davidcozsmith', '2019-04-18T23:04:24.429070Z'], ['davidcozsmith', '2019-04-18T23:04:01.658778Z']]"
https://gitcoin.co/issue/13275,Azure-Samples,bc-community-samples,"[['panjevic', '2019-04-25T18:18:53.109152Z']]"
https://gitcoin.co/issue/12730,Azure-Samples,bc-community-samples,"[['panjevic', '2019-04-21T08:06:19.837133Z']]"
https://gitcoin.co/issue/12641,Azure-Samples,bc-community-samples,"[['touhonoob', '2019-04-19T09:34:54.297898Z']]"
https://gitcoin.co/issue/13267,Azure-Samples,bc-community-samples,"[['stevenjnpearce', '2019-04-17T10:41:36.205543Z'], ['touhonoob', '2019-04-19T13:47:14.991353Z']]"
https://gitcoin.co/issue/28112,Consensys,protocol-BountiedWork,[]
https://gitcoin.co/issue/13247,a8dev,Ethereal,"[['johngrantuk', '2019-04-28T19:19:37.335648Z'], ['yorkemartin', '2019-04-30T03:44:44.888756Z']]"
https://gitcoin.co/issue/13016,AmbireTech,adex-protocol-eth,"[['okwme', '2019-04-28T19:44:15.215905Z']]"
https://gitcoin.co/issue/13042,kleros,hackathon,"[['wasmatic', '2019-04-30T15:44:52.622876Z'], ['marsrobertson', '2019-04-30T20:16:35.375618Z']]"
https://gitcoin.co/issue/14574,Alethio,alethio-gitcoin,"[['nanspro', '2019-05-10T18:06:51.028982Z']]"
https://gitcoin.co/issue/13318,Alethio,alethio-gitcoin,"[['tobyjaguar', '2019-05-01T01:21:49.391635Z'], ['destiner', '2019-04-30T11:54:52.808033Z'], ['mingderwang', '2019-04-30T13:59:40.786041Z'], ['bitcoinera', '2019-04-29T16:34:48.990410Z'], ['cpurta', '2019-05-10T18:06:30.640314Z']]"
https://gitcoin.co/issue/13125,centrifuge,precise-proofs,"[['zyfrank', '2019-04-16T23:58:25.784484Z']]"
https://gitcoin.co/issue/11916,status-im,discover-dapps,"[['iamonuwa', '2019-04-15T15:45:24.776195Z']]"
https://gitcoin.co/issue/13425,ensdomains,docs,"[['nanspro', '2019-04-30T18:16:56.041278Z']]"
https://gitcoin.co/issue/13277,nucypher,hackathon,"[['0xmikko', '2019-05-01T05:06:54.919726Z'], ['samsteele01', '2019-05-10T18:05:40.398384Z'], ['kanzeparov', '2019-04-29T20:14:37.415611Z']]"
https://gitcoin.co/issue/14211,NixOS,nixpkgs,"[['thedavidmeister', '2019-06-03T16:00:19.678963Z']]"
https://gitcoin.co/issue/13242,fortmatic,hackathon,"[['samsteele01', '2019-05-01T03:19:42.572746Z'], ['siriustsou', '2019-05-10T18:05:15.043736Z'], ['bugduino', '2019-05-01T00:09:16.782589Z'], ['igor-dulger', '2019-04-29T14:16:50.167537Z']]"
https://gitcoin.co/issue/12990,gitcoinco,browser-extension,"[['aahutsal', '2019-04-14T05:55:41.807017Z']]"
https://gitcoin.co/issue/25077,gitcoinco,skunkworks,"[['mikery', '2019-05-01T07:00:15.599982Z'], ['eccheung4', '2019-05-01T03:42:25.756592Z'], ['tina1998612', '2019-04-20T06:24:23.789746Z'], ['zillerium', '2019-04-30T17:31:48.312406Z']]"
https://gitcoin.co/issue/28110,gitcoinco,skunkworks,[]
https://gitcoin.co/issue/13047,ArweaveTeam,weavemail,"[['codi45', '2019-05-03T18:20:39.092473Z']]"
https://gitcoin.co/issue/13240,witnet,witnet-rust,"[['kielek', '2019-05-10T18:04:01.358359Z']]"
https://gitcoin.co/issue/13239,ArweaveTeam,weavemail,"[['codi45', '2019-05-10T18:03:49.152041Z']]"
https://gitcoin.co/issue/13323,ArweaveTeam,weavemail,"[['codi45', '2019-04-23T15:13:16.635420Z']]"
https://gitcoin.co/issue/11958,witnet,witnet-rust,[]
https://gitcoin.co/issue/25076,witnet,witnet-rust,"[['orbweaver-', '2019-04-12T15:20:20.883803Z']]"
https://gitcoin.co/issue/28109,witnet,witnet-rust,[]
https://gitcoin.co/issue/14431,trustwallet,wallet-core,"[['hewigovens', '2019-06-05T10:49:58.615961Z']]"
https://gitcoin.co/issue/12940,status-im,discover-dapps,"[['iamonuwa', '2019-04-26T09:07:21.571690Z']]"
https://gitcoin.co/issue/13238,status-im,discover-dapps,"[['iamonuwa', '2019-05-10T18:03:13.580045Z']]"
https://gitcoin.co/issue/11883,status-im,discover-dapps,"[['iamonuwa', '2019-04-12T16:28:50.702591Z']]"
https://gitcoin.co/issue/12774,web3swift-team,web3swift,[]
https://gitcoin.co/issue/11836,dangitcoin,gitcoin-fun-pub,"[['dan', '2019-04-11T18:19:00.910601Z']]"
https://gitcoin.co/issue/23667,gitcoinco,web,"[['iamonuwa', '2019-06-20T22:42:37.882706Z']]"
https://gitcoin.co/issue/13237,nblockchain,fsx,"[['msonawane', '2019-05-10T18:02:42.084520Z']]"
https://gitcoin.co/issue/13172,Consensys,mythx-gitcoin,"[['aquiladev', '2019-04-27T00:01:11.179796Z'], ['tagomaru', '2019-04-26T06:25:01.761992Z']]"
https://gitcoin.co/issue/13330,Consensys,mythx-gitcoin,"[['morrigan', '2019-04-25T08:57:51.541822Z'], ['ywkim', '2019-05-01T18:26:11.087873Z'], ['nanspro', '2019-05-01T12:12:35.215637Z']]"
https://gitcoin.co/issue/13271,Consensys,mythx-gitcoin,"[['krisc', '2019-04-30T19:03:38.183647Z'], ['aquiladev', '2019-04-21T12:08:53.724802Z'], ['cryptomental', '2019-04-28T14:09:04.873510Z'], ['nanspro', '2019-04-30T14:19:14.235378Z'], ['semuelle', '2019-04-29T08:56:54.267085Z']]"
https://gitcoin.co/issue/13430,Consensys,mythx-gitcoin,"[['kirkballou', '2019-04-20T04:43:54.370914Z'], ['tagomaru', '2019-04-26T06:15:44.859918Z'], ['mpetrunic', '2019-04-30T19:32:40.259086Z'], ['ywkim', '2019-05-01T18:25:37.562734Z']]"
https://gitcoin.co/issue/13315,Consensys,mythx-gitcoin,"[['nanspro', '2019-04-30T13:30:53.427737Z']]"
https://gitcoin.co/issue/25075,leapdao,meta,"[['travisdmathis', '2019-04-22T06:09:25.675274Z']]"
https://gitcoin.co/issue/28108,leapdao,meta,[]
https://gitcoin.co/issue/11830,polkawallet-io,polkawallet-RN,"[['stevenjnpearce', '2019-04-11T12:08:22.579046Z'], ['stevenjnpearce', '2019-04-11T14:45:31.168163Z']]"
https://gitcoin.co/issue/13679,status-im,status-mobile,"[['bitsikka', '2019-05-19T08:59:16.648659Z']]"
https://gitcoin.co/issue/13236,tasitlabs,tasit-apps,"[['mpetrunic', '2019-05-10T18:01:27.841462Z']]"
https://gitcoin.co/issue/16865,gitcoinco,web,"[['acolytec3', '2019-05-13T09:43:47.144373Z']]"
https://gitcoin.co/issue/11817,gitcoinco,web,"[['acolytec3', '2019-04-09T10:48:55.966685Z']]"
https://gitcoin.co/issue/13290,muellerberndt,sabre,"[['eswarasai', '2019-05-13T09:43:31.622410Z']]"
https://gitcoin.co/issue/11844,unlock-protocol,unlock,"[['michaelcohen716', '2019-04-08T22:14:11.573733Z']]"
https://gitcoin.co/issue/13433,fortmatic,edcon2019-hackathon,"[['ookimakiold', '2019-04-11T11:28:06.117164Z'], ['rosepuppy', '2019-04-09T23:22:12.683093Z'], ['iamonuwa', '2019-04-09T22:51:14.757332Z']]"
https://gitcoin.co/issue/11791,gitcoinco,web,"[['thelostone-mc', '2019-04-10T06:19:07.233500Z']]"
https://gitcoin.co/issue/11896,requarks,wiki,[]
https://gitcoin.co/issue/13478,sigp,lighthouse,[]
https://gitcoin.co/issue/20628,gitcoinco,web,"[['santteegt', '2019-04-13T05:16:36.400311Z']]"
https://gitcoin.co/issue/11788,dangitcoin,gitcoin-fun-pub,"[['danlipert', '2019-04-10T06:18:57.282026Z']]"
https://gitcoin.co/issue/11780,gitcoinco,web,"[['octavioamu', '2019-04-10T06:18:31.567781Z']]"
https://gitcoin.co/issue/12960,muellerberndt,sabre,"[['eswarasai', '2019-04-30T14:58:33.416069Z']]"
https://gitcoin.co/issue/11911,ethereum,solidity,[]
https://gitcoin.co/issue/13166,ethereum,solidity,"[['g-r-a-n-t', '2019-04-17T14:43:31.246088Z']]"
https://gitcoin.co/issue/13525,gitcoinco,web,"[['lychees', '2019-05-21T03:12:51.976922Z']]"
https://gitcoin.co/issue/14476,poanetwork,hbbft,"[['pawanjay176', '2019-06-13T04:09:09.885928Z']]"
https://gitcoin.co/issue/13294,leapdao,leap-core,"[['zyfrank', '2019-05-02T02:17:38.679199Z']]"
https://gitcoin.co/issue/11822,leapdao,leap-node,"[['zyfrank', '2019-04-10T23:43:40.661691Z']]"
https://gitcoin.co/issue/17431,leapdao,meta,"[['eswarasai', '2019-11-10T04:43:13.178002Z']]"
https://gitcoin.co/issue/11891,leapdao,leapdao-website,"[['iamonuwa', '2019-04-04T14:09:13.548019Z']]"
https://gitcoin.co/issue/11724,web3swift-team,web3swift,[]
https://gitcoin.co/issue/11775,gitcoinco,web,"[['thelostone-mc', '2019-04-10T06:18:17.303967Z']]"
https://gitcoin.co/issue/12657,muellerberndt,sabre,[]
https://gitcoin.co/issue/28105,muellerberndt,sabre,[]
https://gitcoin.co/issue/11617,clesaege,HackSmartContract,"[['t333st333r', '2019-03-31T15:54:30.222713Z']]"
https://gitcoin.co/issue/12800,xamarin,Xamarin.Forms,"[['stanbav', '2019-03-30T15:41:17.133499Z']]"
https://gitcoin.co/issue/11774,gitcoinco,web,"[['owocki', '2019-04-10T06:18:13.604284Z'], ['octavioamu', '2019-04-10T06:18:13.425021Z']]"
https://gitcoin.co/issue/19203,Consensys,protocol-BountiedWork,[]
https://gitcoin.co/issue/28103,Consensys,protocol-BountiedWork,[]
https://gitcoin.co/issue/18257,Consensys,protocol-BountiedWork,"[['matkt', '2020-01-10T22:59:58.899513Z']]"
https://gitcoin.co/issue/28101,Consensys,protocol-BountiedWork,[]
https://gitcoin.co/issue/14829,Consensys,protocol-BountiedWork,"[['notlesh', '2019-07-09T21:02:47.522834Z']]"
https://gitcoin.co/issue/28100,Consensys,protocol-BountiedWork,[]
https://gitcoin.co/issue/11770,gitcoinco,web,"[['thelostone-mc', '2019-04-10T06:17:56.244714Z']]"
https://gitcoin.co/issue/14512,centrifuge,pod,"[['zyfrank', '2019-06-12T08:25:53.328231Z']]"
https://gitcoin.co/issue/11763,gitcoinco,web,"[['anonymous193', '2019-04-10T06:17:26.510988Z']]"
https://gitcoin.co/issue/11588,muellerberndt,sabre,"[['eswarasai', '2019-03-28T13:53:35.557248Z']]"
https://gitcoin.co/issue/11761,gitcoinco,web,"[['octavioamu', '2019-04-10T06:17:16.565581Z']]"
https://gitcoin.co/issue/25295,cupOJoseph,storj-web-gateway,"[['distributeddoge', '2019-03-29T20:51:04.368119Z']]"
https://gitcoin.co/issue/28099,cupOJoseph,storj-web-gateway,[]
https://gitcoin.co/issue/11838,cryptolandtech,moonlet,"[['nanspro', '2019-03-31T20:22:40.183038Z']]"
https://gitcoin.co/issue/21124,blockscout,blockscout,"[['kuberlog', '2019-08-01T14:47:35.141708Z']]"
https://gitcoin.co/issue/12780,prysmaticlabs,prysm,"[['shayzluf', '2019-04-21T05:33:20.669216Z']]"
https://gitcoin.co/issue/11647,odyssy-automaton,od-gittron-web,"[['acolytec3', '2019-03-27T09:53:08.633181Z'], ['starkblaze01', '2019-03-27T17:45:22.092696Z'], ['skyge', '2019-03-27T02:05:49.407074Z']]"
https://gitcoin.co/issue/12941,status-im,pm,"[['roleengineer', '2019-04-10T10:08:58.639258Z']]"
https://gitcoin.co/issue/15221,kauri-io,Content,"[['ramyzhang', '2019-07-31T15:37:47.524753Z']]"
https://gitcoin.co/issue/13473,kauri-io,Content,[]
https://gitcoin.co/issue/28098,muellerberndt,sabre,[]
https://gitcoin.co/issue/11506,odyssy-automaton,od-gittron-web,"[['santteegt', '2019-03-25T20:38:21.629730Z'], ['kwikiel', '2019-03-26T01:22:09.369033Z']]"
https://gitcoin.co/issue/12514,Consensys,mythxjs,"[['eswarasai', '2019-04-14T12:22:36.712443Z']]"
https://gitcoin.co/issue/12695,gitcoinco,web,"[['teset12', '2019-03-23T14:17:42.722444Z']]"
https://gitcoin.co/issue/25292,muellerberndt,sabre,"[['eswarasai', '2019-03-24T02:27:59.802516Z']]"
https://gitcoin.co/issue/28096,muellerberndt,sabre,[]
https://gitcoin.co/issue/11461,gitcoinco,web,"[['octavioamu', '2019-03-23T06:17:55.287991Z']]"
https://gitcoin.co/issue/11628,cupOJoseph,storj-web-gateway,"[['zyfrank', '2019-03-24T06:18:27.473652Z']]"
https://gitcoin.co/issue/11456,gitcoinco,web,"[['octavioamu', '2019-03-22T22:18:14.494846Z']]"
https://gitcoin.co/issue/11487,muellerberndt,sabre,[]
https://gitcoin.co/issue/13783,web3j,web3j,"[['stringray55', '2019-05-30T14:39:13.321255Z']]"
https://gitcoin.co/issue/11557,centrifuge,website,"[['mirshko', '2019-03-22T09:53:23.826399Z']]"
https://gitcoin.co/issue/11453,danlipert,gitcoin-test,"[['dan', '2019-03-22T16:18:05.834060Z']]"
https://gitcoin.co/issue/12693,danlipert,gitcoin-test,"[['dan', '2019-03-22T16:17:56.092438Z']]"
https://gitcoin.co/issue/12814,ssbc,patchwork,"[['kyphae', '2019-04-23T13:47:15.304571Z']]"
https://gitcoin.co/issue/25290,gitcoinco,web,"[['maxstalker', '2019-04-02T23:13:23.128573Z']]"
https://gitcoin.co/issue/28094,gitcoinco,web,[]
https://gitcoin.co/issue/11623,ethereum-cat-herders,PM,"[['dbrettrobertson', '2019-03-31T17:37:55.055160Z']]"
https://gitcoin.co/issue/11415,gitcoinco,web,"[['octavioamu', '2019-03-20T18:18:19.389465Z']]"
https://gitcoin.co/issue/12918,poanetwork,poa-faucet,"[['internetjohnny', '2019-04-17T10:09:21.809431Z']]"
https://gitcoin.co/issue/11485,poanetwork,poa-faucet,"[['eswarasai', '2019-03-20T15:39:12.272792Z']]"
https://gitcoin.co/issue/11397,ethereum-cat-herders,PM,"[['poojaranjan', '2019-03-19T23:52:27.533058Z']]"
https://gitcoin.co/issue/12917,ssbc,patchwork,"[['kyphae', '2019-04-25T09:27:57.038818Z']]"
https://gitcoin.co/issue/11841,thelastpickle,cassandra-reaper,"[['aahutsal', '2019-04-11T13:04:29.980159Z']]"
https://gitcoin.co/issue/12690,gitcoinco,web,"[['octavioamu', '2019-03-19T22:17:57.020335Z']]"
https://gitcoin.co/issue/11388,gitcoinco,web,"[['antonyip', '2019-03-19T15:00:41.854041Z']]"
https://gitcoin.co/issue/25289,kauri-io,Content,"[['jacobcreech', '2019-05-08T13:46:10.414655Z'], ['jacobcreech', '2019-05-08T13:46:10.384508Z']]"
https://gitcoin.co/issue/28093,kauri-io,Content,[]
https://gitcoin.co/issue/26599,kauri-io,Content,[]
https://gitcoin.co/issue/28092,kauri-io,Content,[]
https://gitcoin.co/issue/11433,kauri-io,Content,[]
https://gitcoin.co/issue/12820,prysmaticlabs,prysm,"[['shayzluf', '2019-03-27T10:33:20.872011Z']]"
https://gitcoin.co/issue/12919,matter-labs-archive,FranklinPay-iOS,"[['santteegt', '2019-04-21T21:18:56.573880Z']]"
https://gitcoin.co/issue/11710,ShipChain,hydra,"[['aahutsal', '2019-03-20T03:19:58.932264Z'], ['marvinkruse', '2019-03-26T09:49:34.936997Z'], ['travisdmathis', '2019-03-23T14:11:01.249455Z'], ['maexx393', '2019-03-23T11:26:48.675172Z'], ['starkblaze01', '2019-03-23T06:40:47.062870Z'], ['acolytec3', '2019-03-22T10:46:24.376266Z']]"
https://gitcoin.co/issue/11389,gitcoinco,web,"[['pbteja1998', '2019-03-19T12:25:27.898061Z']]"
https://gitcoin.co/issue/11701,fourth-wave,aframe-dev-environment,"[['iamonuwa', '2019-04-05T18:04:32.633920Z']]"
https://gitcoin.co/issue/11356,cleanunicorn,mythos,"[['nanspro', '2019-03-16T13:56:54.142304Z']]"
https://gitcoin.co/issue/11507,cleanunicorn,mythos,"[['eswarasai', '2019-03-21T01:49:09.861844Z']]"
https://gitcoin.co/issue/11361,cleanunicorn,mythos,"[['tagomaru', '2019-03-17T11:33:03.147149Z']]"
https://gitcoin.co/issue/11359,LinkdropHQ,Linkdrop-Webapp,[]
https://gitcoin.co/issue/11400,Consensys,truffle-security,"[['tagomaru', '2019-03-19T12:17:43.206346Z']]"
https://gitcoin.co/issue/11702,Consensys,truffle-security,"[['rcullito', '2019-03-22T12:34:25.347447Z']]"
https://gitcoin.co/issue/11430,status-im,status-components,"[['rsercano', '2019-03-15T18:04:52.883454Z']]"
https://gitcoin.co/issue/11429,status-im,status-components,"[['grigio', '2019-03-18T08:34:41.902933Z']]"
https://gitcoin.co/issue/11522,status-im,status-components,"[['eswarasai', '2019-03-26T01:32:25.920214Z']]"
https://gitcoin.co/issue/11295,dangitcoin,gitcoin-fun-pub,"[['danlipert', '2019-03-14T20:18:07.342376Z']]"
https://gitcoin.co/issue/11558,gitcoinco,web,"[['deeayeen', '2019-03-15T18:57:31Z'], ['deeayeen', '2019-03-15T21:10:49Z']]"
https://gitcoin.co/issue/14434,centrifuge,pod,"[['haritha-j', '2019-06-06T14:29:48.816666Z']]"
https://gitcoin.co/issue/11440,centrifuge,pod,"[['eswarasai', '2019-03-19T07:16:46.286372Z']]"
https://gitcoin.co/issue/11662,cupOJoseph,storj-web-gateway,"[['zyfrank', '2019-03-23T06:44:30.485251Z']]"
https://gitcoin.co/issue/11264,cupOJoseph,storj-web-gateway,[]
https://gitcoin.co/issue/11215,llaske,sugarizer-server,[]
https://gitcoin.co/issue/11712,bytecodealliance,wasmtime,"[['samparsky', '2019-03-15T14:14:55.078179Z']]"
https://gitcoin.co/issue/11714,NomicFoundation,buidler-etherscan,"[['mpetrunic', '2019-03-26T12:06:33.832017Z']]"
https://gitcoin.co/issue/11497,NomicFoundation,buidler-docker-solc,"[['jacobcreech', '2019-03-22T03:40:30.223803Z']]"
https://gitcoin.co/issue/15749,counterfactual,monorepo,"[['stevenjnpearce', '2019-05-24T18:57:06.162754Z']]"
https://gitcoin.co/issue/11653,ethhub-io,ethhub,"[['nanspro', '2019-03-24T15:50:31.525324Z']]"
https://gitcoin.co/issue/11636,ethhub-io,ethhub,"[['nanspro', '2019-03-24T15:53:22.345366Z']]"
https://gitcoin.co/issue/11360,decentraland,MANA-community-fund-learning-content,"[['gauthierzupp', '2019-03-15T09:40:36.480240Z']]"
https://gitcoin.co/issue/17216,gitcoinco,creative,"[['crisgarner', '2019-06-09T16:49:08.097741Z'], ['isaack2808', '2019-03-16T20:15:42.383013Z']]"
https://gitcoin.co/issue/11278,dethcrypto,TypeChain,"[['cryptokat', '2019-03-11T22:10:07.367859Z']]"
https://gitcoin.co/issue/11627,gitcoinco,web,"[['iamonuwa', '2019-03-12T20:49:22.772297Z']]"
https://gitcoin.co/issue/25284,gitcoinco,web,"[['0xpetra', '2019-03-25T19:31:40.399313Z']]"
https://gitcoin.co/issue/28088,gitcoinco,web,[]
https://gitcoin.co/issue/11481,muellerberndt,sabre,"[['eswarasai', '2019-03-20T21:02:08.076489Z']]"
https://gitcoin.co/issue/9590,iamonuwa,sample,"[['udms100', '2019-03-08T11:18:07.340817Z']]"
https://gitcoin.co/issue/14039,status-im,status-mobile,"[['tbenr', '2019-05-16T22:34:05.426872Z']]"
https://gitcoin.co/issue/22536,status-im,status-mobile,"[['krisc', '2019-04-11T23:41:44.580949Z']]"
https://gitcoin.co/issue/11983,status-im,status-mobile,"[['krisc', '2019-04-11T21:49:06.617750Z']]"
https://gitcoin.co/issue/11982,status-im,status-mobile,"[['e18r', '2019-03-29T12:59:32.817142Z']]"
https://gitcoin.co/issue/11742,status-im,status-mobile,"[['tbenr', '2019-03-25T19:45:29.026520Z']]"
https://gitcoin.co/issue/11969,status-im,status-mobile,"[['bitsikka', '2019-04-03T11:33:14.798363Z']]"
https://gitcoin.co/issue/11583,MyBitFoundation,MyBit-Documentation.website,"[['eswarasai', '2019-03-29T00:38:59.308522Z']]"
https://gitcoin.co/issue/25281,gitcoinco,web,"[['rafalkowalski', '2019-03-16T20:26:26.722206Z']]"
https://gitcoin.co/issue/28085,gitcoinco,web,[]
https://gitcoin.co/issue/9533,gitcoinco,web,"[['octavioamu', '2019-03-07T15:20:21.252892Z']]"
https://gitcoin.co/issue/9530,dangitcoin,gitcoin-fun-pub,"[['danlipert', '2019-03-07T15:20:03.550122Z']]"
https://gitcoin.co/issue/9528,dangitcoin,gitcoin-fun-pub,"[['danlipert', '2019-03-07T15:19:51.226326Z']]"
https://gitcoin.co/issue/11324,gitcoinco,web,"[['justcharlz', '2019-03-12T18:59:10.635543Z'], ['maxstalker', '2019-03-14T15:37:32.411158Z']]"
https://gitcoin.co/issue/13691,FEMBusinessModelsRing,web3_revenue_primitives,"[['anish-agnihotri', '2019-05-28T05:40:36.761299Z']]"
https://gitcoin.co/issue/14965,gitcoinco,web,"[['iamonuwa', '2019-06-14T07:35:09.414153Z'], ['iamonuwa', '2019-06-14T07:35:09.527909Z']]"
https://gitcoin.co/issue/25280,openethereum,parity-ethereum,[]
https://gitcoin.co/issue/28084,openethereum,parity-ethereum,[]
https://gitcoin.co/issue/9583,muellerberndt,sabre,"[['eswarasai', '2019-03-07T09:43:37.090028Z']]"
https://gitcoin.co/issue/9577,muellerberndt,sabre,"[['eswarasai', '2019-03-08T02:43:02.400056Z']]"
https://gitcoin.co/issue/12682,danlipert,gitcoin-test,"[['dan', '2019-03-05T15:18:58.383948Z']]"
https://gitcoin.co/issue/11310,diginex,gwallet,"[['janus', '2019-03-12T08:56:13.451869Z']]"
https://gitcoin.co/issue/11335,FEMBusinessModelsRing,web3_revenue_primitives,"[['jacobcreech', '2019-03-14T23:48:08.189206Z']]"
https://gitcoin.co/issue/13492,FEMBusinessModelsRing,web3_revenue_primitives,"[['anish-agnihotri', '2019-03-13T21:41:13.499895Z']]"
https://gitcoin.co/issue/11657,FEMBusinessModelsRing,web3_revenue_primitives,"[['grigio', '2019-03-15T15:53:03.649456Z'], ['cryptomental', '2019-03-06T08:57:48.269488Z'], ['justcharlz', '2019-03-07T23:25:10.135693Z'], ['kwikiel', '2019-03-18T15:20:12.185635Z']]"
https://gitcoin.co/issue/9618,FEMBusinessModelsRing,web3_revenue_primitives,"[['jacobcreech', '2019-03-08T20:43:57.665331Z']]"
https://gitcoin.co/issue/11298,FEMBusinessModelsRing,web3_revenue_primitives,"[['anish-agnihotri', '2019-03-14T21:38:36.501663Z']]"
https://gitcoin.co/issue/9330,wanseob,npm-truffle-box,"[['jacobcreech', '2019-03-04T20:53:49.459523Z']]"
https://gitcoin.co/issue/9622,trustwallet,wallet-core,"[['jacobcreech', '2019-03-09T04:13:15.952248Z']]"
https://gitcoin.co/issue/9327,gitcoinco,web,"[['rafalkowalski', '2019-03-06T22:46:26.320439Z']]"
https://gitcoin.co/issue/9326,gitcoinco,Kudos721Contract,"[['svipal', '2019-03-03T18:12:15.301310Z']]"
https://gitcoin.co/issue/11603,wanseob,mockup-repo-for-gitcoin,"[['iamonuwa', '2019-03-08T11:17:15.721886Z']]"
https://gitcoin.co/issue/9322,nosqlclient,nosqlclient,"[['svipal', '2019-03-02T17:51:27.966125Z']]"
https://gitcoin.co/issue/9516,gitcoinco,web,"[['willsputra', '2019-03-01T17:21:05.970134Z']]"
https://gitcoin.co/issue/11347,andytudhope,Recollections,"[['vyomshm', '2019-03-15T17:14:45.771072Z']]"
https://gitcoin.co/issue/11877,gitcoinco,web,"[['deeayeen', '2019-03-08T17:34:39.367162Z']]"
https://gitcoin.co/issue/14433,gitcoinco,web,[]
https://gitcoin.co/issue/13297,gitcoinco,web,"[['speedyfixer', '2019-05-08T13:24:06.715746Z']]"
https://gitcoin.co/issue/9509,danlipert,gitcoin-test,"[['dan', '2019-02-28T15:22:31.054852Z']]"
https://gitcoin.co/issue/9506,danlipert,gitcoin-test,"[['dan', '2019-02-28T15:22:14.980799Z']]"
https://gitcoin.co/issue/9311,nosqlclient,nosqlclient,"[['svipal', '2019-03-01T08:53:17.960002Z']]"
https://gitcoin.co/issue/9309,gitcoinco,web,"[['wanseob', '2019-03-03T15:30:08.013897Z']]"
https://gitcoin.co/issue/11510,MyBitFoundation,MyBit.website,"[['stevenjnpearce', '2019-03-21T16:50:31.003972Z']]"
https://gitcoin.co/issue/9550,dangitcoin,gitcoin-fun-pub,"[['danlipert', '2019-02-27T19:22:24.400712Z']]"
https://gitcoin.co/issue/9568,status-im,pm,"[['deeayeen', '2019-03-01T17:23:31.806449Z']]"
https://gitcoin.co/issue/9484,gitcoinco,web,"[['anonymous193', '2019-02-26T23:21:55.287863Z'], ['anonymous193', '2019-02-27T11:21:51.579434Z'], ['anonymous193', '2019-02-27T11:21:51.545820Z'], ['anonymous193', '2019-02-27T11:21:51.562068Z']]"
https://gitcoin.co/issue/9302,LimeChain,etherlime,"[['nikolayangelov', '2019-02-27T21:05:32.142946Z']]"
https://gitcoin.co/issue/9483,gitcoinco,web,"[['anonymous193', '2019-02-26T23:21:52.265806Z']]"
https://gitcoin.co/issue/9481,llaske,sugarizer-server,"[['usmanmuhd', '2019-02-28T15:21:12.351837Z']]"
https://gitcoin.co/issue/11206,Giveth,giveth-dapp,"[['wliyongfeng', '2019-03-05T02:14:59.767048Z']]"
https://gitcoin.co/issue/13688,Giveth,giveth-dapp,"[['xiaods', '2019-04-18T22:21:14.024374Z']]"
https://gitcoin.co/issue/16561,Giveth,giveth-dapp,"[['aminlatifi', '2019-09-08T05:22:10.659955Z']]"
https://gitcoin.co/issue/9297,ethereum-cat-herders,PM,"[['poojaranjan', '2019-03-02T17:46:17.369200Z']]"
https://gitcoin.co/issue/12803,gitcoinco,web,"[['e18r', '2019-03-07T15:45:11.364044Z']]"
https://gitcoin.co/issue/9294,FEMBusinessModelsRing,web3_revenue_primitives,"[['welsakka', '2019-03-03T02:00:31.476911Z']]"
https://gitcoin.co/issue/9293,FEMBusinessModelsRing,web3_revenue_primitives,"[['anish-agnihotri', '2019-02-26T00:51:58.552111Z']]"
https://gitcoin.co/issue/9292,FEMBusinessModelsRing,web3_revenue_primitives,"[['jacobcreech', '2019-02-26T22:36:12.991741Z']]"
https://gitcoin.co/issue/9291,FEMBusinessModelsRing,web3_revenue_primitives,"[['anish-agnihotri', '2019-03-01T03:58:04.100487Z']]"
https://gitcoin.co/issue/9582,FEMBusinessModelsRing,web3_revenue_primitives,"[['anish-agnihotri', '2019-03-07T21:39:32.196128Z']]"
https://gitcoin.co/issue/25273,FEMBusinessModelsRing,web3_revenue_primitives,"[['aaaaaazzzzzz000', '2019-02-28T19:55:11.674936Z']]"
https://gitcoin.co/issue/28077,FEMBusinessModelsRing,web3_revenue_primitives,[]
https://gitcoin.co/issue/9288,FEMBusinessModelsRing,web3_revenue_primitives,"[['deeayeen', '2019-02-26T08:28:50.715389Z']]"
https://gitcoin.co/issue/11727,status-im,design,[]
https://gitcoin.co/issue/9286,status-im,pm,"[['deeayeen', '2019-02-26T12:55:25.092888Z']]"
https://gitcoin.co/issue/9567,status-im,pm,"[['deeayeen', '2019-03-05T13:27:30.697641Z']]"
https://gitcoin.co/issue/15262,MeroCoin,mero,[]
https://gitcoin.co/issue/25272,muellerberndt,sabre,"[['eswarasai', '2019-02-24T07:45:24.031559Z']]"
https://gitcoin.co/issue/28076,muellerberndt,sabre,[]
https://gitcoin.co/issue/16560,matter-labs-archive,sapling-crypto,"[['antonyip', '2019-04-05T09:06:19.052361Z']]"
https://gitcoin.co/issue/12789,gitcoinco,web,"[['iamonuwa', '2019-03-29T01:17:55.848612Z']]"
https://gitcoin.co/issue/11491,dexlab-io,dexpay-pos,"[['e18r', '2019-03-14T14:43:47.060282Z']]"
https://gitcoin.co/issue/9277,gitcoinco,web,"[['santteegt', '2019-03-06T20:30:38.992667Z']]"
https://gitcoin.co/issue/25271,oceanprotocol-archive,bounties,"[['acolytec3', '2019-03-08T16:16:08.411231Z'], ['nanspro', '2019-03-29T08:11:11.110285Z']]"
https://gitcoin.co/issue/28075,oceanprotocol-archive,bounties,[]
https://gitcoin.co/issue/9275,openintents,calendar-web,"[['e18r', '2019-02-22T20:09:42.186168Z']]"
https://gitcoin.co/issue/25270,oceanprotocol-archive,bounties,"[['iamonuwa', '2019-03-03T18:31:34.873140Z'], ['nanspro', '2019-03-03T18:30:09.578210Z']]"
https://gitcoin.co/issue/28074,oceanprotocol-archive,bounties,[]
https://gitcoin.co/issue/9464,owocki,pytrader,"[['gitcoinbot', '2019-02-22T05:21:50.861746Z']]"
https://gitcoin.co/issue/11914,gitcoinco,web,"[['cpstl', '2019-04-10T00:43:07.539374Z']]"
https://gitcoin.co/issue/9459,gitcoinco,web,"[['octavioamu', '2019-02-21T19:22:25.437944Z']]"
https://gitcoin.co/issue/9455,gitcoinco,web,"[['thelostone-mc', '2019-02-21T19:22:12.133148Z']]"
https://gitcoin.co/issue/9269,kauri-io,Content,[]
https://gitcoin.co/issue/9267,MyBitFoundation,MYDAX,"[['stevenjnpearce', '2019-02-20T18:28:09.096213Z']]"
https://gitcoin.co/issue/25268,w3f,General-Grants-Program,"[['justcharlz', '2019-02-20T12:27:01.490087Z']]"
https://gitcoin.co/issue/28072,w3f,General-Grants-Program,[]
https://gitcoin.co/issue/9265,status-im,pm,"[['deeayeen', '2019-02-21T20:38:46.630239Z']]"
https://gitcoin.co/issue/9264,MyBitFoundation,MyBit-Dropzone.tech,"[['65black', '2019-02-21T16:20:02.870712Z']]"
https://gitcoin.co/issue/9262,MyBitFoundation,MyBit-Fork.tech,"[['65black', '2019-02-27T06:53:44.843382Z']]"
https://gitcoin.co/issue/9263,MyBitFoundation,MyBit-Payroll.tech,"[['65black', '2019-02-27T08:39:35.301083Z']]"
https://gitcoin.co/issue/9261,MyBitFoundation,MyBit-Will.app,"[['65black', '2019-02-28T15:21:38.426723Z']]"
https://gitcoin.co/issue/9260,MyBitFoundation,MyBit.website,"[['stevenjnpearce', '2019-02-20T14:21:04.857928Z']]"
https://gitcoin.co/issue/9259,diginex,gwallet,"[['janus', '2019-03-04T10:59:26.569997Z']]"
https://gitcoin.co/issue/9258,alexvotofuture,Shower-Vendor,[]
https://gitcoin.co/issue/11738,trustwallet,wallet-core,"[['johnnynanjiang', '2019-04-09T09:25:30.023240Z']]"
https://gitcoin.co/issue/11313,trailofbits,manticore,"[['roleengineer', '2019-03-13T05:35:29.686410Z']]"
https://gitcoin.co/issue/11207,prysmaticlabs,prysm,"[['jalextowle', '2019-03-05T01:34:13.149591Z']]"
https://gitcoin.co/issue/11444,Giveth,giveth-dapp,"[['e18r', '2019-03-15T13:39:39.750323Z']]"
https://gitcoin.co/issue/11525,matter-labs-archive,FranklinPay-iOS,"[['baldyash', '2019-03-20T22:27:15.121893Z']]"
https://gitcoin.co/issue/11691,gitcoinco,web,[]
https://gitcoin.co/issue/9246,openintents,calendar-web,"[['leonardohofling', '2019-02-18T11:59:33.137618Z']]"
https://gitcoin.co/issue/9244,openintents,calendar-web,"[['deeayeen', '2019-02-25T10:14:02.965254Z']]"
https://gitcoin.co/issue/25267,centrifuge,precise-proofs,"[['eswarasai', '2019-02-22T08:25:38.839847Z']]"
https://gitcoin.co/issue/28071,centrifuge,precise-proofs,[]
https://gitcoin.co/issue/9242,blockscout,blockscout,"[['cleanunicorn', '2019-02-15T13:08:26.146207Z']]"
https://gitcoin.co/issue/9240,openintents,calendar-web,"[['leonardohofling', '2019-02-15T11:55:11.521951Z']]"
https://gitcoin.co/issue/9239,openintents,calendar-web,"[['eswarasai', '2019-02-14T19:10:41.244434Z']]"
https://gitcoin.co/issue/9235,openintents,calendar-web,"[['deeayeen', '2019-02-14T17:29:00.741145Z']]"
https://gitcoin.co/issue/9236,ethereum,pm,"[['poojaranjan', '2019-02-17T03:35:54.963752Z']]"
https://gitcoin.co/issue/9233,openintents,calendar-web,"[['leonardohofling', '2019-02-14T13:30:56.243004Z']]"
https://gitcoin.co/issue/24767,GnosisEcosystemFund,Gnosis-Bounties-,"[['g-r-a-n-t', '2019-02-17T00:18:27.916926Z']]"
https://gitcoin.co/issue/28069,GnosisEcosystemFund,Gnosis-Bounties-,[]
https://gitcoin.co/issue/24766,GnosisEcosystemFund,Gnosis-Bounties-,"[['androolloyd', '2019-02-17T18:42:38.462911Z'], ['cupojoseph', '2019-02-17T14:59:07.608549Z']]"
https://gitcoin.co/issue/28068,GnosisEcosystemFund,Gnosis-Bounties-,[]
https://gitcoin.co/issue/11666,decentraland,MANA-community-fund-learning-content,"[['crisgarner', '2019-03-25T03:23:52.392243Z']]"
https://gitcoin.co/issue/9226,portis-project,ethdenver2019-hackathon,[]
https://gitcoin.co/issue/9225,portis-project,ethdenver2019-hackathon,[]
https://gitcoin.co/issue/13029,ethereum,web3.py,[]
https://gitcoin.co/issue/11174,openintents,calendar-web,"[['leonardohofling', '2019-02-13T02:31:24.956243Z']]"
https://gitcoin.co/issue/11316,Uniswap,info,"[['mirshko', '2019-03-15T11:48:32.855594Z']]"
https://gitcoin.co/issue/9415,owocki,pytrader,"[['gitcoinbot', '2019-02-11T19:21:43.730163Z']]"
https://gitcoin.co/issue/11169,kauri-io,Content,"[['zeddee', '2019-02-12T23:21:25.200464Z']]"
https://gitcoin.co/issue/11745,status-im,status-mobile,"[['bitsikka', '2019-03-01T20:44:30.389322Z']]"
https://gitcoin.co/issue/11166,status-im,status-mobile,"[['zeddee', '2019-02-21T01:03:49.431756Z']]"
https://gitcoin.co/issue/11968,status-im,status-mobile,"[['bitsikka', '2019-03-06T06:50:10.750101Z']]"
https://gitcoin.co/issue/11156,gitcoinco,kudosbadges,"[['emiwatanabe422', '2019-02-21T02:51:50.327084Z'], ['cryptonautica', '2019-02-15T19:56:30.638506Z'], ['uivlis', '2019-02-14T05:44:51.574930Z'], ['mehul0698', '2019-02-22T12:17:43.000170Z']]"
https://gitcoin.co/issue/11155,gitcoinco,web,"[['aesthytik', '2019-02-15T20:59:42.876636Z'], ['fermigbm', '2019-02-14T06:04:59.596630Z'], ['katotopark', '2019-02-13T17:46:52.324451Z'], ['singh-lovepreet', '2019-02-13T16:29:58.273283Z'], ['michaelgreen06', '2019-02-16T16:56:17.785527Z'], ['krisc', '2019-02-12T23:05:23.255734Z'], ['crisgarner', '2019-02-13T17:28:14.145613Z'], ['anorakthagreat', '2019-02-19T17:38:32.375992Z'], ['kvndlgs', '2019-02-12T23:49:39.486988Z'], ['fcrooks', '2019-02-11T16:33:35.077134Z'], ['deeayeen', '2019-02-10T21:10:59.692371Z']]"
https://gitcoin.co/issue/11624,gitcoinco,web,"[['vikrant1697', '2019-03-26T01:30:16.986803Z'], ['singh-lovepreet', '2019-02-23T14:58:50.499404Z'], ['vikrant1697', '2019-03-26T01:32:02.192053Z'], ['emiwatanabe422', '2019-02-24T06:11:13.485588Z']]"
https://gitcoin.co/issue/24765,status-im,snt-voting,"[['anshumanv', '2019-02-18T18:00:37.602429Z']]"
https://gitcoin.co/issue/28067,status-im,snt-voting,[]
https://gitcoin.co/issue/11151,ethereum-cat-herders,PM,"[['lrettig', '2019-02-12T00:40:55.406668Z'], ['eswarasai', '2019-02-11T15:57:09.398697Z']]"
https://gitcoin.co/issue/11149,dbe,burner-signer,"[['deeayeen', '2019-02-14T05:47:08.553465Z']]"
https://gitcoin.co/issue/11147,centrifuge,precise-proofs,"[['eswarasai', '2019-02-09T18:50:11.561438Z']]"
https://gitcoin.co/issue/11146,dbe,burner-signer,"[['deeayeen', '2019-02-10T17:24:57.832236Z']]"
https://gitcoin.co/issue/12793,oceanprotocol-archive,bounties,"[['ulfasaar', '2019-04-21T11:52:02.860957Z']]"
https://gitcoin.co/issue/9408,danlipert,gitcoin-test,"[['danlipert', '2019-02-07T15:18:38.678328Z']]"
https://gitcoin.co/issue/9400,gitcoinco,web,"[['octavioamu', '2019-02-05T15:21:52.637601Z']]"
https://gitcoin.co/issue/24849,oceanprotocol-archive,bounties,"[['justinkchen', '2019-03-06T18:29:34.824128Z']]"
https://gitcoin.co/issue/28066,oceanprotocol-archive,bounties,[]
https://gitcoin.co/issue/11139,openintents,calendar-web,"[['eswarasai', '2019-02-09T17:48:26.657011Z']]"
https://gitcoin.co/issue/11259,harmony-one,harmony,"[['animesh371', '2019-03-04T17:10:34.288573Z']]"
https://gitcoin.co/issue/20689,blockscout,blockscout,"[['svenski123', '2019-11-17T09:55:21.717968Z']]"
https://gitcoin.co/issue/11130,gitcoinco,web,"[['uivlis', '2019-02-12T09:35:12.645107Z'], ['emiwatanabe422', '2019-02-15T08:49:50.750683Z']]"
https://gitcoin.co/issue/11129,OpenKudos,OpenKudos,"[['zoek1', '2019-03-07T00:37:06.171733Z'], ['zoek1', '2019-03-07T00:37:06.242862Z']]"
https://gitcoin.co/issue/11127,openintents,calendar-web,"[['leonardohofling', '2019-02-11T17:07:55.658275Z']]"
https://gitcoin.co/issue/11126,gitcoinco,web,"[['iamonuwa', '2019-02-19T19:02:18.235015Z']]"
https://gitcoin.co/issue/11296,plasma-group,plasma-chain-operator,"[['mvayngrib', '2019-03-04T17:39:04.414217Z']]"
https://gitcoin.co/issue/9392,gitcoinco,web,"[['xhours', '2019-02-01T11:21:30.984841Z']]"
https://gitcoin.co/issue/11118,dannovikov,crypto-lending,"[['andersonmmi', '2019-02-12T20:45:06.121831Z']]"
https://gitcoin.co/issue/11113,ethereum,pm,"[['dbrettrobertson', '2019-02-02T23:45:48.808130Z']]"
https://gitcoin.co/issue/11352,0mkara,etheratom,"[['0mkara', '2019-02-18T17:42:39.651072Z']]"
https://gitcoin.co/issue/11110,0mkara,etheratom,"[['0mkara', '2019-02-08T18:50:11.560363Z']]"
https://gitcoin.co/issue/11291,centrifuge,pod,"[['eswarasai', '2019-03-06T06:12:30.759640Z']]"
https://gitcoin.co/issue/11104,status-im,status-mobile,"[['dhamaniasad', '2019-02-02T09:27:22.284577Z']]"
https://gitcoin.co/issue/11744,status-im,status-mobile,"[['krisc', '2019-02-08T06:36:39.830187Z']]"
https://gitcoin.co/issue/11101,status-im,status-mobile,"[['tbenr', '2019-03-03T17:14:29.865377Z']]"
https://gitcoin.co/issue/11302,status-im,status-mobile,"[['krisc', '2019-02-22T20:47:17.801874Z']]"
https://gitcoin.co/issue/11098,status-im,status-mobile,"[['mestorlx', '2019-02-07T13:08:05.343305Z']]"
https://gitcoin.co/issue/13033,status-im,status-mobile,"[['tbenr', '2019-04-17T17:45:58.580982Z']]"
https://gitcoin.co/issue/11590,status-im,status-mobile,"[['tbenr', '2019-03-28T19:45:58.449503Z']]"
https://gitcoin.co/issue/11094,gitcoinco,web,"[['markusj1201', '2019-01-30T23:36:58.689548Z'], ['oogetyboogety', '2019-02-06T08:24:11.489183Z']]"
https://gitcoin.co/issue/11468,blocknative,assist,"[['iamonuwa', '2019-01-29T18:49:04.498837Z']]"
https://gitcoin.co/issue/11092,centrifuge,precise-proofs,"[['zyfrank', '2019-02-28T21:19:00.357424Z']]"
https://gitcoin.co/issue/11090,diadata-org,diadata,"[['mestorlx', '2019-02-03T17:46:52.255426Z']]"
https://gitcoin.co/issue/11088,centrifuge,documentation,"[['mirshko', '2019-02-28T16:47:52.210190Z']]"
https://gitcoin.co/issue/11089,tksventures,reli-proxy,"[['iamonuwa', '2019-01-31T00:10:16.813890Z'], ['agbilotia1998', '2019-02-09T09:17:01.692430Z']]"
https://gitcoin.co/issue/24844,goerli,parity-goerli,"[['lazaridis-com', '2019-02-01T05:07:33.746218Z']]"
https://gitcoin.co/issue/28061,goerli,parity-goerli,[]
https://gitcoin.co/issue/15243,gitcoinco,web,"[['maxstalker', '2019-03-20T21:28:47.151995Z']]"
https://gitcoin.co/issue/11085,acekyd,display-medium-posts,"[['tkembo', '2019-01-28T09:16:15.678994Z']]"
https://gitcoin.co/issue/11083,gitcoinco,web,"[['writeprovidence', '2019-02-27T22:08:12.188679Z']]"
https://gitcoin.co/issue/11082,diginex,gwallet,"[['jerry40', '2019-01-27T06:03:13.840769Z']]"
https://gitcoin.co/issue/9388,gitcoinco,web,"[['xhours', '2019-01-31T11:21:37.228670Z']]"
https://gitcoin.co/issue/11077,gitcoinco,web,[]
https://gitcoin.co/issue/11076,tjayrush,simple_parser,"[['luiserebii', '2019-02-20T07:07:07.397463Z']]"
https://gitcoin.co/issue/11072,gitcoinco,web,"[['kziemianek', '2019-01-26T11:28:04.726724Z']]"
https://gitcoin.co/issue/11071,status-im,status-channels-dapp,"[['stevenjnpearce', '2019-01-27T17:02:28.610401Z']]"
https://gitcoin.co/issue/24843,goerli,parity-goerli,[]
https://gitcoin.co/issue/28060,goerli,parity-goerli,[]
https://gitcoin.co/issue/11065,gitcoinco,web,"[['nnooo', '2019-02-23T01:20:01.238135Z']]"
https://gitcoin.co/issue/24842,eth-clients,goerli,[]
https://gitcoin.co/issue/28059,eth-clients,goerli,[]
https://gitcoin.co/issue/11059,thierryx96,RedisCache,"[['craigvl', '2019-01-22T11:24:33.111298Z']]"
https://gitcoin.co/issue/24838,gitcoinco,web,"[['usmanmuhd', '2019-03-23T01:23:09.401440Z']]"
https://gitcoin.co/issue/28055,gitcoinco,web,[]
https://gitcoin.co/issue/9380,gitcoinco,web,"[['octavioamu', '2019-01-26T15:21:32.300831Z'], ['octavioamu', '2019-01-26T17:21:55.855968Z']]"
https://gitcoin.co/issue/11054,aragon,aragon-monthly,"[['johnlenin00', '2019-01-25T19:09:23.031821Z']]"
https://gitcoin.co/issue/24836,OpenZeppelin,openzeppelin-contracts,"[['pvienhage', '2019-01-20T21:41:21.758647Z']]"
https://gitcoin.co/issue/28053,OpenZeppelin,openzeppelin-contracts,[]
https://gitcoin.co/issue/11051,blockades,scuttle-dark-crystal,"[['ameba23', '2019-02-05T13:52:51.017666Z']]"
https://gitcoin.co/issue/11050,ethereum,pm,"[['cpstl', '2019-01-21T14:51:49.299218Z']]"
https://gitcoin.co/issue/11047,austintgriffith,burner-wallet,"[['iamonuwa', '2019-01-21T23:00:34.673976Z']]"
https://gitcoin.co/issue/11523,austintgriffith,burner-wallet,"[['iamonuwa', '2019-01-21T23:11:45.250979Z']]"
https://gitcoin.co/issue/11044,austintgriffith,burner-wallet,"[['iamonuwa', '2019-01-23T11:09:53.253713Z']]"
https://gitcoin.co/issue/11043,NethermindEth,nethermind,"[['lazaridis-com', '2019-03-01T08:30:27.016036Z']]"
https://gitcoin.co/issue/11040,blockades,scuttle-dark-crystal,"[['kyphae', '2019-02-08T23:55:56.973469Z'], ['kyphae', '2019-02-08T23:55:56.948767Z'], ['kyphae', '2019-02-08T23:55:56.993010Z']]"
https://gitcoin.co/issue/11747,streamr-dev,streamr-client-python,"[['kb00100100', '2019-04-09T14:59:40.595159Z']]"
https://gitcoin.co/issue/11477,MyBitFoundation,MyBit-UI-Toolkit.app,"[['pbteja1998', '2019-03-23T16:46:52.585061Z']]"
https://gitcoin.co/issue/11212,oceanprotocol-archive,bounties,"[['mestorlx', '2019-01-30T09:26:17.244897Z']]"
https://gitcoin.co/issue/11029,spacemeshos,go-spacemesh,"[['alonp99', '2019-01-29T20:20:46.722460Z']]"
https://gitcoin.co/issue/11026,spacemeshos,go-spacemesh,"[['alonp99', '2019-01-25T16:26:47.229412Z']]"
https://gitcoin.co/issue/9581,kyubey-network,kyubey-dex-eos,"[['yukiexe', '2019-01-24T22:26:38.810703Z']]"
https://gitcoin.co/issue/14190,kyubey-network,kyubey-dex-eos,"[['qinxiaowen', '2019-01-28T07:06:30.940597Z'], ['qinxiaowen', '2019-01-23T03:38:22.190027Z'], ['qinxiaowen', '2019-01-28T04:08:56.250508Z']]"
https://gitcoin.co/issue/28052,kyubey-network,kyubey-dex-eos,[]
https://gitcoin.co/issue/27642,gitcoinco,web,[]
https://gitcoin.co/issue/11023,LinkIdol,TronProducer,"[['zxplus', '2019-01-18T09:34:20.078879Z']]"
https://gitcoin.co/issue/11020,Redth,ZXing.Net.Mobile,"[['mierzynskim', '2019-01-16T13:25:35.107415Z']]"
https://gitcoin.co/issue/24720,w3f,General-Grants-Program,[]
https://gitcoin.co/issue/28051,w3f,General-Grants-Program,[]
https://gitcoin.co/issue/9348,SaptakS,test-repo,"[['anonymous193', '2019-02-22T13:18:38.852363Z']]"
https://gitcoin.co/issue/11015,crytic,echidna,"[['sprimage', '2019-01-25T03:13:31.596921Z']]"
https://gitcoin.co/issue/18193,gitcoinco,web,"[['arku', '2019-01-17T06:53:46.143052Z']]"
https://gitcoin.co/issue/11013,Uniswap,info,"[['mirshko', '2019-01-29T21:43:19.703139Z']]"
https://gitcoin.co/issue/11008,gitcoinco,web,"[['iamonuwa', '2019-01-16T10:47:25.879603Z']]"
https://gitcoin.co/issue/11007,austintgriffith,burner-wallet,"[['johngrantuk', '2019-01-14T21:54:40.292760Z']]"
https://gitcoin.co/issue/14189,oceanprotocol-archive,bounties,"[['jaybowles', '2019-03-05T09:39:10.255700Z']]"
https://gitcoin.co/issue/28050,oceanprotocol-archive,bounties,[]
https://gitcoin.co/issue/11004,Nethereum,Nethereum,"[['0xalunara', '2019-01-20T20:28:49.567296Z']]"
https://gitcoin.co/issue/11003,ghbutton,react-native-simple-crypto,"[['bb2000', '2019-01-18T10:51:11.032358Z']]"
https://gitcoin.co/issue/10998,ethsociety,learn-plasma,"[['iamonuwa', '2019-01-10T19:30:50.374097Z']]"
https://gitcoin.co/issue/10997,ethsociety,learn-plasma,"[['pumpkingwok', '2019-01-12T07:53:58.867246Z']]"
https://gitcoin.co/issue/10996,ethsociety,learn-plasma,"[['iamonuwa', '2019-01-18T11:52:38.017489Z']]"
https://gitcoin.co/issue/11577,spadebuilders,community,"[['vic-en', '2019-03-18T11:50:37.713431Z']]"
https://gitcoin.co/issue/10993,gitcoinco,web,"[['emiwatanabe422', '2019-01-30T09:03:04.044187Z'], ['writeprovidence', '2019-02-05T14:57:21.436945Z'], ['dvdptr', '2019-01-23T19:00:35.885867Z']]"
https://gitcoin.co/issue/8041,internetarchive,openlibrary,"[['usman', '2019-01-09T15:23:58.639528Z']]"
https://gitcoin.co/issue/10988,centrifuge,precise-proofs,"[['zyfrank', '2019-01-17T18:13:32.420926Z']]"
https://gitcoin.co/issue/8040,gitcoinco,web,[]
https://gitcoin.co/issue/10986,diginex,gwallet,"[['joemphilips', '2019-01-09T14:52:18.993807Z']]"
https://gitcoin.co/issue/10984,ethglobal,ethsingapore-bounties,"[['cocopeanutz', '2019-01-11T16:51:57.872996Z']]"
https://gitcoin.co/issue/10979,austintgriffith,burner-wallet,"[['stevenjnpearce', '2019-01-10T05:57:56.286791Z']]"
https://gitcoin.co/issue/10977,gitcoinco,web,[]
https://gitcoin.co/issue/11372,web3swift-team,web3swift,[]
https://gitcoin.co/issue/10969,leapdao,solEVM-enforcer,"[['peara', '2019-01-03T15:52:23.410743Z']]"
https://gitcoin.co/issue/10967,spacemeshos,go-spacemesh,"[['jeiwan', '2019-01-11T10:13:58.861897Z']]"
https://gitcoin.co/issue/10966,spacemeshos,go-spacemesh,"[['wliyongfeng', '2019-01-14T16:55:46.764678Z'], ['wliyongfeng', '2019-01-14T16:55:46.745942Z']]"
https://gitcoin.co/issue/14098,status-im,status-mobile,"[['kn', '2019-01-14T07:08:46.481703Z']]"
https://gitcoin.co/issue/28045,status-im,status-mobile,[]
https://gitcoin.co/issue/10963,gitcoinco,web,"[['usmanmuhd', '2019-01-15T15:36:14.752142Z']]"
https://gitcoin.co/issue/10962,ethereum,pm,[]
https://gitcoin.co/issue/10961,SmartContractSecurity,SWC-registry,"[['pvienhage', '2019-01-02T04:37:34.648190Z']]"
https://gitcoin.co/issue/11287,cybercongress,cyb,"[['epexa', '2019-02-03T09:37:10.157705Z']]"
https://gitcoin.co/issue/28044,cybercongress,cyb,[]
https://gitcoin.co/issue/10958,ethereum,web3.py,"[['iamonuwa', '2019-01-01T11:37:26.877908Z']]"
https://gitcoin.co/issue/10957,crytic,slither,[]
https://gitcoin.co/issue/10954,kaythxbye,bes-dummy,"[['justcharlz', '2019-01-17T05:45:07.185590Z']]"
https://gitcoin.co/issue/14097,42wim,matterbridge,[]
https://gitcoin.co/issue/28043,42wim,matterbridge,[]
https://gitcoin.co/issue/10949,prysmaticlabs,go-bls,"[['robin-thomas', '2018-12-27T21:37:16.350241Z']]"
https://gitcoin.co/issue/10947,spacemeshos,go-spacemesh,"[['bakaoh', '2018-12-27T05:07:48.121700Z']]"
https://gitcoin.co/issue/10946,julienbrg,fraktal,"[['iamonuwa', '2018-12-30T23:27:20.584033Z']]"
https://gitcoin.co/issue/10945,gitcoinco,web,"[['mukulverm4', '2018-12-26T15:12:35.331704Z']]"
https://gitcoin.co/issue/10944,spacemeshos,go-spacemesh,[]
https://gitcoin.co/issue/10943,spacemeshos,go-spacemesh,"[['stevenjnpearce', '2018-12-26T00:08:40.314634Z']]"
https://gitcoin.co/issue/10942,spacemeshos,go-spacemesh,[]
https://gitcoin.co/issue/10941,status-im,snt-voting,"[['anshumanv', '2018-12-28T11:11:35.618925Z']]"
https://gitcoin.co/issue/10940,status-im,snt-voting,"[['anshumanv', '2019-01-17T15:22:38.103818Z']]"
https://gitcoin.co/issue/10939,status-im,snt-voting,"[['pumpkingwok', '2019-01-14T17:57:04.376140Z']]"
https://gitcoin.co/issue/11575,oceanprotocol-archive,bounties,"[['thegooner93', '2019-01-18T07:05:32.573834Z'], ['christopher-i', '2019-02-01T21:31:51.801196Z']]"
https://gitcoin.co/issue/26917,oceanprotocol-archive,bounties,"[['christopher-i', '2021-10-21T08:40:56.065670Z'], ['thegooner93', '2021-10-21T08:40:56.036889Z']]"
https://gitcoin.co/issue/28042,oceanprotocol-archive,bounties,[]
https://gitcoin.co/issue/10937,dappnode,DAppNode,"[['tpscrpt', '2018-12-27T18:43:58.249023Z']]"
https://gitcoin.co/issue/10936,Giveth,giveth-bot,"[['frederikbolding', '2018-12-22T01:08:32.159580Z']]"
https://gitcoin.co/issue/10933,status-im,status-mobile,"[['shamardy', '2019-02-13T10:14:53.773615Z'], ['shamardy', '2019-02-13T10:14:53.936104Z']]"
https://gitcoin.co/issue/14783,status-im,status-mobile,"[['alexanmtz', '2019-06-18T21:22:19.768311Z']]"
https://gitcoin.co/issue/16837,cybercongress,go-cyber,"[['a1essandro11', '2018-12-28T12:54:04.204185Z']]"
https://gitcoin.co/issue/28041,cybercongress,go-cyber,[]
https://gitcoin.co/issue/10929,cybercongress,cybercongress,"[['a1essandro11', '2018-12-28T14:04:14.997291Z']]"
https://gitcoin.co/issue/14187,cybercongress,cyb,"[['epexa', '2018-12-22T19:00:35.266822Z']]"
https://gitcoin.co/issue/28040,cybercongress,cyb,[]
https://gitcoin.co/issue/10925,status-im,status-mobile,"[['krisc', '2019-01-28T20:52:49.742327Z']]"
https://gitcoin.co/issue/10922,BlocklabNL,VEL,"[['hansie020', '2018-12-21T13:13:59.918550Z']]"
https://gitcoin.co/issue/10921,julienbrg,fraktal,"[['iamonuwa', '2018-12-17T09:00:08.264049Z']]"
https://gitcoin.co/issue/10920,status-im,pluto,"[['tpscrpt', '2019-01-06T05:24:50.580816Z']]"
https://gitcoin.co/issue/10919,gitcoinco,web,"[['writeprovidence', '2019-01-15T23:55:38.498815Z'], ['davmey', '2018-12-31T05:33:23.241681Z'], ['dgilliams', '2019-02-01T21:33:13.555395Z'], ['nnooo', '2019-01-23T02:09:08.436714Z'], ['scco', '2018-12-29T19:28:13.865531Z']]"
https://gitcoin.co/issue/11434,status-im,status-mobile,"[['speedyfixer', '2019-03-14T16:14:59.071200Z']]"
https://gitcoin.co/issue/10916,status-im,status-mobile,"[['3ach', '2018-12-29T04:41:59.584152Z']]"
https://gitcoin.co/issue/10914,AmbireTech,adex-validator,"[['samparsky', '2019-01-19T17:44:28.895777Z']]"
https://gitcoin.co/issue/10913,gitcoinco,web,"[['kziemianek', '2018-12-24T04:51:56.789735Z']]"
https://gitcoin.co/issue/10912,gitcoinco,web,"[['mehul0698', '2019-01-03T14:11:03.235442Z'], ['nanspro', '2019-01-01T17:07:35.604894Z'], ['emiwatanabe422', '2019-01-26T09:34:07.382850Z']]"
https://gitcoin.co/issue/10911,MyBitFoundation,MyBit-Payroll.tech,"[['stevenjnpearce', '2018-12-13T18:25:43.162703Z']]"
https://gitcoin.co/issue/10910,MyBitFoundation,MyBit.marketing,"[['bluefoxx', '2019-02-23T04:37:00.651819Z']]"
https://gitcoin.co/issue/10908,MyBitFoundation,MyBit-Trust.tech,"[['yossipik', '2018-12-18T06:15:20.616021Z']]"
https://gitcoin.co/issue/10905,MyBitFoundation,MyBit-Trust.tech,"[['yossipik', '2018-12-23T18:07:50.711123Z']]"
https://gitcoin.co/issue/10903,MyBitFoundation,MyBit-Will.tech,"[['stevenjnpearce', '2018-12-19T20:34:03.938751Z']]"
https://gitcoin.co/issue/14092,oceanprotocol-archive,bounties,"[['sounak98', '2019-02-08T13:17:06.579860Z']]"
https://gitcoin.co/issue/28036,oceanprotocol-archive,bounties,[]
https://gitcoin.co/issue/13181,dethcrypto,TypeChain,"[['quezak', '2018-12-26T19:51:07.606035Z'], ['quezak', '2018-12-26T19:50:59.265275Z']]"
https://gitcoin.co/issue/28033,dethcrypto,TypeChain,[]
https://gitcoin.co/issue/12747,VolcaTech,cryptoxmas.xyz,"[['stephien', '2018-12-24T17:00:21.167823Z']]"
https://gitcoin.co/issue/28032,VolcaTech,cryptoxmas.xyz,[]
https://gitcoin.co/issue/12746,VolcaTech,cryptoxmas.xyz,"[['mohoff', '2018-12-20T09:45:22.440785Z']]"
https://gitcoin.co/issue/28031,VolcaTech,cryptoxmas.xyz,[]
https://gitcoin.co/issue/10894,spacemeshos,poet,"[['svenski123', '2019-01-07T22:20:36.237242Z']]"
https://gitcoin.co/issue/10893,MyBitFoundation,MyBit.marketing,"[['alejodosr', '2018-12-17T02:08:48.250013Z']]"
https://gitcoin.co/issue/10891,leapdao,solEVM-enforcer,"[['pinkiebell', '2019-01-04T00:20:18.530305Z']]"
https://gitcoin.co/issue/25425,oceanprotocol-archive,bounties,"[['mestorlx', '2021-04-01T08:18:02.141954Z'], ['astrovicis', '2021-04-01T08:18:01.970481Z']]"
https://gitcoin.co/issue/28028,oceanprotocol-archive,bounties,[]
https://gitcoin.co/issue/10888,cybercongress,cyb,"[['epexa', '2018-12-11T22:58:18.488057Z']]"
https://gitcoin.co/issue/28027,cybercongress,cyb,[]
https://gitcoin.co/issue/10887,MyBitFoundation,MyBit.marketing,"[['anish-agnihotri', '2019-01-29T03:09:47.930442Z']]"
https://gitcoin.co/issue/10886,MyBitFoundation,MyBit-DDF.website,[]
https://gitcoin.co/issue/10885,MyBitFoundation,MyBit.website,"[['pbteja1998', '2019-01-24T14:51:19.605041Z']]"
https://gitcoin.co/issue/10874,MyBitFoundation,MyBit-Network.tech,"[['bakaoh', '2018-12-17T04:47:21.719790Z']]"
https://gitcoin.co/issue/10871,MyBitFoundation,MyBit.marketing,"[['david405', '2019-02-07T14:05:22.418039Z']]"
https://gitcoin.co/issue/10870,gitcoinco,code_fund_ads,"[['brascoder', '2018-12-12T02:57:42.372344Z']]"
https://gitcoin.co/issue/10868,livepeer,go-livepeer,"[['speunz', '2018-12-12T20:22:20.375548Z']]"
https://gitcoin.co/issue/10862,centrifuge,precise-proofs-js,"[['zyfrank', '2019-01-04T22:03:10.452519Z']]"
https://gitcoin.co/issue/10858,lastmjs,javascript-practice,"[['elemino', '2018-12-13T05:12:27.626648Z']]"
https://gitcoin.co/issue/13179,VolcaTech,cryptoxmas.xyz,"[['stevenjnpearce', '2018-12-22T20:16:45.296130Z']]"
https://gitcoin.co/issue/28024,VolcaTech,cryptoxmas.xyz,[]
https://gitcoin.co/issue/12744,VolcaTech,cryptoxmas.xyz,"[['filips123', '2018-12-06T16:48:10.439440Z']]"
https://gitcoin.co/issue/28022,VolcaTech,cryptoxmas.xyz,[]
https://gitcoin.co/issue/10853,aragon,aragon-monthly,"[['jorropo', '2018-12-08T10:54:41.558769Z'], ['dxiri', '2018-12-15T00:26:24.929759Z']]"
https://gitcoin.co/issue/10852,ethereum,swarm-dapps,"[['aquiladev', '2018-12-31T20:46:48.053898Z']]"
https://gitcoin.co/issue/10851,centrifuge,precise-proofs,"[['zyfrank', '2018-12-07T11:09:57.052273Z']]"
https://gitcoin.co/issue/10850,gitcoinco,web,"[['anshumanv', '2018-12-05T12:24:17.149394Z']]"
https://gitcoin.co/issue/10849,crytic,slither,"[['samparsky', '2018-12-12T22:32:48.991041Z'], ['samparsky', '2018-12-12T22:32:48.969447Z']]"
https://gitcoin.co/issue/10847,web3,web3.js,"[['joshstevens19', '2018-12-20T07:04:31.843016Z']]"
https://gitcoin.co/issue/10846,Giveth,giveth-dapp,"[['anshumanv', '2018-12-12T13:34:53.213250Z']]"
https://gitcoin.co/issue/10844,ethereum,py-ssz,"[['bhargavasomu', '2018-12-20T07:04:17.911917Z']]"
https://gitcoin.co/issue/10843,centrifuge,precise-proofs,"[['andremarianiello', '2019-01-07T23:10:12.412509Z']]"
https://gitcoin.co/issue/10842,spacemeshos,poet,"[['somniastellarum', '2019-01-15T06:36:41.319268Z']]"
https://gitcoin.co/issue/10840,prysmaticlabs,prysm,"[['houjieth', '2018-12-22T23:16:21.759178Z']]"
https://gitcoin.co/issue/10833,centrifuge,precise-proofs,"[['zyfrank', '2018-12-04T19:07:59.749793Z'], ['zyfrank', '2018-12-05T12:34:19.880394Z'], ['zyfrank', '2018-12-05T11:50:24.379025Z'], ['zyfrank', '2018-12-05T01:07:49.219163Z'], ['zyfrank', '2018-12-04T19:16:52.150877Z']]"
https://gitcoin.co/issue/10832,sigp,lighthouse,"[['mjkeating', '2019-01-25T18:06:46.649516Z']]"
https://gitcoin.co/issue/10831,gitcoinco,web,"[['aashutoshrathi', '2019-01-16T15:32:51.498851Z'], ['jdorfman', '2018-12-04T18:44:01.592650Z']]"
https://gitcoin.co/issue/10830,gitcoinco,web,"[['nanspro', '2019-01-28T17:32:25.870816Z']]"
https://gitcoin.co/issue/7482,dotnet,dotnet-api-docs,"[['pinkiebell', '2018-11-29T23:19:49.656861Z']]"
https://gitcoin.co/issue/10829,ethereum,py-evm,"[['rayrapetyan', '2018-12-20T21:40:38.563553Z']]"
https://gitcoin.co/issue/7481,MicrosoftDocs,IntuneDocs,"[['pinkiebell', '2018-11-29T23:19:46.678503Z']]"
https://gitcoin.co/issue/10828,ethereum,py-ssz,[]
https://gitcoin.co/issue/10827,blockscout,blockscout,"[['gustavosantosfe', '2018-12-02T19:06:20.970060Z']]"
https://gitcoin.co/issue/10826,status-im,status-mobile,"[['tbenr', '2018-12-05T17:09:47.513026Z']]"
https://gitcoin.co/issue/10825,status-im,status-mobile,"[['shamardy', '2018-12-17T13:36:47.856677Z']]"
https://gitcoin.co/issue/16491,MetaMask,metamask-extension,[]
https://gitcoin.co/issue/7467,gitcoinco,web,[]
https://gitcoin.co/issue/24382,hatgit,BIP39-Mnemonic-Tools,"[['pumpkingwok', '2018-12-02T01:07:10.613318Z']]"
https://gitcoin.co/issue/28021,hatgit,BIP39-Mnemonic-Tools,[]
https://gitcoin.co/issue/7438,gitcoinco,web,[]
https://gitcoin.co/issue/11839,hellobloom,core,"[['srisankethu', '2018-12-04T16:39:04.638090Z']]"
https://gitcoin.co/issue/10821,hellobloom,core,[]
https://gitcoin.co/issue/10820,centrifuge,precise-proofs,"[['andremarianiello', '2018-12-07T12:15:54.632713Z'], ['andremarianiello', '2018-12-07T12:15:54.619750Z']]"
https://gitcoin.co/issue/10817,status-im,status-mobile,"[['dylanjw', '2018-12-03T18:39:17.966415Z']]"
https://gitcoin.co/issue/10816,Giveth,giveth-dapp,"[['anshumanv', '2018-12-12T13:04:31.198286Z']]"
https://gitcoin.co/issue/24380,oceanprotocol-archive,bounties,"[['santteegt', '2019-01-23T13:34:25.980798Z']]"
https://gitcoin.co/issue/28019,oceanprotocol-archive,bounties,[]
https://gitcoin.co/issue/10814,blockchain-etl,ethereum-etl-airflow,"[['evgeniuz', '2018-12-16T22:35:39.816426Z']]"
https://gitcoin.co/issue/10812,WalletConnect,py-walletconnect-bridge,[]
https://gitcoin.co/issue/10811,austintgriffith,burner-wallet,"[['johngrantuk', '2018-11-28T18:54:14.642221Z']]"
https://gitcoin.co/issue/11840,hellobloom,share-kit,"[['vikaskyadav', '2018-12-07T15:35:24.615057Z'], ['pvela', '2018-11-29T00:23:26.605581Z']]"
https://gitcoin.co/issue/10809,hellobloom,attestation-kit,"[['srisankethu', '2018-12-01T06:33:16.836378Z'], ['vikaskyadav', '2018-12-14T06:34:30.845545Z']]"
https://gitcoin.co/issue/10808,hellobloom,attestation-kit,"[['srisankethu', '2018-12-01T06:29:48.356135Z']]"
https://gitcoin.co/issue/10807,hellobloom,core,"[['pvienhage', '2018-11-27T17:13:00.994701Z']]"
https://gitcoin.co/issue/10806,hellobloom,core,"[['nanspro', '2018-12-07T15:19:41.917583Z'], ['sounak98', '2018-12-09T14:31:27.982142Z']]"
https://gitcoin.co/issue/10805,hellobloom,attestation-kit,"[['notdon', '2018-11-26T23:17:53.843110Z'], ['writeprovidence', '2018-12-13T01:46:22.231851Z'], ['vikaskyadav', '2018-12-06T12:21:43.221234Z']]"
https://gitcoin.co/issue/24379,gitcoinco,web,"[['kn', '2018-11-27T02:11:57.348377Z']]"
https://gitcoin.co/issue/28018,gitcoinco,web,[]
https://gitcoin.co/issue/10802,unlock-protocol,unlock,"[['wawhal', '2018-12-12T12:21:20.435000Z']]"
https://gitcoin.co/issue/10801,gitcoinco,web,"[['aashutoshrathi', '2018-12-16T12:38:34.798913Z']]"
https://gitcoin.co/issue/10800,gitcoinco,web,[]
https://gitcoin.co/issue/10798,aragon,aragon-monthly,"[['joshfairhead', '2018-11-29T07:07:18.513316Z']]"
https://gitcoin.co/issue/10796,status-im,status-mobile,"[['tbenr', '2018-11-29T20:28:43.223371Z']]"
https://gitcoin.co/issue/10795,status-im,status-mobile,"[['3ach', '2018-12-14T07:29:18.682395Z']]"
https://gitcoin.co/issue/10794,status-im,storybook,"[['petrvolny', '2018-11-29T09:06:02.296779Z']]"
https://gitcoin.co/issue/10785,Datum,Datum-Gitcoin-Bounty,"[['codi45', '2019-01-07T17:12:33.798116Z']]"
https://gitcoin.co/issue/24377,ColuLocalNetwork,fuse-inventory-manager,"[['xiaods', '2018-12-13T11:15:06.781932Z']]"
https://gitcoin.co/issue/28016,ColuLocalNetwork,fuse-inventory-manager,[]
https://gitcoin.co/issue/24375,status-im,ens-usernames,"[['pierrickgt', '2018-12-03T21:25:20.193708Z']]"
https://gitcoin.co/issue/28014,status-im,ens-usernames,[]
https://gitcoin.co/issue/10777,unlock-protocol,unlock,"[['chriscates', '2018-11-26T02:03:52.998776Z']]"
https://gitcoin.co/issue/18639,openethereum,parity-ethereum,"[['hskang9', '2019-11-24T05:25:31.023346Z']]"
https://gitcoin.co/issue/10772,status-im,storybook,"[['millnitzluan', '2018-12-07T09:16:27.118582Z']]"
https://gitcoin.co/issue/7734,gitcoinco,web,"[['octavioamu', '2018-11-21T21:20:04.791678Z']]"
https://gitcoin.co/issue/10770,status-im,status-mobile,"[['tbenr', '2019-02-28T19:21:09.193821Z']]"
https://gitcoin.co/issue/10768,status-im,status-mobile,"[['frederikbolding', '2018-11-24T13:22:42.187338Z']]"
https://gitcoin.co/issue/10767,status-im,status-mobile,"[['tbenr', '2018-11-29T01:06:36.670142Z']]"
https://gitcoin.co/issue/10766,status-im,status-mobile,"[['tbenr', '2018-12-13T17:07:56.562851Z']]"
https://gitcoin.co/issue/10765,uport-project,lambda-caleuche,"[['mahim23', '2018-12-06T12:03:08.905923Z']]"
https://gitcoin.co/issue/10763,prysmaticlabs,prysm,"[['meyer9', '2018-11-29T14:13:16.688607Z']]"
https://gitcoin.co/issue/10761,uport-project,lambda-caleuche,"[['agbilotia1998', '2018-12-18T06:18:32.110137Z']]"
https://gitcoin.co/issue/7214,gitcoinco,web,[]
https://gitcoin.co/issue/10756,prysmaticlabs,go-bls,"[['robin-thomas', '2018-12-24T04:27:31.231839Z']]"
https://gitcoin.co/issue/10753,web3j,web3j,"[['serso', '2018-12-03T09:31:52.498850Z']]"
https://gitcoin.co/issue/10751,musteka-la,kitsunet-js,"[['dryajov', '2018-11-19T16:56:51.143888Z']]"
https://gitcoin.co/issue/10748,aragon,aragon-monthly,"[['jakerockland', '2018-11-17T18:05:20.226541Z']]"
https://gitcoin.co/issue/10747,ethereum,py-evm,"[['cryptomental', '2018-11-27T10:01:33.919457Z']]"
https://gitcoin.co/issue/10746,ethberlin-hackathon,ETHBerlin-Bounties,"[['bockp', '2018-11-21T16:08:42.614116Z']]"
https://gitcoin.co/issue/24371,ColuLocalNetwork,fuse-inventory-manager,"[['tpscrpt', '2018-11-22T13:57:43.408854Z']]"
https://gitcoin.co/issue/26852,ColuLocalNetwork,fuse-inventory-manager,[]
https://gitcoin.co/issue/28010,ColuLocalNetwork,fuse-inventory-manager,[]
https://gitcoin.co/issue/10743,leapdao,solEVM-enforcer,"[['pinkiebell', '2019-01-12T13:59:04.066329Z']]"
https://gitcoin.co/issue/10742,leapdao,solEVM-enforcer,"[['pinkiebell', '2018-12-01T20:30:02.794852Z']]"
https://gitcoin.co/issue/10741,leapdao,solEVM-enforcer,"[['vyomshm', '2019-02-05T08:32:19.963009Z']]"
https://gitcoin.co/issue/10740,leapdao,solEVM-enforcer,"[['peara', '2019-01-19T02:20:12.321489Z']]"
https://gitcoin.co/issue/10739,gitcoinco,web,[]
https://gitcoin.co/issue/10737,0mkara,etheratom,"[['tpscrpt', '2018-11-22T14:02:38.620343Z']]"
https://gitcoin.co/issue/17189,gitcoinco,web,"[['oddballbutler', '2018-12-18T02:39:51.641867Z']]"
https://gitcoin.co/issue/10733,Giveth,giveth-dapp,"[['anshumanv', '2018-11-21T01:38:03.748764Z']]"
https://gitcoin.co/issue/10732,gitcoinco,code_fund_ads,"[['brascoder', '2018-11-20T15:59:26.531071Z']]"
https://gitcoin.co/issue/10731,openethereum,parity-ethereum,"[['xiaods', '2019-01-06T06:32:21.489399Z']]"
https://gitcoin.co/issue/10729,status-im,status-mobile,"[['tbenr', '2019-01-26T12:45:01.130880Z']]"
https://gitcoin.co/issue/10728,status-im,status-mobile,"[['tbenr', '2018-12-20T11:22:38.175053Z']]"
https://gitcoin.co/issue/10727,oceanprotocol-archive,bounties,"[['aquiladev', '2018-11-27T08:46:57.642972Z']]"
https://gitcoin.co/issue/24370,status-im,status-mobile,"[['frederikbolding', '2018-11-15T15:42:29.817132Z']]"
https://gitcoin.co/issue/28009,status-im,status-mobile,[]
https://gitcoin.co/issue/10725,ethereum,remix-project,"[['mul1sh', '2018-12-06T01:02:20.437431Z']]"
https://gitcoin.co/issue/7295,ethereum,EIPs,"[['octavioamu', '2018-11-16T21:19:49.235222Z']]"
https://gitcoin.co/issue/10719,prysmaticlabs,prysm,[]
https://gitcoin.co/issue/10715,gitcoinco,web,[]
https://gitcoin.co/issue/10713,blockchain-etl,ethereum-etl,"[['evgeniuz', '2018-11-16T20:38:38.853822Z']]"
https://gitcoin.co/issue/10711,Consensys,mythril,"[['nbanmp', '2018-11-29T21:15:49.812508Z']]"
https://gitcoin.co/issue/10710,row2k,cullen-murphy-co,[]
https://gitcoin.co/issue/10709,austintgriffith,burner-wallet,"[['johngrantuk', '2018-11-19T22:40:52.358633Z']]"
https://gitcoin.co/issue/10708,austintgriffith,burner-wallet,"[['seichris', '2018-11-27T16:43:19.025878Z']]"
https://gitcoin.co/issue/10707,austintgriffith,burner-wallet,"[['catageek', '2018-11-10T22:23:21.647459Z'], ['riusricardo', '2018-11-20T16:21:09.435745Z'], ['catageek', '2018-11-10T22:44:41.067679Z'], ['mohoff', '2018-11-19T22:16:16.144985Z'], ['catageek', '2018-11-10T23:03:04.680004Z']]"
https://gitcoin.co/issue/10706,austintgriffith,burner-wallet,"[['jamesdigid', '2018-11-20T05:20:26.750985Z']]"
https://gitcoin.co/issue/10705,ssbc,patchwork,"[['christianbundy', '2018-11-14T21:48:31.227146Z']]"
https://gitcoin.co/issue/10704,AddrETH,addreth,"[['v-stickykeys', '2018-11-10T02:24:38.343544Z']]"
https://gitcoin.co/issue/10703,ethereum,py-evm,"[['aashutoshrathi', '2018-11-10T03:55:41.035556Z']]"
https://gitcoin.co/issue/10700,SmartContractSecurity,SWC-registry,"[['pumpkingwok', '2018-11-21T08:11:23.116033Z']]"
https://gitcoin.co/issue/10699,SmartContractSecurity,SWC-registry,"[['pvienhage', '2018-11-08T17:20:21.356266Z']]"
https://gitcoin.co/issue/10698,gitcoinco,web,"[['frederikbolding', '2018-11-11T20:43:24.324866Z']]"
https://gitcoin.co/issue/6976,PwayGames,PWay.Contracts,"[['lukaszgrynasz', '2018-11-07T21:20:05.492865Z']]"
https://gitcoin.co/issue/6987,PwayGames,PWay.Contracts,"[['adamskrodzki', '2018-11-07T21:19:59.840584Z']]"
https://gitcoin.co/issue/10693,blockchain-etl,bitcoin-etl,"[['samparsky', '2018-11-29T16:59:30.406115Z'], ['samparsky', '2018-11-29T16:59:30.422624Z']]"
https://gitcoin.co/issue/10690,status-im,nimbus-site,"[['santteegt', '2018-11-19T07:08:35.050004Z']]"
https://gitcoin.co/issue/10689,status-im,incubate.status.im,"[['pumpkingwok', '2018-11-19T08:21:29.845067Z']]"
https://gitcoin.co/issue/10688,status-im,studio.status.im,"[['anshumanv', '2018-11-21T07:06:38.772544Z']]"
https://gitcoin.co/issue/10684,blockades,scuttle-dark-crystal,"[['christianbundy', '2018-12-10T17:46:48.508166Z']]"
https://gitcoin.co/issue/10683,vyperlang,vyper,"[['evgeniuz', '2018-11-14T15:38:20.644537Z']]"
https://gitcoin.co/issue/10679,hatgit,BIP39-Mnemonic-Tools,"[['destiner', '2018-11-08T12:54:22.982675Z']]"
https://gitcoin.co/issue/25483,PwayGames,PWay.Contracts,[]
https://gitcoin.co/issue/28007,PwayGames,PWay.Contracts,[]
https://gitcoin.co/issue/10673,diadata-org,diadata,"[['mestorlx', '2018-12-06T16:21:37.239697Z']]"
https://gitcoin.co/issue/10672,gitcoinco,web,"[['nasehim7', '2018-11-28T16:52:30.348151Z'], ['jaymcgrath', '2018-11-19T21:46:00.965140Z'], ['dgilliams', '2018-11-21T13:05:36.741804Z']]"
https://gitcoin.co/issue/25482,oceanprotocol-archive,bounties,[]
https://gitcoin.co/issue/28006,oceanprotocol-archive,bounties,[]
https://gitcoin.co/issue/29522,unlock-protocol,unlock,[]
https://gitcoin.co/issue/10668,MyBitFoundation,MyBit.design,"[['writeprovidence', '2018-11-06T01:09:03.266402Z'], ['uivlis', '2018-11-06T17:01:33.889029Z']]"
https://gitcoin.co/issue/10667,AddrETH,addreth,"[['deamme', '2018-11-09T16:27:10.816568Z']]"
https://gitcoin.co/issue/10666,JoinColony,colonyNetwork,"[['nickerrant', '2018-11-11T18:50:52.121893Z'], ['jakub-wojciechowski', '2018-11-11T18:40:23.931619Z']]"
https://gitcoin.co/issue/6835,gitcoinco,web,"[['usmanmuhd', '2018-10-30T14:20:32.835061Z']]"
https://gitcoin.co/issue/6829,gitcoinco,web,"[['owocki', '2018-10-29T22:19:43.985432Z'], ['root', '2018-10-29T22:19:43.975203Z'], ['pixelantdesign', '2018-10-29T22:19:43.994209Z']]"
https://gitcoin.co/issue/6826,owocki,pytrader,"[['gitcoinbot', '2018-10-29T20:20:38.515894Z']]"
https://gitcoin.co/issue/10665,AddrETH,addreth,"[['deamme', '2018-10-29T15:09:41.212024Z']]"
https://gitcoin.co/issue/10664,gitcoinco,web,"[['owocki', '2018-10-28T14:05:50.916165Z']]"
https://gitcoin.co/issue/10663,gitcoinco,web,[]
https://gitcoin.co/issue/6788,gitcoinco,web,"[['mbeacom', '2018-10-27T14:17:42.502329Z']]"
https://gitcoin.co/issue/10661,UniLogin,UniLogin,"[['kisgus', '2018-11-17T19:21:54.954108Z']]"
https://gitcoin.co/issue/10658,mikeymicrophone,commissulator,"[['brascoder', '2018-11-15T07:04:42.354013Z']]"
https://gitcoin.co/issue/10656,mikeymicrophone,commissulator,[]
https://gitcoin.co/issue/10651,blockscout,blockscout,"[['gustavosantosfe', '2018-10-30T19:02:41.809574Z']]"
https://gitcoin.co/issue/10648,blockscout,blockscout,"[['lucasnar', '2018-11-05T18:07:52.544954Z']]"
https://gitcoin.co/issue/25481,GnosisEcosystemFund,Gnosis-Bounties-,[]
https://gitcoin.co/issue/28005,GnosisEcosystemFund,Gnosis-Bounties-,[]
https://gitcoin.co/issue/10646,GnosisEcosystemFund,Gnosis-Bounties-,"[['g-r-a-n-t', '2018-11-13T04:51:22.848596Z']]"
https://gitcoin.co/issue/25480,GnosisEcosystemFund,Gnosis-Bounties-,[]
https://gitcoin.co/issue/28004,GnosisEcosystemFund,Gnosis-Bounties-,[]
https://gitcoin.co/issue/10644,diadata-org,diadata,"[['mestorlx', '2018-11-05T23:28:30.380477Z']]"
https://gitcoin.co/issue/6746,owocki,DecentralizationLayerCake,"[['octavioamu', '2018-10-26T00:17:42.647379Z']]"
https://gitcoin.co/issue/6745,owocki,DecentralizationLayerCake,"[['octavioamu', '2018-10-25T22:17:40.735791Z'], ['octavioamu', '2018-10-25T22:17:40.715415Z']]"
https://gitcoin.co/issue/10641,Giveth,giveth-dapp,"[['anshumanv', '2018-11-13T21:37:03.883462Z']]"
https://gitcoin.co/issue/10640,crytic,slither,[]
https://gitcoin.co/issue/10638,DecentralizedDerivatives,DRCT_standard_DApp,"[['evgeniuz', '2018-11-12T08:36:11.854934Z']]"
https://gitcoin.co/issue/10637,Consensys,mythril-ctf-public,"[['lastperson', '2018-10-25T17:30:15.523629Z']]"
https://gitcoin.co/issue/10636,Consensys,mythril-ctf-public,"[['nbanmp', '2018-10-25T14:06:23.715381Z']]"
https://gitcoin.co/issue/10635,Consensys,mythril-ctf-public,"[['nbanmp', '2018-10-25T13:22:20.611341Z']]"
https://gitcoin.co/issue/6742,owocki,web3_revenue_primitives,"[['octavioamu', '2018-10-25T04:17:51.432014Z']]"
https://gitcoin.co/issue/10634,maurelian,Newsletter,"[['nanspro', '2018-10-29T22:15:10.484932Z']]"
https://gitcoin.co/issue/10633,Consensys,smart-contract-best-practices,[]
https://gitcoin.co/issue/10632,windingtree,wt-hackathon,"[['wurducius', '2018-10-30T17:35:48.432835Z'], ['afklblockchain', '2018-10-31T11:37:32.919616Z'], ['crazyrabbitltc', '2018-10-30T18:10:11.340835Z']]"
https://gitcoin.co/issue/10630,leapdao,leap-contracts,"[['eezcjkr', '2018-11-12T17:22:19.588123Z']]"
https://gitcoin.co/issue/10628,joaoaguiam,ethdenver-staking-contracts,"[['iamchrissmith', '2018-10-26T16:58:42.928929Z']]"
https://gitcoin.co/issue/10627,blockchain-etl,ethereum-etl,"[['evgeniuz', '2018-11-04T22:07:08.256024Z']]"
https://gitcoin.co/issue/10626,blockchain-etl,ethereum-etl,"[['cowboy-bebug', '2018-11-03T02:54:22.327381Z']]"
https://gitcoin.co/issue/10625,crytic,slither,"[['redshark1802', '2018-10-26T15:41:52.825594Z']]"
https://gitcoin.co/issue/10623,crytic,slither,"[['cryptomental', '2018-10-25T20:31:57.752622Z']]"
https://gitcoin.co/issue/10622,blockscout,blockscout,"[['santteegt', '2018-10-29T02:09:51.362061Z']]"
https://gitcoin.co/issue/10620,diadata-org,diadata,"[['mestorlx', '2018-10-26T13:13:22.635171Z']]"
https://gitcoin.co/issue/10621,diadata-org,diadata,"[['raimondskazuss', '2018-11-14T20:38:33.339466Z']]"
https://gitcoin.co/issue/10642,decentraland,MANA-community-fund-learning-content,"[['polezo', '2018-12-21T00:43:55.579290Z']]"
https://gitcoin.co/issue/15245,owocki,web3_revenue_primitives,"[['shalabhaggarwal', '2018-11-15T06:59:35.050672Z'], ['aj07', '2018-11-15T06:59:35.079506Z'], ['writeprovidence', '2018-11-15T06:59:35.065572Z'], ['nanspro', '2018-11-15T06:59:35.093620Z'], ['joaoaguiam', '2018-11-15T06:59:35.121909Z'], ['joaoaguiam', '2018-11-15T06:59:35.107902Z']]"
https://gitcoin.co/issue/10618,status-im,storybook,"[['millnitzluan', '2018-11-14T19:44:34.750309Z']]"
https://gitcoin.co/issue/10617,status-im,storybook,"[['millnitzluan', '2018-10-24T14:05:55.700930Z'], ['millnitzluan', '2018-10-24T14:05:55.689293Z']]"
https://gitcoin.co/issue/26916,gitcoinco,web,[]
https://gitcoin.co/issue/28003,gitcoinco,web,[]
https://gitcoin.co/issue/25478,aionnetwork,aion,[]
https://gitcoin.co/issue/28002,aionnetwork,aion,[]
https://gitcoin.co/issue/27386,aragon,client,[]
https://gitcoin.co/issue/14738,aragon,aragon.js,[]
https://gitcoin.co/issue/10610,UniLogin,UniLogin,"[['perseverance', '2018-10-23T13:18:02.397134Z']]"
https://gitcoin.co/issue/10609,crytic,slither,[]
https://gitcoin.co/issue/10608,crytic,slither,"[['evgeniuz', '2018-10-25T13:22:01.843922Z']]"
https://gitcoin.co/issue/10607,crytic,slither,"[['samparsky', '2018-10-26T12:20:09.553879Z']]"
https://gitcoin.co/issue/10600,DecentralizedDerivatives,DRCT_standard_DApp,"[['markx3', '2018-10-23T00:51:50.400388Z']]"
https://gitcoin.co/issue/10599,gitcoinco,web,"[['liamzebedee', '2018-10-26T17:05:02.663320Z']]"
https://gitcoin.co/issue/10597,OpenZeppelin,ethernaut,[]
https://gitcoin.co/issue/10596,sigp,lighthouse,[]
https://gitcoin.co/issue/10595,sigp,lighthouse,"[['aj07', '2018-11-07T18:05:31.291515Z']]"
https://gitcoin.co/issue/10594,sigp,lighthouse,"[['pinkiebell', '2018-10-21T22:06:16.117162Z']]"
https://gitcoin.co/issue/10593,sigp,lighthouse,"[['g-r-a-n-t', '2018-10-24T02:05:16.173531Z'], ['g-r-a-n-t', '2018-10-24T01:59:25.942011Z']]"
https://gitcoin.co/issue/12969,blockscout,blockscout,"[['lambda-phx', '2019-04-11T04:44:04.402385Z']]"
https://gitcoin.co/issue/10590,ethereum,eth-account,"[['anshumanv', '2018-10-19T17:14:43.803821Z']]"
https://gitcoin.co/issue/10589,blockscout,blockscout,"[['svenski123', '2018-10-23T21:05:08.429736Z']]"
https://gitcoin.co/issue/10588,blockscout,blockscout,"[['gustavosantosfe', '2018-11-12T16:58:02.896563Z']]"
https://gitcoin.co/issue/10587,blockscout,blockscout,"[['lucasnar', '2018-10-23T14:53:07.835022Z']]"
https://gitcoin.co/issue/10584,ethereum,eth-bloom,"[['miguel550', '2018-10-20T12:19:36.977783Z']]"
https://gitcoin.co/issue/10583,ethereum,eth-bloom,"[['g-r-a-n-t', '2018-10-18T22:56:58.469957Z']]"
https://gitcoin.co/issue/10582,ethereum,eth-keys,"[['bhargavasomu', '2018-11-15T03:38:26.249479Z']]"
https://gitcoin.co/issue/11578,ethereum,py_ecc,[]
https://gitcoin.co/issue/16610,leapdao,leap-node,"[['johannbarbie', '2018-11-17T17:53:48.026406Z']]"
https://gitcoin.co/issue/10578,ethereum,eth-bloom,"[['bhargavasomu', '2018-10-19T16:29:48.197695Z']]"
https://gitcoin.co/issue/10577,ethsociety,learn-plasma,"[['iamonuwa', '2019-03-10T10:22:18.488955Z']]"
https://gitcoin.co/issue/10576,ethereum,py-trie,[]
https://gitcoin.co/issue/10575,ethereum,py-trie,"[['aashutoshrathi', '2018-10-20T13:24:37.929768Z']]"
https://gitcoin.co/issue/10573,ethereum,py_ecc,"[['iamonuwa', '2019-03-10T10:22:00.452915Z']]"
https://gitcoin.co/issue/10572,ethereum,py_ecc,"[['aashutoshrathi', '2018-10-20T13:13:50.775791Z']]"
https://gitcoin.co/issue/10571,web3,web3.js,"[['sundar-balaji', '2018-10-24T00:06:24.726513Z']]"
https://gitcoin.co/issue/10570,crytic,slither,"[['samparsky', '2018-10-22T10:44:31.125591Z']]"
https://gitcoin.co/issue/10569,crytic,slither,"[['pvgupta24', '2018-10-19T18:23:00.147952Z']]"
https://gitcoin.co/issue/10568,crytic,slither,"[['cryptomental', '2018-10-19T11:38:01.791965Z']]"
https://gitcoin.co/issue/10567,crytic,slither,"[['cryptomental', '2018-10-21T19:50:17.005560Z']]"
https://gitcoin.co/issue/10566,crytic,slither,"[['cryptomental', '2018-10-20T12:16:06.824118Z']]"
https://gitcoin.co/issue/10565,crytic,slither,"[['redshark1802', '2018-10-22T15:58:30.601654Z']]"
https://gitcoin.co/issue/10564,oneclickdapp,oneclickdapp-v1,"[['iamonuwa', '2019-03-10T10:21:00.700429Z']]"
https://gitcoin.co/issue/10563,status-im,status-mobile,"[['kfirmanty', '2019-01-25T18:17:00.261506Z']]"
https://gitcoin.co/issue/28000,status-im,status-mobile,[]
https://gitcoin.co/issue/10562,diadata-org,diadata,"[['pumpkingwok', '2018-11-23T09:16:15.927905Z']]"
https://gitcoin.co/issue/10561,gitcoinco,creative,"[['virtual-face', '2018-10-17T12:52:49.853260Z'], ['dgilliams', '2018-10-17T23:57:47.842804Z']]"
https://gitcoin.co/issue/10560,ethereum,py-evm,[]
https://gitcoin.co/issue/10559,ethereum,solidity,"[['cpurta', '2018-11-26T16:45:19.909124Z']]"
https://gitcoin.co/issue/10558,dappnode,DAppNode,"[['cryptomental', '2018-10-17T09:52:12.399875Z']]"
https://gitcoin.co/issue/10557,oceanprotocol-archive,bounties,"[['superjo149', '2018-11-01T15:29:43.002903Z']]"
https://gitcoin.co/issue/10556,SmartContractSecurity,SWC-registry,"[['pvienhage', '2018-10-24T18:04:12.057902Z']]"
https://gitcoin.co/issue/10555,blockscout,blockscout,[]
https://gitcoin.co/issue/10554,blockscout,blockscout,"[['svenski123', '2018-11-05T17:31:55.686713Z']]"
https://gitcoin.co/issue/10553,SmartContractSecurity,SWC-registry,"[['pumpkingwok', '2018-10-29T06:21:11.221236Z']]"
https://gitcoin.co/issue/10551,gitcoinco,web,[]
https://gitcoin.co/issue/10549,unlock-protocol,unlock,"[['hakimelek', '2018-10-21T21:52:58.334066Z']]"
https://gitcoin.co/issue/10546,blockchain-etl,ethereum-etl,"[['cowboy-bebug', '2018-11-01T22:11:34.166946Z'], ['cowboy-bebug', '2018-11-01T22:12:43.256005Z'], ['cowboy-bebug', '2018-11-01T02:05:16.712640Z'], ['cowboy-bebug', '2018-11-03T02:18:50.560723Z']]"
https://gitcoin.co/issue/10547,diadata-org,diadata,"[['mestorlx', '2018-10-19T15:00:49.939186Z']]"
https://gitcoin.co/issue/10543,ethereum,solidity,"[['mestorlx', '2018-10-17T19:40:45.159866Z'], ['mestorlx', '2018-10-17T19:38:21.019305Z']]"
https://gitcoin.co/issue/10542,gitcoinco,web,"[['jakerockland', '2018-10-27T00:17:09.676208Z']]"
https://gitcoin.co/issue/10541,PulseBlockchain,oz-sample-app,"[['satyamakgec', '2018-10-16T16:35:51.308941Z']]"
https://gitcoin.co/issue/10538,UniBitProject,wallet,"[['infopirate', '2018-10-13T17:14:38.971756Z']]"
https://gitcoin.co/issue/10536,BlocklabNL,VEL,"[['liamzebedee', '2018-10-17T11:05:16.347786Z']]"
https://gitcoin.co/issue/10535,status-im,storybook,"[['millnitzluan', '2018-10-21T21:18:47.782704Z']]"
https://gitcoin.co/issue/10534,PulseBlockchain,oz-sample-app,"[['satyamakgec', '2018-10-13T14:47:09.856173Z']]"
https://gitcoin.co/issue/10533,PulseBlockchain,oz-sample-app,"[['satyamakgec', '2018-10-13T16:20:54.837502Z']]"
https://gitcoin.co/issue/10529,Consensys,ethql,[]
https://gitcoin.co/issue/10528,dappnode,DAppNode,"[['theperfectpunk', '2018-11-06T18:13:23.433227Z']]"
https://gitcoin.co/issue/10526,Bounties-Network,Explorer,"[['calpoog', '2018-10-18T17:34:00.077228Z']]"
https://gitcoin.co/issue/10520,prysmaticlabs,prysm,"[['jgimeno', '2018-12-23T21:36:50.382971Z']]"
https://gitcoin.co/issue/10517,trailofbits,manticore,"[['cryptomental', '2018-11-08T09:00:43.224973Z']]"
https://gitcoin.co/issue/10516,trailofbits,manticore,"[['mj10', '2018-10-18T06:04:11.610715Z']]"
https://gitcoin.co/issue/10515,trailofbits,manticore,"[['stephan-tolksdorf', '2018-12-12T19:09:34.911404Z']]"
https://gitcoin.co/issue/10513,trailofbits,manticore,"[['evgeniuz', '2018-10-23T15:02:32.391159Z']]"
https://gitcoin.co/issue/10512,crytic,not-so-smart-contracts,"[['adamskrodzki', '2018-10-13T19:03:52.837369Z']]"
https://gitcoin.co/issue/10510,crytic,pyevmasm,"[['cryptomental', '2018-10-17T15:58:48.318004Z']]"
https://gitcoin.co/issue/10509,diadata-org,diadata,"[['mestorlx', '2018-10-29T12:58:23.829911Z']]"
https://gitcoin.co/issue/10508,diadata-org,diadata,"[['mul1sh', '2018-10-17T17:46:25.820175Z']]"
https://gitcoin.co/issue/10504,Bounties-Network,Explorer,"[['zerquix18', '2018-10-20T03:07:57.154025Z']]"
https://gitcoin.co/issue/10503,Bounties-Network,BountiesAPI,"[['destiner', '2018-10-21T10:30:55.262605Z']]"
https://gitcoin.co/issue/10501,Bounties-Network,BountiesAPI,"[['subramanianv', '2018-10-18T09:42:15.738758Z']]"
https://gitcoin.co/issue/10500,mbeylin,ENSListener,"[['stevenjnpearce', '2018-11-07T12:27:25.645664Z']]"
https://gitcoin.co/issue/11600,gitcoinco,web,[]
https://gitcoin.co/issue/10497,dappnode,DAppNode,"[['anish-agnihotri', '2018-10-20T21:16:38.274350Z']]"
https://gitcoin.co/issue/10496,dappnode,DAppNode,"[['cryptomental', '2018-10-15T18:57:32.458037Z']]"
https://gitcoin.co/issue/10495,dappnode,DAppNode,"[['iamonuwa', '2018-11-06T21:40:19.882056Z']]"
https://gitcoin.co/issue/27993,dappnode,DAppNode,[]
https://gitcoin.co/issue/11713,dappnode,DAppNode,"[['jubalharsho', '2018-12-14T21:24:07.641761Z']]"
https://gitcoin.co/issue/10493,dappnode,DAppNode,"[['albpal', '2018-10-21T10:46:28.343718Z']]"
https://gitcoin.co/issue/10490,Giveth,giveth-dapp,"[['millnitzluan', '2018-10-12T23:09:08.859506Z']]"
https://gitcoin.co/issue/10488,gitcoinco,web,"[['usmanmuhd', '2019-01-16T16:01:07.264725Z']]"
https://gitcoin.co/issue/27992,gitcoinco,web,[]
https://gitcoin.co/issue/10487,Giveth,giveth-dapp,"[['millnitzluan', '2018-10-12T19:46:08Z'], ['millnitzluan', '2018-10-12T20:52:39.798967Z']]"
https://gitcoin.co/issue/10484,ethberlin-hackathon,ETHBerlin-Bounties,"[['nrryuya', '2018-10-16T15:06:45.899978Z']]"
https://gitcoin.co/issue/27991,ethberlin-hackathon,ETHBerlin-Bounties,[]
https://gitcoin.co/issue/10483,spacemeshos,poet,[]
https://gitcoin.co/issue/10478,Giveth,giveth-dapp,"[['cryptomental', '2018-10-10T23:35:16.887603Z']]"
https://gitcoin.co/issue/10482,Consensys,mythril,"[['nbanmp', '2018-10-25T12:36:39.546926Z']]"
https://gitcoin.co/issue/10480,Consensys,mythril,"[['nbanmp', '2018-10-25T12:38:34.305241Z']]"
https://gitcoin.co/issue/10479,Consensys,mythril,"[['nbanmp', '2018-10-29T20:19:18.116898Z']]"
https://gitcoin.co/issue/24719,rubyforgood,partner,[]
https://gitcoin.co/issue/27988,rubyforgood,partner,[]
https://gitcoin.co/issue/10473,ethsociety,learn-plasma,"[['mul53', '2018-10-11T00:09:37.094956Z']]"
https://gitcoin.co/issue/10472,gitcoinco,web,"[['pinkiebell', '2018-11-26T18:17:20.949564Z']]"
https://gitcoin.co/issue/10470,blockchain-etl,ethereum-etl,"[['cowboy-bebug', '2018-10-15T20:13:17.249225Z']]"
https://gitcoin.co/issue/10469,pixura,pixura-react-sdk,"[['bakaoh', '2018-10-15T04:53:29.994456Z']]"
https://gitcoin.co/issue/10468,spacemeshos,app,"[['iamonuwa', '2018-11-01T12:48:59.727438Z'], ['samparsky', '2018-11-01T12:58:08.289759Z']]"
https://gitcoin.co/issue/10467,gitcoinco,web,"[['nanspro', '2018-11-13T16:35:52.263812Z']]"
https://gitcoin.co/issue/25476,ethglobal,ethsanfrancisco-bounties,[]
https://gitcoin.co/issue/27987,ethglobal,ethsanfrancisco-bounties,[]
https://gitcoin.co/issue/18930,gitcoinco,web,"[['pinkiebell', '2019-01-03T23:07:47.475728Z']]"
https://gitcoin.co/issue/10463,windingtree,vesting-contract,"[['adamskrodzki', '2018-10-12T11:21:06.790560Z'], ['kpulkit29', '2018-10-12T11:21:06.778310Z']]"
https://gitcoin.co/issue/10462,windingtree,vesting-contract,[]
https://gitcoin.co/issue/25475,ethglobal,ethsanfrancisco-bounties,[]
https://gitcoin.co/issue/27986,ethglobal,ethsanfrancisco-bounties,[]
https://gitcoin.co/issue/10457,Bounties-Network,Explorer,"[['bkatsnel', '2018-10-17T16:22:54.672576Z']]"
https://gitcoin.co/issue/10455,royhodge830,universal-wallet,"[['alchemistavery', '2018-10-05T17:22:56.568071Z']]"
https://gitcoin.co/issue/10454,web3swift-team,web3swift,"[['currybab', '2018-10-25T15:57:19.023077Z']]"
https://gitcoin.co/issue/10450,komputing,KEthereum,"[['rmeissner', '2018-11-08T09:30:16.198025Z']]"
https://gitcoin.co/issue/10446,aionnetwork,aion,"[['santteegt', '2018-11-04T07:54:05.877531Z']]"
https://gitcoin.co/issue/10445,Giveth,giveth-dapp,"[['sameer2800', '2018-10-11T16:24:12.982172Z']]"
https://gitcoin.co/issue/10442,UniLogin,UniLogin,"[['kyrrui', '2018-10-09T02:01:02.802887Z']]"
https://gitcoin.co/issue/10438,Consensys,smart-contract-best-practices,"[['destiner', '2018-10-17T21:47:48.700435Z']]"
https://gitcoin.co/issue/10437,ethereum,go-ethereum,"[['bakaoh', '2018-11-09T02:24:15.869090Z']]"
https://gitcoin.co/issue/26221,rubyforgood,human-essentials,[]
https://gitcoin.co/issue/27983,rubyforgood,human-essentials,[]
https://gitcoin.co/issue/10435,gitcoinco,web,"[['anish-agnihotri', '2018-10-07T03:02:48.818407Z']]"
https://gitcoin.co/issue/10433,gitcoinco,web,"[['dgilliams', '2018-10-18T20:05:15.259774Z'], ['gianni-dalerta', '2018-10-05T00:17:39.480874Z'], ['jakerockland', '2018-10-20T07:43:00.517659Z']]"
https://gitcoin.co/issue/25470,ethglobal,ethsanfrancisco-bounties,[]
https://gitcoin.co/issue/27981,ethglobal,ethsanfrancisco-bounties,[]
https://gitcoin.co/issue/25469,rubyforgood,human-essentials,[]
https://gitcoin.co/issue/27980,rubyforgood,human-essentials,[]
https://gitcoin.co/issue/10427,gitcoinco,web,"[['evgeniuz', '2018-10-03T04:40:39.467837Z']]"
https://gitcoin.co/issue/10426,unlock-protocol,unlock,"[['cnasc', '2018-12-06T12:40:48.694541Z']]"
https://gitcoin.co/issue/10425,unlock-protocol,unlock,[]
https://gitcoin.co/issue/10424,aionnetwork,aion,"[['satran004', '2018-10-16T13:39:56.399573Z']]"
https://gitcoin.co/issue/25468,AbieFund,abie,[]
https://gitcoin.co/issue/27979,AbieFund,abie,[]
https://gitcoin.co/issue/10428,gitcoinco,web,"[['vlad2689', '2018-11-09T19:49:32.379874Z']]"
https://gitcoin.co/issue/10422,aragon,aragon-monthly,"[['john-light', '2018-10-01T18:59:25.304292Z'], ['dxiri', '2018-10-16T21:01:49.715049Z']]"
https://gitcoin.co/issue/10421,blockchain-etl,ethereum-etl,"[['evgeniuz', '2018-10-11T07:32:05.252023Z']]"
https://gitcoin.co/issue/10420,embarklabs,embark,"[['cryptomental', '2018-10-12T06:07:57.872208Z']]"
https://gitcoin.co/issue/10419,embarklabs,embark,"[['pvgupta24', '2018-12-14T18:15:33.539648Z']]"
https://gitcoin.co/issue/10418,embarklabs,embark,"[['cryptomental', '2018-10-07T16:55:57.993935Z']]"
https://gitcoin.co/issue/10417,embarklabs,embark,"[['santteegt', '2018-10-24T02:52:23.768811Z']]"
https://gitcoin.co/issue/10416,embarklabs,embark,"[['cryptomental', '2018-11-05T15:29:46.955654Z']]"
https://gitcoin.co/issue/10415,embarklabs,embark,"[['subramanianv', '2018-10-18T15:38:41.188554Z']]"
https://gitcoin.co/issue/10412,embarklabs,embark-coffeescript-template,"[['millnitzluan', '2018-10-05T20:35:29.720723Z']]"
https://gitcoin.co/issue/10411,embarklabs,embark-elm-template,"[['evgeniuz', '2018-10-23T14:41:45.350242Z']]"
https://gitcoin.co/issue/10410,embarklabs,embark,"[['cryptomental', '2018-10-06T18:11:53.159474Z']]"
https://gitcoin.co/issue/10409,embarklabs,embark,"[['cryptomental', '2018-10-04T18:36:43.186004Z']]"
https://gitcoin.co/issue/10408,embarklabs,embark,"[['cryptomental', '2018-10-02T21:14:18.731670Z']]"
https://gitcoin.co/issue/25467,embarklabs,embark,[]
https://gitcoin.co/issue/27978,embarklabs,embark,[]
https://gitcoin.co/issue/10406,prysmaticlabs,website,"[['jameshe42', '2019-01-03T04:09:55.149206Z']]"
https://gitcoin.co/issue/25466,AbieFund,abie,[]
https://gitcoin.co/issue/27977,AbieFund,abie,[]
https://gitcoin.co/issue/25465,AbieFund,abie,[]
https://gitcoin.co/issue/27976,AbieFund,abie,[]
https://gitcoin.co/issue/25631,AbieFund,abie,"[['iamonuwa', '2021-05-01T07:54:56.872152Z']]"
https://gitcoin.co/issue/27975,AbieFund,abie,[]
https://gitcoin.co/issue/26849,AbieFund,abie,[]
https://gitcoin.co/issue/27974,AbieFund,abie,[]
https://gitcoin.co/issue/10400,JoshOrndorff,BitStory,"[['sameer2800', '2018-09-30T06:09:17.135267Z']]"
https://gitcoin.co/issue/10399,WalletConnect,py-walletconnect-bridge,"[['mahim23', '2018-10-18T06:54:18.110197Z']]"
https://gitcoin.co/issue/10397,gitcoinco,web,"[['excalliburbd', '2018-10-03T02:23:15.455403Z']]"
https://gitcoin.co/issue/10395,gitcoinco,web,"[['anish-agnihotri', '2018-10-01T22:50:13.664500Z']]"
https://gitcoin.co/issue/10394,gitcoinco,web,"[['anish-agnihotri', '2018-10-01T22:50:31.414754Z']]"
https://gitcoin.co/issue/13689,Consensys,ethql,"[['evgeniuz', '2019-05-07T14:53:12.714854Z']]"
https://gitcoin.co/issue/10392,ethereum,solidity,"[['chriscates', '2018-11-17T18:48:27.818973Z'], ['kevinkelley', '2018-12-04T23:12:01.037684Z']]"
https://gitcoin.co/issue/10391,Consensys,ethql,"[['stevenjnpearce', '2018-11-08T08:53:57.211337Z']]"
https://gitcoin.co/issue/10390,MetaMask,metamask-extension,"[['bakaoh', '2018-09-27T05:41:14.182164Z']]"
https://gitcoin.co/issue/10389,MetaMask,metamask-extension,"[['santteegt', '2018-10-04T07:05:20.532759Z']]"
https://gitcoin.co/issue/10388,Giveth,giveth-dapp,"[['anshumanv', '2018-10-23T18:09:18.205583Z']]"
https://gitcoin.co/issue/10387,musteka-la,mustekala,"[['dryajov', '2018-09-26T00:19:43.870151Z'], ['dryajov', '2018-09-26T00:02:47.529662Z']]"
https://gitcoin.co/issue/10386,OpenZeppelin,ethernaut,"[['pumpkingwok', '2018-10-24T12:19:40.830697Z']]"
https://gitcoin.co/issue/10385,SmartContractSecurity,SWC-registry,"[['destiner', '2018-10-04T08:31:30.895329Z']]"
https://gitcoin.co/issue/10383,gitcoinco,web,"[['3ach', '2018-09-30T20:26:14.926400Z']]"
https://gitcoin.co/issue/10382,OpenZeppelin,openzeppelin-sdk,"[['3ach', '2018-09-26T18:59:24.396286Z']]"
https://gitcoin.co/issue/10381,OpenZeppelin,openzeppelin-sdk,"[['3ach', '2018-11-21T17:31:16.302873Z']]"
https://gitcoin.co/issue/10380,OpenZeppelin,openzeppelin-sdk,"[['destiner', '2018-10-05T15:19:38.243003Z']]"
https://gitcoin.co/issue/10375,dethcrypto,TypeChain,"[['kpulkit29', '2018-09-25T18:10:03.270060Z'], ['destiner', '2018-10-21T19:47:47.529451Z']]"
https://gitcoin.co/issue/10373,gitcoinco,web,"[['santteegt', '2018-11-23T04:36:37.825318Z']]"
https://gitcoin.co/issue/10370,PolymathNetwork,polymath-core,"[['samparsky', '2018-11-12T15:18:24.958962Z']]"
https://gitcoin.co/issue/25462,PolymathNetwork,polymath-core,[]
https://gitcoin.co/issue/27973,PolymathNetwork,polymath-core,[]
https://gitcoin.co/issue/10366,NethermindEth,nethermind,"[['destiner', '2018-11-22T05:14:56.833826Z']]"
https://gitcoin.co/issue/10365,SmartContractSecurity,SWC-registry,"[['pvienhage', '2018-09-30T21:51:49.501171Z']]"
https://gitcoin.co/issue/10364,SmartContractSecurity,SWC-registry,"[['pvienhage', '2018-09-23T20:06:37.021007Z']]"
https://gitcoin.co/issue/11428,gitcoinco,web,"[['pinkiebell', '2018-10-18T18:21:31.254458Z']]"
https://gitcoin.co/issue/25461,ethberlin-hackathon,ETHBerlin-Bounties,[]
https://gitcoin.co/issue/27972,ethberlin-hackathon,ETHBerlin-Bounties,[]
https://gitcoin.co/issue/25460,PolymathNetwork,polymath-core,[]
https://gitcoin.co/issue/27971,PolymathNetwork,polymath-core,[]
https://gitcoin.co/issue/11905,gitcoinco,web,"[['rahulpat', '2018-09-22T06:18:53.918112Z'], ['dylanjw', '2019-02-25T10:10:04.227926Z']]"
https://gitcoin.co/issue/10354,gitcoinco,web,"[['unclebean', '2018-10-11T23:17:49.844662Z']]"
https://gitcoin.co/issue/10353,Giveth,giveth-dapp,"[['millnitzluan', '2018-09-20T14:00:57.960778Z']]"
https://gitcoin.co/issue/10349,ethereum,go-ethereum,"[['paulrberg', '2018-12-22T23:26:22.018979Z']]"
https://gitcoin.co/issue/10348,ethereum,go-ethereum,"[['paulrberg', '2018-12-22T23:22:38.321351Z']]"
https://gitcoin.co/issue/10346,status-im,snt-voting,"[['stevenjnpearce', '2018-09-27T00:06:46.302012Z']]"
https://gitcoin.co/issue/10344,MetaMask,metamask-extension,"[['paddymc', '2018-10-09T12:07:43.648459Z']]"
https://gitcoin.co/issue/10342,gitcoinco,web,"[['anish-agnihotri', '2018-09-24T15:53:58.442245Z']]"
https://gitcoin.co/issue/10341,PolymathNetwork,polymath-core,"[['subramanianv', '2018-09-27T07:54:15.462157Z']]"
https://gitcoin.co/issue/13813,f-o-a-m,chanterelle,[]
https://gitcoin.co/issue/10338,BlocklabNL,VEL,"[['bartwr', '2018-10-17T07:49:46.780621Z']]"
https://gitcoin.co/issue/10334,embarklabs,embark,"[['stevenjnpearce', '2018-10-07T17:18:04.850840Z']]"
https://gitcoin.co/issue/10333,embarklabs,embark,"[['stevenjnpearce', '2018-09-16T01:07:41.320318Z']]"
https://gitcoin.co/issue/10331,prysmaticlabs,prysm,"[['3ach', '2018-09-18T20:59:43.597697Z']]"
https://gitcoin.co/issue/10330,diadata-org,diadata,"[['montanaflynn', '2018-09-17T16:06:58.570978Z']]"
https://gitcoin.co/issue/10329,diadata-org,diadata,"[['pumpkingwok', '2018-09-17T09:06:57.838947Z']]"
https://gitcoin.co/issue/25458,gitcoinco,web,[]
https://gitcoin.co/issue/27969,gitcoinco,web,[]
https://gitcoin.co/issue/10327,gitcoinco,web,"[['timborden', '2018-09-24T17:41:22.441165Z']]"
https://gitcoin.co/issue/25457,ethberlin-hackathon,ETHBerlin-Bounties,[]
https://gitcoin.co/issue/27968,ethberlin-hackathon,ETHBerlin-Bounties,[]
https://gitcoin.co/issue/10323,ethereum,solidity,"[['svenski123', '2018-10-18T22:43:12.037224Z']]"
https://gitcoin.co/issue/10322,ethereum,solidity,"[['anurag-git', '2018-10-01T12:04:14.704373Z']]"
https://gitcoin.co/issue/25456,ethereum,solidity,[]
https://gitcoin.co/issue/27967,ethereum,solidity,[]
https://gitcoin.co/issue/10318,embarklabs,embark,"[['subramanianv', '2018-09-16T18:12:06.554200Z']]"
https://gitcoin.co/issue/10317,embarklabs,embark,"[['danlipert', '2018-10-09T14:47:43.188297Z']]"
https://gitcoin.co/issue/10315,embarklabs,embark-vue-template,"[['pmaojo', '2018-10-03T05:09:09.577420Z'], ['pmaojo', '2018-09-20T16:30:20.827363Z'], ['pmaojo', '2018-10-13T07:37:13.505509Z'], ['pmaojo', '2018-09-25T18:04:59.170067Z'], ['pmaojo', '2018-09-26T13:04:47.724373Z']]"
https://gitcoin.co/issue/10311,decentraland,MANA-community-fund-learning-content,"[['tcrowe', '2018-11-22T20:49:03.007360Z']]"
https://gitcoin.co/issue/25455,decentraland,MANA-community-fund-learning-content,[]
https://gitcoin.co/issue/27966,decentraland,MANA-community-fund-learning-content,[]
https://gitcoin.co/issue/10309,leapdao,solEVM-enforcer,"[['nanspro', '2019-01-17T16:15:52.453981Z']]"
https://gitcoin.co/issue/10308,leapdao,solEVM-enforcer,"[['troggy', '2018-09-21T13:20:48.937936Z']]"
https://gitcoin.co/issue/10307,gitcoinco,web,"[['arun1595', '2018-09-12T16:27:13.886181Z']]"
https://gitcoin.co/issue/10305,gitcoinco,web,"[['willsputra', '2018-11-09T15:04:34.094397Z']]"
https://gitcoin.co/issue/25453,ethberlin-hackathon,ETHBerlin-Bounties,[]
https://gitcoin.co/issue/27964,ethberlin-hackathon,ETHBerlin-Bounties,[]
https://gitcoin.co/issue/26597,ethberlin-hackathon,ETHBerlin-Bounties,[]
https://gitcoin.co/issue/27962,ethberlin-hackathon,ETHBerlin-Bounties,[]
https://gitcoin.co/issue/25449,ethberlin-hackathon,ETHBerlin-Bounties,[]
https://gitcoin.co/issue/27960,ethberlin-hackathon,ETHBerlin-Bounties,[]
https://gitcoin.co/issue/25448,ethberlin-hackathon,ETHBerlin-Bounties,[]
https://gitcoin.co/issue/27959,ethberlin-hackathon,ETHBerlin-Bounties,[]
https://gitcoin.co/issue/25447,ethberlin-hackathon,ETHBerlin-Bounties,[]
https://gitcoin.co/issue/27958,ethberlin-hackathon,ETHBerlin-Bounties,[]
https://gitcoin.co/issue/25446,ethsociety,learn-plasma,[]
https://gitcoin.co/issue/27957,ethsociety,learn-plasma,[]
https://gitcoin.co/issue/10289,obo20,pinata,[]
https://gitcoin.co/issue/10291,obo20,pinata,[]
https://gitcoin.co/issue/25445,ethberlin-hackathon,ETHBerlin-Bounties,[]
https://gitcoin.co/issue/26947,ethberlin-hackathon,ETHBerlin-Bounties,[]
https://gitcoin.co/issue/27956,ethberlin-hackathon,ETHBerlin-Bounties,[]
https://gitcoin.co/issue/10284,dethcrypto,TypeChain,"[['krzkaczor', '2018-09-12T22:04:53.062389Z']]"
https://gitcoin.co/issue/10283,ethereum,hive,"[['somniastellarum', '2018-10-12T03:56:41.531549Z']]"
https://gitcoin.co/issue/10282,MetaMask,mesh-testing,"[['dryajov', '2018-09-06T23:23:09.345680Z']]"
https://gitcoin.co/issue/25441,ethberlin-hackathon,ETHBerlin-Bounties,[]
https://gitcoin.co/issue/27952,ethberlin-hackathon,ETHBerlin-Bounties,[]
https://gitcoin.co/issue/10277,w3f,General-Grants-Program,"[['chevdor', '2018-09-15T07:17:56.891479Z']]"
https://gitcoin.co/issue/25440,ethberlin-hackathon,ETHBerlin-Bounties,[]
https://gitcoin.co/issue/27951,ethberlin-hackathon,ETHBerlin-Bounties,[]
https://gitcoin.co/issue/12719,ethberlin-hackathon,ETHBerlin-Bounties,"[['yurayasinskyy', '2018-09-09T11:47:26.110240Z'], ['yehorhromadskyi', '2018-09-09T12:40:57.077441Z'], ['kunsachdeva', '2018-09-09T12:07:38.926865Z'], ['vhnatyk', '2018-09-09T11:25:18.481226Z'], ['elektronaut0815', '2018-09-09T11:47:26.119283Z']]"
https://gitcoin.co/issue/27946,ethberlin-hackathon,ETHBerlin-Bounties,[]
https://gitcoin.co/issue/10266,ethereum,solc-js,"[['bakaoh', '2018-09-19T03:03:33.893716Z']]"
https://gitcoin.co/issue/10265,gitcoinco,web,"[['pinkiebell', '2018-10-06T22:04:49.312535Z']]"
https://gitcoin.co/issue/10263,gitcoinco,web,"[['pmaojo', '2018-11-01T07:43:16.215075Z'], ['nanspro', '2018-11-18T10:39:47.153172Z'], ['pmaojo', '2018-10-13T07:34:21.769034Z'], ['pmaojo', '2018-10-30T16:15:30.413935Z'], ['pmaojo', '2018-10-13T07:34:21.778879Z'], ['pmaojo', '2018-10-04T10:57:14.577951Z']]"
https://gitcoin.co/issue/10262,livepeer,livepeer.js,[]
https://gitcoin.co/issue/26095,livepeer,livepeer.js,[]
https://gitcoin.co/issue/27945,livepeer,livepeer.js,[]
https://gitcoin.co/issue/10256,prysmaticlabs,prysm,"[['leandro-lugaresi', '2018-11-16T18:57:01.483774Z']]"
https://gitcoin.co/issue/10255,prysmaticlabs,prysm,"[['d1vyank', '2018-09-29T13:03:13.749098Z']]"
https://gitcoin.co/issue/23674,gitcoinco,web,"[['pinkiebell', '2018-10-26T16:38:46.926268Z']]"
https://gitcoin.co/issue/10251,ewasm,design,"[['bakaoh', '2018-09-05T03:21:15.634815Z']]"
https://gitcoin.co/issue/10250,embarklabs,embark-docker,"[['mahim23', '2018-09-22T06:34:47.591015Z']]"
https://gitcoin.co/issue/10248,embarklabs,embark,"[['neurone', '2018-09-26T12:04:40.979271Z']]"
https://gitcoin.co/issue/10247,embarklabs,embark-solc,"[['bakaoh', '2018-10-08T03:52:38.951497Z']]"
https://gitcoin.co/issue/10246,embarklabs,embark,"[['eiselems', '2018-09-06T13:33:43.561403Z']]"
https://gitcoin.co/issue/10245,embarklabs,embark,"[['mj10', '2018-10-12T17:19:27.270038Z']]"
https://gitcoin.co/issue/10244,embarklabs,embark,"[['subramanianv', '2018-09-10T23:07:19.422679Z']]"
https://gitcoin.co/issue/10243,embarklabs,embark,"[['vyomshm', '2018-10-05T05:18:02.729151Z']]"
https://gitcoin.co/issue/10242,embarklabs,embark,"[['pumpkingwok', '2018-10-05T07:24:47.868643Z']]"
https://gitcoin.co/issue/10241,embarklabs,embark,[]
https://gitcoin.co/issue/11232,embarklabs,embark,"[['santteegt', '2018-09-05T21:09:09.417206Z']]"
https://gitcoin.co/issue/10239,embarklabs,embark,"[['gustavodiel', '2018-09-13T11:15:16.275514Z']]"
https://gitcoin.co/issue/10236,aragon,aragon-monthly,"[['irmacias', '2018-09-07T23:58:09.740213Z']]"
https://gitcoin.co/issue/10234,blockmason,lndr-mobile,"[['millnitzluan', '2018-09-07T18:35:29.440746Z']]"
https://gitcoin.co/issue/10233,blockmason,lndr-mobile,"[['iamonuwa', '2018-09-11T13:37:09.964750Z']]"
https://gitcoin.co/issue/10232,mkeen,rxhttp,"[['millnitzluan', '2018-09-04T15:59:15.680503Z']]"
https://gitcoin.co/issue/26168,ethberlin-hackathon,ETHBerlin-Bounties,[]
https://gitcoin.co/issue/27940,ethberlin-hackathon,ETHBerlin-Bounties,[]
https://gitcoin.co/issue/10226,gitcoinco,web,"[['aashutoshrathi', '2018-10-06T05:02:47.131185Z']]"
https://gitcoin.co/issue/10222,owlboy,greatpug-public,"[['owlboy', '2018-08-31T16:02:31.762124Z']]"
https://gitcoin.co/issue/10221,ethereum,hive,"[['cryptomental', '2018-09-06T17:19:36.550910Z']]"
https://gitcoin.co/issue/5219,owocki,pytrader,"[['gitcoinbot', '2018-08-30T16:16:57.382701Z']]"
https://gitcoin.co/issue/10218,ewasm,hera,"[['bakaoh', '2018-09-04T10:10:19.705992Z']]"
https://gitcoin.co/issue/16907,ethereum,ethereum-org,[]
https://gitcoin.co/issue/10216,gitcoinco,web,"[['manjilan', '2018-09-04T21:38:02.770905Z']]"
https://gitcoin.co/issue/10215,ethereum,web3.py,"[['ankitchiplunkar', '2018-08-31T21:10:43.158684Z']]"
https://gitcoin.co/issue/10212,titan-suite,bounties,"[['steampunk1453', '2018-08-30T19:44:26.224720Z'], ['steampunk1453', '2018-08-30T19:44:26.216016Z'], ['steampunk1453', '2018-08-30T19:44:26.206932Z'], ['steampunk1453', '2018-08-30T19:44:05.328038Z']]"
https://gitcoin.co/issue/27939,titan-suite,bounties,[]
https://gitcoin.co/issue/12715,livepeer,livepeer.js,[]
https://gitcoin.co/issue/27937,livepeer,livepeer.js,[]
https://gitcoin.co/issue/10209,diadata-org,diadata,"[['pumpkingwok', '2018-08-30T16:55:42.027230Z']]"
https://gitcoin.co/issue/10206,gitcoinco,web,"[['mul1sh', '2018-09-12T18:17:56.094165Z']]"
https://gitcoin.co/issue/10205,safe-global,safe-contracts,"[['subramanianv', '2018-09-06T21:19:32.301582Z']]"
https://gitcoin.co/issue/10204,ethereum,hive,"[['somniastellarum', '2018-09-18T23:06:55.361190Z']]"
https://gitcoin.co/issue/10203,cybercongress,cyber-search,"[['kevinlilu', '2018-08-26T21:24:32.906591Z']]"
https://gitcoin.co/issue/10199,HarryR,ethsnarks,"[['bartleyg', '2018-08-30T15:33:35.137939Z']]"
https://gitcoin.co/issue/10197,trufflesuite,truffle,"[['evgeniuz', '2018-10-13T20:25:55.050722Z']]"
https://gitcoin.co/issue/10196,ethereum,web3.py,"[['lastmjs', '2018-08-31T18:22:53.014633Z']]"
https://gitcoin.co/issue/10188,diadata-org,diadata,[]
https://gitcoin.co/issue/10186,diadata-org,diadata,"[['paddymc', '2018-09-05T21:33:08.987308Z'], ['eristoddle', '2018-09-03T06:38:27.150085Z']]"
https://gitcoin.co/issue/10185,diadata-org,diadata,"[['eristoddle', '2018-09-05T19:28:44.185364Z']]"
https://gitcoin.co/issue/10184,diadata-org,diadata,"[['eristoddle', '2018-08-31T02:13:20.080867Z']]"
https://gitcoin.co/issue/10183,diadata-org,diadata,"[['chriscates', '2018-09-20T07:34:44.177274Z']]"
https://gitcoin.co/issue/10182,diadata-org,diadata,"[['eristoddle', '2018-08-30T04:29:06.613281Z']]"
https://gitcoin.co/issue/10181,ethereum,solidity,"[['anurag-git', '2018-08-24T20:17:52.537626Z']]"
https://gitcoin.co/issue/10179,gitcoinco,web,"[['mul1sh', '2018-09-07T12:20:53.820041Z'], ['mul1sh', '2018-09-07T07:52:47.693542Z']]"
https://gitcoin.co/issue/5205,gitcoinco,web,"[['owocki', '2018-08-23T17:02:07.848164Z']]"
https://gitcoin.co/issue/10178,ColuLocalNetwork,CLN-community-app,"[['writeprovidence', '2018-08-31T00:09:54.261941Z']]"
https://gitcoin.co/issue/10177,diadata-org,diadata,"[['eristoddle', '2018-08-26T03:59:04.887542Z']]"
https://gitcoin.co/issue/10176,ethereum,web3.py,"[['ankit-maverick', '2018-09-20T19:45:37.103506Z']]"
https://gitcoin.co/issue/10175,ethereum,web3.py,"[['ankitchiplunkar', '2018-09-20T18:22:56.483809Z']]"
https://gitcoin.co/issue/10172,Giveth,giveth-dapp,"[['anshumanv', '2018-08-31T10:18:46.938847Z']]"
https://gitcoin.co/issue/10171,Giveth,giveth-dapp,"[['anshumanv', '2018-08-31T10:18:37.627672Z']]"
https://gitcoin.co/issue/10165,gitcoinco,web,"[['pinkiebell', '2018-08-27T19:06:15.684475Z']]"
https://gitcoin.co/issue/5008,chalidbdb,erc20_token,"[['gongf05', '2018-08-21T20:29:47.118542Z']]"
https://gitcoin.co/issue/10162,gitcoinco,web,"[['arun1595', '2018-08-31T16:27:24.143715Z']]"
https://gitcoin.co/issue/10161,blockscout,blockscout,"[['mul1sh', '2018-08-23T19:30:32.827007Z']]"
https://gitcoin.co/issue/10160,unlock-protocol,unlock,"[['nickcuso', '2018-08-23T19:08:49.090336Z']]"
https://gitcoin.co/issue/5014,rayonprotocol,rayonprotocol-admin,"[['knilnissim', '2018-08-22T01:31:40.067007Z']]"
https://gitcoin.co/issue/10155,gitcoinco,web,[]
https://gitcoin.co/issue/10153,clovers-network,clovers-dapp,"[['stevenjnpearce', '2018-08-29T00:48:38.047871Z']]"
https://gitcoin.co/issue/10151,gitcoinco,web,"[['pinkiebell', '2018-08-24T15:57:12.135260Z']]"
https://gitcoin.co/issue/10150,LimeChain,etherlime,"[['nickcuso', '2018-08-23T23:13:59.264208Z'], ['bakaoh', '2018-08-28T04:13:43.937635Z'], ['writeprovidence', '2018-08-21T18:22:50.462336Z'], ['anshumanv', '2018-08-20T22:02:20.830835Z'], ['paulrberg', '2018-08-25T23:37:49.566859Z']]"
https://gitcoin.co/issue/10148,ethereum-alarm-clock,timenode-core,"[['lastmjs', '2018-09-21T10:58:45.151412Z']]"
https://gitcoin.co/issue/10147,ethereum-alarm-clock,timenode-core,"[['nanspro', '2018-10-28T22:28:48.898717Z']]"
https://gitcoin.co/issue/10146,ethereum-alarm-clock,timenode-core,"[['stevenjnpearce', '2018-08-20T03:32:07.448448Z']]"
https://gitcoin.co/issue/10144,gitcoinco,web,[]
https://gitcoin.co/issue/10143,diadata-org,diadata,"[['eristoddle', '2018-09-09T01:16:34.109339Z']]"
https://gitcoin.co/issue/11315,trufflesuite,ganache,"[['kn', '2018-08-24T04:19:16.719781Z']]"
https://gitcoin.co/issue/10141,gitcoinco,web,"[['pinkiebell', '2018-08-16T00:20:34.821863Z']]"
https://gitcoin.co/issue/10140,ethsociety,learn-plasma,"[['tcrowe', '2018-08-17T00:23:38.368669Z']]"
https://gitcoin.co/issue/10139,ethsociety,learn-plasma,"[['somniastellarum', '2018-10-12T17:10:46.346111Z']]"
https://gitcoin.co/issue/10138,ethsociety,learn-plasma,"[['paulrberg', '2018-08-27T23:23:40.866651Z']]"
https://gitcoin.co/issue/26717,omgnetwork,plasma-mvp,[]
https://gitcoin.co/issue/27933,omgnetwork,plasma-mvp,[]
https://gitcoin.co/issue/26716,gitcoinco,web,[]
https://gitcoin.co/issue/27932,gitcoinco,web,[]
https://gitcoin.co/issue/10134,ethereum,eth-utils,"[['srisankethu', '2018-08-16T06:44:56.333700Z']]"
https://gitcoin.co/issue/10132,ethereum,py-evm,"[['evgeniuz', '2018-10-01T07:47:28.212453Z'], ['evgeniuz', '2018-10-01T07:47:28.227115Z']]"
https://gitcoin.co/issue/26714,Consensys,surya,"[['anurag-git', '2021-10-05T07:47:36.711895Z']]"
https://gitcoin.co/issue/27930,Consensys,surya,[]
https://gitcoin.co/issue/11229,diadata-org,diadata,"[['pumpkingwok', '2018-09-04T09:17:35.358856Z']]"
https://gitcoin.co/issue/10128,diadata-org,diadata,"[['pumpkingwok', '2018-09-07T11:19:06.338369Z']]"
https://gitcoin.co/issue/10126,MetaMask,metamask-extension,"[['evgeniuz', '2018-08-23T11:49:13.044405Z']]"
https://gitcoin.co/issue/10122,ikunetwork,alpha,"[['vyomshm', '2018-09-25T06:08:27.829552Z']]"
https://gitcoin.co/issue/10121,diadata-org,diadata,"[['pumpkingwok', '2018-08-23T08:10:52.190522Z']]"
https://gitcoin.co/issue/4880,oogetyboogety,gitcointestproject,"[['samplegitcoindeveloper2', '2018-08-15T20:18:15.179951Z'], ['samplegitcoindeveloper1', '2018-08-15T20:18:15.186161Z']]"
https://gitcoin.co/issue/4879,oogetyboogety,gitcointestproject,"[['samplegitcoindeveloper2', '2018-08-15T20:18:12.666026Z']]"
https://gitcoin.co/issue/24966,diadata-org,diadata,"[['pumpkingwok', '2018-09-11T08:09:33.424582Z']]"
https://gitcoin.co/issue/27928,diadata-org,diadata,[]
https://gitcoin.co/issue/24964,gitcoinco,ethindia,[]
https://gitcoin.co/issue/27926,gitcoinco,ethindia,[]
https://gitcoin.co/issue/10115,ethereum,solidity,"[['bakaoh', '2018-09-04T02:16:37.301082Z']]"
https://gitcoin.co/issue/10114,ethereum,solidity,"[['iamonuwa', '2018-08-11T10:35:45.462362Z']]"
https://gitcoin.co/issue/10113,ethereum,solidity,"[['bakaoh', '2018-08-10T13:17:43.446924Z']]"
https://gitcoin.co/issue/10112,ethereum,solidity,"[['bakaoh', '2018-09-04T02:10:23.905339Z']]"
https://gitcoin.co/issue/10108,XLNT,gnarly,"[['nionis', '2018-08-14T09:20:25.337012Z']]"
https://gitcoin.co/issue/4866,kaythxbye,dotfiles,"[['yolopolowegwerf123', '2018-08-15T20:17:18.203681Z'], ['yolopolowegwerf123', '2018-08-15T20:17:18.197562Z']]"
https://gitcoin.co/issue/4864,kaythxbye,dotfiles,"[['yolopolowegwerf123', '2018-08-15T20:17:12.949850Z']]"
https://gitcoin.co/issue/10105,gitcoinco,web,"[['nickcuso', '2018-08-13T17:49:04.691724Z'], ['writeprovidence', '2018-08-16T03:17:27.131018Z']]"
https://gitcoin.co/issue/10104,gitcoinco,web,[]
https://gitcoin.co/issue/10103,gitcoinco,web,"[['marciogurka', '2018-09-18T21:24:47.600911Z'], ['marciogurka', '2018-09-25T07:31:04.808728Z']]"
https://gitcoin.co/issue/10102,vyperlang,vyper,"[['evgeniuz', '2018-08-10T13:17:25.836736Z']]"
https://gitcoin.co/issue/10100,cybercongress,cyber-search,"[['kevinlilu', '2018-11-06T16:30:29.387897Z']]"
https://gitcoin.co/issue/10096,gitcoinco,web,"[['pinkiebell', '2018-08-21T19:16:31.157279Z']]"
https://gitcoin.co/issue/13495,ethereum,solidity,[]
https://gitcoin.co/issue/10085,ETHIndia,website,"[['rahulrumalla', '2018-08-06T19:54:51.332702Z']]"
https://gitcoin.co/issue/24961,ColuLocalNetwork,CLN-community-app,"[['warezgibzzz', '2018-08-14T10:18:45.901026Z'], ['warezgibzzz', '2018-08-14T09:19:56.770129Z']]"
https://gitcoin.co/issue/26518,ColuLocalNetwork,CLN-community-app,[]
https://gitcoin.co/issue/26596,ColuLocalNetwork,CLN-community-app,[]
https://gitcoin.co/issue/27923,ColuLocalNetwork,CLN-community-app,"[['warezgibzzz', '2022-03-05T08:42:56.260228Z'], ['warezgibzzz', '2022-03-05T08:42:56.247280Z']]"
https://gitcoin.co/issue/10083,OriginProtocol,origin,"[['anshumanv', '2018-08-05T23:15:24.647077Z'], ['vikaskyadav', '2018-08-04T11:10:58.534997Z'], ['yayap13', '2018-08-04T11:10:58.527567Z']]"
https://gitcoin.co/issue/4654,chalidbdb,erc20_token,"[['innoprenuer', '2018-08-03T15:09:41.164235Z']]"
https://gitcoin.co/issue/4737,oogetyboogety,gitcointestproject,"[['samplegitcoindeveloper1', '2018-08-07T18:26:34.477598Z'], ['samplegitcoindeveloper1', '2018-08-07T18:26:34.483882Z']]"
https://gitcoin.co/issue/26093,balance-io,balance-manager,[]
https://gitcoin.co/issue/27921,balance-io,balance-manager,[]
https://gitcoin.co/issue/10078,gitcoinco,web,"[['pumpkingwok', '2018-08-08T22:16:38.228191Z']]"
https://gitcoin.co/issue/10076,gitcoinco,web,"[['pinkiebell', '2018-12-04T21:56:11.177057Z']]"
https://gitcoin.co/issue/10075,ethereum,solidity,"[['mestorlx', '2018-10-17T19:40:56.367683Z'], ['mestorlx', '2018-10-17T19:36:25.414220Z'], ['mestorlx', '2018-10-17T19:40:00.479976Z']]"
https://gitcoin.co/issue/10074,ethereum,solidity,"[['evgeniuz', '2018-08-03T15:36:19.269793Z']]"
https://gitcoin.co/issue/10073,gitcoinco,web,"[['arun1595', '2018-08-02T17:03:17.435674Z']]"
https://gitcoin.co/issue/10072,MerosCrypto,Meros,"[['emekoi', '2018-08-02T18:21:09.814520Z']]"
https://gitcoin.co/issue/10068,MARKETProtocol,community,"[['evgeniuz', '2018-07-31T19:10:37.765177Z']]"
https://gitcoin.co/issue/15303,gitcoinco,web,"[['aashutoshrathi', '2018-08-17T18:18:57.236703Z']]"
https://gitcoin.co/issue/20976,gitcoinco,web,"[['nanspro', '2018-08-04T01:14:34.030061Z']]"
https://gitcoin.co/issue/10064,gitcoinco,web,"[['evgeniuz', '2018-07-31T15:19:33.042895Z']]"
https://gitcoin.co/issue/10063,gitcoinco,web,"[['darkdarkdragon', '2018-08-06T04:15:07.172628Z']]"
https://gitcoin.co/issue/10062,gitcoinco,web,"[['nanspro', '2018-08-04T01:14:25.818317Z'], ['nanspro', '2018-08-04T01:14:25.804334Z']]"
https://gitcoin.co/issue/10061,gitcoinco,web,[]
https://gitcoin.co/issue/19515,TrueBlocks,trueblocks-core,"[['evgeniuz', '2018-07-31T21:56:16.309662Z'], ['evgeniuz', '2018-07-31T21:56:16.328045Z'], ['evgeniuz', '2018-07-31T21:56:16.320439Z']]"
https://gitcoin.co/issue/10058,TrueBlocks,trueblocks-core,[]
https://gitcoin.co/issue/10053,MetaMask,metamask-extension,"[['connorchristie', '2018-09-11T19:38:31.542134Z']]"
https://gitcoin.co/issue/4720,owocki,pytrader,"[['gitcoinbot', '2018-08-07T18:25:59.454234Z'], ['gitcoinbot', '2018-08-07T18:25:59.442640Z']]"
https://gitcoin.co/issue/4717,owocki,pytrader,"[['gitcoinbot', '2018-08-07T18:25:53.307980Z']]"
https://gitcoin.co/issue/4716,owocki,pytrader,"[['gitcoinbot', '2018-08-07T18:25:51.024335Z']]"
https://gitcoin.co/issue/10052,MetaMask,metamask-extension,"[['dmvt', '2018-08-01T04:34:38.985747Z']]"
https://gitcoin.co/issue/11635,zeppelinos,zos-cli,"[['nickcuso', '2018-08-02T10:26:48.490713Z'], ['auroq', '2019-04-01T22:39:38.923215Z'], ['nickcuso', '2018-08-02T10:26:48.501962Z'], ['nickcuso', '2018-08-19T03:24:25.095808Z']]"
https://gitcoin.co/issue/10050,zeppelinos,zos-cli,"[['bakaoh', '2018-08-03T20:14:45.922744Z']]"
https://gitcoin.co/issue/10046,django-extensions,django-extensions,"[['jhselvik', '2018-07-31T02:39:57.002748Z']]"
https://gitcoin.co/issue/10044,MARKETProtocol,types,"[['pfilippi24', '2018-08-01T10:04:19.421595Z']]"
https://gitcoin.co/issue/10043,MetaMask,metamask-extension,"[['writeprovidence', '2018-08-09T19:45:33.961912Z'], ['writeprovidence', '2018-08-09T19:45:10.911477Z']]"
https://gitcoin.co/issue/24958,livepeer,livepeer.js,"[['pumpkingwok', '2018-08-03T20:14:25.969395Z']]"
https://gitcoin.co/issue/27920,livepeer,livepeer.js,[]
https://gitcoin.co/issue/10039,gitcoinco,web,[]
https://gitcoin.co/issue/10036,paritytech,polkadot,"[['shamardy', '2018-08-14T19:51:26.232025Z']]"
https://gitcoin.co/issue/10035,paritytech,polkadot,[]
https://gitcoin.co/issue/4704,owocki,pytrader,"[['gitcoinbot', '2018-08-07T18:25:25.808934Z']]"
https://gitcoin.co/issue/10028,MetaMask,metamask-extension,"[['scsaba', '2018-07-20T11:59:03.363843Z']]"
https://gitcoin.co/issue/10026,gitcoinco,web,"[['daniel-s-kim', '2018-07-21T22:24:30.282036Z'], ['daniel-s-kim', '2018-07-21T22:24:30.274873Z']]"
https://gitcoin.co/issue/10023,INFURA,infura,"[['rahulrumalla', '2018-08-01T04:24:01.448804Z']]"
https://gitcoin.co/issue/10022,INFURA,infura,"[['rahulrumalla', '2018-08-09T20:13:38.356364Z']]"
https://gitcoin.co/issue/10021,INFURA,infura,"[['rahulrumalla', '2018-07-27T19:25:12.071613Z']]"
https://gitcoin.co/issue/10025,gitcoinco,web,"[['jvmaia', '2018-07-24T00:37:52.296810Z']]"
https://gitcoin.co/issue/10018,WalletConnect,py-walletconnect-bridge,"[['dmvt', '2018-07-24T05:24:14.218345Z']]"
https://gitcoin.co/issue/10017,Giveth,giveth-dapp,"[['anshumanv', '2018-08-02T13:59:54.781152Z']]"
https://gitcoin.co/issue/13486,prysmaticlabs,prysm,"[['hubris', '2018-08-17T00:17:06.520864Z'], ['hubris', '2018-08-17T00:17:06.531370Z']]"
https://gitcoin.co/issue/10014,gitcoinco,web,"[['pinkiebell', '2018-07-21T22:24:03.568072Z'], ['pinkiebell', '2018-07-21T22:24:03.575409Z']]"
https://gitcoin.co/issue/10013,MetaMask,metamask-extension,"[['kelvintyb', '2018-07-26T18:25:06.613963Z']]"
https://gitcoin.co/issue/10012,MetaMask,metamask-extension,"[['pinkiebell', '2018-07-23T13:41:56.484022Z']]"
https://gitcoin.co/issue/10001,decentraland,MANA-community-fund-learning-content,"[['rmshea', '2018-07-25T22:17:40.800258Z']]"
https://gitcoin.co/issue/9999,decentraland,MANA-community-fund-learning-content,"[['nickcuso', '2018-07-31T01:23:09.528814Z'], ['gauthierzupp', '2018-07-27T20:22:35.781548Z']]"
https://gitcoin.co/issue/27473,decentraland,MANA-community-fund-learning-content,[]
https://gitcoin.co/issue/9997,decentraland,MANA-community-fund-learning-content,"[['rmshea', '2018-08-10T06:14:11.170000Z']]"
https://gitcoin.co/issue/24954,leapdao,solEVM-enforcer,"[['troggy', '2018-09-08T13:12:08.944222Z']]"
https://gitcoin.co/issue/27916,leapdao,solEVM-enforcer,[]
https://gitcoin.co/issue/10010,gitcoinco,web,"[['pinkiebell', '2018-07-18T15:28:35.146881Z']]"
https://gitcoin.co/issue/9992,gitcoinco,web,"[['aerophile', '2018-07-25T15:23:53.110917Z'], ['nanspro', '2018-07-22T18:37:16.496178Z'], ['dapperauteur', '2018-07-25T15:23:53.102500Z']]"
https://gitcoin.co/issue/4269,owocki,pytrader,"[['owocki', '2018-07-14T06:24:15.396670Z']]"
https://gitcoin.co/issue/4268,owocki,pytrader,"[['owocki', '2018-07-14T06:24:13.799024Z']]"
https://gitcoin.co/issue/4267,owocki,pytrader,"[['owocki', '2018-07-14T06:24:12.171233Z']]"
https://gitcoin.co/issue/9991,gitcoinco,web,"[['kempo', '2018-07-17T16:08:22.492211Z']]"
https://gitcoin.co/issue/9989,ethereumjs,ethereumjs-monorepo,"[['s1na', '2018-10-02T16:32:33.191139Z']]"
https://gitcoin.co/issue/18817,duaraghav8,Ethlint,"[['vporton', '2020-01-13T19:26:33.349642Z']]"
https://gitcoin.co/issue/9985,leapdao,solEVM-enforcer,"[['pinkiebell', '2018-08-23T14:11:08.368706Z']]"
https://gitcoin.co/issue/9984,ethereum,solidity,"[['lastmjs', '2018-09-01T06:37:47.339287Z']]"
https://gitcoin.co/issue/9979,MARKETProtocol,types,"[['arun1595', '2018-07-13T05:37:21.959541Z']]"
https://gitcoin.co/issue/9973,bigchaindb,java-bigchaindb-driver,"[['bakaoh', '2018-07-20T07:52:05.244048Z']]"
https://gitcoin.co/issue/9981,bigchaindb,js-driver-orm,"[['dmvt', '2018-08-06T20:12:02.676113Z']]"
https://gitcoin.co/issue/11349,bigchaindb,js-bigchaindb-driver,"[['nemani', '2018-07-19T16:08:17.268688Z']]"
https://gitcoin.co/issue/9972,balance-io,balance-website,"[['kempo', '2018-07-15T01:25:52.928377Z']]"
https://gitcoin.co/issue/9971,bigchaindb,js-bigchaindb-driver,"[['dmvt', '2018-07-17T07:06:39.819206Z']]"
https://gitcoin.co/issue/9969,bigchaindb,js-driver-orm,"[['innoprenuer', '2018-07-12T14:30:24.755263Z']]"
https://gitcoin.co/issue/9966,cybercongress,chaingear,"[['davidbanu', '2019-03-10T08:47:43.569470Z']]"
https://gitcoin.co/issue/9965,cybercongress,chaingear,"[['adamskrodzki', '2018-10-14T17:15:53.650940Z']]"
https://gitcoin.co/issue/9964,cybercongress,chaingear,"[['rsercano', '2018-07-22T09:17:24.900122Z']]"
https://gitcoin.co/issue/9963,spacemeshos,cosmic,"[['samparsky', '2018-08-08T22:12:05.986797Z'], ['iamonuwa', '2018-08-08T22:12:05.977905Z'], ['iamonuwa', '2018-08-07T17:11:22.087131Z'], ['iamonuwa', '2018-08-07T17:11:22.097582Z'], ['samparsky', '2018-08-08T22:12:05.968773Z']]"
https://gitcoin.co/issue/9962,sc-forks,solidity-coverage,"[['h3ph4est7s', '2018-07-13T20:01:57.843078Z']]"
https://gitcoin.co/issue/9960,gitcoinco,web,"[['olafghanizadeh', '2018-07-19T02:48:51.890522Z']]"
https://gitcoin.co/issue/9958,gitcoinco,web,"[['pinkiebell', '2018-07-11T01:29:15.580463Z']]"
https://gitcoin.co/issue/9957,gitcoinco,web,"[['olafghanizadeh', '2018-07-16T10:45:32.575528Z']]"
https://gitcoin.co/issue/9956,gitcoinco,web,"[['olafghanizadeh', '2018-07-15T02:24:07.598341Z'], ['olafghanizadeh', '2018-07-19T02:48:24.647194Z']]"
https://gitcoin.co/issue/9961,TimVanMourik,Armadillo,"[['olafghanizadeh', '2018-07-16T12:54:17.074552Z']]"
https://gitcoin.co/issue/9950,openethereum,parity-ethereum,"[['mttmartin', '2018-07-11T14:44:02.229744Z']]"
https://gitcoin.co/issue/9949,openethereum,parity-ethereum,[]
https://gitcoin.co/issue/9948,ethereum,solidity,"[['cryptomental', '2018-07-10T07:40:38.637105Z']]"
https://gitcoin.co/issue/9947,gitcoinco,web,"[['pinkiebell', '2018-07-09T23:48:05.821236Z']]"
https://gitcoin.co/issue/9946,gitcoinco,web,"[['pinkiebell', '2018-07-09T20:12:49.279116Z']]"
https://gitcoin.co/issue/9945,gitcoinco,web,"[['pinkiebell', '2018-07-16T05:48:26.461125Z']]"
https://gitcoin.co/issue/9944,gitcoinco,web,"[['pinkiebell', '2018-07-09T19:36:25.663229Z']]"
https://gitcoin.co/issue/9942,youvegoteth,youvegoteth.github.io,"[['stevenjnpearce', '2018-07-08T22:23:52.793060Z']]"
https://gitcoin.co/issue/9941,spacemeshos,cosmic,[]
https://gitcoin.co/issue/10004,gitcoinco,web,"[['pinkiebell', '2018-07-21T22:23:46.542680Z']]"
https://gitcoin.co/issue/9937,livepeer,merkle-mine,"[['vyomshm', '2018-07-17T14:54:59.979418Z'], ['vyomshm', '2018-07-17T14:54:59.989985Z']]"
https://gitcoin.co/issue/24950,duaraghav8,Ethlint,"[['pinkiebell', '2018-07-09T19:57:51.334091Z']]"
https://gitcoin.co/issue/27912,duaraghav8,Ethlint,[]
https://gitcoin.co/issue/9928,gitcoinco,web,"[['jvmaia', '2018-07-02T23:21:22.149791Z']]"
https://gitcoin.co/issue/4044,darkdarkdragon,gctest,[]
https://gitcoin.co/issue/9923,rotki,rotki,"[['cryptomental', '2018-08-31T05:49:58.372148Z']]"
https://gitcoin.co/issue/9921,gitcoinco,web,"[['iamonuwa', '2018-07-05T00:21:59.671970Z'], ['iamonuwa', '2018-07-05T00:21:59.680655Z']]"
https://gitcoin.co/issue/9918,decentraland,MANA-community-fund-learning-content,"[['hprivakos', '2018-07-01T16:04:16.453451Z'], ['hprivakos', '2018-07-01T16:04:16.461119Z']]"
https://gitcoin.co/issue/9917,decentraland,MANA-community-fund-learning-content,"[['rmshea', '2018-07-10T05:38:09.543959Z']]"
https://gitcoin.co/issue/9916,decentraland,MANA-community-fund-learning-content,"[['rmshea', '2018-06-29T17:20:13.173457Z']]"
https://gitcoin.co/issue/9915,decentraland,MANA-community-fund-learning-content,"[['ryandotson', '2018-07-06T09:23:51.257277Z']]"
https://gitcoin.co/issue/26464,livepeer,livepeer.js,[]
https://gitcoin.co/issue/27911,livepeer,livepeer.js,[]
https://gitcoin.co/issue/4040,darkdarkdragon,gctest,[]
https://gitcoin.co/issue/25351,decentraland,MANA-community-fund-learning-content,[]
https://gitcoin.co/issue/27910,decentraland,MANA-community-fund-learning-content,[]
https://gitcoin.co/issue/9911,ethereum,solidity,"[['shad-k', '2018-06-27T19:19:53.832771Z']]"
https://gitcoin.co/issue/9909,ethereum,solidity,"[['cryptomental', '2018-07-08T06:20:16.012184Z']]"
https://gitcoin.co/issue/9908,AugurProject,augur-core,"[['cryptomental', '2018-07-20T15:19:56.976586Z']]"
https://gitcoin.co/issue/4038,darkdarkdragon,gctest,[]
https://gitcoin.co/issue/9906,gitcoinco,web,"[['premachb', '2018-07-19T22:27:43.805101Z'], ['premachb', '2018-07-03T17:20:21.629593Z']]"
https://gitcoin.co/issue/9905,KeySplit,dapp,"[['eswarasai', '2018-07-08T22:22:50.708651Z'], ['eswarasai', '2018-07-08T22:22:50.699987Z'], ['eswarasai', '2018-07-08T22:22:50.683192Z'], ['eswarasai', '2018-07-08T22:22:50.704204Z'], ['eswarasai', '2018-07-08T22:22:50.695640Z'], ['eswarasai', '2018-07-08T22:22:50.691269Z']]"
https://gitcoin.co/issue/4036,darkdarkdragon,gctest,[]
https://gitcoin.co/issue/9898,livepeer,go-livepeer,"[['darkdarkdragon', '2018-06-26T03:18:49.980669Z']]"
https://gitcoin.co/issue/9897,WalletConnect,walletconnect-docs,"[['writeprovidence', '2018-07-10T12:08:32.938045Z'], ['writeprovidence', '2018-07-10T12:08:32.945091Z'], ['writeprovidence', '2018-07-09T16:22:50.680926Z']]"
https://gitcoin.co/issue/9894,WalletConnect,py-walletconnect-bridge,"[['dashu2410', '2018-07-19T20:16:02.658685Z']]"
https://gitcoin.co/issue/9892,WalletConnect,walletconnect-docs,"[['iamonuwa', '2018-07-07T13:20:14.933896Z'], ['iamonuwa', '2018-07-09T09:20:59.414778Z']]"
https://gitcoin.co/issue/25350,XLNT,gnarly,[]
https://gitcoin.co/issue/27909,XLNT,gnarly,[]
https://gitcoin.co/issue/9887,web3j,web3j,[]
https://gitcoin.co/issue/9886,web3j,web3j,"[['upers', '2018-06-23T11:14:46.035399Z'], ['upers', '2018-07-08T10:39:32.468608Z'], ['upers', '2018-06-23T14:22:27.603321Z']]"
https://gitcoin.co/issue/9876,openethereum,parity-ethereum,"[['mttmartin', '2018-07-21T20:25:03.242169Z']]"
https://gitcoin.co/issue/9872,livepeer,livepeer.js,"[['iamonuwa', '2018-07-03T11:19:25.102431Z']]"
https://gitcoin.co/issue/9871,livepeer,livepeer.js,"[['randy1burrell', '2018-06-22T21:19:33.176488Z']]"
https://gitcoin.co/issue/11225,livepeer,livepeer.js,"[['randy1burrell', '2018-06-22T02:39:07.014309Z']]"
https://gitcoin.co/issue/9870,gitcoinco,web,"[['octavioamu', '2018-07-13T01:09:48.322234Z']]"
https://gitcoin.co/issue/9869,gitcoinco,web,"[['arun1595', '2018-06-26T04:18:05.867726Z']]"
https://gitcoin.co/issue/9864,livepeer,livepeer.js,"[['iamonuwa', '2018-06-26T17:19:16.492618Z'], ['iamonuwa', '2018-06-23T14:20:43.434166Z']]"
https://gitcoin.co/issue/9862,gitcoinco,web,[]
https://gitcoin.co/issue/9860,openethereum,parity-ethereum,"[['cpurta', '2018-08-01T17:01:23.229938Z']]"
https://gitcoin.co/issue/9859,mana-ethereum,ethereumex,"[['hswick', '2018-10-07T19:17:34.135717Z']]"
https://gitcoin.co/issue/9857,gitcoinco,web,"[['sprusr', '2018-06-15T21:57:31.412663Z']]"
https://gitcoin.co/issue/9856,MetaMask,metamask-extension,"[['scsaba', '2018-06-16T12:21:22.410145Z']]"
https://gitcoin.co/issue/9855,gitcoinco,web,"[['arun1595', '2018-06-15T21:07:28.389034Z']]"
https://gitcoin.co/issue/9854,MetaMask,metamask-extension,"[['shad-k', '2018-06-17T12:43:30.940266Z']]"
https://gitcoin.co/issue/9853,raineorshine,solidity-repl,"[['djmgit', '2018-07-11T03:43:17.438682Z']]"
https://gitcoin.co/issue/9851,gitcoinco,web,"[['justpixel', '2018-07-10T05:19:35.595315Z']]"
https://gitcoin.co/issue/9850,gitcoinco,web,"[['farfromunique', '2018-07-03T21:20:30.300117Z']]"
https://gitcoin.co/issue/9849,gitcoinco,web,"[['bartleyg', '2018-06-26T22:00:07.518958Z']]"
https://gitcoin.co/issue/9844,gitcoinco,web,"[['willsputra', '2018-09-08T03:43:40.070953Z']]"
https://gitcoin.co/issue/9843,gitcoinco,web,"[['willsputra', '2018-07-19T21:26:53.723421Z']]"
https://gitcoin.co/issue/9840,gitcoinco,web,"[['abhay07', '2018-07-09T06:37:35.804570Z']]"
https://gitcoin.co/issue/9838,gitcoinco,web,"[['justpixel', '2018-06-19T04:16:57.837472Z']]"
https://gitcoin.co/issue/9835,zeppelinos,zos-docs,[]
https://gitcoin.co/issue/9834,zeppelinos,zos-cli,"[['pinkiebell', '2018-06-17T00:16:55.382372Z']]"
https://gitcoin.co/issue/9833,zeppelinos,zos-cli,"[['dilatebrave', '2018-06-15T04:08:06.512290Z']]"
https://gitcoin.co/issue/9832,zeppelinos,zos-cli,"[['arun1595', '2018-06-14T22:16:42.219992Z']]"
https://gitcoin.co/issue/9830,gitcoinco,web,"[['pinkiebell', '2018-07-09T18:53:05.750616Z'], ['pinkiebell', '2018-07-09T23:48:38.127315Z']]"
https://gitcoin.co/issue/9827,ethereum,remix-project,"[['jvmaia', '2018-06-19T05:39:58.921678Z']]"
https://gitcoin.co/issue/25348,duaraghav8,Ethlint,[]
https://gitcoin.co/issue/27907,duaraghav8,Ethlint,[]
https://gitcoin.co/issue/9823,duaraghav8,Ethlint,"[['hbeckeri', '2018-06-12T22:01:04.394878Z']]"
https://gitcoin.co/issue/25347,duaraghav8,Ethlint,[]
https://gitcoin.co/issue/27906,duaraghav8,Ethlint,[]
https://gitcoin.co/issue/9820,gitcoinco,web,"[['octavioamu', '2018-08-02T14:19:55.041477Z']]"
https://gitcoin.co/issue/9819,gitcoinco,web,"[['snezanasucurovic', '2018-06-24T04:42:49.480546Z']]"
https://gitcoin.co/issue/11224,gitcoinco,web,"[['justpixel', '2018-06-19T04:10:29.169336Z']]"
https://gitcoin.co/issue/25346,aionnetwork,aion_web3,[]
https://gitcoin.co/issue/27905,aionnetwork,aion_web3,[]
https://gitcoin.co/issue/9815,AvocadoNetwork,governance,"[['kpulkit29', '2018-09-20T07:21:06.367988Z']]"
https://gitcoin.co/issue/9805,MARKETProtocol,types,"[['arun1595', '2018-06-26T04:16:29.128044Z'], ['arun1595', '2018-06-26T03:44:05.875926Z']]"
https://gitcoin.co/issue/9804,MARKETProtocol,types,"[['arun1595', '2018-06-26T06:17:25.915885Z']]"
https://gitcoin.co/issue/9803,MARKETProtocol,types,"[['arun1595', '2018-06-19T15:02:18.070811Z']]"
https://gitcoin.co/issue/9802,MARKETProtocol,types,"[['kelvintyb', '2018-07-17T01:18:30.400897Z'], ['kelvintyb', '2018-07-17T01:18:30.421716Z'], ['kelvintyb', '2018-07-17T01:18:30.413931Z'], ['kelvintyb', '2018-07-17T01:18:30.428962Z']]"
https://gitcoin.co/issue/9801,MARKETProtocol,types,"[['kelvintyb', '2018-06-25T21:24:22.370376Z']]"
https://gitcoin.co/issue/9798,gitcoinco,web,"[['arun1595', '2018-07-19T05:12:15.042447Z']]"
https://gitcoin.co/issue/9795,cybercongress,cyber-search,"[['irus', '2018-06-08T09:58:54.038799Z']]"
https://gitcoin.co/issue/9793,komputing,KEthereum,"[['bakaoh', '2018-06-06T06:15:05.032300Z']]"
https://gitcoin.co/issue/9792,ethereum,web3.py,"[['voith', '2018-07-04T06:44:30.725024Z']]"
https://gitcoin.co/issue/27904,JoinColony,colonyHackathon,[]
https://gitcoin.co/issue/27903,balance-io,balance-manager,[]
https://gitcoin.co/issue/9787,cybercongress,cyber-search,"[['kevinlilu', '2018-08-03T05:06:10.744148Z']]"
https://gitcoin.co/issue/9786,cybercongress,cyber-search,[]
https://gitcoin.co/issue/9784,ethereum,eth-account,"[['sea212', '2018-09-25T17:30:41.098371Z']]"
https://gitcoin.co/issue/9783,gitcoinco,web,"[['justpixel', '2018-06-14T06:15:11.721197Z']]"
https://gitcoin.co/issue/9782,gitcoinco,gitcoinco,"[['ernaneluis', '2018-06-06T09:21:20.303645Z'], ['justpixel', '2018-06-12T05:14:26.456481Z'], ['ernaneluis', '2018-06-11T06:15:09.691195Z'], ['zekenewsom', '2018-06-05T04:14:22.258028Z'], ['gabriellemic', '2018-06-07T16:58:48.768892Z']]"
https://gitcoin.co/issue/9781,gitcoinco,gitcoinco,"[['fenxxx', '2018-06-10T17:59:09.625178Z'], ['fenxxx', '2018-06-10T17:59:09.619637Z'], ['bockp', '2018-06-05T19:00:16.058584Z'], ['fenxxx', '2018-06-10T17:59:09.615381Z'], ['justpixel', '2018-06-09T13:15:02.743792Z'], ['nukemandan', '2018-06-12T03:14:42.590078Z']]"
https://gitcoin.co/issue/9780,gitcoinco,web,[]
https://gitcoin.co/issue/9779,raiden-network,raiden,"[['cpurta', '2018-06-28T15:02:51.271265Z']]"
https://gitcoin.co/issue/9778,raiden-network,raiden,"[['dilatebrave', '2018-06-09T09:29:23.447420Z']]"
https://gitcoin.co/issue/9777,raiden-network,raiden,"[['cryptomental', '2018-07-04T20:16:54.087632Z']]"
https://gitcoin.co/issue/3848,owocki,pytrader,"[['gitcointestuser', '2018-06-26T18:21:17.410631Z']]"
https://gitcoin.co/issue/9774,MetaMask,metamask-extension,"[['ajnauleau', '2018-07-25T15:16:21.766627Z']]"
https://gitcoin.co/issue/9773,MetaMask,metamask-extension,"[['ajnauleau', '2018-07-16T22:19:20.356345Z']]"
https://gitcoin.co/issue/9772,ipfs,js-ipfs,[]
https://gitcoin.co/issue/9771,balance-io,balance-manager,"[['travisdmathis', '2018-06-10T01:05:44.573052Z']]"
https://gitcoin.co/issue/9770,gitcoinco,skunkworks,"[['bockp', '2018-06-06T08:41:15.846617Z']]"
https://gitcoin.co/issue/9769,gitcoinco,web,"[['shad-k', '2018-06-15T20:07:46.196747Z'], ['shad-k', '2018-06-15T04:29:01.178445Z']]"
https://gitcoin.co/issue/9768,gitcoinco,command_line_standardbounties_funder,"[['lightclient', '2018-06-12T03:18:12.583663Z']]"
https://gitcoin.co/issue/9767,gitcoinco,web,"[['jvmaia', '2018-06-04T22:14:11.216122Z']]"
https://gitcoin.co/issue/9761,openethereum,parity-ethereum,[]
https://gitcoin.co/issue/9758,AbieFund,abie,"[['iamonuwa', '2018-06-03T15:15:16.025858Z']]"
https://gitcoin.co/issue/9756,gitcoinco,web,"[['arun1595', '2018-06-02T16:00:15.118950Z']]"
https://gitcoin.co/issue/9755,ethereum,casper,[]
https://gitcoin.co/issue/27901,Giveth,giveth-dapp,[]
https://gitcoin.co/issue/9747,gitcoinco,web,"[['justpixel', '2018-06-01T20:17:59.776742Z']]"
https://gitcoin.co/issue/9745,ethereum,solidity,"[['jvmaia', '2018-06-04T22:02:02.587276Z']]"
https://gitcoin.co/issue/9743,openethereum,parity-ethereum,"[['shamardy', '2018-07-10T23:43:24.366389Z']]"
https://gitcoin.co/issue/9742,MARKETProtocol,MARKETProtocol,"[['arun1595', '2018-06-02T14:08:25.851519Z']]"
https://gitcoin.co/issue/3823,oogetyboogety,gitcointestproject,[]
https://gitcoin.co/issue/9740,Bounties-Network,BountiesAPI,"[['isatou', '2018-06-05T20:31:04.769677Z']]"
https://gitcoin.co/issue/9739,Bounties-Network,StdBountiesAnaltyics,"[['dilatebrave', '2018-05-31T05:14:15.778318Z']]"
https://gitcoin.co/issue/9738,gitcoinco,web,"[['travisdmathis', '2018-06-01T01:13:35.825909Z']]"
https://gitcoin.co/issue/9736,Bounties-Network,BountiesAPI,"[['pgrzesik', '2018-06-03T11:14:13.134244Z']]"
https://gitcoin.co/issue/9734,AbieFund,abie,"[['iamonuwa', '2018-05-28T20:13:08.939295Z']]"
https://gitcoin.co/issue/9731,openethereum,parity-ethereum,"[['ab320012', '2018-06-07T19:28:13.539427Z']]"
https://gitcoin.co/issue/9730,openethereum,parity-ethereum,[]
https://gitcoin.co/issue/9729,ethereum,solidity,"[['dilatebrave', '2018-05-28T05:13:23.441761Z']]"
https://gitcoin.co/issue/9728,ethereum,solidity,"[['mikro2nd', '2018-07-22T21:16:09.796250Z'], ['mikro2nd', '2018-07-19T21:21:54.120907Z']]"
https://gitcoin.co/issue/9727,ethereum,solidity,"[['abdulowork', '2018-06-02T04:13:41.125355Z']]"
https://gitcoin.co/issue/27899,ethereum,solidity,[]
https://gitcoin.co/issue/9725,MetaMask,metamask-extension,"[['antonper', '2018-05-30T09:33:29.104750Z']]"
https://gitcoin.co/issue/9720,Bounties-Network,BountiesAPI,"[['pfilippi24', '2018-05-26T23:12:56.749845Z']]"
https://gitcoin.co/issue/9719,gitcoinco,web,"[['darkdarkdragon', '2018-06-19T15:15:08.420172Z'], ['darkdarkdragon', '2018-06-19T15:15:08.424683Z']]"
https://gitcoin.co/issue/9716,Bounties-Network,StdBountiesAnaltyics,"[['iamonuwa', '2018-05-27T13:22:10.225628Z']]"
https://gitcoin.co/issue/9715,Bounties-Network,BountiesAPI,"[['pfilippi24', '2019-03-10T08:23:42.519406Z']]"
https://gitcoin.co/issue/9712,trustwallet,TrustSDK-Android,"[['freespirit', '2018-05-31T21:13:54.386922Z']]"
https://gitcoin.co/issue/9710,gitcoinco,web,"[['willsputra', '2018-06-05T01:12:36.746325Z']]"
https://gitcoin.co/issue/9709,3box,sss-wasm,"[['bakaoh', '2018-05-30T04:12:45.597740Z']]"
https://gitcoin.co/issue/9706,gitcoinco,web,"[['travisdmathis', '2018-05-24T23:53:57.100267Z']]"
https://gitcoin.co/issue/9704,MARKETProtocol,MARKETProtocol,"[['nfhbar', '2018-05-23T16:31:55.150104Z']]"
https://gitcoin.co/issue/9703,AvocadoNetwork,governance,"[['vikaskyadav', '2018-06-12T09:28:05.069727Z']]"
https://gitcoin.co/issue/9701,ethereum,solidity,[]
https://gitcoin.co/issue/9698,MetaMask,metamask-extension,"[['scsaba', '2018-05-30T19:35:02.688265Z']]"
https://gitcoin.co/issue/9696,gitcoinco,web,"[['raphaelhuefner', '2018-06-11T18:12:52.960243Z']]"
https://gitcoin.co/issue/9695,gitcoinco,web,"[['dilatebrave', '2018-06-05T04:53:38.501179Z']]"
https://gitcoin.co/issue/15244,gitcoinco,web,"[['vlad2689', '2018-09-25T21:27:51.736851Z'], ['vlad2689', '2018-09-20T07:16:50.835826Z']]"
https://gitcoin.co/issue/9689,gitcoinco,web,"[['oogetyboogety', '2018-06-01T21:12:14.315058Z'], ['oogetyboogety', '2018-07-25T15:13:41.487802Z']]"
https://gitcoin.co/issue/9686,ethereum,eth-utils,"[['dilatebrave', '2018-05-18T03:17:37.650693Z']]"
https://gitcoin.co/issue/27898,livepeer,livepeer.js,[]
https://gitcoin.co/issue/9683,livepeer,livepeer.js,"[['eswarasai', '2018-05-17T22:07:49.926412Z']]"
https://gitcoin.co/issue/9681,tomteman,attendr,"[['liebeskind', '2018-05-23T13:40:38.397734Z']]"
https://gitcoin.co/issue/9680,tomteman,attendr,"[['dilatebrave', '2018-06-18T06:12:40.195814Z']]"
https://gitcoin.co/issue/9673,ethereum,aleth,"[['dilatebrave', '2018-05-16T07:38:41.307542Z']]"
https://gitcoin.co/issue/9672,ethereum,aleth,"[['dilatebrave', '2018-05-16T08:11:43.926922Z']]"
https://gitcoin.co/issue/9665,ethereum,sharding,"[['dilatebrave', '2018-05-15T08:53:21.955597Z']]"
https://gitcoin.co/issue/9664,gitcoinco,codefund,"[['darkdarkdragon', '2018-05-22T16:59:59.285715Z']]"
https://gitcoin.co/issue/9661,MARKETProtocol,MARKETProtocol,"[['cryptomental', '2018-05-17T13:12:04.213343Z']]"
https://gitcoin.co/issue/9660,gitcoinco,discourse-codefund,[]
https://gitcoin.co/issue/9658,balance-io,balance-manager,"[['mkeen', '2018-05-17T22:11:59.148807Z']]"
https://gitcoin.co/issue/9654,austintgriffith,galleass,"[['kayabanerve', '2018-05-13T23:07:55.590905Z']]"
https://gitcoin.co/issue/9653,ProjectWyvern,wyvern-ethereum,"[['bakaoh', '2018-05-15T04:52:36.574662Z']]"
https://gitcoin.co/issue/9651,balance-io,balance-manager,"[['stevenjnpearce', '2018-06-20T17:44:17.314440Z']]"
https://gitcoin.co/issue/9650,gitcoinco,web,[]
https://gitcoin.co/issue/9648,livepeer,livepeer.js,"[['iamonuwa', '2018-05-14T11:00:12.822449Z']]"
https://gitcoin.co/issue/27890,livepeer,livepeer.js,[]
https://gitcoin.co/issue/9646,livepeer,livepeer.js,"[['eswarasai', '2018-05-17T17:56:16.054334Z']]"
https://gitcoin.co/issue/9645,livepeer,go-livepeer,"[['darkdarkdragon', '2018-05-11T21:20:38.849637Z']]"
https://gitcoin.co/issue/9649,AvocadoNetwork,governance,"[['nfhbar', '2018-05-14T22:59:04.664930Z']]"
https://gitcoin.co/issue/9641,AvocadoNetwork,governance,"[['bakaoh', '2018-05-10T10:44:04.165418Z']]"
https://gitcoin.co/issue/3312,gitcoinco,web,"[['dmaddox', '2018-05-23T22:10:54.539705Z']]"
https://gitcoin.co/issue/3202,gitcoinco,web,"[['bakaoh', '2018-05-09T04:10:11.601989Z']]"
https://gitcoin.co/issue/4119,gitcoinco,web,"[['darkdarkdragon', '2018-06-10T22:11:19.273590Z']]"
https://gitcoin.co/issue/3213,ethereum,casper,"[['paulhauner', '2018-05-11T00:56:42.935602Z']]"
https://gitcoin.co/issue/4012,ethereum,casper,"[['ralexstokes', '2018-06-23T19:12:57.543355Z']]"
https://gitcoin.co/issue/4013,ethereum,casper,"[['ralexstokes', '2018-06-23T19:12:53.297429Z']]"
https://gitcoin.co/issue/3390,ethereum,solidity,"[['arku', '2018-05-09T02:55:52.833701Z']]"
https://gitcoin.co/issue/3478,gitcoinco,web,"[['smona', '2018-06-01T23:10:26.461648Z']]"
https://gitcoin.co/issue/4530,ethereum,go-ethereum,"[['cpurta', '2018-07-23T16:12:41.028601Z']]"
https://gitcoin.co/issue/5063,MetaMask,metamask-extension,"[['scsaba', '2018-05-10T18:55:18.201445Z'], ['fabriciorsf', '2018-08-23T09:38:17.771984Z']]"
https://gitcoin.co/issue/3529,gitcoinco,web,"[['bakaoh', '2018-05-07T09:09:11.010092Z']]"
https://gitcoin.co/issue/2978,ethereum,solidity,"[['jonnyburger', '2018-05-02T15:32:50.170152Z']]"
https://gitcoin.co/issue/3008,ethereum,solidity,"[['kylewu', '2018-05-02T13:51:59.427604Z']]"
https://gitcoin.co/issue/6740,ethereum,solidity,"[['asifmallik', '2018-08-20T22:09:13.471556Z']]"
https://gitcoin.co/issue/2987,bluppfisk,coindicator,"[['bluppfisk', '2018-05-02T20:11:19.687335Z']]"
https://gitcoin.co/issue/3684,AugurProject,augur,"[['random-internet-cat', '2018-06-19T03:09:39.969620Z'], ['random-internet-cat', '2018-06-07T02:04:49.417029Z']]"
https://gitcoin.co/issue/3040,AugurProject,augur,"[['bakaoh', '2018-05-03T04:08:19.437576Z']]"
https://gitcoin.co/issue/4613,AugurProject,augur,"[['garetwebster', '2018-07-20T00:14:32.690205Z']]"
https://gitcoin.co/issue/4633,AugurProject,augur-node,"[['kylewu', '2018-04-30T20:35:42.254221Z']]"
https://gitcoin.co/issue/4607,AugurProject,augur-node,"[['jonnyburger', '2018-04-30T10:23:24.305664Z']]"
https://gitcoin.co/issue/4093,gitcoinco,web,"[['kelvintyb', '2018-06-10T03:21:21.318739Z']]"
https://gitcoin.co/issue/2966,crytic,echidna,"[['connorchristie', '2018-04-30T09:08:37.957891Z']]"
https://gitcoin.co/issue/3024,gitcoinco,web,"[['darkdarkdragon', '2018-05-04T17:49:09.789317Z']]"
https://gitcoin.co/issue/3472,gitcoinco,web,"[['saptaks', '2018-06-04T22:22:23.560710Z']]"
https://gitcoin.co/issue/2974,gitcoinco,web,"[['bakaoh', '2018-05-02T10:07:34.856981Z']]"
https://gitcoin.co/issue/2809,owocki,pytrader,"[['owocki', '2018-04-24T06:24:10.636430Z']]"
https://gitcoin.co/issue/3610,gitcoinco,web,"[['curiouslearner', '2018-06-08T22:08:31.485005Z']]"
https://gitcoin.co/issue/3380,gitcoinco,web,"[['vikaskyadav', '2018-05-29T19:07:30.353365Z']]"
https://gitcoin.co/issue/2836,uport-project,meshconnect,"[['stefanionescu', '2018-04-24T15:36:23.103473Z']]"
https://gitcoin.co/issue/3041,AugurProject,augur-core,"[['cryptomental', '2018-05-03T08:37:20.774266Z']]"
https://gitcoin.co/issue/2856,AugurProject,augur-core,"[['cryptomental', '2018-04-25T21:47:24.563869Z']]"
https://gitcoin.co/issue/3289,AugurProject,augur-core,"[['cryptomental', '2018-05-20T22:29:30.879648Z']]"
https://gitcoin.co/issue/4235,gitcoinco,web,[]
https://gitcoin.co/issue/3030,prysmaticlabs,prysm,"[['connorchristie', '2018-05-05T06:29:40.058964Z']]"
https://gitcoin.co/issue/3126,Distense,distense,"[['anshumanv', '2018-05-12T19:37:31.196832Z']]"
https://gitcoin.co/issue/3316,gitcoinco,web,"[['michelgotta', '2018-05-15T23:07:22.967814Z']]"
https://gitcoin.co/issue/2800,gitcoinco,web,"[['jakerockland', '2018-04-23T20:59:58.044899Z']]"
https://gitcoin.co/issue/2798,gitcoinco,web,"[['jakerockland', '2018-04-23T19:43:30.869745Z']]"
https://gitcoin.co/issue/3259,MetaMask,metamask-extension,"[['prettymuchbryce', '2018-04-30T21:49:11.050096Z']]"
https://gitcoin.co/issue/2756,MARKETProtocol,docs,"[['justpixel', '2018-04-20T11:06:39Z']]"
https://gitcoin.co/issue/8301,gitcoinco,web,"[['cryptoquick', '2018-05-26T15:07:22.535846Z']]"
https://gitcoin.co/issue/3246,raiden-network,raiden,"[['gcarq', '2018-04-12T14:22:45.891661Z']]"
https://gitcoin.co/issue/2846,raiden-network,raiden,"[['gcarq', '2018-04-12T00:14:07.336117Z']]"
https://gitcoin.co/issue/3165,gitcoinco,web,[]
https://gitcoin.co/issue/4202,gitcoinco,web,[]
https://gitcoin.co/issue/2397,ethereumbook,ethereumbook,"[['ivanmolto', '2018-04-08T12:49:20.443380Z'], ['abhishandy', '2018-04-07T04:12:51Z']]"
https://gitcoin.co/issue/2396,ethereumbook,ethereumbook,"[['pacoard', '2018-04-09T17:15:46Z']]"
https://gitcoin.co/issue/2853,ethereum,solidity,"[['netrunnerx', '2018-04-25T19:12:59.985588Z']]"
https://gitcoin.co/issue/3280,gitcoinco,web,[]
https://gitcoin.co/issue/3025,gitcoinco,web,"[['willsputra', '2018-05-03T23:13:47.471478Z'], ['willsputra', '2018-04-19T15:05:40.741816Z']]"
https://gitcoin.co/issue/3179,gitcoinco,web,"[['kziemianek', '2018-04-13T13:43:53.708260Z']]"
https://gitcoin.co/issue/3054,gitcoinco,web,"[['thelostone-mc', '2018-04-23T08:19:14.741867Z']]"
https://gitcoin.co/issue/4130,gitcoinco,web,"[['kylewu', '2018-04-28T18:30:26.248886Z'], ['kylewu', '2018-04-28T18:17:05.113715Z'], ['kylewu', '2018-04-28T18:17:05.126881Z']]"
https://gitcoin.co/issue/2707,gitcoinco,web,"[['jakerockland', '2018-04-17T04:05:39.009739Z']]"
https://gitcoin.co/issue/2758,MetaMask,metamask-extension,"[['murduk', '2018-04-09T14:09:46.079544Z']]"
https://gitcoin.co/issue/2377,MetaMask,metamask-extension,"[['jeffscottward', '2018-04-03T00:57:00Z']]"
https://gitcoin.co/issue/2375,Bounties-Network,BountiesAPI,"[['zheli', '2018-04-02T18:34:48.366494Z']]"
https://gitcoin.co/issue/2368,gitcoinco,codefund,"[['bakaoh', '2018-03-28T05:05:31.709935Z']]"
https://gitcoin.co/issue/2370,gitcoinco,web,"[['joshmobley', '2018-03-28T14:01:23.532776Z']]"
https://gitcoin.co/issue/2680,gitcoinco,web,"[['cryptomental', '2018-04-10T08:25:34.332615Z']]"
https://gitcoin.co/issue/2631,gitcoinco,web,"[['thelostone-mc', '2018-03-27T06:21:55.960410Z']]"
https://gitcoin.co/issue/3154,gitcoinco,web,"[['willsputra', '2018-05-02T16:04:59.113871Z']]"
https://gitcoin.co/issue/2355,maurelian,scvdb,"[['bradford-hamilton', '2018-03-23T14:03:37.506169Z']]"
https://gitcoin.co/issue/3465,MyCryptoHQ,MyCrypto,"[['domalak', '2018-05-30T15:29:11.931891Z']]"
https://gitcoin.co/issue/2350,gitcoinco,web,"[['kziemianek', '2018-03-26T20:39:33.352374Z']]"
https://gitcoin.co/issue/2349,gitcoinco,web,"[['thelostone-mc', '2018-03-31T15:14:15Z']]"
https://gitcoin.co/issue/3216,gitcoinco,web,[]
https://gitcoin.co/issue/2881,gitcoinco,web,"[['darkdarkdragon', '2018-04-27T01:04:52.817010Z'], ['darkdarkdragon', '2018-04-21T12:07:55.467657Z']]"
https://gitcoin.co/issue/2824,gitcoinco,web,"[['justpixel', '2018-04-24T06:07:07.296125Z']]"
https://gitcoin.co/issue/2755,gitcoinco,web,"[['yenargy', '2018-04-20T12:04:52.236260Z']]"
https://gitcoin.co/issue/2348,MetaMask,metamask-extension,"[['grana69', '2018-03-23T20:04:42.010835Z']]"
https://gitcoin.co/issue/2342,gitcoinco,web,"[['diamondtrust66', '2018-03-22T14:03:31Z']]"
https://gitcoin.co/issue/2341,gitcoinco,web,"[['bakaoh', '2018-03-28T12:05:04.903053Z']]"
https://gitcoin.co/issue/2770,MetaMask,metamask-extension,"[['alvesjtiago', '2018-03-22T14:17:41Z']]"
https://gitcoin.co/issue/2337,MARKETProtocol,MARKETProtocol,"[['cryptomental', '2018-03-22T14:25:25.625798Z']]"
https://gitcoin.co/issue/2760,MetaMask,metamask-extension,"[['vikaskyadav', '2018-04-14T06:39:39.425449Z']]"
https://gitcoin.co/issue/2335,MetaMask,metamask-extension,"[['bradford-hamilton', '2018-03-24T20:04:44.755536Z']]"
https://gitcoin.co/issue/2332,MetaMask,metamask-extension,"[['itsn1x', '2018-03-19T20:39:39Z']]"
https://gitcoin.co/issue/2327,trustwallet,trust-wallet-ios,"[['millerapps', '2018-03-16T12:49:42.277237Z']]"
https://gitcoin.co/issue/2325,AgileVentures,WebsiteOne,"[['nickschimek', '2018-03-23T21:31:27.239123Z']]"
https://gitcoin.co/issue/2324,trustwallet,trust-wallet-ios,"[['darthmike', '2018-03-19T18:12:25.034844Z']]"
https://gitcoin.co/issue/2323,MetaMask,metamask-extension,"[['saptaks', '2018-03-30T10:04:54Z']]"
https://gitcoin.co/issue/2322,ethereum,web3.py,"[['voith', '2018-04-04T17:06:17Z']]"
https://gitcoin.co/issue/2315,gitcoinco,web,"[['cassidypignatello', '2018-03-26T23:58:15.654881Z']]"
https://gitcoin.co/issue/2312,gitcoinco,web,"[['msuess', '2018-03-26T16:32:48.616431Z']]"
https://gitcoin.co/issue/2311,gitcoinco,web,"[['thelostone-mc', '2018-03-16T17:42:45.991684Z']]"
https://gitcoin.co/issue/2757,gitcoinco,web,[]
https://gitcoin.co/issue/2308,gitcoinco,sxsw,"[['hectorzarate', '2018-03-21T22:03:59.893675Z'], ['hectorzarate', '2018-03-21T22:03:59.890463Z']]"
https://gitcoin.co/issue/2306,gitcoinco,web,"[['thelostone-mc', '2018-03-23T18:04:00.051928Z']]"
https://gitcoin.co/issue/2305,gitcoinco,web,"[['zoek1', '2018-03-23T06:32:28.160708Z']]"
https://gitcoin.co/issue/2303,gitcoinco,web,"[['michelgotta', '2018-03-21T19:47:29.807696Z'], ['michelgotta', '2018-03-21T19:47:29.810605Z']]"
https://gitcoin.co/issue/2724,gitcoinco,skunkworks,"[['lucaguglielmi', '2018-04-18T17:13:17Z']]"
https://gitcoin.co/issue/2296,gitcoinco,web,"[['cmac2454', '2018-04-02T20:03:29Z']]"
https://gitcoin.co/issue/2295,trufflesuite,truffle,"[['vladfr', '2018-03-09T12:03:35.069058Z']]"
https://gitcoin.co/issue/2293,gitcoinco,web,"[['jakerockland', '2018-04-09T18:03:52.856723Z']]"
https://gitcoin.co/issue/2289,ethereum,py-evm,"[['murduk', '2018-03-21T20:09:17.340323Z']]"
https://gitcoin.co/issue/2794,ConsenSysMesh,Stow-Smart-Contracts,"[['lookfwd', '2018-04-09T10:33:01.476884Z']]"
https://gitcoin.co/issue/2275,MetaMask,metamask-extension,"[['scsaba', '2018-03-09T17:42:57.209293Z']]"
https://gitcoin.co/issue/2274,ethereum,web3.py,"[['zheli', '2018-03-27T19:36:22Z']]"
https://gitcoin.co/issue/2973,gitcoinco,web,[]
https://gitcoin.co/issue/2919,gitcoinco,web,[]
https://gitcoin.co/issue/2269,gitcoinco,web,"[['thelostone-mc', '2018-03-08T22:43:05.651199Z']]"
https://gitcoin.co/issue/2268,trustwallet,trust-wallet-ios,"[['oleggordiichuk', '2018-03-02T23:50:48.150361Z']]"
https://gitcoin.co/issue/2267,gitcoinco,skunkworks,"[['tarekskr', '2018-03-09T20:25:14Z']]"
https://gitcoin.co/issue/2266,gitcoinco,web,"[['kennethashley', '2018-03-05T21:15:40.813819Z']]"
https://gitcoin.co/issue/2550,facebook,react,"[['jasonrhaas', '2018-02-24T00:19:47.431456Z'], ['jasonrhaas', '2018-02-24T00:19:47.425083Z']]"
https://gitcoin.co/issue/16970,thelostone-mc,holo,"[['thelostone-mc', '2018-02-28T00:19:48.569687Z']]"
https://gitcoin.co/issue/2548,gitcoinco,web,"[['coderberry', '2018-02-24T00:19:43.546206Z']]"
https://gitcoin.co/issue/2264,Distense,distense,"[['bradford-hamilton', '2018-02-23T13:03:01.833623Z']]"
https://gitcoin.co/issue/2262,gitcoinco,web,"[['thelostone-mc', '2018-03-03T22:08:35.802265Z']]"
https://gitcoin.co/issue/2254,gitcoinco,web,"[['sethmcleod', '2018-02-22T21:36:08.952458Z']]"
https://gitcoin.co/issue/2252,Distense,distense,"[['vikaskyadav', '2018-02-22T21:35:39.409893Z'], ['vikaskyadav', '2018-02-22T21:35:39.416661Z']]"
https://gitcoin.co/issue/2250,gitcoinco,web,"[['sethmcleod', '2018-02-22T04:02:45.507490Z']]"
https://gitcoin.co/issue/2249,gitcoinco,web,"[['ckhatri', '2018-03-01T16:10:16.428892Z']]"
https://gitcoin.co/issue/2248,SoftwareEngineeringDaily,sedaily-front-end,"[['v2tmobile', '2018-03-13T01:36:43.623965Z']]"
https://gitcoin.co/issue/2247,Distense,distense,"[['jamie-codes', '2018-03-22T15:02:43.858436Z']]"
https://gitcoin.co/issue/2246,Distense,distense,"[['bradford-hamilton', '2018-02-20T22:03:47.368705Z']]"
https://gitcoin.co/issue/2245,Distense,distense,"[['bradford-hamilton', '2018-02-20T22:03:45.009462Z']]"
https://gitcoin.co/issue/2241,Distense,distense,"[['tanmayanand44', '2018-02-20T22:03:35.980645Z'], ['tanmayanand44', '2018-02-20T22:03:35.983804Z'], ['kennethashley', '2018-02-20T22:03:35.988577Z'], ['kennethashley', '2018-02-20T22:03:35.976534Z']]"
https://gitcoin.co/issue/2234,gitcoinco,ethdenver,[]
https://gitcoin.co/issue/2231,gitcoinco,ethdenver,[]
https://gitcoin.co/issue/3274,gitcoinco,web,[]
https://gitcoin.co/issue/2226,gitcoinco,web,"[['deleted_account', '2018-02-26T03:50:40Z']]"
https://gitcoin.co/issue/2225,gitcoinco,web,[]
https://gitcoin.co/issue/2223,MetaMask,metamask-extension,"[['scsaba', '2018-03-08T19:33:25.737665Z']]"
https://gitcoin.co/issue/2222,gitcoinco,web,"[['ryco117', '2018-03-30T09:03:41.300415Z']]"
https://gitcoin.co/issue/2221,gitcoinco,web,"[['mbeacom', '2018-02-22T23:02:08.263204Z'], ['mbeacom', '2018-02-22T23:02:08.269095Z'], ['mbeacom', '2018-02-22T23:02:08.257292Z'], ['mbeacom', '2018-02-22T23:02:08.275082Z'], ['mbeacom', '2018-02-22T23:02:08.237188Z'], ['jasonrhaas', '2018-02-22T23:02:08.250789Z']]"
https://gitcoin.co/issue/2509,owocki,pytrader,[]
https://gitcoin.co/issue/2220,gitcoinco,web,"[['bhenze', '2018-02-20T22:02:47.409310Z']]"
https://gitcoin.co/issue/2497,facebook,react,[]
https://gitcoin.co/issue/2495,facebook,react,[]
https://gitcoin.co/issue/2494,facebook,react,[]
https://gitcoin.co/issue/2217,MetaMask,metamask-extension,"[['evgeniuz', '2018-02-22T12:02:00.079939Z']]"
https://gitcoin.co/issue/2219,gitcoinco,web,"[['leonprou', '2018-03-26T02:02:00Z']]"
https://gitcoin.co/issue/2218,gitcoinco,web,"[['kennethashley', '2018-03-09T17:02:02.973612Z']]"
https://gitcoin.co/issue/2216,ethereum,web3.py,"[['scottydelta', '2018-02-20T22:02:38.391514Z']]"
https://gitcoin.co/issue/2487,facebook,react,[]
https://gitcoin.co/issue/2215,MyCryptoHQ,MyCrypto,"[['kennethashley', '2018-03-01T05:12:01.823541Z']]"
https://gitcoin.co/issue/2213,MetaMask,metamask-extension,[]
https://gitcoin.co/issue/3343,gitcoinco,web,[]
https://gitcoin.co/issue/2207,gitcoinco,web,"[['kennethashley', '2018-02-20T22:02:15.149855Z']]"
https://gitcoin.co/issue/2453,facebook,react,[]
https://gitcoin.co/issue/2202,gitcoinco,web,"[['poffdeluxe', '2018-02-20T22:02:04.120551Z'], ['poffdeluxe', '2018-02-20T22:02:04.126246Z']]"
https://gitcoin.co/issue/2199,gitcoinco,web,"[['tyleryasaka', '2018-02-20T22:01:55.923580Z']]"
https://gitcoin.co/issue/2444,owocki,pytrader,"[['owocki', '2018-02-16T00:13:34.364721Z']]"
https://gitcoin.co/issue/2440,facebook,react,[]
https://gitcoin.co/issue/2439,facebook,react,[]
https://gitcoin.co/issue/2424,owocki,pytrader,"[['owocki', '2018-02-16T00:12:42.800717Z']]"
https://gitcoin.co/issue/2189,gitcoinco,web,[]
https://gitcoin.co/issue/549,gitcoinco,web,"[['proofoftom', '2018-02-14T17:21:38.523033Z']]"
https://gitcoin.co/issue/612,alx,parasol,"[['alx', '2018-02-14T17:21:38.276288Z']]"
https://gitcoin.co/issue/2414,facebook,react,[]
https://gitcoin.co/issue/530,facebook,react,[]
https://gitcoin.co/issue/732,gitcoinco,web,"[['eswarasai', '2018-02-14T17:21:38.359766Z']]"
https://gitcoin.co/issue/527,MARKETProtocol,MARKETProtocol,"[['cryptomental', '2018-02-14T17:21:39.357303Z']]"
https://gitcoin.co/issue/1698,gitcoinco,web,"[['stojce', '2018-02-14T17:21:39.328084Z']]"
https://gitcoin.co/issue/672,gitcoinco,web,"[['yenargy', '2018-02-14T17:21:38.610468Z']]"
https://gitcoin.co/issue/619,GridPlus,cryptobridge-contracts,"[['subramanianv', '2018-02-14T17:21:39.285168Z']]"
https://gitcoin.co/issue/628,MyEtherWallet,MyEtherWallet,"[['owocki', '2018-02-14T17:21:38.423269Z']]"
https://gitcoin.co/issue/623,MyEtherWallet,MyEtherWallet,"[['jclancy93', '2018-02-14T17:21:38.983695Z']]"
https://gitcoin.co/issue/551,nieldlr,ethereum-gas-price-extension,"[['perfectmak', '2018-02-14T17:21:38.592747Z']]"
https://gitcoin.co/issue/561,browep,brower-walk,"[['use-n-delete', '2018-02-14T17:21:38.643149Z']]"
https://gitcoin.co/issue/498,gitcoinco,skunkworks,"[['eswarasai', '2018-02-14T17:21:39.054597Z']]"
https://gitcoin.co/issue/624,trufflesuite,truffle-core,"[['deleted_account', '2018-02-14T17:21:38Z']]"
https://gitcoin.co/issue/1831,gitcoinco,skunkworks,"[['eswarasai', '2018-02-14T17:21:38.949425Z']]"
https://gitcoin.co/issue/629,gitcoinco,web,"[['deleted_account', '2018-02-14T17:21:38Z']]"
https://gitcoin.co/issue/446,gitcoinco,web,"[['owocki', '2018-02-14T17:21:39.296348Z']]"
https://gitcoin.co/issue/499,gitcoinco,web,"[['amites', '2018-02-14T17:21:38.103523Z']]"
https://gitcoin.co/issue/1688,gitcoinco,web,"[['sethmcleod', '2018-03-02T22:12:29.882588Z']]"
https://gitcoin.co/issue/540,gitcoinco,skunkworks,"[['owocki', '2018-02-14T17:21:38.356852Z']]"
https://gitcoin.co/issue/423,gitcoinco,skunkworks,"[['eswarasai', '2018-02-14T17:21:39.062935Z']]"
https://gitcoin.co/issue/469,MARKETProtocol,MARKETProtocol,"[['cryptomental', '2018-02-14T17:21:38.351711Z']]"
https://gitcoin.co/issue/506,gitcoinco,skunkworks,"[['pixelantdesign', '2018-02-14T17:21:38.134560Z']]"
https://gitcoin.co/issue/634,gitcoinco,web,"[['gasolin', '2018-02-14T17:21:38.171449Z']]"
https://gitcoin.co/issue/510,gitcoinco,web,"[['olafghanizadeh', '2018-02-14T17:21:39.253936Z']]"
https://gitcoin.co/issue/466,gitcoinco,web,"[['eswarasai', '2018-02-14T17:21:38.399376Z']]"
https://gitcoin.co/issue/453,gitcoinco,web,"[['owocki', '2018-02-14T17:21:38.145131Z']]"
https://gitcoin.co/issue/475,gitcoinco,web,"[['muhammaddava1321', '2018-02-14T17:21:38.974511Z']]"
https://gitcoin.co/issue/425,gitcoinco,web,"[['pixelantdesign', '2018-02-14T17:21:39.200182Z']]"
https://gitcoin.co/issue/437,gitcoinco,skunkworks,"[['stojce', '2018-02-14T17:21:38.619178Z']]"
https://gitcoin.co/issue/434,gitcoinco,web,"[['thelostone-mc', '2018-02-14T17:21:38.813676Z']]"
https://gitcoin.co/issue/395,ethgasstation,ethgasstation-backend,[]
https://gitcoin.co/issue/366,gitcoinco,web,"[['adtac', '2018-02-14T17:21:38.391067Z']]"
https://gitcoin.co/issue/462,gitcoinco,web,"[['choochootrain', '2018-02-14T17:21:38.263599Z']]"
https://gitcoin.co/issue/1685,MetaMask,metamask-extension,"[['heyellieday', '2018-02-14T17:21:38.200364Z']]"
https://gitcoin.co/issue/394,trufflesuite,ganache,"[['0xnpe', '2018-02-14T17:21:38.710432Z']]"
https://gitcoin.co/issue/354,gitcoinco,web,"[['jasonrhaas', '2018-02-14T17:21:39.111822Z']]"
https://gitcoin.co/issue/1832,MetaMask,metamask-extension,[]
https://gitcoin.co/issue/369,MetaMask,metamask-extension,[]
https://gitcoin.co/issue/386,gitcoinco,browser-extension,"[['owocki', '2018-02-14T17:21:38.863128Z']]"
https://gitcoin.co/issue/374,gitcoinco,skunkworks,"[['stojce', '2018-02-14T17:21:39.239388Z']]"
https://gitcoin.co/issue/515,gitcoinco,browser-extension,"[['owocki', '2018-02-14T17:21:38.098179Z']]"
https://gitcoin.co/issue/1830,gitcoinco,browser-extension,[]
https://gitcoin.co/issue/397,gitcoinco,web,"[['pixelantdesign', '2018-02-14T17:21:38.340023Z']]"
https://gitcoin.co/issue/399,gitcoinco,web,"[['algae12', '2018-02-14T17:21:38.300516Z']]"
https://gitcoin.co/issue/371,gitcoinco,web,"[['algae12', '2018-02-14T17:21:38.790609Z']]"
https://gitcoin.co/issue/670,gitcoinco,web,[]
https://gitcoin.co/issue/477,MyEtherWallet,MyEtherWallet,"[['jclancy93', '2018-02-14T17:21:38.229872Z']]"
https://gitcoin.co/issue/309,MyEtherWallet,MyEtherWallet,"[['owocki', '2018-02-14T17:21:38.683876Z']]"
https://gitcoin.co/issue/479,MyEtherWallet,MyEtherWallet,"[['oojr', '2018-02-14T17:21:39.150776Z']]"
https://gitcoin.co/issue/333,Consensys,Tokens,"[['oojr', '2018-02-14T17:21:38.561843Z']]"
https://gitcoin.co/issue/439,Consensys,Tokens,"[['oojr', '2018-02-14T17:21:38.838814Z']]"
https://gitcoin.co/issue/537,alx,parasol,"[['ccajas', '2018-02-14T17:21:38.781945Z']]"
https://gitcoin.co/issue/441,ethereum,web3.py,"[['jasonrhaas', '2018-02-14T17:21:39.183357Z']]"
https://gitcoin.co/issue/365,ethereum,web3.py,"[['monokh', '2018-02-14T17:21:39.348777Z']]"
https://gitcoin.co/issue/313,ethereum,py-evm,"[['adtac', '2018-02-14T17:21:38.183729Z']]"
https://gitcoin.co/issue/332,TimVanMourik,Porcupine,"[['bb2000', '2018-02-14T17:21:38.965098Z']]"
https://gitcoin.co/issue/402,etherdelta,etherdelta.github.io,"[['anonymoususer', '2018-02-14T17:21:38.951981Z']]"
https://gitcoin.co/issue/348,gitcoinco,web,[]
https://gitcoin.co/issue/324,gitcoinco,skunkworks,"[['owocki', '2018-02-14T17:21:39.249647Z']]"
https://gitcoin.co/issue/294,gitcoinco,skunkworks,"[['adtac', '2018-02-14T17:21:38.325189Z']]"
https://gitcoin.co/issue/463,MARKETProtocol,MARKETProtocol,"[['perfectmak', '2018-02-14T17:21:39.371305Z']]"
https://gitcoin.co/issue/263,MARKETProtocol,MARKETProtocol,"[['perfectmak', '2018-02-14T17:21:38.336642Z']]"
https://gitcoin.co/issue/271,gitcoinco,web,"[['ernaneluis', '2018-02-14T17:21:38.748244Z']]"
https://gitcoin.co/issue/295,gitcoinco,web,"[['rajatkapoor', '2018-02-14T17:21:39.205134Z']]"
https://gitcoin.co/issue/272,gitcoinco,web,[]
https://gitcoin.co/issue/268,gitcoinco,ios,"[['st-matthew', '2018-02-14T17:21:39.093942Z']]"
https://gitcoin.co/issue/320,gitcoinco,gitcoinco,"[['owocki', '2018-02-14T17:21:38.217320Z']]"
https://gitcoin.co/issue/254,jhoenicke,mempool,"[['jhoenicke', '2018-02-14T17:21:39.216061Z']]"
https://gitcoin.co/issue/349,gitcoinco,gitcoinco,"[['anonymoususer', '2018-02-14T17:21:38.500284Z']]"
https://gitcoin.co/issue/242,gitcoinco,web,"[['mbeacom', '2018-02-14T17:21:39.084822Z']]"
https://gitcoin.co/issue/621,gitcoinco,gitcoinco,[]
https://gitcoin.co/issue/252,gitcoinco,web,"[['taurean', '2018-02-14T17:21:38.692409Z']]"
https://gitcoin.co/issue/573,open-eid,linux-installer,"[['step21', '2018-02-14T17:21:38.707699Z']]"
https://gitcoin.co/issue/405,opencv,opencv-python,"[['skvark', '2018-02-14T17:21:39.269586Z']]"
https://gitcoin.co/issue/334,gitcoinco,web,"[['anonymoususer', '2018-02-14T17:21:39.277296Z']]"
https://gitcoin.co/issue/153,OriHoch,data4dappl,"[['dylanjw', '2018-02-14T17:21:39.114760Z']]"
https://gitcoin.co/issue/132,trufflesuite,truffle,"[['owocki', '2018-02-14T17:21:39.059960Z']]"
https://gitcoin.co/issue/275,trufflesuite,truffle,"[['scboffspring', '2018-02-14T17:21:38.396388Z']]"
https://gitcoin.co/issue/1689,trufflesuite,truffle,"[['kingcocomango', '2018-02-14T17:21:39.003382Z']]"
https://gitcoin.co/issue/505,trufflesuite,truffle,[]
https://gitcoin.co/issue/146,Consensys,smart-contract-best-practices,"[['yippee-ki-yay', '2018-02-14T17:21:38.940800Z']]"
https://gitcoin.co/issue/503,Consensys,smart-contract-best-practices,[]
https://gitcoin.co/issue/157,Consensys,smart-contract-best-practices,"[['yippee-ki-yay', '2018-02-14T17:21:38.492283Z']]"
https://gitcoin.co/issue/163,MetaMask,metamask-extension,"[['seesemichaelj', '2018-02-14T17:21:38.871423Z']]"
https://gitcoin.co/issue/1719,gitcoinco,web,[]
https://gitcoin.co/issue/166,etherdelta,etherdelta.github.io,"[['tomvanbraeckel', '2018-02-14T17:21:38.447505Z']]"
https://gitcoin.co/issue/281,etherdelta,etherdelta.github.io,"[['stojce', '2018-02-14T17:21:39.336814Z']]"
https://gitcoin.co/issue/185,TimVanMourik,GitpitchDonders,"[['mehranhydary', '2018-02-14T17:21:39.274621Z']]"
https://gitcoin.co/issue/267,TimVanMourik,GitpitchDonders,"[['owocki', '2018-02-14T17:21:38.435971Z']]"
https://gitcoin.co/issue/240,TimVanMourik,GitpitchDonders,"[['owocki', '2018-02-14T17:21:38.433614Z']]"
https://gitcoin.co/issue/237,cmditch,elm-ethereum,"[['xertrov', '2018-02-14T17:21:39.068159Z']]"
https://gitcoin.co/issue/169,MetaMask,metamask-extension,"[['jpclark', '2018-02-14T17:21:38.587572Z']]"
https://gitcoin.co/issue/350,gitcoinco,smart_contracts,"[['maxwolff', '2018-02-14T17:21:38.637993Z']]"
https://gitcoin.co/issue/115,gitcoinco,web,"[['owocki', '2018-02-14T17:21:38.418108Z']]"
https://gitcoin.co/issue/401,gitcoinco,web,"[['ian-cawood', '2018-02-14T17:21:38.478978Z']]"
https://gitcoin.co/issue/54,TimVanMourik,Porcupine,"[['timvanmourik', '2018-02-14T17:21:38.439326Z']]"
https://gitcoin.co/issue/75,adore,daylight,[]
https://gitcoin.co/issue/89,gitcoinco,web,[]
https://gitcoin.co/issue/35,gitcoinco,ios,[]
https://gitcoin.co/issue/90,gitcoinco,web,[]
https://gitcoin.co/issue/20,gitcoinco,web,[]
https://gitcoin.co/issue/18,angular,angular.js,[]
https://gitcoin.co/issue/88,youvegoteth,youvegoteth.github.io,"[['owocki', '2018-02-14T17:21:38.762700Z']]"
https://gitcoin.co/issue/48,gitcoinco,smart_contracts,"[['owocki', '2018-02-14T17:21:38.139871Z']]"
https://gitcoin.co/issue/42,gitcoinco,web,"[['owocki', '2018-02-14T17:21:38.961941Z']]"
https://gitcoin.co/issue/22,gitcoinco,web,"[['gasolin', '2018-02-14T17:21:38.086803Z']]"
https://gitcoin.co/issue/45,owocki,coloradocoin,"[['owocki', '2018-02-14T17:21:38.404598Z']]"
https://gitcoin.co/issue/11,gitcoinco,web,"[['anglinb', '2018-02-14T17:21:39.264276Z']]"
