created_on,bounty_type,project_length,experience_level,github_url,bounty_owner_github_username,url,value_in_usdt,github_org_name,description_len,github_repo_name,additional_funding_summary,token_name,github_pr,fulfillments_len,issue_timeout
2022-12-21T18:08:23,Design,Hours,Advanced,https://github.com/quickfast-io/ux/issues/1,kingassune,https://gitcoin.co/issue/29664,350.00,quickfast-io,223,ux,{},ETH,['https://www.figma.com/proto/D5EAtuNcgGjP6jX0WHCgBM/Rabbit-dapp-preview?page-id=4%3A47&node-id=26%3A3508&viewport=2348%2C3279%2C0.51&scaling=contain&starting-point-node-id=26%3A3508&show-proto-sidebar=1'],1,96392
2022-09-26T04:39:03,Feature,Months,Intermediate,https://github.com/deautodao/hackathon-i-game-robot/issues/3,yokideauto,https://gitcoin.co/issue/29359,8000.00,deautodao,1870,hackathon-i-game-robot,{},ETH,"['https://github.com/A-Nasser-Unity/PIXY-ROADS', 'https://github.com/MonkeyGX/DeAuto_MmU_CN']",14,35
2022-09-26T04:31:45,Design,Months,Intermediate,https://github.com/deautodao/hackathon-i-game-robot/issues/2,yokideauto,https://gitcoin.co/issue/29358,6000.00,deautodao,2173,hackathon-i-game-robot,{},ETH,[],13,35
2022-09-26T03:56:28,Project,Weeks,Beginner,https://github.com/deautodao/hackathon-i-game-robot/issues/1,yokideauto,https://gitcoin.co/issue/29356,10000.00,deautodao,3224,hackathon-i-game-robot,{},ETH,[],23,35
2022-09-12T20:07:47,Project,Days,Intermediate,https://github.com/humanprotocol/proof-of-humanity/issues/1,human-protocol,https://gitcoin.co/issue/29317,2593.18,humanprotocol,1453,proof-of-humanity,{},ETH,['https://github.com/spiritbro1/worldcoin-human-protocol'],3,14
2022-08-07T03:55:20,Improvement,Weeks,Advanced,https://github.com/platonnetwork/platon-x-gitcoin-bounty-/issues/3,kingslaugter,https://gitcoin.co/issue/29206,900.00,platonnetwork,1780,platon-x-gitcoin-bounty-,{},ETH,[],0,16
2022-08-07T03:47:11,Feature,Weeks,Intermediate,https://github.com/platonnetwork/platon-x-gitcoin-bounty-/issues/2,kingslaugter,https://gitcoin.co/issue/29204,600.00,platonnetwork,3620,platon-x-gitcoin-bounty-,{},ETH,[],0,15
2022-08-07T03:44:28,Security,Weeks,Intermediate,https://github.com/platonnetwork/platon-x-gitcoin-bounty-/issues/1,kingslaugter,https://gitcoin.co/issue/29202,600.00,platonnetwork,2937,platon-x-gitcoin-bounty-,{},ETH,[],0,15
2022-06-04T08:16:16,Feature,Hours,Advanced,https://github.com/ark-builders/arklib-android/issues/7,kirillt,https://gitcoin.co/issue/28947,150.00,ark-builders,687,arklib-android,{},ETH,['https://github.com/ARK-Builders/arklib-android/pull/8'],1,29
2022-06-04T08:10:35,Feature,Hours,Intermediate,https://github.com/ark-builders/arklib/issues/11,kirillt,https://gitcoin.co/issue/28946,150.00,ark-builders,683,arklib,{},ETH,['https://github.com/ARK-Builders/arklib/pull/12'],1,29
2022-05-20T04:36:50,Feature,Days,Intermediate,https://github.com/xmtp-labs/ethshanghai-2022/issues/2,galligan,https://gitcoin.co/issue/28892,2500.00,xmtp-labs,4242,ethshanghai-2022,{},ETH,['https://github.com/NftTopBest/web3nft.social'],7,12
2022-05-19T17:34:18,Feature,Days,Intermediate,https://github.com/xmtp-labs/ethshanghai-2022/issues/1,galligan,https://gitcoin.co/issue/28887,2500.00,xmtp-labs,4626,ethshanghai-2022,{},ETH,[],8,12
2022-05-19T14:56:56,Improvement,Hours,Intermediate,https://github.com/zeevoco/zeevoco.github.io/issues/1,nopslip,https://gitcoin.co/issue/28886,309.74,zeevoco,878,zeevoco.github.io,{},ETH,['https://github.com/zeevoco/zeevoco.github.io/pull/2'],1,7
2022-05-02T04:29:25,Feature,Weeks,Intermediate,https://github.com/meterio/meter-bounty-program/issues/4,xiaohanzhu,https://gitcoin.co/issue/28823,6037.89,meterio,1739,meter-bounty-program,{},ETH,[],3,20
2022-04-29T17:01:33,,Hours,Beginner,https://github.com/bobanetwork/hackathons/issues/2,bobasi,https://gitcoin.co/issue/28817,14801.23,bobanetwork,3456,hackathons,{},ETH,['https://github.com/chunza2542/buildquest'],13,23
2022-04-20T07:21:29,Feature,Hours,Intermediate,https://github.com/humanprotocol/hmt-escrow/issues/314,human-protocol,https://gitcoin.co/issue/28782,3076.70,humanprotocol,1757,hmt-escrow,{},ETH,['https://github.com/humanprotocol/hmt-escrow/pull/316'],1,96638
2022-04-19T17:34:19,Other,Hours,Advanced,https://github.com/foresight-org/gitcoin-bounties/issues/29,aaronlongevity,https://gitcoin.co/issue/28770,465.25,foresight-org,959,gitcoin-bounties,{},ETH,['https://github.com/ogwokalu/decarbonization-'],1,41
2022-04-19T17:33:01,Other,Hours,Advanced,https://github.com/foresight-org/gitcoin-bounties/issues/28,aaronlongevity,https://gitcoin.co/issue/28769,465.25,foresight-org,860,gitcoin-bounties,{},ETH,['https://github.com/nwakaku/silicon/blob/main/silicon.pdf'],4,41
2022-04-19T17:31:53,Other,Hours,Advanced,https://github.com/foresight-org/gitcoin-bounties/issues/27,aaronlongevity,https://gitcoin.co/issue/28768,465.25,foresight-org,869,gitcoin-bounties,{},ETH,['https://github.com/adrianhacker-pdx/Nanotechnology-Design/blob/main/Nanotechnology.pdf'],2,41
2022-04-19T17:29:05,Other,Hours,Advanced,https://github.com/foresight-org/gitcoin-bounties/issues/25,aaronlongevity,https://gitcoin.co/issue/28766,465.25,foresight-org,943,gitcoin-bounties,{},ETH,['https://github.com/toledoroy/foresight-org_gitcoin-bounties_issue25/wiki/Web3-as-the-future-of-Intelligent-Cooperation'],2,41
2022-04-19T17:27:19,Other,Hours,Advanced,https://github.com/foresight-org/gitcoin-bounties/issues/24,aaronlongevity,https://gitcoin.co/issue/28765,465.25,foresight-org,922,gitcoin-bounties,{},ETH,['https://github.com/drew7wonders/Taking-DAO-s-To-The-Next-Level-Via-Designing-Better-Participation-Mechanisms'],6,41
2022-04-19T17:26:04,Other,Hours,Advanced,https://github.com/foresight-org/gitcoin-bounties/issues/23,aaronlongevity,https://gitcoin.co/issue/28764,465.25,foresight-org,834,gitcoin-bounties,{},ETH,['https://github.com/sepandhaghighi/longevity/blob/master/regimen/README.md'],1,41
2022-04-19T17:22:53,Other,Hours,Advanced,https://github.com/foresight-org/gitcoin-bounties/issues/21,aaronlongevity,https://gitcoin.co/issue/28762,465.25,foresight-org,782,gitcoin-bounties,{},ETH,['https://github.com/sepandhaghighi/longevity/blob/master/autophagy/README.md'],1,41
2022-04-19T17:21:17,Other,Hours,Advanced,https://github.com/foresight-org/gitcoin-bounties/issues/20,aaronlongevity,https://gitcoin.co/issue/28761,465.25,foresight-org,875,gitcoin-bounties,{},ETH,['https://github.com/okeaguugochukwu/Brain-computer-interfaces-'],1,41
2022-04-19T17:20:06,Other,Hours,Advanced,https://github.com/foresight-org/gitcoin-bounties/issues/19,aaronlongevity,https://gitcoin.co/issue/28760,465.25,foresight-org,806,gitcoin-bounties,{},ETH,['https://github.com/erinmagennis/neurotech/blob/main/README.md'],1,41
2022-04-19T17:18:42,Other,Hours,Advanced,https://github.com/foresight-org/gitcoin-bounties/issues/18,aaronlongevity,https://gitcoin.co/issue/28759,465.25,foresight-org,853,gitcoin-bounties,{},ETH,['https://www.intechopen.com/chapters/65618'],2,41
2022-04-19T17:17:42,Other,Hours,Advanced,https://github.com/foresight-org/gitcoin-bounties/issues/17,aaronlongevity,https://gitcoin.co/issue/28758,465.25,foresight-org,831,gitcoin-bounties,{},ETH,['https://github.com/Astraioss/Space-Getting-Information-on-The-Composition-and-Physical-Structure-of-Asteroids'],1,29
2022-04-18T16:01:55,Design,Hours,Intermediate,https://github.com/up-heal-dao/up-heal-landing-page/issues/2,yannieth,https://gitcoin.co/issue/28752,611.10,up-heal-dao,721,up-heal-landing-page,{},ETH,['https://github.com/payjoe93/Up-Heal-DAO-New-Logo-Design'],6,96640
2022-04-13T15:15:52,Bug,Hours,Beginner,https://github.com/gitcoinco/skunkworks/issues/271,mopdo,https://gitcoin.co/issue/28728,3.12,gitcoinco,7,skunkworks,{},ETH,['https://www.youtube.com/watch?v=gdZLi9oWNZg'],2,-57
2022-04-08T14:33:45,Design,Hours,Intermediate,https://github.com/up-heal-dao/up-heal-landing-page/issues/1,yannieth,https://gitcoin.co/issue/28711,638.60,up-heal-dao,1009,up-heal-landing-page,{},ETH,['https://www.figma.com/file/g75I582pWgC2RfO4002Epm/Gitcoin-bounty---Created-by-Giorgio-Totti?node-id=208%3A2'],6,96650
2022-04-07T16:38:55,Feature,Hours,Intermediate,https://github.com/humanprotocol/hmt-escrow/issues/305,human-protocol,https://gitcoin.co/issue/28709,3228.60,humanprotocol,1952,hmt-escrow,{},ETH,['https://github.com/humanprotocol/hmt-escrow/pull/326'],1,96651
2022-04-07T16:37:26,Feature,Hours,Intermediate,https://github.com/humanprotocol/hmt-escrow/issues/304,human-protocol,https://gitcoin.co/issue/28708,3228.60,humanprotocol,1997,hmt-escrow,{},ETH,['https://github.com/humanprotocol/hmt-escrow/pull/323'],1,96651
2022-04-01T15:43:10,Other,Hours,Intermediate,https://github.com/foresight-org/gitcoin-bounties/issues/14,aaronlongevity,https://gitcoin.co/issue/28682,518.28,foresight-org,2983,gitcoin-bounties,{},ETH,['https://github.com/KalinaPV/Short-story/blob/main/story.md'],12,60
2022-04-01T15:40:38,Other,Hours,Intermediate,https://github.com/foresight-org/gitcoin-bounties/issues/13,aaronlongevity,https://gitcoin.co/issue/28681,518.28,foresight-org,3090,gitcoin-bounties,{},ETH,['https://github.com/shayanpr/Ethical-Practices-Around-The-Proceeds-Of-AI.git'],2,60
2022-03-01T23:44:53,Documentation,Hours,Intermediate,https://github.com/jameel139/bounties/issues/4,jameel139,https://gitcoin.co/issue/27829,491.32,jameel139,1739,bounties,{},ETH,['https://github.com/ErvinDimitri/'],1,96687
2022-02-10T14:30:00,Other,Hours,Intermediate,https://github.com/foresight-org/gitcoin-bounties/issues/3,aaronlongevity,https://gitcoin.co/issue/27638,460.80,foresight-org,1227,gitcoin-bounties,{},ETH,['https://github.com/davidmanheim/Random-Stuff/blob/master/Eucatastrophe_Replacement.txt'],22,135
2022-02-10T14:10:34,Other,Hours,Intermediate,https://github.com/foresight-org/gitcoin-bounties/issues/9,aaronlongevity,https://gitcoin.co/issue/27630,460.80,foresight-org,1573,gitcoin-bounties,{},ETH,['https://github.com/Ify01/What-s-the-most-important-technology-or-strategy-for-human-AI-cooperation-'],2,92
2022-02-10T14:06:20,Other,Hours,Intermediate,https://github.com/foresight-org/gitcoin-bounties/issues/10,aaronlongevity,https://gitcoin.co/issue/27628,460.80,foresight-org,1573,gitcoin-bounties,{},ETH,"['https://github.com/okeaguugochukwu/Dynamics-for-long-term-future', 'https://github.com/ezeobi/Most-important-dynamics-for-long-term-future-']",7,92
2022-02-10T13:58:49,Other,Hours,Intermediate,https://github.com/foresight-org/gitcoin-bounties/issues/11,aaronlongevity,https://gitcoin.co/issue/27627,460.80,foresight-org,1030,gitcoin-bounties,{},ETH,['https://github.com/Batz12/Dog_life/blob/main/Describe-A-Day-In-The-Life-When-A-Dog-Has-Been-Brought-Back-To-Life-After-Cryopreservation.md'],10,92
2022-02-02T16:01:45,Feature,Hours,Beginner,https://github.com/ltoussaint/test-repo/issues/1,ltoussaint,https://gitcoin.co/issue/27574,0.00,ltoussaint,56,test-repo,{},ETH,['https://github.com/lt0test/test-repo'],1,96715
2021-12-29T11:10:08,Improvement,Hours,Advanced,https://github.com/k06a/boolinq/issues/54,k06a,https://gitcoin.co/issue/27391,108.91,k06a,405,boolinq,{},ETH,['https://github.com/k06a/boolinq/pull/59'],1,96750
2021-12-29T00:36:36,Improvement,Hours,Advanced,https://github.com/k06a/boolinq/issues/53,k06a,https://gitcoin.co/issue/27390,108.91,k06a,87,boolinq,{},ETH,['https://github.com/k06a/boolinq/pull/58'],1,96750
2021-12-29T00:32:57,Improvement,Hours,Advanced,https://github.com/k06a/boolinq/issues/52,k06a,https://gitcoin.co/issue/27389,108.91,k06a,69,boolinq,{},ETH,['https://github.com/k06a/boolinq/pull/57'],1,96750
2021-12-21T19:48:25,Documentation,Hours,Intermediate,https://github.com/jameel139/bounties/issues/1,jameel139,https://gitcoin.co/issue/27359,451.83,jameel139,444,bounties,{},ETH,['https://app.lokalise.com/project/523342536070a0ba56a4d4.92956531/?view=single&reference_lang_id=640&single_lang_id=597'],1,96757
2021-12-21T18:39:12,Feature,Hours,Beginner,https://github.com/beasta/etherscan-note-scraper/issues/9,beasta,https://gitcoin.co/issue/27358,79.92,beasta,334,etherscan-note-scraper,{},ETH,['https://github.com/Beasta/etherscan-note-scraper/pull/10'],1,96757
2021-12-17T19:28:48,Feature,Hours,Beginner,https://github.com/beasta/etherscan-note-scraper/issues/5,beasta,https://gitcoin.co/issue/27338,116.28,beasta,80,etherscan-note-scraper,{},ETH,['https://github.com/Beasta/etherscan-note-scraper/pull/4'],1,96761
2021-12-17T02:44:17,Feature,Hours,Beginner,https://github.com/beasta/etherscan-note-scraper/issues/1,beasta,https://gitcoin.co/issue/27335,193.03,beasta,824,etherscan-note-scraper,{},ETH,['https://gist.github.com/Zerquix18/069c414f62e98a4333d1191a3aeb3f7f'],1,30
2021-12-07T17:52:38,Improvement,Hours,Intermediate,https://github.com/snowman-money/front-end/issues/2,01101000011011110110010100001010,https://gitcoin.co/issue/27286,275.58,snowman-money,226,front-end,{},ETH,['https://github.com/subhrajyoti-basu/snowman-web'],1,96771
2021-11-25T00:42:50,Feature,Hours,Intermediate,https://github.com/cyberconnecthq/cyberconnect-arweave/issues/1,zhimaol,https://gitcoin.co/issue/27167,2260.06,cyberconnecthq,1907,cyberconnect-arweave,{},ETH,"['https://github.com/TarekJ03/SmartConnections', 'https://github.com/odyssey2077/MetaWorld', 'https://github.com/codista/socialConnectArweave']",4,21
2021-11-10T19:46:23,Design,Hours,Beginner,https://github.com/harvest-finance/harvest/issues/31,boobage,https://gitcoin.co/issue/27046,509.33,harvest-finance,1612,harvest,{},ETH,"['https://github.com/hx6068/-Hackathon-POAPathon-2021-POAPathon-Challenge-4---Farm-Workers', 'https://github.com/EgorOfMyLife/Harvest-Finance/tree/main/Farm%20Workers']",18,11
2021-11-10T16:08:26,Design,Hours,Beginner,https://github.com/harvest-finance/harvest/issues/30,boobage,https://gitcoin.co/issue/27045,509.33,harvest-finance,1411,harvest,{},ETH,"['https://github.com/mooonrockets/POAPathon-Challenge-3-Cross-Chain-Farmers/blob/main/poap-harvest-cross-chain-farmers.png', 'https://github.com/EgorOfMyLife/Harvest-Finance/tree/main/Cross%20Chain%20Farmers']",19,11
2021-11-10T16:06:51,Design,Hours,Beginner,https://github.com/harvest-finance/harvest/issues/29,boobage,https://gitcoin.co/issue/27044,509.33,harvest-finance,1572,harvest,{},ETH,"['https://github.com/hx6068/-Hackathon-POAPathon-2021-POAPathon-Challenge-2---Intensive-Farmers', 'https://github.com/EgorOfMyLife/Harvest-Finance/tree/main/Intensive%20Farmers']",21,11
2021-11-10T15:53:13,Design,Hours,Beginner,https://github.com/harvest-finance/harvest/issues/28,boobage,https://gitcoin.co/issue/27043,509.33,harvest-finance,1488,harvest,{},ETH,"['https://github.com/mooonrockets/POAPathon-Challenge-1-OG-Farmers/blob/main/poap-harvest-og-farmer.png', 'https://github.com/SPWasHere/Harvest-Finance-Design-Bounties/blob/main/Harvest%20Finance%20OG%20Farmer.png']",29,11
2021-10-31T08:17:50,,Hours,Intermediate,https://github.com/metaverse-eth/bsc/issues/1,metaverse-eth,https://gitcoin.co/issue/26999,257.22,metaverse-eth,1209,bsc,{},ETH,[],1,96809
2021-10-22T22:38:02,Other,Hours,Intermediate,https://github.com/alfablok/safe_deploy/issues/1,alfablok,https://gitcoin.co/issue/26937,79.44,alfablok,338,safe_deploy,{},ETH,['this is fixed by providing instruction on how to config polygon endpoint'],1,96817
2021-09-06T13:40:14,Security,Hours,Intermediate,https://github.com/octopus-network/oct-token-eth/issues/1,riversyang,https://gitcoin.co/issue/26469,392.66,octopus-network,2745,oct-token-eth,{},ETH,['https://github.com/octopus-network/oct-token-eth/pull/3'],10,7
2021-08-30T04:21:33,Feature,Hours,Beginner,https://github.com/t3rmdotdev/t3rm.dev/issues/1,t3rmdotdev,https://gitcoin.co/issue/26427,80.70,t3rmdotdev,949,t3rm.dev,{},ETH,['https://github.com/t3rmdotdev/t3rm.dev/issues/1#issuecomment-909002281'],1,96871
2021-08-23T11:35:44,Feature,Days,Beginner,https://github.com/gitcoinco/skunkworks/issues/247,leonerichsen,https://gitcoin.co/issue/26396,4980.67,gitcoinco,218,skunkworks,{},ETH,"['https://github.com/pawanakhil/fractional-nft', 'https://github.com/Ajand/Curation-Game', 'https://github.com/EsteFilipe/discord-ethereum-authentication']",7,15
2021-08-23T11:31:42,Feature,Days,Beginner,https://github.com/gitcoinco/skunkworks/issues/246,leonerichsen,https://gitcoin.co/issue/26395,4980.67,gitcoinco,358,skunkworks,{},ETH,"['https://github.com/McCoady/Authenticated-AMAs', 'https://github.com/EsteFilipe/discord-ethereum-authentication', 'https://github.com/chunza2542/ethtalk.app']",12,15
2021-08-17T11:14:29,Security,Weeks,Advanced,https://github.com/databrokerglobal/dtx-staking/issues/1,viktor-settlemint,https://gitcoin.co/issue/26297,3343.19,databrokerglobal,1131,dtx-staking,{},ETH,"['https://github.com/databrokerglobal/DTX-staking/pull/2', 'https://github.com/yokymia/data broker ', 'https://github.com/databrokerglobal/DTX-staking/pull/3']",3,44
2021-08-16T20:33:20,Feature,Days,Intermediate,https://github.com/gitcoinco/skunkworks/issues/239,owocki,https://gitcoin.co/issue/26286,6294.76,gitcoinco,838,skunkworks,{},ETH,['https://github.com/Developer-piyush/Gitquad'],1,22
2021-08-06T08:15:35,Feature,Hours,Intermediate,https://github.com/yieldhand/optionsmarket/issues/13,avoyager,https://gitcoin.co/issue/26229,103.51,yieldhand,1131,optionsmarket,{},ETH,['https://github.com/YieldHand/OptionsMarket/pull/14'],1,96895
2021-08-06T02:07:46,Design,Days,Intermediate,https://github.com/gitcoinco/creative/issues/410,pixelantdesign,https://gitcoin.co/issue/26228,816.84,gitcoinco,2580,creative,{},ETH,['https://store.gitcoin.co/products/eth-hodl-short-sleeve-t-shirt'],10,96895
2021-07-24T09:15:44,Feature,Hours,Intermediate,https://github.com/yieldhand/optionsmarketliquiditypool/issues/1,avoyager,https://gitcoin.co/issue/26163,102.45,yieldhand,1040,optionsmarketliquiditypool,{},ETH,['https://github.com/YieldHand/OptionsMarketLiquidityPool/pull/6'],1,96908
2021-07-22T09:46:34,Feature,Hours,Intermediate,https://github.com/yieldhand/optionsmarket/issues/1,avoyager,https://gitcoin.co/issue/26130,102.04,yieldhand,1963,optionsmarket,{},ETH,['https://github.com/bytesoul/OptionsMarket'],1,96910
2021-07-06T20:36:57,Other,Hours,Beginner,https://github.com/asmrfinance/bounties/issues/2,0xmicrophone,https://gitcoin.co/issue/26073,51.11,asmrfinance,888,bounties,{},ETH,['https://discord.gg/FDJDxRxJ'],2,3
2021-06-29T22:15:23,Feature,Days,Intermediate,https://github.com/web3index/web3index-org/issues/13,adamsoffer,https://gitcoin.co/issue/26053,757.33,web3index,752,web3index-org,{},ETH,['https://github.com/web3index/web3index-org/pull/14'],1,96932
2021-06-27T03:53:54,Security,Days,Advanced,https://github.com/aletheaai/gitcoin-bounties/issues/2,satoshi505,https://gitcoin.co/issue/26040,2714.71,aletheaai,2321,gitcoin-bounties,{},ETH,['https://github.com/AletheaAI/Gitcoin-Bounties/tree/main/bounty_1'],1,96935
2021-06-24T23:27:54,Security,Hours,Advanced,https://github.com/aletheaai/gitcoin-bounties/issues/1,satoshi505,https://gitcoin.co/issue/26030,248.65,aletheaai,1773,gitcoin-bounties,{},ETH,['https://github.com/icebert04/Gitcoin-Bounties/blob/main/bounty_1/contracts/AccessControl.sol'],1,96937
2021-06-03T18:34:15,Other,Days,Intermediate,https://github.com/api3dao/airnode/issues/368,bbenligiray,https://gitcoin.co/issue/25805,2.86,api3dao,1985,airnode,{},ETH,['https://github.com/QuidMint/QuiD'],2,47
2021-05-27T17:54:20,Improvement,Hours,Intermediate,https://github.com/omni-analytics-group/eth2-validator-health-dashboard/issues/1,omnianalytics,https://gitcoin.co/issue/25782,137.07,omni-analytics-group,1226,eth2-validator-health-dashboard,{},ETH,['https://github.com/Omni-Analytics-Group/eth2-validator-health-dashboard/pull/2'],1,96965
2021-05-19T07:03:24,Other,Hours,Beginner,https://github.com/naist-carshare/temporal-testing/issues/1,hideakihata,https://gitcoin.co/issue/25745,0.00,naist-carshare,30,temporal-testing,{},ETH,['hoge'],1,30
2021-05-07T15:39:08,,Weeks,Intermediate,https://github.com/l2labs/zkswap-whitepaper/issues/3,arwen1234,https://gitcoin.co/issue/25691,3549.24,l2labs,1085,zkswap-whitepaper,{},ETH,[],1,16
2021-05-07T15:37:10,Feature,Weeks,Advanced,https://github.com/l2labs/zkswap-whitepaper/issues/4,arwen1234,https://gitcoin.co/issue/25690,1009.10,l2labs,986,zkswap-whitepaper,{},ETH,[],0,16
2021-05-06T03:53:37,Feature,Days,Intermediate,https://github.com/web3index/web3index-org/issues/9,adamsoffer,https://gitcoin.co/issue/25670,1221.34,web3index,1548,web3index-org,{},ETH,['https://github.com/web3index/web3index-org/pull/12'],1,96987
2021-05-05T12:46:12,Bug,Hours,Beginner,https://github.com/livepeer/go-livepeer/issues/1829,kyriediculous,https://gitcoin.co/issue/25665,167.05,livepeer,557,go-livepeer,{},ETH,['https://github.com/livepeer/go-livepeer/pull/1859'],1,96988
2021-05-05T12:44:10,Bug,Hours,Advanced,https://github.com/livepeer/go-livepeer/issues/1843,kyriediculous,https://gitcoin.co/issue/25664,500.78,livepeer,1274,go-livepeer,{},ETH,['https://github.com/livepeer/go-livepeer/pull/1864'],1,96988
2021-04-25T06:59:35,,Weeks,Advanced,https://github.com/degen-vc/options-market-core/issues/1,fraserbrownirl,https://gitcoin.co/issue/25596,4639.50,degen-vc,2997,options-market-core,{},ETH,[],1,22
2021-04-25T06:14:57,,Days,Advanced,https://github.com/degen-vc/unbox-art-nft-erc20/issues/1,fraserbrownirl,https://gitcoin.co/issue/25594,4639.50,degen-vc,3748,unbox-art-nft-erc20,{},ETH,['https://github.com/50-30-20/RFT-Batch-NFT'],3,22
2021-03-30T20:32:09,Feature,Days,Intermediate,https://github.com/augurproject/turbo/issues/58,pgebheim,https://gitcoin.co/issue/25362,997.68,augurproject,753,turbo,{},ETH,['https://github.com/AugurProject/turbo/pull/235'],1,97023
2021-03-21T02:42:52,Design,Hours,Advanced,https://github.com/prntnft/prntplace-main/issues/1,420tiesto,https://gitcoin.co/issue/25265,1783.27,prntnft,210,prntplace-main,{},ETH,['https://github.com/PrntNft/PrntPlace-main'],1,97033
2021-03-20T19:23:14,Feature,Days,Intermediate,https://github.com/gitcoinco/skunkworks/issues/208,owocki,https://gitcoin.co/issue/25264,640.89,gitcoinco,1122,skunkworks,{},ETH,['https://github.com/gitcoinco/web/pull/8682'],1,97033
2021-03-13T00:46:31,Feature,Days,Intermediate,https://github.com/gitcoinco/web/issues/8571,owocki,https://gitcoin.co/issue/25071,768.63,gitcoinco,1344,web,{},ETH,"['https://github.com/gitcoinco/web/pull/8584', 'https://github.com/gitcoinco/web/issues/8571#issuecomment-797855429']",4,97041
2021-03-08T16:21:14,Feature,Days,Intermediate,https://github.com/liquity/beta/issues/4,koltenb,https://gitcoin.co/issue/25007,2932.22,liquity,2193,beta,{},ETH,['https://github.com/masaun/shared-trove-on-liquity'],2,24
2021-03-08T16:19:48,Feature,Days,Intermediate,https://github.com/liquity/beta/issues/3,koltenb,https://gitcoin.co/issue/25006,2932.22,liquity,1940,beta,{},ETH,['https://github.com/HardCod3rs/liquity-migration'],1,24
2021-03-08T16:17:42,Feature,Days,Intermediate,https://github.com/liquity/beta/issues/2,koltenb,https://gitcoin.co/issue/25005,2932.22,liquity,4546,beta,{},ETH,['https://github.com/chris124567/bot'],2,24
2021-03-01T06:00:40,Bug,Days,Advanced,https://github.com/ditto-money/bounties/issues/8,chefchansey,https://gitcoin.co/issue/24887,784.86,ditto-money,416,bounties,{},ETH,['null'],1,97053
2021-02-23T21:46:21,Feature,Hours,Intermediate,https://github.com/reflexer-labs/geb/issues/97,stefanionescu,https://gitcoin.co/issue/24834,2094.39,reflexer-labs,2030,geb,{},ETH,['https://github.com/ashutoshvarma/RAI_UMA_Challenge'],3,19
2021-02-23T21:39:58,Feature,Days,Intermediate,https://github.com/reflexer-labs/geb-safe-saviours/issues/1,stefanionescu,https://gitcoin.co/issue/24833,2932.11,reflexer-labs,3163,geb-safe-saviours,{},ETH,['https://github.com/mortimr/opyn-safe-saviour'],1,27
2021-01-13T02:42:42,Improvement,Hours,Intermediate,https://github.com/gitcoinco/web/issues/8181,kweiss,https://gitcoin.co/issue/24588,452.14,gitcoinco,4331,web,{},ETH,[],0,97100
2020-12-28T02:17:49,,Days,Intermediate,https://github.com/gitcoinco/skunkworks/issues/193,owocki,https://gitcoin.co/issue/24547,1789.36,gitcoinco,2579,skunkworks,{},ETH,[],1,97116
2020-12-25T03:45:48,Feature,Hours,Intermediate,https://github.com/ditto-money/bounties/issues/2,chefchansey,https://gitcoin.co/issue/24541,219.34,ditto-money,5447,bounties,{},ETH,['https://github.com/Timidan/Airdropper-BSC/blob/main/Main.sol'],1,97119
2020-12-17T20:56:49,Feature,Hours,Intermediate,https://github.com/ensdomains/address-encoder/issues/273,brantlymillegan,https://gitcoin.co/issue/24515,79.78,ensdomains,828,address-encoder,{},ETH,['https://github.com/ensdomains/address-encoder/pull/287'],1,97126
2020-12-17T20:40:49,Feature,Hours,Intermediate,https://github.com/ensdomains/address-encoder/issues/272,brantlymillegan,https://gitcoin.co/issue/24514,51.47,ensdomains,582,address-encoder,{},ETH,['https://github.com/ensdomains/address-encoder/pull/278'],1,97126
2020-12-17T20:39:43,Feature,Hours,Intermediate,https://github.com/ensdomains/address-encoder/issues/271,brantlymillegan,https://gitcoin.co/issue/24513,51.47,ensdomains,582,address-encoder,{},ETH,['https://github.com/ensdomains/address-encoder/pull/283'],1,97126
2020-12-17T20:38:21,Feature,Hours,Intermediate,https://github.com/ensdomains/address-encoder/issues/270,brantlymillegan,https://gitcoin.co/issue/24512,51.47,ensdomains,582,address-encoder,{},ETH,['https://github.com/ensdomains/address-encoder/pull/279'],1,97126
2020-12-17T20:36:31,Feature,Hours,Intermediate,https://github.com/ensdomains/address-encoder/issues/269,brantlymillegan,https://gitcoin.co/issue/24511,51.47,ensdomains,582,address-encoder,{},ETH,['https://github.com/ensdomains/address-encoder/pull/280'],1,97126
2020-12-17T20:33:31,Feature,Hours,Intermediate,https://github.com/ensdomains/address-encoder/issues/268,brantlymillegan,https://gitcoin.co/issue/24510,51.47,ensdomains,582,address-encoder,{},ETH,['https://github.com/ensdomains/address-encoder/pull/275'],1,97126
2020-12-17T20:31:32,Feature,Hours,Intermediate,https://github.com/ensdomains/address-encoder/issues/267,brantlymillegan,https://gitcoin.co/issue/24509,51.47,ensdomains,582,address-encoder,{},ETH,['https://github.com/ensdomains/address-encoder/pull/281'],1,97126
2020-12-17T20:30:15,Feature,Hours,Intermediate,https://github.com/ensdomains/address-encoder/issues/266,brantlymillegan,https://gitcoin.co/issue/24508,51.47,ensdomains,582,address-encoder,{},ETH,['https://github.com/ensdomains/address-encoder/pull/282'],1,97126
2020-12-17T20:28:06,Feature,Hours,Intermediate,https://github.com/ensdomains/address-encoder/issues/265,brantlymillegan,https://gitcoin.co/issue/24507,51.47,ensdomains,582,address-encoder,{},ETH,['https://github.com/ensdomains/address-encoder/pull/277'],1,97126
2020-12-17T20:27:02,Feature,Hours,Intermediate,https://github.com/ensdomains/address-encoder/issues/264,brantlymillegan,https://gitcoin.co/issue/24506,51.47,ensdomains,582,address-encoder,{},ETH,['https://github.com/ensdomains/address-encoder/pull/276'],1,97126
2020-12-15T19:41:19,Feature,Hours,Intermediate,https://github.com/ensdomains/address-encoder/issues/76,brantlymillegan,https://gitcoin.co/issue/24490,73.00,ensdomains,570,address-encoder,{},ETH,"['https://github.com/ensdomains/address-encoder/pull/286', 'https://github.com/ensdomains/address-encoder/pull/289']",2,97128
2020-11-26T20:29:45,Feature,Days,Intermediate,https://github.com/dxdaohackathon/dex-react/issues/1,dxdao-gitcoin,https://gitcoin.co/issue/24192,1558.92,dxdaohackathon,2175,dex-react,{},ETH,[],0,21
2020-11-26T20:25:29,,Days,Beginner,https://github.com/dxdaohackathon/omen-exchange/issues/1,dxdao-gitcoin,https://gitcoin.co/issue/24191,1558.92,dxdaohackathon,3244,omen-exchange,{},ETH,[],3,21
2020-11-24T03:27:06,Feature,Days,Intermediate,https://github.com/metalithio/niftex-gr8-hackathon/issues/2,jmahhh,https://gitcoin.co/issue/24099,1814.55,metalithio,1573,niftex-gr8-hackathon,{},ETH,['https://github.com/Geo-Web-Project/specs/blob/NFT-Fractions-Hackathon-Proposal/NFT-Fractions-Proposal/FractionalizedLandParcels.md'],1,23
2020-11-24T03:19:00,Feature,Days,Advanced,https://github.com/metalithio/niftex-gr8-hackathon/issues/1,jmahhh,https://gitcoin.co/issue/24098,3024.25,metalithio,1608,niftex-gr8-hackathon,{},ETH,['https://github.com/CosmicTomato/Niftex-Gitcoin-Project'],4,23
2020-11-20T18:05:24,Improvement,Hours,Beginner,https://github.com/preventflashloanattacks/prevent-flash-loan-attacks/issues/3,patrickalphac,https://gitcoin.co/issue/24084,102.03,preventflashloanattacks,113,prevent-flash-loan-attacks,{},ETH,[],1,97153
2020-11-16T10:02:14,Feature,Hours,Intermediate,https://github.com/diadata-org/diadata/issues/341,jppade,https://gitcoin.co/issue/24071,230.09,diadata-org,564,diadata,{},ETH,[],0,15
2020-10-19T12:59:59,Documentation,Hours,Beginner,https://github.com/binancex/grant-projects/issues/1,nance2uiuc,https://gitcoin.co/issue/23974,0.38,binancex,80,grant-projects,{},ETH,['https://github.com/nceno/starsandstripes/blob/master/README.md'],1,97186
2020-10-15T05:30:57,Other,Hours,Intermediate,https://github.com/b-mueller/catmosphere/issues/1,b-mueller,https://gitcoin.co/issue/23955,245.94,b-mueller,526,catmosphere,{},ETH,['https://github.com/b-mueller/catmosphere/pull/2'],1,97190
2020-10-09T11:28:04,Other,Hours,Intermediate,https://github.com/hcaptcha/hmt-escrow/issues/235,uivlis,https://gitcoin.co/issue/23902,364.98,hcaptcha,1665,hmt-escrow,{},ETH,['https://github.com/excerebrose/hmt-gas-benchmark'],1,97196
2020-10-07T23:04:02,Feature,Hours,Intermediate,https://github.com/ensdomains/address-encoder/issues/215,brantlymillegan,https://gitcoin.co/issue/23895,42.37,ensdomains,582,address-encoder,{},ETH,['https://github.com/ensdomains/address-encoder/pull/222'],1,97197
2020-10-07T22:54:00,Feature,Hours,Intermediate,https://github.com/ensdomains/address-encoder/issues/207,brantlymillegan,https://gitcoin.co/issue/23894,42.37,ensdomains,582,address-encoder,{},ETH,['https://github.com/ensdomains/address-encoder/pull/211'],1,97197
2020-10-07T22:52:47,Feature,Hours,Intermediate,https://github.com/ensdomains/address-encoder/issues/206,brantlymillegan,https://gitcoin.co/issue/23893,42.37,ensdomains,582,address-encoder,{},ETH,['https://github.com/ensdomains/address-encoder/pull/217'],1,97197
2020-10-07T22:51:50,Feature,Hours,Intermediate,https://github.com/ensdomains/address-encoder/issues/205,brantlymillegan,https://gitcoin.co/issue/23892,42.37,ensdomains,582,address-encoder,{},ETH,['https://github.com/ensdomains/address-encoder/pull/223'],1,97197
2020-10-07T22:50:34,Feature,Hours,Intermediate,https://github.com/ensdomains/address-encoder/issues/204,brantlymillegan,https://gitcoin.co/issue/23891,42.37,ensdomains,582,address-encoder,{},ETH,['https://github.com/ensdomains/address-encoder/pull/224'],1,97197
2020-10-07T22:49:35,Feature,Hours,Intermediate,https://github.com/ensdomains/address-encoder/issues/203,brantlymillegan,https://gitcoin.co/issue/23890,42.37,ensdomains,582,address-encoder,{},ETH,['https://github.com/ensdomains/address-encoder/pull/225'],1,97197
2020-10-07T22:48:03,Feature,Hours,Intermediate,https://github.com/ensdomains/address-encoder/issues/202,brantlymillegan,https://gitcoin.co/issue/23889,42.37,ensdomains,582,address-encoder,{},ETH,['https://github.com/ensdomains/address-encoder/pull/221'],1,97197
2020-10-07T22:46:56,Feature,Hours,Intermediate,https://github.com/ensdomains/address-encoder/issues/201,brantlymillegan,https://gitcoin.co/issue/23888,42.37,ensdomains,582,address-encoder,{},ETH,['https://github.com/ensdomains/address-encoder/pull/219'],1,97197
2020-10-07T22:45:57,Feature,Hours,Intermediate,https://github.com/ensdomains/address-encoder/issues/200,brantlymillegan,https://gitcoin.co/issue/23887,42.37,ensdomains,582,address-encoder,{},ETH,['https://github.com/ensdomains/address-encoder/pull/226'],2,97197
2020-10-07T22:44:44,Feature,Hours,Intermediate,https://github.com/ensdomains/address-encoder/issues/199,brantlymillegan,https://gitcoin.co/issue/23886,42.37,ensdomains,582,address-encoder,{},ETH,['https://github.com/ensdomains/address-encoder/pull/258'],2,97197
2020-10-07T22:41:14,Feature,Hours,Intermediate,https://github.com/ensdomains/address-encoder/issues/197,brantlymillegan,https://gitcoin.co/issue/23884,42.37,ensdomains,582,address-encoder,{},ETH,['https://github.com/ensdomains/address-encoder/pull/216'],1,97197
2020-10-07T22:39:10,Feature,Hours,Intermediate,https://github.com/ensdomains/address-encoder/issues/196,brantlymillegan,https://gitcoin.co/issue/23883,42.37,ensdomains,582,address-encoder,{},ETH,['https://github.com/ensdomains/address-encoder/pull/238'],1,97197
2020-10-07T22:36:53,Feature,Hours,Intermediate,https://github.com/ensdomains/address-encoder/issues/195,brantlymillegan,https://gitcoin.co/issue/23882,42.37,ensdomains,582,address-encoder,{},ETH,['https://github.com/ensdomains/address-encoder/pull/228'],1,97197
2020-10-07T21:44:58,Feature,Hours,Intermediate,https://github.com/ensdomains/address-encoder/issues/194,brantlymillegan,https://gitcoin.co/issue/23881,42.37,ensdomains,582,address-encoder,{},ETH,['https://github.com/ensdomains/address-encoder/pull/213'],1,97197
2020-10-07T21:42:28,Feature,Hours,Intermediate,https://github.com/ensdomains/address-encoder/issues/193,brantlymillegan,https://gitcoin.co/issue/23880,42.37,ensdomains,582,address-encoder,{},ETH,['https://github.com/ensdomains/address-encoder/pull/230'],1,97197
2020-10-07T21:41:17,Feature,Hours,Intermediate,https://github.com/ensdomains/address-encoder/issues/192,brantlymillegan,https://gitcoin.co/issue/23879,42.37,ensdomains,582,address-encoder,{},ETH,['https://github.com/ensdomains/address-encoder/pull/231'],1,97197
2020-10-07T21:40:10,Feature,Hours,Intermediate,https://github.com/ensdomains/address-encoder/issues/191,brantlymillegan,https://gitcoin.co/issue/23878,42.37,ensdomains,582,address-encoder,{},ETH,['https://github.com/ensdomains/address-encoder/pull/220'],1,97197
2020-10-07T21:39:03,Feature,Hours,Intermediate,https://github.com/ensdomains/address-encoder/issues/190,brantlymillegan,https://gitcoin.co/issue/23877,42.37,ensdomains,582,address-encoder,{},ETH,['https://github.com/ensdomains/address-encoder/pull/218'],1,97197
2020-10-07T21:37:51,Feature,Hours,Intermediate,https://github.com/ensdomains/address-encoder/issues/189,brantlymillegan,https://gitcoin.co/issue/23876,42.37,ensdomains,582,address-encoder,{},ETH,['https://github.com/ensdomains/address-encoder/pull/212'],1,97197
2020-10-07T21:36:27,Feature,Hours,Intermediate,https://github.com/ensdomains/address-encoder/issues/188,brantlymillegan,https://gitcoin.co/issue/23875,42.37,ensdomains,582,address-encoder,{},ETH,['https://github.com/ensdomains/address-encoder/pull/229'],1,97197
2020-10-06T18:29:59,Feature,Hours,Intermediate,https://github.com/ensdomains/address-encoder/issues/162,brantlymillegan,https://gitcoin.co/issue/23867,42.26,ensdomains,634,address-encoder,{},ETH,['https://github.com/ensdomains/address-encoder/pull/210'],2,97198
2020-10-06T18:27:43,Feature,Hours,Intermediate,https://github.com/ensdomains/address-encoder/issues/159,brantlymillegan,https://gitcoin.co/issue/23866,42.26,ensdomains,582,address-encoder,{},ETH,['https://github.com/ensdomains/address-encoder/pull/184'],1,97198
2020-10-06T18:26:18,Feature,Hours,Intermediate,https://github.com/ensdomains/address-encoder/issues/160,brantlymillegan,https://gitcoin.co/issue/23865,42.26,ensdomains,582,address-encoder,{},ETH,['https://github.com/ensdomains/address-encoder/pull/183'],1,97198
2020-10-06T18:23:45,Feature,Hours,Intermediate,https://github.com/ensdomains/address-encoder/issues/161,brantlymillegan,https://gitcoin.co/issue/23864,42.26,ensdomains,582,address-encoder,{},ETH,['https://github.com/ensdomains/address-encoder/pull/177'],1,97198
2020-10-06T18:22:29,Feature,Hours,Intermediate,https://github.com/ensdomains/address-encoder/issues/163,brantlymillegan,https://gitcoin.co/issue/23863,42.26,ensdomains,582,address-encoder,{},ETH,['https://github.com/ensdomains/address-encoder/pull/182'],1,97198
2020-10-06T18:19:38,Feature,Hours,Intermediate,https://github.com/ensdomains/address-encoder/issues/165,brantlymillegan,https://gitcoin.co/issue/23861,42.26,ensdomains,582,address-encoder,{},ETH,['https://github.com/ensdomains/address-encoder/pull/180'],2,97198
2020-10-06T18:16:29,Feature,Hours,Intermediate,https://github.com/ensdomains/address-encoder/issues/167,brantlymillegan,https://gitcoin.co/issue/23859,42.26,ensdomains,582,address-encoder,{},ETH,['https://github.com/ensdomains/address-encoder/pull/235'],1,97198
2020-10-06T18:10:38,Feature,Hours,Intermediate,https://github.com/ensdomains/address-encoder/issues/168,brantlymillegan,https://gitcoin.co/issue/23858,42.26,ensdomains,582,address-encoder,{},ETH,['https://github.com/ensdomains/address-encoder/pull/181'],1,97198
2020-10-06T18:08:10,Feature,Hours,Intermediate,https://github.com/ensdomains/address-encoder/issues/169,brantlymillegan,https://gitcoin.co/issue/23857,42.26,ensdomains,582,address-encoder,{},ETH,['https://github.com/ensdomains/address-encoder/pull/255'],2,97198
2020-10-06T18:01:23,Feature,Hours,Intermediate,https://github.com/ensdomains/address-encoder/issues/170,brantlymillegan,https://gitcoin.co/issue/23856,42.26,ensdomains,582,address-encoder,{},ETH,['https://github.com/ensdomains/address-encoder/pull/256'],2,97198
2020-10-06T17:57:30,Feature,Hours,Intermediate,https://github.com/ensdomains/address-encoder/issues/171,brantlymillegan,https://gitcoin.co/issue/23854,42.26,ensdomains,582,address-encoder,{},ETH,['https://github.com/ensdomains/address-encoder/pull/236'],1,97198
2020-10-06T17:56:02,Feature,Hours,Intermediate,https://github.com/ensdomains/address-encoder/issues/172,brantlymillegan,https://gitcoin.co/issue/23853,42.26,ensdomains,582,address-encoder,{},ETH,['https://github.com/ensdomains/address-encoder/pull/178'],1,97198
2020-10-05T23:23:52,Feature,Hours,Intermediate,https://github.com/ensdomains/address-encoder/issues/145,brantlymillegan,https://gitcoin.co/issue/23847,43.83,ensdomains,582,address-encoder,{},ETH,['https://github.com/ensdomains/address-encoder/pull/250'],2,97199
2020-10-05T23:23:00,Feature,Hours,Intermediate,https://github.com/ensdomains/address-encoder/issues/144,brantlymillegan,https://gitcoin.co/issue/23846,43.83,ensdomains,582,address-encoder,{},ETH,['https://github.com/ensdomains/address-encoder/pull/153'],1,97199
2020-10-05T23:21:55,Feature,Hours,Intermediate,https://github.com/ensdomains/address-encoder/issues/143,brantlymillegan,https://gitcoin.co/issue/23845,43.83,ensdomains,582,address-encoder,{},ETH,['https://github.com/ensdomains/address-encoder/pull/150'],1,97199
2020-10-05T23:20:36,Feature,Hours,Intermediate,https://github.com/ensdomains/address-encoder/issues/142,brantlymillegan,https://gitcoin.co/issue/23844,43.83,ensdomains,582,address-encoder,{},ETH,['https://github.com/ensdomains/address-encoder/pull/149'],3,97199
2020-10-05T23:19:46,Feature,Hours,Intermediate,https://github.com/ensdomains/address-encoder/issues/141,brantlymillegan,https://gitcoin.co/issue/23843,43.83,ensdomains,582,address-encoder,{},ETH,['https://github.com/ensdomains/address-encoder/pull/173'],2,97199
2020-10-05T23:18:41,Feature,Hours,Intermediate,https://github.com/ensdomains/address-encoder/issues/140,brantlymillegan,https://gitcoin.co/issue/23842,43.83,ensdomains,582,address-encoder,{},ETH,['https://github.com/ensdomains/address-encoder/pull/152'],1,97199
2020-10-05T23:17:42,Feature,Hours,Intermediate,https://github.com/ensdomains/address-encoder/issues/139,brantlymillegan,https://gitcoin.co/issue/23841,43.83,ensdomains,582,address-encoder,{},ETH,['https://github.com/ensdomains/address-encoder/pull/155'],1,97199
2020-10-05T23:16:56,Feature,Hours,Intermediate,https://github.com/ensdomains/address-encoder/issues/138,brantlymillegan,https://gitcoin.co/issue/23840,43.83,ensdomains,582,address-encoder,{},ETH,['https://github.com/ensdomains/address-encoder/pull/237'],1,97199
2020-10-05T23:16:04,Feature,Hours,Intermediate,https://github.com/ensdomains/address-encoder/issues/137,brantlymillegan,https://gitcoin.co/issue/23839,43.83,ensdomains,582,address-encoder,{},ETH,['https://github.com/ensdomains/address-encoder/pull/158'],1,97199
2020-10-05T23:14:20,Feature,Hours,Intermediate,https://github.com/ensdomains/address-encoder/issues/136,brantlymillegan,https://gitcoin.co/issue/23838,43.83,ensdomains,582,address-encoder,{},ETH,['https://github.com/ensdomains/address-encoder/pull/156'],1,97199
2020-10-05T23:12:32,Feature,Hours,Intermediate,https://github.com/ensdomains/address-encoder/issues/135,brantlymillegan,https://gitcoin.co/issue/23837,43.83,ensdomains,582,address-encoder,{},ETH,['https://github.com/ensdomains/address-encoder/pull/251'],2,97199
2020-10-05T12:35:09,Feature,Days,Advanced,https://github.com/idena-network/idena-desktop/issues/454,midenaio,https://gitcoin.co/issue/23832,0.35,idena-network,4161,idena-desktop,{},ETH,[],2,27
2020-10-05T11:08:10,Feature,Hours,Intermediate,https://github.com/hcaptcha/telegram-bot/issues/6,uivlis,https://gitcoin.co/issue/23829,212.09,hcaptcha,261,telegram-bot,{},ETH,['https://github.com/hCaptcha/telegram-bot/pull/10'],1,97200
2020-10-02T22:13:09,Feature,Hours,Intermediate,https://github.com/ensdomains/address-encoder/issues/116,brantlymillegan,https://gitcoin.co/issue/23814,42.86,ensdomains,399,address-encoder,{},ETH,['https://github.com/ensdomains/address-encoder/pull/147'],1,97202
2020-10-02T22:08:16,Feature,Hours,Intermediate,https://github.com/ensdomains/address-encoder/issues/102,brantlymillegan,https://gitcoin.co/issue/23813,42.86,ensdomains,399,address-encoder,{},ETH,['https://github.com/ensdomains/address-encoder/pull/274'],1,97202
2020-10-02T22:05:32,Feature,Hours,Intermediate,https://github.com/ensdomains/address-encoder/issues/104,brantlymillegan,https://gitcoin.co/issue/23811,42.86,ensdomains,399,address-encoder,{},ETH,['https://github.com/ensdomains/address-encoder/pull/259'],2,97202
2020-10-02T21:49:17,Feature,Hours,Intermediate,https://github.com/ensdomains/address-encoder/issues/107,brantlymillegan,https://gitcoin.co/issue/23808,42.86,ensdomains,399,address-encoder,{},ETH,['https://github.com/ensdomains/address-encoder/pull/261'],2,97202
2020-10-02T21:47:33,Feature,Hours,Intermediate,https://github.com/ensdomains/address-encoder/issues/109,brantlymillegan,https://gitcoin.co/issue/23807,42.86,ensdomains,399,address-encoder,{},ETH,['https://github.com/ensdomains/address-encoder/pull/260'],2,97202
2020-10-02T21:24:27,Feature,Hours,Intermediate,https://github.com/ensdomains/address-encoder/issues/114,brantlymillegan,https://gitcoin.co/issue/23802,42.86,ensdomains,399,address-encoder,{},ETH,['https://github.com/ensdomains/address-encoder/pull/133'],2,97202
2020-09-27T14:34:01,Improvement,Hours,Intermediate,https://github.com/hcaptcha/telegram-bot/issues/3,uivlis,https://gitcoin.co/issue/23780,178.74,hcaptcha,451,telegram-bot,{},ETH,['https://github.com/hCaptcha/telegram-bot/pull/5'],1,97208
2020-09-23T20:31:20,Design,Days,Intermediate,https://github.com/status-im/design/issues/42,statussceptre,https://gitcoin.co/issue/23768,711.00,status-im,3741,design,{},ETH,['https://www.figma.com/file/lMpgC70Xzw45L2VFgCd6jb/Status-Stickers-DApp'],1,97211
2020-09-23T16:48:32,,Days,Advanced,https://github.com/gitcoinco/web/issues/7512,owocki,https://gitcoin.co/issue/23762,160.13,gitcoinco,238,web,{},ETH,['https://github.com/gitcoinco/web/pull/7587'],1,97212
2020-09-23T15:46:00,Bug,Days,Intermediate,https://github.com/matter-labs/web3swift/issues/257,skywinder,https://gitcoin.co/issue/23761,32.03,matter-labs,503,web3swift,{},ETH,['https://github.com/matter-labs/web3swift/issues/257'],1,29
2020-09-23T12:27:05,Feature,Hours,Intermediate,https://github.com/hcaptcha/hmt-escrow-form/issues/2,uivlis,https://gitcoin.co/issue/23759,320.27,hcaptcha,1631,hmt-escrow-form,{},ETH,['https://github.com/hCaptcha/hmt-escrow-form/pull/6'],1,97212
2020-09-22T19:16:12,Feature,Days,Intermediate,https://github.com/gitcoinco/web/issues/7499,owocki,https://gitcoin.co/issue/23756,172.07,gitcoinco,446,web,{},ETH,[],1,97212
2020-09-22T19:02:14,Feature,Hours,Intermediate,https://github.com/ensdomains/address-encoder/issues/84,brantlymillegan,https://gitcoin.co/issue/23755,42.67,ensdomains,399,address-encoder,{},ETH,['https://github.com/ensdomains/address-encoder/pull/88'],1,23
2020-09-22T19:00:54,Feature,Hours,Intermediate,https://github.com/ensdomains/address-encoder/issues/83,brantlymillegan,https://gitcoin.co/issue/23754,42.67,ensdomains,399,address-encoder,{},ETH,['https://github.com/ensdomains/address-encoder/pull/93'],1,23
2020-09-22T19:00:02,Feature,Hours,Intermediate,https://github.com/ensdomains/address-encoder/issues/82,brantlymillegan,https://gitcoin.co/issue/23753,42.67,ensdomains,399,address-encoder,{},ETH,['https://github.com/ensdomains/address-encoder/pull/97'],1,23
2020-09-22T18:58:17,Feature,Hours,Intermediate,https://github.com/ensdomains/address-encoder/issues/81,brantlymillegan,https://gitcoin.co/issue/23752,42.67,ensdomains,399,address-encoder,{},ETH,['https://github.com/ensdomains/address-encoder/pull/86'],2,23
2020-09-22T18:57:35,Feature,Hours,Intermediate,https://github.com/ensdomains/address-encoder/issues/80,brantlymillegan,https://gitcoin.co/issue/23751,42.67,ensdomains,399,address-encoder,{},ETH,['https://github.com/ensdomains/address-encoder/pull/90'],1,23
2020-09-22T18:56:18,Feature,Hours,Intermediate,https://github.com/ensdomains/address-encoder/issues/79,brantlymillegan,https://gitcoin.co/issue/23750,42.67,ensdomains,399,address-encoder,{},ETH,['https://github.com/ensdomains/address-encoder/pull/98'],2,23
2020-09-22T18:55:04,Feature,Hours,Intermediate,https://github.com/ensdomains/address-encoder/issues/78,brantlymillegan,https://gitcoin.co/issue/23749,42.67,ensdomains,399,address-encoder,{},ETH,['https://github.com/ensdomains/address-encoder/pull/98'],1,23
2020-09-22T18:53:41,Feature,Hours,Intermediate,https://github.com/ensdomains/address-encoder/issues/77,brantlymillegan,https://gitcoin.co/issue/23748,42.67,ensdomains,399,address-encoder,{},ETH,['https://github.com/ensdomains/address-encoder/pull/95/'],1,23
2020-09-22T18:51:26,Feature,Hours,Intermediate,https://github.com/ensdomains/address-encoder/issues/75,brantlymillegan,https://gitcoin.co/issue/23746,42.67,ensdomains,398,address-encoder,{},ETH,['https://github.com/ensdomains/address-encoder/pull/96'],1,23
2020-09-21T19:54:31,Feature,Hours,Intermediate,https://github.com/ensdomains/address-encoder/issues/74,brantlymillegan,https://gitcoin.co/issue/23738,99.55,ensdomains,564,address-encoder,{},ETH,['https://github.com/ensdomains/address-encoder/pull/92'],2,24
2020-09-21T15:55:40,Feature,Days,Advanced,https://github.com/adamsc1-ddg/defidomains/issues/3,adamsc1-ddg,https://gitcoin.co/issue/23737,2458.45,adamsc1-ddg,1121,defidomains,{},ETH,['https://github.com/AdamSC1-ddg/defidomains/pull/4'],1,97214
2020-09-13T21:35:36,Improvement,Days,Advanced,https://github.com/gitcoinco/web/issues/7363,owocki,https://gitcoin.co/issue/23697,10986.00,gitcoinco,3693,web,{},ETH,['https://github.com/gitcoinco/web/pull/7455'],1,97221
2020-09-07T18:16:16,Feature,Hours,Intermediate,https://github.com/ensdomains/address-encoder/issues/50,brantlymillegan,https://gitcoin.co/issue/23650,43.84,ensdomains,306,address-encoder,{},ETH,['https://github.com/ensdomains/address-encoder/pull/63'],1,38
2020-09-07T18:15:34,Feature,Hours,Intermediate,https://github.com/ensdomains/address-encoder/issues/51,brantlymillegan,https://gitcoin.co/issue/23649,43.84,ensdomains,306,address-encoder,{},ETH,['https://github.com/ensdomains/address-encoder/pull/72'],2,38
2020-09-07T18:14:54,Feature,Hours,Intermediate,https://github.com/ensdomains/address-encoder/issues/52,brantlymillegan,https://gitcoin.co/issue/23648,43.84,ensdomains,306,address-encoder,{},ETH,['https://github.com/ensdomains/address-encoder/pull/100'],2,38
2020-09-07T18:14:11,Feature,Hours,Intermediate,https://github.com/ensdomains/address-encoder/issues/53,brantlymillegan,https://gitcoin.co/issue/23647,43.84,ensdomains,306,address-encoder,{},ETH,['https://github.com/ensdomains/address-encoder/pull/62'],1,38
2020-09-07T18:13:28,Feature,Hours,Intermediate,https://github.com/ensdomains/address-encoder/issues/54,brantlymillegan,https://gitcoin.co/issue/23646,43.84,ensdomains,306,address-encoder,{},ETH,['https://github.com/ensdomains/address-encoder/pull/60'],1,38
2020-09-07T18:12:44,Feature,Hours,Intermediate,https://github.com/ensdomains/address-encoder/issues/55,brantlymillegan,https://gitcoin.co/issue/23645,43.84,ensdomains,306,address-encoder,{},ETH,['https://github.com/ensdomains/address-encoder/pull/67'],1,38
2020-09-07T18:11:48,Feature,Hours,Intermediate,https://github.com/ensdomains/address-encoder/issues/56,brantlymillegan,https://gitcoin.co/issue/23644,43.84,ensdomains,306,address-encoder,{},ETH,['https://github.com/ensdomains/address-encoder/pull/130'],2,38
2020-09-03T18:50:49,Feature,Hours,Intermediate,https://github.com/ensdomains/ens-app/issues/914,brantlymillegan,https://gitcoin.co/issue/23630,47.42,ensdomains,306,ens-app,{},ETH,['https://github.com/ensdomains/address-encoder/pull/58'],1,42
2020-09-03T18:49:45,Feature,Hours,Intermediate,https://github.com/ensdomains/ens-app/issues/913,brantlymillegan,https://gitcoin.co/issue/23629,47.73,ensdomains,306,ens-app,{},ETH,['https://github.com/ensdomains/address-encoder/pull/131'],1,42
2020-09-03T18:31:12,Feature,Hours,Intermediate,https://github.com/ensdomains/ens-app/issues/910,brantlymillegan,https://gitcoin.co/issue/23626,46.12,ensdomains,306,ens-app,{},ETH,['https://github.com/ensdomains/address-encoder/pull/65'],1,42
2020-09-03T17:20:07,,Days,Intermediate,https://github.com/unstoppabledomains/decentralized-websites/issues/42,donald-stolz,https://gitcoin.co/issue/23623,7381.88,unstoppabledomains,848,decentralized-websites,{},ETH,[],3,102
2020-09-03T16:43:14,,Days,Intermediate,https://github.com/gitcoinco/web/issues/7242,owocki,https://gitcoin.co/issue/23622,381.81,gitcoinco,1336,web,{},ETH,['https://github.com/gitcoinco/web/pull/7341'],1,97232
2020-09-03T09:38:34,Improvement,Hours,Intermediate,https://github.com/hcaptcha/hmt-basemodels/issues/41,uivlis,https://gitcoin.co/issue/23620,133.63,hcaptcha,521,hmt-basemodels,{},ETH,['https://github.com/hCaptcha/hmt-basemodels/pull/44'],1,97232
2020-09-02T19:34:24,Feature,Hours,Intermediate,https://github.com/jeffersonn-1/btcrecover/issues/1,jeffersonn-1,https://gitcoin.co/issue/23615,1011.06,jeffersonn-1,95,btcrecover,{},ETH,['https://github.com/jeffersonn-1/btcrecover/pull/2'],1,97232
2020-08-27T10:46:38,Feature,Days,Intermediate,https://github.com/hcaptcha/hmt-escrow/issues/224,uivlis,https://gitcoin.co/issue/23567,278.20,hcaptcha,366,hmt-escrow,{},ETH,[],1,97239
2020-08-26T14:28:08,Feature,Hours,Intermediate,https://github.com/turingadvisorygroup/roll-smart-contracts/issues/1,sidko,https://gitcoin.co/issue/23564,1157.34,turingadvisorygroup,2033,roll-smart-contracts,{},ETH,['https://github.com/TuringAdvisoryGroup/roll-smart-contracts/pull/2'],1,97240
2020-08-21T16:53:39,,Weeks,Intermediate,https://github.com/sharonbyrne/sample-contracts/issues/1,sharonbyrne,https://gitcoin.co/issue/23541,1163.46,sharonbyrne,1507,sample-contracts,{},ETH,[],1,97245
2020-08-20T05:59:40,Bug,Hours,Intermediate,https://github.com/b-mueller/sabre/issues/104,b-mueller,https://gitcoin.co/issue/23534,103.97,b-mueller,1920,sabre,{},ETH,['https://github.com/b-mueller/sabre/issues/104#issuecomment-678765790'],1,97246
2020-08-18T12:12:00,Feature,Hours,Intermediate,https://github.com/mstable/mstable-app/issues/148,alsco77,https://gitcoin.co/issue/23530,421.99,mstable,2029,mstable-app,{},ETH,['https://github.com/mstable/mStable-app/pull/173'],3,97248
2020-08-07T18:02:50,Feature,Hours,Intermediate,https://github.com/rebasedmarine/crowdsale/issues/1,rebasedmarine,https://gitcoin.co/issue/23502,189.69,rebasedmarine,1510,crowdsale,{},ETH,['https://github.com/RebasedMarine/crowdsale/pull/2'],1,97258
2020-08-07T17:29:10,Feature,Hours,Advanced,https://github.com/diadata-org/diadata/issues/273,kaythxbye,https://gitcoin.co/issue/23501,569.07,diadata-org,2536,diadata,{},ETH,['https://github.com/diadata-org/diadata/pull/276'],1,97259
2020-08-05T23:29:08,,Days,Intermediate,https://github.com/metafam/fork-the-world/issues/14,peth-yursick,https://gitcoin.co/issue/23490,1482.70,metafam,867,fork-the-world,{},ETH,[],0,1
2021-05-19T08:37:09,,,,https://github.com/rungroj-m/test/issues/2,rungroj-m,https://gitcoin.co/issue/25747,0.35,rungroj-m,2242,test,{},ETH,['https://github.com/rungroj-m/test/issues/2'],1,0
2020-07-29T16:51:54,Feature,Hours,Intermediate,https://github.com/namebasehq/api-documentation/issues/10,johnnywu-namebase,https://gitcoin.co/issue/23462,0.03,namebasehq,2868,api-documentation,{},ETH,[],10,21
2020-07-29T03:03:08,Other,Days,Intermediate,https://github.com/collab-19/dao-hack-month/issues/1,burrrata,https://gitcoin.co/issue/23457,953.58,collab-19,855,dao-hack-month,{},ETH,"['https://github.com/abridged/dao-help/pull/10', 'https://github.com/ResearchCollective/dao-help']",2,8
2020-07-22T14:30:33,,Days,Intermediate,https://github.com/metafam/fork-the-world/issues/2,peth-yursick,https://gitcoin.co/issue/23421,1055.04,metafam,3010,fork-the-world,{},ETH,[],0,16
2020-07-28T15:36:24,Feature,Days,Intermediate,https://github.com/diadata-org/diadata/issues/255,jppade,https://gitcoin.co/issue/23452,236.01,diadata-org,458,diadata,{},ETH,['https://github.com/diadata-org/diadata/pull/258'],1,23
2020-07-20T08:15:38,Improvement,Hours,Intermediate,https://github.com/xamarin/xamarin.forms/issues/8732,knocte,https://gitcoin.co/issue/23389,246.63,xamarin,604,xamarin.forms,{},ETH,[],0,31
2020-07-20T10:29:30,Feature,Days,Intermediate,https://github.com/diadata-org/diadata/issues/233,jppade,https://gitcoin.co/issue/23391,232.71,diadata-org,758,diadata,{},ETH,['https://github.com/diadata-org/diadata/pull/239'],1,28
2020-07-20T09:40:31,Feature,Days,Intermediate,https://github.com/diadata-org/diadata/issues/252,jppade,https://gitcoin.co/issue/23390,232.71,diadata-org,451,diadata,{},ETH,['https://github.com/diadata-org/diadata/issues/252'],1,28
2020-08-04T16:40:54,Feature,Days,Intermediate,https://github.com/diadata-org/diadata/issues/251,jppade,https://gitcoin.co/issue/23483,232.71,diadata-org,520,diadata,{},ETH,['https://github.com/diadata-org/diadata/pull/262'],1,13
2020-07-15T10:37:11,Feature,Days,Intermediate,https://github.com/diadata-org/diadata/issues/240,jppade,https://gitcoin.co/issue/23344,240.41,diadata-org,452,diadata,{},ETH,['https://github.com/diadata-org/diadata/pull/249'],1,30
2020-07-14T10:46:12,Feature,Days,Intermediate,https://github.com/diadata-org/diadata/issues/235,jppade,https://gitcoin.co/issue/23329,239.68,diadata-org,751,diadata,{},ETH,['https://github.com/diadata-org/diadata/pull/237'],1,30
2020-07-14T10:19:04,Feature,Days,Intermediate,https://github.com/diadata-org/diadata/issues/234,jppade,https://gitcoin.co/issue/23328,239.68,diadata-org,748,diadata,{},ETH,['https://github.com/diadata-org/diadata/pull/236'],1,30
2020-07-14T12:32:04,Feature,Days,Intermediate,https://github.com/diadata-org/diadata/issues/220,jppade,https://gitcoin.co/issue/23332,239.68,diadata-org,792,diadata,{},ETH,['https://github.com/diadata-org/diadata/pull/241'],1,30
2020-07-10T18:17:50,,,,https://github.com/gitcoinco/web/issues/7082,thelostone-mc,https://gitcoin.co/issue/23300,0.24,gitcoinco,734,web,{},ETH,['https://github.com/gitcoinco/web/pull/4011'],1,31
2020-07-13T17:24:41,Feature,Days,Intermediate,https://github.com/diadata-org/diadata/issues/222,jppade,https://gitcoin.co/issue/23322,241.16,diadata-org,815,diadata,{},ETH,['https://github.com/diadata-org/diadata/pull/232'],1,28
2020-07-14T12:14:49,Feature,Days,Intermediate,https://github.com/diadata-org/diadata/issues/224,jppade,https://gitcoin.co/issue/23331,241.16,diadata-org,758,diadata,{},ETH,['https://github.com/diadata-org/diadata/issues/224'],1,27
2020-07-16T13:02:24,Feature,Days,Intermediate,https://github.com/diadata-org/diadata/issues/225,jppade,https://gitcoin.co/issue/23356,241.16,diadata-org,814,diadata,{},ETH,['https://github.com/diadata-org/diadata/pull/245'],1,25
2020-07-10T12:41:13,Feature,Days,Advanced,https://github.com/alto-io/game3.js/issues/2,polats,https://gitcoin.co/issue/23288,602.90,alto-io,1971,game3.js,{},ETH,[],1,47
2022-03-02T19:05:42,,,Intermediate,https://github.com/melonproject/melon-council-bounties/issues/2,perhamgirl,https://gitcoin.co/issue/27863,540.21,melonproject,4239,melon-council-bounties,{},ETH,[],0,-526
2020-11-25T07:54:25,Code Review,Days,Beginner,https://github.com/pit-coin/pit-coin.github.io/issues/1,pit-coin,https://gitcoin.co/issue/24104,24.20,pit-coin,241,pit-coin.github.io,{},ETH,['https://github.com/pit-coin/pit-coin.github.io/issues/1#issuecomment-662390798'],2,97149
2022-03-02T19:04:59,Feature,Days,Advanced,https://github.com/status-im/status-react/issues/10669,statussceptre,https://gitcoin.co/issue/27861,1019.67,status-im,2114,status-react,{},ETH,[],0,-511
2020-07-07T11:57:12,,Weeks,Intermediate,https://github.com/alto-io/game3.js/issues/1,polats,https://gitcoin.co/issue/23236,1196.80,alto-io,2045,game3.js,{},ETH,"['https://github.com/DanDevel/BlockchainGameHTML5', 'https://github.com/dotrungkien/typing-racer', 'https://github.com/Brianspha/The-Collector', 'https://github.com/mul1sh/tetrion']",4,41
2020-07-06T14:50:13,,Weeks,Beginner,https://github.com/nucypher/hackathon/issues/8,carusosa,https://gitcoin.co/issue/23187,4029.72,nucypher,1669,hackathon,{},ETH,[],6,21
2020-07-13T06:43:29,Feature,Hours,Intermediate,https://github.com/nblockchain/geewallet/issues/149,knocte,https://gitcoin.co/issue/23309,229.18,nblockchain,57,geewallet,{},ETH,['https://github.com/traxium/webassembly-chrome-extension'],1,22
2020-11-13T14:11:43,,Hours,Advanced,https://github.com/minds/minds/issues/163,markharding,https://gitcoin.co/issue/24067,794.44,minds,48,minds,{},ETH,[],0,-103
2020-07-07T15:08:48,Bug,Hours,Intermediate,https://github.com/minds/minds/issues/161,markharding,https://gitcoin.co/issue/23239,54.79,minds,48,minds,{},ETH,['https://gitlab.com/minds/front/-/merge_requests/1055'],1,24
2020-10-22T18:02:40,Design,Days,Intermediate,https://github.com/status-im/design/issues/41,statussceptre,https://gitcoin.co/issue/23988,512.95,status-im,2301,design,{},ETH,['https://www.figma.com/file/aqfB5y63KNbUNjrivHelyW/Keycard'],1,9
2020-06-29T00:19:07,Feature,Hours,Intermediate,https://github.com/pdlla/inclusive-code-bounties/issues/1,pdlla,https://gitcoin.co/issue/23075,992.16,pdlla,1694,inclusive-code-bounties,{},ETH,[],0,97298
2020-06-24T06:18:06,Bug,Hours,Beginner,https://github.com/gitcoinco/web/issues/6959,octavioamu,https://gitcoin.co/issue/23041,0.23,gitcoinco,181,web,{},ETH,['https://github.com/gitcoinco/web/pull/6952'],1,29
2020-07-06T22:06:50,,,Beginner,https://github.com/zcash/zcash-gitcoin/issues/2,elenaecc,https://gitcoin.co/issue/23210,2.35,zcash,1383,zcash-gitcoin,{},ETH,[],2,0
2020-07-07T18:52:35,Bug,,Beginner,https://github.com/zcash/zcash-gitcoin/issues/3,elenaecc,https://gitcoin.co/issue/23242,2.35,zcash,1144,zcash-gitcoin,{},ETH,[],3,-1
2020-07-28T18:01:55,,,,https://github.com/zcash/zcash-ios-wallet/issues/128,elenaecc,https://gitcoin.co/issue/23453,2.35,zcash,427,zcash-ios-wallet,{},ETH,[],1,-22
2020-07-03T21:32:37,Documentation,Hours,Beginner,https://github.com/turqpbc/turqv2/issues/15,timgwallis,https://gitcoin.co/issue/23152,19.45,turqpbc,153,turqv2,{},ETH,['https://github.com/GilsonCarlos/testtext/files/4855586/Banning.of.Chemical.Pesticides.on.Golf.2020.pdf'],1,19
2020-06-18T23:49:53,Improvement,Hours,Intermediate,https://github.com/meroscrypto/meros/issues/192,kayabanerve,https://gitcoin.co/issue/22797,50.51,meroscrypto,468,meros,{},ETH,['https://github.com/MerosCrypto/Meros/pull/198'],1,29
2020-07-21T22:41:31,,,,https://github.com/nearprotocol/protect-privacy-hack/issues/3,juliebissinger,https://gitcoin.co/issue/23413,0.24,nearprotocol,2673,protect-privacy-hack,{},ETH,['https://github.com/izrake/PWPEvents'],4,-15
2020-07-21T22:39:24,,,,https://github.com/nearprotocol/protect-privacy-hack/issues/2,juliebissinger,https://gitcoin.co/issue/23412,0.24,nearprotocol,2890,protect-privacy-hack,{},ETH,[],7,-15
2022-03-05T12:15:27,,,,https://github.com/nearprotocol/protect-privacy-hack/issues/2,juliebissinger,https://gitcoin.co/issue/28457,0.24,nearprotocol,2890,protect-privacy-hack,{},ETH,[],0,-607
2020-07-21T22:30:42,,,,https://github.com/nearprotocol/protect-privacy-hack/issues/1,juliebissinger,https://gitcoin.co/issue/23411,0.24,nearprotocol,2118,protect-privacy-hack,{},ETH,['https://github.com/amiyatulu/avrit_ui'],5,-15
2020-06-19T12:26:08,,,,https://github.com/cdm/vega-technical-paper/issues/1,cdm,https://gitcoin.co/issue/22962,7.13,cdm,1061,vega-technical-paper,{},ETH,['https://github.com/nightwolf3/vega-technical-paper'],1,23
2020-07-15T15:29:37,,,,https://github.com/nucypher/hackathon/issues/7,carusosa,https://gitcoin.co/issue/23346,4111.28,nucypher,1666,hackathon,{},ETH,[],7,-9
2020-06-12T06:17:43,Bug,Hours,Beginner,https://github.com/gitcoinco/web/issues/6833,oktopusgc,https://gitcoin.co/issue/22616,2.31,gitcoinco,1029,web,{},ETH,['https://github.com/octavioamu'],1,29
2020-07-07T20:36:16,,,,https://github.com/zcash/zcash-gitcoin/issues/1,elenaecc,https://gitcoin.co/issue/23249,0.25,zcash,3186,zcash-gitcoin,{},ETH,[],5,-1
2022-03-05T12:14:10,,,,https://github.com/zcash/zcash-gitcoin/issues/1,elenaecc,https://gitcoin.co/issue/28451,0.25,zcash,3186,zcash-gitcoin,{},ETH,[],0,-607
2020-06-14T23:15:12,Feature,Hours,Advanced,https://github.com/meroscrypto/meros/issues/181,kayabanerve,https://gitcoin.co/issue/22661,487.46,meroscrypto,1089,meros,{},ETH,[],0,25
2020-06-12T22:41:11,Improvement,Hours,Intermediate,https://github.com/meroscrypto/meros/issues/182,kayabanerve,https://gitcoin.co/issue/22632,100.17,meroscrypto,831,meros,{},ETH,[],1,27
2020-06-29T16:36:15,,,,https://github.com/gitcoinco/web/issues/6805,owocki,https://gitcoin.co/issue/23090,3694.65,gitcoinco,3759,web,{},ETH,[],15,-1
2020-06-08T18:17:59,Bug,Hours,Beginner,https://github.com/danlipert/gitcoin-test/issues/79,danlipert,https://gitcoin.co/issue/22492,2.46,danlipert,216,gitcoin-test,{},ETH,['https://github.com/danlipert/gitcoin-test/issues/79'],1,29
2020-06-15T17:33:03,,,,https://github.com/b-mueller/sabre/issues/101,b-mueller,https://gitcoin.co/issue/22668,302.53,b-mueller,1349,sabre,{},ETH,['https://github.com/b-mueller/sabre/pull/102'],1,21
2020-06-19T12:04:00,,,,https://github.com/b-mueller/sabre/issues/99,b-mueller,https://gitcoin.co/issue/22955,81.65,b-mueller,284,sabre,{},ETH,['https://github.com/b-mueller/sabre/pull/100'],1,16
2022-03-05T12:12:10,,,,https://github.com/b-mueller/sabre/issues/99,b-mueller,https://gitcoin.co/issue/28443,81.65,b-mueller,284,sabre,{},ETH,[],0,-608
2020-06-17T19:39:15,Feature,Weeks,Intermediate,https://github.com/encointer/explorer/issues/8,brenzi,https://gitcoin.co/issue/22712,1195.43,encointer,1012,explorer,{},ETH,"['https://github.com/encointer/explorer/pull/14', 'https://github.com/encointer/explorer/pull/14']",2,17
2022-03-05T12:11:35,Feature,Hours,Intermediate,https://github.com/blockstack/hackathons/issues/4,jdbender66,https://gitcoin.co/issue/28439,0.24,blockstack,3432,hackathons,{},ETH,[],0,-613
2020-06-10T20:14:31,Feature,Hours,Beginner,https://github.com/great-hill-corporation/trueblocks-core/issues/1469,tjayrush,https://gitcoin.co/issue/22566,122.23,great-hill-corporation,2103,trueblocks-core,{},ETH,['https://github.com/Great-Hill-Corporation/trueblocks-core/pull/1472'],1,5
2020-07-22T03:41:02,,,,https://github.com/status-im/status-keycard/issues/68,statussceptre,https://gitcoin.co/issue/23415,0.25,status-im,2235,status-keycard,{},ETH,['https://github.com/luibo/KeycardForiPhone'],2,-16
2020-07-21T22:26:19,,,,https://github.com/status-im/status-keycard/issues/69,statussceptre,https://gitcoin.co/issue/23410,0.25,status-im,2194,status-keycard,{},ETH,['https://github.com/choppu/keycard-sdk'],2,-15
2020-08-27T17:51:20,,,,https://github.com/status-im/status-keycard/issues/70,statussceptre,https://gitcoin.co/issue/23573,0.25,status-im,2724,status-keycard,{},ETH,[],4,10
2020-06-01T18:18:06,Bug,Hours,Beginner,https://github.com/danlipert/gitcoin-test/issues/78,danlipert,https://gitcoin.co/issue/22378,2.48,danlipert,13,gitcoin-test,{},ETH,['https://github.com/danlipert/gitcoin-test/issues/78'],1,29
2020-06-03T03:22:31,Feature,,Intermediate,https://github.com/proofsuite/orfeed/issues/73,mikedeshazer,https://gitcoin.co/issue/22407,92.73,proofsuite,1963,orfeed,{},ETH,['https://github.com/ProofSuite/OrFeed/pull/74'],1,-1
2020-05-29T18:18:42,Bug,Hours,Beginner,https://github.com/danlipert/gitcoin-test/issues/77,danlipert,https://gitcoin.co/issue/22341,2.21,danlipert,12,gitcoin-test,{},ETH,['https://github.com/danlipert/gitcoin-test/issues/76'],1,30
2020-06-02T16:25:12,Improvement,Days,Intermediate,https://github.com/encointer/explorer/issues/9,brenzi,https://gitcoin.co/issue/22391,150.34,encointer,544,explorer,{},ETH,['https://github.com/encointer/explorer/pull/10'],1,25
2020-07-17T10:03:53,,,,https://github.com/gitcoinco/web/issues/6726,owocki,https://gitcoin.co/issue/23365,624.69,gitcoinco,1087,web,{},ETH,[],10,-35
2020-06-29T16:14:50,,,,https://github.com/gitcoinco/web/issues/6646,owocki,https://gitcoin.co/issue/23089,104.11,gitcoinco,1414,web,{},ETH,['https://github.com/gitcoinco/web/pull/6777'],1,-2
2020-06-19T12:02:38,Feature,Days,Intermediate,https://github.com/democracyearth/democracydao/issues/1,santisiri,https://gitcoin.co/issue/22953,493.46,democracyearth,4064,democracydao,{},ETH,[],3,-9
2022-03-05T12:09:41,Feature,Days,Intermediate,https://github.com/democracyearth/democracydao/issues/1,santisiri,https://gitcoin.co/issue/28433,493.46,democracyearth,4064,democracydao,{},ETH,[],0,-633
2020-06-29T16:51:57,,,,https://github.com/gitcoinco/web/issues/6718,owocki,https://gitcoin.co/issue/23091,110.51,gitcoinco,516,web,{},ETH,['https://github.com/gitcoinco/web/pull/6808'],1,-3
2020-05-26T18:18:09,,,Beginner,https://github.com/gitcoinco/web/issues/6711,thelostone-mc,https://gitcoin.co/issue/22209,2.01,gitcoinco,659,web,{},ETH,['https://github.com/gitcoinco/web/pull/4011'],1,31
2020-05-25T14:30:30,,Hours,Beginner,https://github.com/larsource/logo-design/issues/1,t14z,https://gitcoin.co/issue/22166,0.00,larsource,123,logo-design,{},ETH,[],0,97333
2020-06-20T00:01:58,Security,Weeks,Intermediate,https://github.com/quantstamp/nybw2020-gitcoin-hackathon-bounty/issues/1,alexvotofuture,https://gitcoin.co/issue/22997,0.20,quantstamp,1986,nybw2020-gitcoin-hackathon-bounty,{},ETH,[],2,-19
2022-03-05T12:08:39,Security,Weeks,Intermediate,https://github.com/quantstamp/nybw2020-gitcoin-hackathon-bounty/issues/1,alexvotofuture,https://gitcoin.co/issue/28428,0.20,quantstamp,1986,nybw2020-gitcoin-hackathon-bounty,{},ETH,[],0,-643
2020-05-21T18:18:11,Improvement,Days,Beginner,https://github.com/danlipert/gitcoin-test/issues/72,danlipert,https://gitcoin.co/issue/22118,1.99,danlipert,96,gitcoin-test,{},ETH,[],1,30
2020-05-20T18:18:04,,,Beginner,https://github.com/gitcoinco/web/issues/6683,thelostone-mc,https://gitcoin.co/issue/22100,2.10,gitcoinco,1905,web,{},ETH,['https://github.com/gitcoinco/web/pull/4011'],1,31
2020-05-19T18:18:10,,,,https://github.com/gitcoinco/web/issues/6677,thelostone-mc,https://gitcoin.co/issue/22065,2.15,gitcoinco,275,web,{},ETH,['https://github.com/gitcoinco/web/pull/5391'],1,31
2020-06-29T15:51:33,,,,https://github.com/gitcoinco/web/issues/6677,owocki,https://gitcoin.co/issue/23088,257.87,gitcoinco,275,web,{},ETH,['https://github.com/gitcoinco/web/pull/6708'],1,-11
2020-06-13T06:03:00,Feature,Days,Advanced,https://github.com/gitcoinco/web/issues/6549,owocki,https://gitcoin.co/issue/22638,365.31,gitcoinco,2091,web,{},ETH,['https://github.com/ScopeLift/gitcoin-web/pull/31/'],1,5
2020-05-18T18:18:18,,,Beginner,https://github.com/gitcoinco/web/issues/6664,thelostone-mc,https://gitcoin.co/issue/22028,2.15,gitcoinco,408,web,{},ETH,['https://github.com/gitcoinco/web/pull/4011'],1,31
2020-05-18T18:18:08,,,,https://github.com/gitcoinco/web/issues/6667,thelostone-mc,https://gitcoin.co/issue/22026,2.15,gitcoinco,1144,web,{},ETH,['https://github.com/gitcoinco/web/pull/5391'],1,31
2020-05-17T06:17:42,,,Beginner,https://github.com/gitcoinco/web/issues/6667,thelostone-mc,https://gitcoin.co/issue/21999,2.01,gitcoinco,1144,web,{},ETH,['https://github.com/gitcoinco/web/pull/4012'],1,31
2020-06-16T17:05:17,,,Intermediate,https://github.com/idena-network/idena-go/issues/431,midenaio,https://gitcoin.co/issue/22699,0.20,idena-network,3850,idena-go,{},ETH,[],6,0
2020-05-17T03:57:38,,,,https://github.com/proofsuite/orfeed/issues/70,mikedeshazer,https://gitcoin.co/issue/21997,30.08,proofsuite,951,orfeed,{},ETH,['https://github.com/ProofSuite/OrFeed/pull/71'],1,14
2020-05-15T06:18:00,,,,https://github.com/gitcoinco/web/issues/6610,molecula451,https://gitcoin.co/issue/21981,0.19,gitcoinco,573,web,{},ETH,[],1,31
2020-05-14T23:02:41,Security,Days,Intermediate,https://github.com/near/community/issues/5,nearmax,https://gitcoin.co/issue/21975,511.78,near,0,community,{},ETH,[],1,7
2020-07-14T18:29:21,Feature,Weeks,Advanced,https://github.com/gitcoinco/downtownstimulus/issues/1,owocki,https://gitcoin.co/issue/23336,6097.50,gitcoinco,3192,downtownstimulus,{},ETH,[],1,-38
2020-06-14T12:25:31,Feature,,Advanced,https://github.com/idena-network/idena-go/issues/426,midenaio,https://gitcoin.co/issue/22659,0.20,idena-network,8066,idena-go,{},ETH,[],2,1
2022-03-05T12:07:37,Feature,,Advanced,https://github.com/idena-network/idena-go/issues/426,midenaio,https://gitcoin.co/issue/28424,0.20,idena-network,8066,idena-go,{},ETH,[],0,-628
2020-08-17T10:04:55,Feature,Hours,Advanced,https://github.com/blockstack/hackathons/issues/3,jdbender66,https://gitcoin.co/issue/23529,0.20,blockstack,3636,hackathons,{},ETH,[],9,-80
2022-03-05T12:07:28,Feature,Hours,Advanced,https://github.com/blockstack/hackathons/issues/3,jdbender66,https://gitcoin.co/issue/28423,0.20,blockstack,3636,hackathons,{},ETH,[],0,-645
2020-06-27T20:51:25,Feature,Hours,Intermediate,https://github.com/blockstack/hackathons/issues/2,jdbender66,https://gitcoin.co/issue/23065,0.20,blockstack,3652,hackathons,{},ETH,[],11,-29
2022-03-05T12:07:18,Feature,Hours,Intermediate,https://github.com/blockstack/hackathons/issues/2,jdbender66,https://gitcoin.co/issue/28422,0.20,blockstack,3652,hackathons,{},ETH,[],0,-645
2020-06-27T20:55:18,Feature,Hours,Beginner,https://github.com/blockstack/hackathons/issues/1,jdbender66,https://gitcoin.co/issue/23066,0.20,blockstack,3284,hackathons,{},ETH,[],25,-29
2022-03-05T12:06:59,Feature,Hours,Beginner,https://github.com/blockstack/hackathons/issues/1,jdbender66,https://gitcoin.co/issue/28421,0.20,blockstack,3284,hackathons,{},ETH,[],0,-645
2020-05-14T18:18:26,,,,https://github.com/gitcoinco/web/issues/6636,shitzu-mc,https://gitcoin.co/issue/21967,2.03,gitcoinco,181,web,{},ETH,['https://github.com/gitcoinco/web/pull/4653'],1,31
2020-05-13T18:18:04,,,,https://github.com/gitcoinco/web/issues/6645,thelostone-mc,https://gitcoin.co/issue/21952,2.00,gitcoinco,426,web,{},ETH,['https://github.com/gitcoinco/web/pull/4011'],1,31
2020-11-29T10:49:25,Feature,Weeks,Beginner,https://github.com/azure-samples/bc-community-samples/issues/79,alexvotofuture,https://gitcoin.co/issue/24279,0.19,azure-samples,3872,bc-community-samples,{},ETH,[],1,-186
2022-03-05T12:06:06,Feature,Weeks,Beginner,https://github.com/azure-samples/bc-community-samples/issues/79,alexvotofuture,https://gitcoin.co/issue/28419,0.19,azure-samples,3872,bc-community-samples,{},ETH,[],0,-647
2020-05-28T00:57:58,Feature,Weeks,Beginner,https://github.com/azure-samples/bc-community-samples/issues/78,alexvotofuture,https://gitcoin.co/issue/22273,0.19,azure-samples,3728,bc-community-samples,{},ETH,[],1,0
2020-05-29T20:48:50,Feature,Weeks,Beginner,https://github.com/azure-samples/bc-community-samples/issues/77,alexvotofuture,https://gitcoin.co/issue/22344,0.19,azure-samples,3629,bc-community-samples,{},ETH,[],2,-2
2020-05-28T06:06:57,Feature,Weeks,Beginner,https://github.com/azure-samples/bc-community-samples/issues/75,alexvotofuture,https://gitcoin.co/issue/22282,0.19,azure-samples,3514,bc-community-samples,{},ETH,[],5,0
2020-05-27T19:53:50,Feature,Weeks,Beginner,https://github.com/azure-samples/bc-community-samples/issues/76,alexvotofuture,https://gitcoin.co/issue/22250,0.19,azure-samples,3579,bc-community-samples,{},ETH,[],6,0
2020-05-07T01:51:18,Feature,Weeks,Beginner,https://github.com/gitcoinco/skunkworks/issues/161,alexvotofuture,https://gitcoin.co/issue/21680,0.21,gitcoinco,2397,skunkworks,{},ETH,[],0,21
2020-05-29T10:10:35,Feature,Weeks,Beginner,https://github.com/nebulouslabs/skynet-hive/issues/4,alexvotofuture,https://gitcoin.co/issue/22327,0.20,nebulouslabs,2142,skynet-hive,{},ETH,[],16,-2
2020-06-01T15:08:24,Feature,Days,Beginner,https://github.com/gitcoinco/skunkworks/issues/160,alexvotofuture,https://gitcoin.co/issue/22375,0.20,gitcoinco,968,skunkworks,{},ETH,[],8,-5
2020-06-01T18:02:38,Feature,Days,Beginner,https://github.com/gitcoinco/skunkworks/issues/159,alexvotofuture,https://gitcoin.co/issue/22377,0.20,gitcoinco,983,skunkworks,{},ETH,[],13,-14
2020-06-05T17:59:29,,,Intermediate,https://github.com/nearprotocol/ready-layer-one-hackathon/issues/7,skidanovalex,https://gitcoin.co/issue/22443,0.20,nearprotocol,2419,ready-layer-one-hackathon,{},ETH,"['https://github.com/bakaoh/ftm', 'https://github.com/fragmnt/stardust-market', 'https://github.com/x5engine/eskimo']",4,-17
2020-05-23T13:31:12,Other,Days,Intermediate,https://github.com/cybercongress/cyb-virus/issues/82,serejandmyself,https://gitcoin.co/issue/22141,348.34,cybercongress,1170,cyb-virus,{},ETH,[],0,14
2020-05-06T18:18:11,Feature,Days,Intermediate,https://github.com/aaayushsingh/electra/issues/3,aaayushsingh,https://gitcoin.co/issue/21670,0.60,aaayushsingh,298,electra,{},ETH,[],1,31
2020-06-05T17:59:37,,,Intermediate,https://github.com/nearprotocol/ready-layer-one-hackathon/issues/8,skidanovalex,https://gitcoin.co/issue/22444,0.21,nearprotocol,2596,ready-layer-one-hackathon,{},ETH,"['https://github.com/Gungz/flux-bot', 'https://github.com/elviric/NEAR-RL-Hack2020']",3,-17
2020-06-05T17:59:53,,,Beginner,https://github.com/nearprotocol/ready-layer-one-hackathon/issues/4,skidanovalex,https://gitcoin.co/issue/22446,0.21,nearprotocol,2633,ready-layer-one-hackathon,{},ETH,"['https://github.com/srisankethu/building-audit', 'https://github.com/sarangparikh22/move-near']",3,-17
2020-11-29T10:47:13,Documentation,Hours,Intermediate,https://github.com/daaab/bbft/issues/18,daaab,https://gitcoin.co/issue/24276,20.54,daaab,1561,bbft,{},ETH,[],1,-176
2022-03-05T12:02:58,Documentation,Hours,Intermediate,https://github.com/daaab/bbft/issues/18,daaab,https://gitcoin.co/issue/28409,20.54,daaab,1561,bbft,{},ETH,[],0,-637
2020-11-29T10:47:21,Feature,Weeks,Beginner,https://github.com/elastos/elastos.community/issues/506,elastosjs,https://gitcoin.co/issue/24277,0.21,elastos,8207,elastos.community,{},ETH,['https://github.com/emmaodia/elastOS-supportSMES-dApp'],7,-182
2022-03-05T12:03:09,Feature,Weeks,Beginner,https://github.com/elastos/elastos.community/issues/506,elastosjs,https://gitcoin.co/issue/28410,0.21,elastos,8207,elastos.community,{},ETH,[],0,-643
2020-05-20T20:04:47,Feature,Weeks,Intermediate,https://github.com/encointer/explorer/issues/2,brenzi,https://gitcoin.co/issue/22102,251.77,encointer,2912,explorer,{},ETH,['https://github.com/encointer/explorer/pull/3'],1,16
2020-05-29T05:35:31,,Weeks,Beginner,https://github.com/elastos/elastos.community/issues/505,elastosjs,https://gitcoin.co/issue/22320,0.21,elastos,8665,elastos.community,{},ETH,[],1,32
2022-03-05T12:02:47,,Weeks,Beginner,https://github.com/elastos/elastos.community/issues/505,elastosjs,https://gitcoin.co/issue/28408,0.21,elastos,8665,elastos.community,{},ETH,[],0,-613
2020-05-07T20:47:50,,,,https://github.com/gitcoinco/web/issues/6542,owocki,https://gitcoin.co/issue/21693,82.60,gitcoinco,1006,web,{},ETH,[],1,28
2020-08-29T09:53:11,,,,https://github.com/gitcoinco/web/issues/6542,owocki,https://gitcoin.co/issue/23592,82.60,gitcoinco,1006,web,{},ETH,[],0,-86
2020-05-28T03:35:08,,Days,Intermediate,https://github.com/stellar/hackathon-get-started/issues/1,koltenb,https://gitcoin.co/issue/22280,0.21,stellar,1917,hackathon-get-started,{},ETH,[],8,0
2022-03-05T12:01:47,,Days,Intermediate,https://github.com/stellar/hackathon-get-started/issues/1,koltenb,https://gitcoin.co/issue/28403,0.21,stellar,1917,hackathon-get-started,{},ETH,[],0,-647
2020-05-03T18:17:42,,,,https://github.com/test_test_1_2_3_4,test4,https://gitcoin.co/issue/21582,0.00,test_test_1_2_3_4,12,,{},ETH,[],2,97354
2020-05-03T18:17:38,,,,https://github.com/test_test_1_2_4,test4,https://gitcoin.co/issue/21581,0.00,test_test_1_2_4,13,,{},ETH,[],1,97354
2020-05-03T06:18:09,,,,https://github.com/test_test_1_2_3,test4,https://gitcoin.co/issue/21572,0.00,test_test_1_2_3,5,,{},ETH,[],1,97355
2020-06-23T17:50:37,Improvement,Hours,Beginner,https://github.com/gitcoinco/web/issues/6559,frankchen07,https://gitcoin.co/issue/23024,90.63,gitcoinco,2483,web,{},ETH,['https://github.com/gitcoinco/web/pull/6565'],1,-22
2020-09-17T10:12:59,,,,https://github.com/gitcoinco/web/issues/6548,owocki,https://gitcoin.co/issue/23716,211.99,gitcoinco,1928,web,{},ETH,['https://github.com/gitcoinco/web/pull/6880'],1,-108
2020-06-05T17:59:45,,,Beginner,https://github.com/nearprotocol/ready-layer-one-hackathon/issues/6,skidanovalex,https://gitcoin.co/issue/22445,0.21,nearprotocol,2886,ready-layer-one-hackathon,{},ETH,['https://github.com/dhruvluci/wallet-example/tree/newx'],1,-17
2020-06-05T18:00:04,,,Intermediate,https://github.com/nearprotocol/ready-layer-one-hackathon/issues/5,skidanovalex,https://gitcoin.co/issue/22447,0.21,nearprotocol,2826,ready-layer-one-hackathon,{},ETH,"['https://github.com/sarangparikh22/move-near', 'https://github.com/BrittanyDeventer/dApp-voter', 'https://github.com/theCydonian/AudioEyes']",3,-17
2022-03-05T12:00:54,,,Intermediate,https://github.com/nearprotocol/ready-layer-one-hackathon/issues/5,skidanovalex,https://gitcoin.co/issue/28399,0.21,nearprotocol,2826,ready-layer-one-hackathon,{},ETH,[],0,-655
2020-11-29T10:45:52,,,Intermediate,https://github.com/nearprotocol/ready-layer-one-hackathon/issues/3,skidanovalex,https://gitcoin.co/issue/24274,0.21,nearprotocol,2578,ready-layer-one-hackathon,{},ETH,['https://github.com/hdriqi/paras-alpha/'],3,-194
2022-03-05T12:00:45,,,Intermediate,https://github.com/nearprotocol/ready-layer-one-hackathon/issues/3,skidanovalex,https://gitcoin.co/issue/28398,0.21,nearprotocol,2578,ready-layer-one-hackathon,{},ETH,[],0,-655
2020-06-05T18:06:19,,,Intermediate,https://github.com/nearprotocol/ready-layer-one-hackathon/issues/2,skidanovalex,https://gitcoin.co/issue/22449,0.21,nearprotocol,2528,ready-layer-one-hackathon,{},ETH,"['https://github.com/zavodil/nearup_telegram_bot', 'https://github.com/emmaodia/shareSalesDapp', 'https://github.com/sarangparikh22/move-near', 'https://github.com/DanielIwoOfficial/NEARSave', 'https://github.com/MikaelLazarev/nearcontracts']",5,-17
2020-04-30T18:18:24,,,Intermediate,https://github.com/gitcoinco/web/issues/6530,thelostone-mc,https://gitcoin.co/issue/21488,2.06,gitcoinco,138,web,{},ETH,['https://github.com/gitcoinco/web/pull/4011'],1,30
2020-05-03T10:09:01,,,,https://github.com/gitcoinco/web/issues/6500,owocki,https://gitcoin.co/issue/21580,98.22,gitcoinco,1723,web,{},ETH,[],1,25
2020-05-19T20:11:31,,,,https://github.com/gitcoinco/web/issues/6517,owocki,https://gitcoin.co/issue/22067,64.83,gitcoinco,775,web,{},ETH,[],1,9
2020-06-09T10:05:22,,,Intermediate,https://github.com/nearprotocol/ready-layer-one-hackathon/issues/1,skidanovalex,https://gitcoin.co/issue/22538,0.20,nearprotocol,2439,ready-layer-one-hackathon,{},ETH,"['https://github.com/sarangparikh22/move-near', 'https://github.com/vbstreetz/downtown-stimulus', 'https://github.com/ALuhning/Paralog', 'https://github.com/emmaodia/guest-book', 'https://github.com/maexx393/stokvel']",7,-21
2020-05-11T19:27:56,,,,https://github.com/gitcoinco/web/issues/6516,owocki,https://gitcoin.co/issue/21771,137.45,gitcoinco,622,web,{},ETH,['https://www.dropbox.com/sh/nwa5hssxbzi2pcs/AACgeuydnjArzg7mFmTffVDUa?dl=0'],1,16
2020-06-29T14:45:21,,,,https://github.com/gitcoinco/web/issues/6493,owocki,https://gitcoin.co/issue/23085,98.18,gitcoinco,3140,web,{},ETH,['https://github.com/gitcoinco/web/pull/6633'],1,-33
2020-05-06T18:38:54,Feature,Hours,Intermediate,https://github.com/diadata-org/diadata/issues/210,kaythxbye,https://gitcoin.co/issue/21672,56.26,diadata-org,561,diadata,{},ETH,['https://github.com/diadata-org/diadata/pull/215'],1,97351
2020-04-22T18:18:14,,,Intermediate,https://github.com/gitcoinco/web/issues/6489,thelostone-mc,https://gitcoin.co/issue/21408,1.83,gitcoinco,383,web,{},ETH,['https://github.com/gitcoinco/web/pull/4011'],1,30
2022-03-05T11:59:43,Documentation,Hours,Intermediate,https://github.com/daaab/bbft/issues/15,daaab,https://gitcoin.co/issue/28396,18.18,daaab,1561,bbft,{},ETH,[],0,-655
2020-05-18T16:42:03,,,,https://github.com/gitcoinco/web/issues/6465,owocki,https://gitcoin.co/issue/22019,127.98,gitcoinco,437,web,{},ETH,['https://docs.google.com/spreadsheets/d/1ngxSgJAZDyrokiUcgAQLPRqhR4wbBLjPHSyHBOigwaA/edit#gid=1132452000'],1,-1
2020-06-08T12:31:43,Feature,Hours,,https://github.com/gitcoinco/web/issues/6442,pixelantdesign,https://gitcoin.co/issue/22479,63.14,gitcoinco,1171,web,{},ETH,['https://github.com/gitcoinco/web/pull/6494'],1,-45
2020-04-17T18:12:54,Feature,Days,Advanced,https://github.com/harmony-one/harmony/issues/2718,gizemcakil,https://gitcoin.co/issue/21362,0.17,harmony-one,2770,harmony,{},ETH,[],0,21
2022-03-05T11:59:31,Feature,Days,Advanced,https://github.com/harmony-one/harmony/issues/2718,gizemcakil,https://gitcoin.co/issue/28395,0.17,harmony-one,2770,harmony,{},ETH,[],0,-666
2020-05-08T02:39:16,Feature,Days,Intermediate,https://github.com/harmony-one/harmony/issues/2717,gizemcakil,https://gitcoin.co/issue/21699,0.17,harmony-one,1566,harmony,{},ETH,[],3,1
2020-05-04T20:06:34,Feature,Weeks,Intermediate,https://github.com/harmony-one/harmony/issues/2716,gizemcakil,https://gitcoin.co/issue/21602,0.17,harmony-one,1464,harmony,{},ETH,[],2,4
2020-04-17T18:09:44,Feature,Hours,Beginner,https://github.com/harmony-one/harmony/issues/2715,gizemcakil,https://gitcoin.co/issue/21358,0.17,harmony-one,1544,harmony,{},ETH,[],0,21
2020-04-17T18:09:49,Bug,Days,Intermediate,https://github.com/harmony-one/harmony/issues/2719,gizemcakil,https://gitcoin.co/issue/21360,0.17,harmony-one,1646,harmony,{},ETH,[],0,21
2020-04-17T18:09:47,Bug,Days,Advanced,https://github.com/harmony-one/harmony/issues/2713,gizemcakil,https://gitcoin.co/issue/21359,0.17,harmony-one,1507,harmony,{},ETH,[],0,21
2020-04-17T18:09:54,Bug,Days,Intermediate,https://github.com/harmony-one/harmony/issues/2712,gizemcakil,https://gitcoin.co/issue/21361,0.17,harmony-one,1610,harmony,{},ETH,[],0,21
2020-04-17T18:09:02,Bug,Days,Intermediate,https://github.com/harmony-one/harmony/issues/2711,gizemcakil,https://gitcoin.co/issue/21353,0.17,harmony-one,1597,harmony,{},ETH,[],0,21
2020-05-01T18:42:15,,,Intermediate,https://github.com/harmony-one/harmony/issues/2710,gizemcakil,https://gitcoin.co/issue/21517,0.17,harmony-one,1529,harmony,{},ETH,[],1,7
2020-04-17T17:05:59,Bug,Days,Intermediate,https://github.com/harmony-one/harmony/issues/2704,gizemcakil,https://gitcoin.co/issue/21351,0.17,harmony-one,1762,harmony,{},ETH,[],0,21
2020-04-17T16:53:43,Bug,Days,Advanced,https://github.com/harmony-one/harmony/issues/2703,gizemcakil,https://gitcoin.co/issue/21349,0.17,harmony-one,1840,harmony,{},ETH,[],0,21
2020-05-04T20:55:39,Bug,Days,Advanced,https://github.com/harmony-one/harmony/issues/2702,gizemcakil,https://gitcoin.co/issue/21604,0.17,harmony-one,1712,harmony,{},ETH,[],1,4
2020-04-17T16:48:18,,Hours,Intermediate,https://github.com/harmony-one/harmony/issues/2757,gizemcakil,https://gitcoin.co/issue/21348,0.17,harmony-one,1606,harmony,{},ETH,[],0,21
2020-05-01T16:08:05,Feature,Hours,Advanced,https://github.com/harmonylion/ideamarkets/issues/22,harmonylion,https://gitcoin.co/issue/21512,300.33,harmonylion,9,ideamarkets,{},ETH,['https://gitlab.com/IdeaMarket/app-v2/-/merge_requests/19'],1,16
2020-05-01T14:56:52,Feature,Hours,Intermediate,https://github.com/gitcoinco/web/issues/6450,pixelantdesign,https://gitcoin.co/issue/21510,172.27,gitcoinco,1554,web,{},ETH,"['https://github.com/gitcoinco/web/pull/6464', 'https://github.com/gitcoinco/web/pull/6464']",2,-7
2020-06-08T17:42:03,Feature,Weeks,Intermediate,https://github.com/agoric/cross-chain-hackathon/issues/3,tatyana0219,https://gitcoin.co/issue/22484,0.17,agoric,1668,cross-chain-hackathon,{},ETH,['https://github.com/emmaodia/agoric-auction-dapp'],1,-22
2020-06-08T17:34:48,Feature,Weeks,Intermediate,https://github.com/agoric/cross-chain-hackathon/issues/2,tatyana0219,https://gitcoin.co/issue/22482,0.17,agoric,2367,cross-chain-hackathon,{},ETH,"['https://github.com/vinhyenvodoi98/Cross-Chain-Hackathon-Plant', 'https://github.com/vporton/time-release/tree/rollback', 'https://github.com/vinhyenvodoi98/Cross-Chain-Hackathon-Plant', 'https://github.com/ivanmolto/ice-cave-adventure', 'https://github.com/Kryha/KryhaAgoricHackathon']",6,-22
2022-03-05T11:58:17,Feature,Weeks,Intermediate,https://github.com/agoric/cross-chain-hackathon/issues/2,tatyana0219,https://gitcoin.co/issue/28389,0.17,agoric,2367,cross-chain-hackathon,{},ETH,[],0,-657
2020-06-08T17:37:46,Feature,Weeks,Intermediate,https://github.com/agoric/cross-chain-hackathon/issues/1,tatyana0219,https://gitcoin.co/issue/22483,0.17,agoric,1278,cross-chain-hackathon,{},ETH,['https://github.com/hammadtq/agoric-sdk/blob/hackathon-2020-04/packages/zoe/src/contracts/cdpStableCoin.js'],1,-22
2020-05-04T12:09:25,,,,https://github.com/gitcoinco/web/issues/6448,owocki,https://gitcoin.co/issue/21591,61.14,gitcoinco,480,web,{},ETH,['https://github.com/gitcoinco/web/pull/6455'],1,11
2020-06-03T19:35:16,Feature,Days,Intermediate,https://github.com/unstoppabledomains/decentralized-websites/issues/37,matiasunstoppable,https://gitcoin.co/issue/22418,977.41,unstoppabledomains,1493,decentralized-websites,{},ETH,[],2,0
2020-04-15T18:21:22,,,,https://github.com/gitcoinco/web/issues/6435,thelostone-mc,https://gitcoin.co/issue/21310,1.53,gitcoinco,1589,web,{},ETH,['https://github.com/gitcoinco/web/pull/6079'],1,30
2020-05-18T21:47:30,,,,https://github.com/cosmos/ics/issues/408,haymond,https://gitcoin.co/issue/22042,0.15,cosmos,2077,ics,{},ETH,[],11,0
2022-03-05T11:57:37,,,,https://github.com/cosmos/ics/issues/408,haymond,https://gitcoin.co/issue/28385,0.15,cosmos,2077,ics,{},ETH,[],0,-656
2020-05-02T00:06:58,,Hours,,https://github.com/gitcoinco/web/issues/6208,frankchen07,https://gitcoin.co/issue/21525,87.13,gitcoinco,286,web,{},ETH,['https://github.com/gitcoinco/web/pull/6438'],1,13
2020-05-07T21:35:31,,Days,Beginner,https://github.com/longhashventures/blockchainforgood/issues/2,shikhai,https://gitcoin.co/issue/21694,0.16,longhashventures,3230,blockchainforgood,{},ETH,[],2,1
2020-05-12T19:49:28,Feature,Weeks,Beginner,https://github.com/consensyshealth/hackathons/issues/1,randall-mitchell,https://gitcoin.co/issue/21935,0.16,consensyshealth,6168,hackathons,{},ETH,[],45,-1
2022-03-05T11:57:16,Feature,Weeks,Beginner,https://github.com/consensyshealth/hackathons/issues/1,randall-mitchell,https://gitcoin.co/issue/28384,0.16,consensyshealth,6168,hackathons,{},ETH,[],0,-663
2020-04-15T00:10:37,,,,https://github.com/gitcoinco/skunkworks/issues/156,owocki,https://gitcoin.co/issue/21288,62.54,gitcoinco,544,skunkworks,{},ETH,[],1,29
2020-08-05T09:53:25,,,,https://github.com/gitcoinco/web/issues/6424,owocki,https://gitcoin.co/issue/23488,93.80,gitcoinco,1405,web,{},ETH,[],0,-84
2020-04-20T05:09:00,Documentation,Hours,Intermediate,https://github.com/daaab/bbft/issues/13,daaab,https://gitcoin.co/issue/21378,15.83,daaab,1597,bbft,{},ETH,['https://github.com/dAAAb/BBFT/pull/16'],1,22
2022-03-05T11:56:11,Documentation,Hours,Intermediate,https://github.com/daaab/bbft/issues/13,daaab,https://gitcoin.co/issue/28379,15.83,daaab,1597,bbft,{},ETH,[],0,-662
2020-04-13T04:06:28,Documentation,Hours,Intermediate,https://github.com/daaab/bbft/issues/12,daaab,https://gitcoin.co/issue/21225,15.83,daaab,1337,bbft,{},ETH,['https://github.com/dAAAb/BBFT/pull/14'],1,29
2022-03-05T11:56:02,Documentation,Hours,Intermediate,https://github.com/daaab/bbft/issues/12,daaab,https://gitcoin.co/issue/28378,15.83,daaab,1337,bbft,{},ETH,[],0,-662
2020-04-08T18:19:43,,,,https://github.com/gitcoinco/web/pull/4017,thelostone-mc,https://gitcoin.co/issue/21054,1.73,gitcoinco,1451,web,{},ETH,['https://github.com/gitcoinco/web/pull/4011'],1,30
2020-04-15T21:52:21,,,,https://github.com/gitcoinco/web/issues/6395,owocki,https://gitcoin.co/issue/21313,164.61,gitcoinco,384,web,{},ETH,"['https://github.com/uivlis/provenance', 'https://github.com/gitcoinco/web/pull/6398']",2,25
2020-04-10T22:41:00,Improvement,Hours,Intermediate,https://github.com/fuguefoundation/ff-dapp/issues/5,fuguefoundation,https://gitcoin.co/issue/21176,21.38,fuguefoundation,348,ff-dapp,{},ETH,[],0,24
2020-04-06T15:24:28,Improvement,Hours,Intermediate,https://github.com/mixinnetwork/mixin/issues/43,cedricfung,https://gitcoin.co/issue/20969,86.01,mixinnetwork,194,mixin,{},ETH,['https://github.com/MixinNetwork/mixin/pull/49'],1,97382
2020-04-07T01:56:39,,,,https://github.com/gitcoinco/web/issues/6369,owocki,https://gitcoin.co/issue/21010,98.83,gitcoinco,871,web,{},ETH,[],1,27
2020-04-03T10:28:54,Improvement,Hours,Beginner,https://github.com/supabase/realtime/issues/18,awalias,https://gitcoin.co/issue/20916,49.42,supabase,155,realtime,{},ETH,['https://github.com/supabase/realtime/pull/27'],1,30
2020-11-29T10:41:34,Documentation,Hours,Intermediate,https://github.com/daaab/bbft/issues/10,daaab,https://gitcoin.co/issue/24266,16.25,daaab,1244,bbft,{},ETH,['https://github.com/dAAAb/BBFT/pull/11'],1,-211
2022-03-05T11:53:00,Documentation,Hours,Intermediate,https://github.com/daaab/bbft/issues/10,daaab,https://gitcoin.co/issue/28364,16.25,daaab,1244,bbft,{},ETH,[],0,-672
2020-04-01T18:18:57,Bug,Hours,Beginner,https://github.com/danlipert/gitcoin-test/issues/67,danlipert,https://gitcoin.co/issue/20898,0.14,danlipert,18,gitcoin-test,{},ETH,[],1,30
2020-03-31T12:30:46,Feature,,Intermediate,https://github.com/surevx/surevx-collatpool/issues/3,benjamistan,https://gitcoin.co/issue/20878,48.87,surevx,966,surevx-collatpool,{},ETH,['https://github.com/SureVX/surevx-collatpool/pull/4'],1,35
2020-04-01T17:09:21,,,,https://github.com/gitcoinco/creative/issues/204,owocki,https://gitcoin.co/issue/20894,131.38,gitcoinco,926,creative,{},ETH,[],4,26
2020-04-13T12:45:26,,Days,Beginner,https://github.com/gitcoinco/web/issues/6318,owocki,https://gitcoin.co/issue/21238,262.76,gitcoinco,1301,web,{},ETH,[],1,14
2022-03-02T19:23:31,,,,https://github.com/gitcoinco/web/issues/6300,thelostone-mc,https://gitcoin.co/issue/27868,1.38,gitcoinco,1509,web,{},ETH,[],0,-676
2020-11-29T10:40:58,Documentation,Hours,Intermediate,https://github.com/etherdotblue/mythx/issues/3,EtherDotBlue,https://gitcoin.co/issue/24265,69.20,etherdotblue,944,mythx,{},ETH,['https://medium.com/@drisselbaghdadibbt/developer-experience-with-mythx-770209a95231'],3,-233
2022-03-05T11:51:38,Documentation,Hours,Intermediate,https://github.com/etherdotblue/mythx/issues/3,EtherDotBlue,https://gitcoin.co/issue/28361,69.20,etherdotblue,944,mythx,{},ETH,[],0,-694
2020-06-29T17:32:53,Improvement,,Beginner,https://github.com/gitcoinco/web/issues/6298,PixelantDesign,https://gitcoin.co/issue/23092,33.99,gitcoinco,97,web,{},ETH,['https://github.com/gitcoinco/web/pull/6485'],1,-65
2020-03-31T08:08:35,Other,Hours,Advanced,https://github.com/etherdotblue/mythx/issues/4,EtherDotBlue,https://gitcoin.co/issue/20872,135.97,etherdotblue,784,mythx,{},ETH,"['https://medium.com/@msolomon44/ethereum-security-analysis-tools-an-introduction-and-comparison-1096194e64d5', 'https://link.medium.com/COasCs4ed5', 'https://medium.com/@charingane/smart-contract-security-tools-comparison-4aaddf301f01']",3,11
2022-03-05T11:50:55,Other,Hours,Advanced,https://github.com/etherdotblue/mythx/issues/4,EtherDotBlue,https://gitcoin.co/issue/28359,135.97,etherdotblue,784,mythx,{},ETH,[],0,-693
2020-06-25T10:12:49,Improvement,Days,Advanced,https://github.com/zilliqa/ledger-app-zilliqa/issues/1,evesnow91,https://gitcoin.co/issue/23053,4758.95,zilliqa,3041,ledger-app-zilliqa,{},ETH,['https://github.com/Zilliqa/ledger-app-zilliqa/pull/3'],1,8
2020-03-30T01:47:43,Documentation,Hours,Intermediate,https://github.com/daaab/bbft/issues/8,dAAAb,https://gitcoin.co/issue/20856,13.84,daaab,1283,bbft,{},ETH,['https://github.com/dAAAb/BBFT/pull/9'],1,25
2022-03-05T11:50:34,Documentation,Hours,Intermediate,https://github.com/daaab/bbft/issues/8,dAAAb,https://gitcoin.co/issue/28357,13.84,daaab,1283,bbft,{},ETH,[],0,-680
2020-03-26T21:14:48,Bug,Hours,Intermediate,https://github.com/wearekickback/contracts/issues/56,connoroday,https://gitcoin.co/issue/20818,133.36,wearekickback,2972,contracts,{},ETH,['https://github.com/wearekickback/shared/pull/1'],1,25
2020-03-23T17:35:10,,,,https://github.com/gitcoinco/web/issues/6224,owocki,https://gitcoin.co/issue/20750,133.36,gitcoinco,192,web,{},ETH,['https://github.com/gitcoinco/web/pull/6264'],1,27
2020-03-24T18:06:47,,,,https://github.com/ethhub-io/ethhub/issues/440,owocki,https://gitcoin.co/issue/20764,47.74,ethhub-io,233,ethhub,{},ETH,['https://github.com/ethhub-io/ethhub/pull/444'],1,26
2021-03-17T09:58:23,Documentation,Hours,Intermediate,https://github.com/daaab/bbft/issues/6,dAAAb,https://gitcoin.co/issue/25252,13.64,daaab,1150,bbft,{},ETH,['https://github.com/dAAAb/BBFT/pull/7'],1,-332
2022-03-05T11:50:02,Documentation,Hours,Intermediate,https://github.com/daaab/bbft/issues/6,dAAAb,https://gitcoin.co/issue/28355,13.64,daaab,1150,bbft,{},ETH,[],0,-685
2021-03-17T09:58:16,Feature,Weeks,Advanced,https://github.com/gitcoinco/web/issues/6254,owocki,https://gitcoin.co/issue/25251,7083.60,gitcoinco,690,web,{},ETH,[],0,-322
2022-03-05T11:49:51,Feature,Weeks,Advanced,https://github.com/gitcoinco/web/issues/6254,owocki,https://gitcoin.co/issue/28354,7083.60,gitcoinco,690,web,{},ETH,[],0,-675
2021-03-17T09:57:59,,,,https://github.com/gitcoinco/web/issues/6223,owocki,https://gitcoin.co/issue/25249,54.18,gitcoinco,510,web,{},ETH,['https://github.com/gitcoinco/web/pull/6245'],1,-335
2022-03-05T11:49:31,,,,https://github.com/gitcoinco/web/issues/6223,owocki,https://gitcoin.co/issue/28352,54.18,gitcoinco,510,web,{},ETH,[],0,-688
2020-03-23T15:08:59,Security,Hours,Intermediate,https://github.com/vporton/courts/issues/1,vporton,https://gitcoin.co/issue/20748,86.58,vporton,181,courts,{},ETH,['https://gist.github.com/RideSolo/3fd4c650f32da42d618143dde639238c'],1,24
2020-05-07T22:14:34,,Weeks,Intermediate,https://github.com/wearekickback/app/issues/267,vs77bb,https://gitcoin.co/issue/21696,509.40,wearekickback,2864,app,{},ETH,[],2,-31
2021-03-17T09:57:50,Feature,Weeks,Advanced,https://github.com/alto-io/funding-the-future/issues/2,polats,https://gitcoin.co/issue/25248,840.97,alto-io,2195,funding-the-future,{},ETH,[],3,-345
2022-03-05T11:49:16,Feature,Weeks,Advanced,https://github.com/alto-io/funding-the-future/issues/2,polats,https://gitcoin.co/issue/28351,840.97,alto-io,2195,funding-the-future,{},ETH,[],0,-698
2020-08-13T09:48:28,Documentation,Hours,Beginner,https://github.com/gitcoinco/web/issues/6235,danlipert,https://gitcoin.co/issue/23517,11.21,gitcoinco,165,web,{},ETH,['https://github.com/gitcoinco/web/issues/6235#issuecomment-611476392'],1,-1
2021-03-17T09:57:36,,Days,Intermediate,https://github.com/alto-io/funding-the-future/issues/1,polats,https://gitcoin.co/issue/25247,840.97,alto-io,2220,funding-the-future,{},ETH,[],4,-345
2022-03-05T11:49:00,,Days,Intermediate,https://github.com/alto-io/funding-the-future/issues/1,polats,https://gitcoin.co/issue/28350,840.97,alto-io,2220,funding-the-future,{},ETH,[],0,-698
2020-03-23T09:22:39,Feature,Hours,Advanced,https://github.com/etherdotblue/mythx/issues/2,EtherDotBlue,https://gitcoin.co/issue/20742,307.32,etherdotblue,736,mythx,{},ETH,[],2,17
2021-03-17T09:57:27,Other,Hours,Intermediate,https://github.com/etherdotblue/mythx/issues/1,EtherDotBlue,https://gitcoin.co/issue/25246,243.10,etherdotblue,750,mythx,{},ETH,['https://medium.com/@charingane/how-to-install-and-use-mythx-to-secure-your-smart-contract-7b2abc5f2b5b'],2,-351
2022-03-05T11:48:51,Other,Hours,Intermediate,https://github.com/etherdotblue/mythx/issues/1,EtherDotBlue,https://gitcoin.co/issue/28349,243.10,etherdotblue,750,mythx,{},ETH,[],0,-704
2020-03-15T18:18:54,Bug,Days,Beginner,https://github.com/danlipert/gitcoin-test/issues/62,danlipert,https://gitcoin.co/issue/20194,0.12,danlipert,12,gitcoin-test,{},ETH,['https://github.com/gitcoinco/web/pull/4653'],1,31
2020-05-08T00:59:11,Feature,Weeks,Beginner,https://github.com/yanganto/nvim-translate/issues/5,yanganto,https://gitcoin.co/issue/21697,1.01,yanganto,587,nvim-translate,{},ETH,[],0,-23
2020-03-15T06:19:11,Bug,Hours,Beginner,https://github.com/gitcoinco/web/issues/6167,oktopusGc,https://gitcoin.co/issue/19841,1.23,gitcoinco,1,web,{},ETH,['https://github.com/gitcoinco/web/issues/6229'],1,30
2020-03-14T18:19:06,Feature,Days,Beginner,https://github.com/danlipert/gitcoin-test/issues/49,danlipert,https://gitcoin.co/issue/19607,0.12,danlipert,12,gitcoin-test,{},ETH,[],5,30
2021-03-25T09:43:11,,Hours,Intermediate,https://github.com/daaab/bbft/issues/2,dAAAb,https://gitcoin.co/issue/25331,12.80,daaab,1216,bbft,{},ETH,[],0,-323
2022-03-05T11:48:21,,Hours,Intermediate,https://github.com/daaab/bbft/issues/2,dAAAb,https://gitcoin.co/issue/28346,12.80,daaab,1216,bbft,{},ETH,[],0,-668
2020-03-13T22:26:50,Other,Hours,Beginner,https://github.com/onemilliondevs/bounties/issues/7,datakarima,https://gitcoin.co/issue/19554,5.25,onemilliondevs,447,bounties,{},ETH,"['https://github.com/OneMillionDevs/bounties/issues/7', 'https://github.com/OneMillionDevs/bounties/issues/7#issuecomment-598953518', 'https://twitter.com/tokentikki/status/1238572002056769536']",4,7
2020-03-20T09:25:28,Improvement,Hours,Beginner,https://github.com/witnet/witnet-rust/issues/958,Tommytrg,https://gitcoin.co/issue/20707,29.30,witnet,1448,witnet-rust,{},ETH,['https://github.com/witnet/witnet-rust/pull/1082'],1,97399
2020-03-17T14:43:38,Improvement,Hours,Beginner,https://github.com/witnet/witnet-rust/issues/954,Tommytrg,https://gitcoin.co/issue/20652,4.84,witnet,1052,witnet-rust,{},ETH,['https://github.com/witnet/witnet-rust/pull/1083'],1,97402
2022-03-05T11:47:41,Feature,Days,Intermediate,https://github.com/mysteriumnetwork/node/issues/1868,connoroday,https://gitcoin.co/issue/28344,0.19,mysteriumnetwork,2684,node,{},ETH,[],0,-698
2021-03-17T09:56:36,Feature,Days,Intermediate,https://github.com/mysteriumnetwork/node/issues/1867,connoroday,https://gitcoin.co/issue/25240,0.19,mysteriumnetwork,2440,node,{},ETH,['https://github.com/dhaileytaha/mystNetwork'],1,-345
2022-03-05T11:47:37,Feature,Days,Intermediate,https://github.com/mysteriumnetwork/node/issues/1867,connoroday,https://gitcoin.co/issue/28343,0.19,mysteriumnetwork,2440,node,{},ETH,[],0,-698
2021-03-17T09:56:31,Feature,Days,Intermediate,https://github.com/mysteriumnetwork/node/issues/1866,connoroday,https://gitcoin.co/issue/25239,0.19,mysteriumnetwork,2754,node,{},ETH,['https://github.com/mysteriumnetwork/mysterium-vpn-mobile/pull/194'],1,-345
2022-03-05T11:47:27,Feature,Days,Intermediate,https://github.com/mysteriumnetwork/node/issues/1866,connoroday,https://gitcoin.co/issue/28342,0.19,mysteriumnetwork,2754,node,{},ETH,[],0,-698
2020-03-22T16:15:05,Improvement,,Intermediate,https://github.com/matter-labs/web3swift/issues/202,skywinder,https://gitcoin.co/issue/20731,29.16,matter-labs,318,web3swift,{},ETH,['https://github.com/matter-labs/web3swift/pull/249'],1,19
2020-05-01T19:15:54,,,,https://github.com/gitcoinco/web/issues/6194,owocki,https://gitcoin.co/issue/21519,203.14,gitcoinco,1398,web,{},ETH,[],1,-22
2020-05-04T17:35:54,,,,https://github.com/gitcoinco/web/issues/6193,owocki,https://gitcoin.co/issue/21595,203.14,gitcoinco,1340,web,{},ETH,['https://github.com/gitcoinco/web/pull/6411'],1,-25
2020-04-29T10:00:04,,,,https://github.com/gitcoinco/web/issues/6192,owocki,https://gitcoin.co/issue/21472,203.14,gitcoinco,1269,web,{},ETH,['https://github.com/gitcoinco/web/pull/6231'],1,-20
2020-03-27T19:56:42,,,Beginner,https://github.com/gitcoinco/web/issues/6190,owocki,https://gitcoin.co/issue/20826,995.10,gitcoinco,448,web,{},ETH,[],15,13
2020-03-09T18:18:18,Bug,Days,Beginner,https://github.com/gitcoinco/web/pull/4017,thelostone-mc,https://gitcoin.co/issue/19453,1.99,gitcoinco,1451,web,{},ETH,[],1,31
2020-03-16T23:49:19,,,,https://github.com/gitcoinco/web/issues/6169,owocki,https://gitcoin.co/issue/20637,2449.20,gitcoinco,1933,web,{},ETH,[],5,21
2020-03-24T01:00:33,Improvement,Hours,Intermediate,https://github.com/ensdomains/address-encoder/issues/26,Arachnid,https://gitcoin.co/issue/20755,960.13,ensdomains,1179,address-encoder,{},ETH,[],3,13
2020-04-06T00:53:07,Improvement,Hours,,https://github.com/gitcoinco/web/issues/6149,PixelantDesign,https://gitcoin.co/issue/20956,185.78,gitcoinco,1002,web,{},ETH,['https://github.com/gitcoinco/web/pull/6156'],1,0
2020-04-06T00:53:05,Feature,,Intermediate,https://github.com/gitcoinco/web/issues/6121,PixelantDesign,https://gitcoin.co/issue/20955,162.52,gitcoinco,1278,web,{},ETH,['https://github.com/gitcoinco/web/pull/6181'],1,0
2020-03-20T00:03:55,Design,Hours,Intermediate,https://github.com/gitcoinco/web/issues/6139,owocki,https://gitcoin.co/issue/20702,2243.00,gitcoinco,3320,web,{},ETH,[],14,16
2020-06-24T21:58:05,,,,https://github.com/gitcoinco/web/issues/6116,owocki,https://gitcoin.co/issue/23045,33.42,gitcoinco,1158,web,{},ETH,['https://github.com/gitcoinco/web/pull/6937'],1,-82
2020-03-10T17:13:46,Bug,Hours,Advanced,https://github.com/cybersemics/em/issues/308,raineorshine,https://gitcoin.co/issue/19476,272.46,cybersemics,1565,em,{},ETH,"['https://github.com/cybersemics/em/pull/414', 'https://github.com/cybersemics/em/pull/399']",2,38
2020-04-29T22:38:45,Improvement,Days,Intermediate,https://github.com/gitcoinco/web/issues/6087,frankchen07,https://gitcoin.co/issue/21479,340.37,gitcoinco,1361,web,{},ETH,['https://github.com/gitcoinco/web/pull/6128'],1,97358
2020-03-02T15:10:08,Bug,Hours,Beginner,https://github.com/gitcoinco/web/issues/6093,PixelantDesign,https://gitcoin.co/issue/19364,24.52,gitcoinco,283,web,{},ETH,['https://github.com/gitcoinco/web/pull/6097'],1,26
2020-04-30T12:52:44,,,,https://github.com/gitcoinco/web/issues/6095,PixelantDesign,https://gitcoin.co/issue/21483,309.01,gitcoinco,1091,web,{},ETH,['https://github.com/gitcoinco/web/pull/6301'],1,-33
2020-02-25T07:18:15,Improvement,Weeks,Intermediate,https://github.com/ratings_sec_sec_1,test4,https://gitcoin.co/issue/19270,0.00,ratings_sec_sec_1,8,,{},ETH,['https://github.com/fix_fix_1'],1,97423
2020-03-06T04:43:56,Improvement,Hours,Intermediate,https://github.com/ensdomains/address-encoder/issues/26,Arachnid,https://gitcoin.co/issue/19415,2124.72,ensdomains,1179,address-encoder,{},ETH,[],3,19
2020-02-25T07:18:09,Improvement,Weeks,Intermediate,https://github.com/ratings_sec,test4,https://gitcoin.co/issue/19268,0.00,ratings_sec,17,,{},ETH,['https://github.com/ratings_sec_pr'],1,97423
2020-03-11T21:36:44,,,,https://github.com/skr-v/pixelartdecentraland/issues/3,skr-v,https://gitcoin.co/issue/19503,135.42,skr-v,159,pixelartdecentraland,{},ETH,['https://github.com/skr-v/PixelArtDecentraland/pull/4'],1,12
2020-02-24T06:07:02,,,,https://github.com/skr-v/pixelartdecentraland/issues/1,skr-v,https://gitcoin.co/issue/19251,265.07,skr-v,219,pixelartdecentraland,{},ETH,['https://github.com/skr-v/PixelArtDecentraland/pull/2'],1,27
2020-02-25T17:54:36,Documentation,Weeks,Advanced,https://github.com/quilt/pm/issues/7,villanuevawill,https://gitcoin.co/issue/19272,6047.02,quilt,2277,pm,{},ETH,['https://github.com/quilt/pm/issues/7#issuecomment-589421880'],1,24
2020-02-20T19:18:49,,Hours,Beginner,https://github.com/gitcoinco/web/pull/5033,thelostone-mc,https://gitcoin.co/issue/19193,2.57,gitcoinco,108,web,{},ETH,[],1,28
2020-02-20T19:18:40,,,,https://github.com/thelostone-mc/holo/issues/2,thelostone-mc,https://gitcoin.co/issue/19191,2.57,thelostone-mc,27,holo,{},ETH,[],1,28
2020-02-27T18:47:26,Improvement,Hours,Intermediate,https://github.com/gitcoinco/web/issues/6012,octavioamu,https://gitcoin.co/issue/19317,60.39,gitcoinco,1511,web,{},ETH,['https://github.com/gitcoinco/web/pull/6054'],1,20
2020-02-20T22:46:40,Bug,Hours,Beginner,https://github.com/gitcoinco/web/issues/5992,octavioamu,https://gitcoin.co/issue/19200,60.39,gitcoinco,638,web,{},ETH,['https://github.com/gitcoinco/web/pull/6029'],1,27
2020-02-26T15:07:05,Improvement,Hours,Advanced,https://github.com/gitcoinco/web/issues/5943,octavioamu,https://gitcoin.co/issue/19282,90.59,gitcoinco,875,web,{},ETH,['https://github.com/gitcoinco/web/pull/6045'],1,21
2020-04-29T00:35:49,Improvement,Hours,Beginner,https://github.com/gitcoinco/web/issues/6010,frankchen07,https://gitcoin.co/issue/21468,74.38,gitcoinco,702,web,{},ETH,['https://github.com/gitcoinco/web/pull/6023'],1,97359
2020-02-28T01:42:39,Feature,Days,Advanced,https://github.com/bitmon-world/bitmon-breeding/issues/1,eabz,https://gitcoin.co/issue/19322,517.84,bitmon-world,2511,bitmon-breeding,{},ETH,['https://github.com/bitmon-world/bitmon-breeding/pull/3'],1,18
2020-02-18T13:53:53,Improvement,Hours,Beginner,https://github.com/matter-labs/web3swift/issues/237,skywinder,https://gitcoin.co/issue/19159,11.29,matter-labs,406,web3swift,{},ETH,[],0,28
2020-03-09T19:29:08,,,Intermediate,https://github.com/pegnet/pegnet/issues/355,Swibb,https://gitcoin.co/issue/19456,493.53,pegnet,160,pegnet,{},ETH,['https://github.com/pRoy24/pegnet-chainlink-client'],1,6
2020-03-17T18:32:02,Feature,Hours,Intermediate,https://github.com/pegnet/pegnetd/issues/124,Swibb,https://gitcoin.co/issue/20658,493.53,pegnet,103,pegnetd,{},ETH,[],1,-3
2021-03-17T09:51:47,Feature,Hours,Beginner,https://github.com/unstoppabledomains/decentralized-websites/issues/6,matiasunstoppable,https://gitcoin.co/issue/25220,24.58,unstoppabledomains,722,decentralized-websites,{},ETH,['https://github.com/unstoppabledomains/decentralized-websites/pull/8/'],1,-390
2022-03-05T11:41:19,Feature,Hours,Beginner,https://github.com/unstoppabledomains/decentralized-websites/issues/6,matiasunstoppable,https://gitcoin.co/issue/28323,24.58,unstoppabledomains,722,decentralized-websites,{},ETH,[],0,-743
2020-02-17T17:33:06,Feature,Hours,Beginner,https://github.com/surevx/surevx-collatpool/issues/1,benjamistan,https://gitcoin.co/issue/19149,80.57,surevx,1175,surevx-collatpool,{},ETH,['https://github.com/SureVX/surevx-collatpool/pull/2'],1,10
2020-02-16T06:32:15,Feature,,Intermediate,https://github.com/proofsuite/orfeed/issues/57,mikedeshazer,https://gitcoin.co/issue/19132,51.09,proofsuite,1638,orfeed,{},ETH,['https://github.com/jmlon/TriangularArbitration'],1,60
2021-03-17T09:51:33,Improvement,Hours,Beginner,https://github.com/ethereum-lists/tokens/issues/307,bowensanders,https://gitcoin.co/issue/25218,49.77,ethereum-lists,971,tokens,{},ETH,['https://github.com/ethereum-lists/tokens/pull/309'],1,-372
2022-03-05T11:40:57,Improvement,Hours,Beginner,https://github.com/ethereum-lists/tokens/issues/307,bowensanders,https://gitcoin.co/issue/28321,49.77,ethereum-lists,971,tokens,{},ETH,[],0,-725
2020-02-12T01:55:08,Documentation,Hours,Intermediate,https://github.com/proofsuite/orfeed/issues/54,mikedeshazer,https://gitcoin.co/issue/19070,21.77,proofsuite,873,orfeed,{},ETH,[],1,27
2020-02-10T10:06:11,Documentation,,Intermediate,https://github.com/proofsuite/orfeed/issues/54,mikedeshazer,https://gitcoin.co/issue/19040,21.77,proofsuite,873,orfeed,{},ETH,[],0,29
2020-02-09T09:56:11,Bug,Hours,Intermediate,https://github.com/cybercongress/dot-cyber/issues/15,xhipster,https://gitcoin.co/issue/19033,111.57,cybercongress,85,dot-cyber,{},ETH,['https://github.com/cybercongress/dot-cyber/pull/158'],1,97439
2020-03-09T01:50:11,Feature,Hours,Intermediate,https://github.com/yanganto/s3rs/issues/60,yanganto,https://gitcoin.co/issue/19446,1.13,yanganto,502,s3rs,{},ETH,['https://github.com/yanganto/s3rs/pull/62'],1,7
2020-04-15T17:28:53,,,,https://github.com/gitcoinco/web/issues/5954,owocki,https://gitcoin.co/issue/21306,442.00,gitcoinco,1343,web,{},ETH,['https://github.com/gitcoinco/web/pull/5978'],1,-39
2020-02-10T13:57:25,Feature,Hours,Intermediate,https://github.com/proofsuite/orfeed/issues/52,mikedeshazer,https://gitcoin.co/issue/19044,88.27,proofsuite,1742,orfeed,{},ETH,['https://github.com/ProofSuite/OrFeed/pull/53'],1,26
2020-02-06T19:18:21,Bug,,Beginner,https://github.com/issue1234,funder2,https://gitcoin.co/issue/18992,0.00,issue1234,6,,{},ETH,[],1,97441
2020-02-05T19:18:32,,,,https://github.com/gitcoinco/web/pull/5001,thelostone-mc,https://gitcoin.co/issue/18983,2.04,gitcoinco,170,web,{},ETH,[],1,28
2020-02-11T03:14:30,Improvement,,Intermediate,https://github.com/esteemapp/steemapi/issues/2,feruzm,https://gitcoin.co/issue/19051,19.74,esteemapp,665,steemapi,{},ETH,['https://github.com/esteemapp/steemapi/pull/3'],1,80
2020-04-21T09:45:44,,,,https://github.com/gitcoinco/web/issues/5909,owocki,https://gitcoin.co/issue/21401,471.15,gitcoinco,671,web,{},ETH,['https://github.com/gitcoinco/web/pull/5978'],1,-50
2020-02-03T14:41:07,Design,Hours,Intermediate,https://github.com/jazzholicbae/timelock/issues/1,jazzholicbae,https://gitcoin.co/issue/18955,118.94,jazzholicbae,1455,timelock,{},ETH,[],1,97445
2020-02-06T11:21:44,Feature,,Intermediate,https://github.com/proofsuite/orfeed/issues/46,mikedeshazer,https://gitcoin.co/issue/18989,36.14,proofsuite,2080,orfeed,{},ETH,[],0,24
2020-02-03T12:01:15,Other,Hours,Beginner,https://github.com/cla-assistant/github-action/issues/1,michael-spengler,https://gitcoin.co/issue/18950,3.61,cla-assistant,91,github-action,{},ETH,[],1,26
2020-02-12T06:59:39,Feature,,Intermediate,https://github.com/proofsuite/orfeed/issues/44,mikedeshazer,https://gitcoin.co/issue/19072,40.32,proofsuite,1074,orfeed,{},ETH,['https://github.com/ProofSuite/OrFeed/pull/55'],1,17
2020-01-30T07:17:53,Feature,Hours,Beginner,https://github.com/gitcoinco/web/issues/5838,oktopusGc,https://gitcoin.co/issue/18899,5.04,gitcoinco,293,web,{},ETH,[],1,30
2020-01-30T22:14:14,Improvement,Hours,Advanced,https://github.com/harmonylion/ideamarkets/issues/10,harmonylion,https://gitcoin.co/issue/18908,99.09,harmonylion,384,ideamarkets,{},ETH,['https://gitlab.com/IdeaMarket/app-v2/commit/56fa228016bed47580df24f5764d3d65c6e33c56'],1,30
2021-03-17T09:49:35,,Hours,Beginner,https://github.com/simpleaswater/rfcs/issues/32,vasa-develop,https://gitcoin.co/issue/25207,0.18,simpleaswater,5074,rfcs,{},ETH,[],5,-351
2022-03-05T11:38:14,,Hours,Beginner,https://github.com/simpleaswater/rfcs/issues/32,vasa-develop,https://gitcoin.co/issue/28310,0.18,simpleaswater,5074,rfcs,{},ETH,[],0,-704
2020-01-30T07:17:50,,,,https://github.com/gitcoinco/web/pull/5559,thelostone-mc,https://gitcoin.co/issue/18898,1.74,gitcoinco,1639,web,{},ETH,[],2,30
2021-03-17T09:49:10,Other,Days,Intermediate,https://github.com/consensys/relays/issues/2,zherring,https://gitcoin.co/issue/25203,527.07,consensys,3236,relays,{},ETH,['https://docs.google.com/document/d/1QYCdosxdzt1_ki7L_sokAvq5V9D0_36k_d58ol9G6S8/edit?usp=sharing'],4,-399
2022-03-05T11:37:34,Other,Days,Intermediate,https://github.com/consensys/relays/issues/2,zherring,https://gitcoin.co/issue/28306,527.07,consensys,3236,relays,{},ETH,[],0,-752
2021-03-17T09:49:03,Other,Days,Intermediate,https://github.com/consensys/relays/issues/1,zherring,https://gitcoin.co/issue/25202,527.07,consensys,3500,relays,{},ETH,[],4,-399
2022-03-05T11:37:24,Other,Days,Intermediate,https://github.com/consensys/relays/issues/1,zherring,https://gitcoin.co/issue/28305,527.07,consensys,3500,relays,{},ETH,[],0,-752
2020-01-28T19:18:36,,,,https://github.com/gitcoinco/web/pull/2119,thelostone-mc,https://gitcoin.co/issue/18835,1.76,gitcoinco,606,web,{},ETH,[],2,30
2020-01-28T19:18:31,,,,https://github.com/gitcoinco/web/pull/5122,thelostone-mc,https://gitcoin.co/issue/18834,1.76,gitcoinco,155,web,{},ETH,[],2,30
2020-03-03T21:54:16,Other,Days,Intermediate,https://github.com/gitcoinco/web/issues/5893,owocki,https://gitcoin.co/issue/19379,3441.60,gitcoinco,1848,web,{},ETH,[],4,-5
2020-02-03T02:11:19,,Hours,Advanced,https://github.com/chejazi/points-challenge/issues/1,chejazi,https://gitcoin.co/issue/18946,172.08,chejazi,673,points-challenge,{},ETH,[],5,-1
2020-01-30T03:39:20,Feature,Hours,Intermediate,https://github.com/proofsuite/orfeed/issues/38,mikedeshazer,https://gitcoin.co/issue/18894,50.17,proofsuite,1157,orfeed,{},ETH,['https://github.com/ProofSuite/OrFeed/pull/43'],1,28
2020-01-29T19:09:30,Documentation,Hours,Beginner,https://github.com/proofsuite/orfeed/issues/35,mikedeshazer,https://gitcoin.co/issue/18880,20.82,proofsuite,336,orfeed,{},ETH,['https://github.com/ProofSuite/OrFeed/pull/41'],1,27
2020-01-27T03:08:59,Documentation,Hours,,https://github.com/proofsuite/orfeed/issues/24,mikedeshazer,https://gitcoin.co/issue/18797,19.95,proofsuite,318,orfeed,{},ETH,[],0,29
2020-01-26T00:23:40,Feature,Hours,Beginner,https://github.com/proofsuite/orfeed/issues/33,mikedeshazer,https://gitcoin.co/issue/18789,47.89,proofsuite,1579,orfeed,{},ETH,['https://github.com/ProofSuite/OrFeed/pull/34'],1,58
2020-02-11T17:40:37,,,,https://github.com/gitcoinco/web/issues/5880,owocki,https://gitcoin.co/issue/19060,162.56,gitcoinco,1271,web,{},ETH,['https://github.com/gitcoinco/web/pull/5889'],1,13
2020-06-04T03:57:59,,,,https://github.com/gitcoinco/web/issues/5881,owocki,https://gitcoin.co/issue/22419,162.56,gitcoinco,1841,web,{},ETH,['https://github.com/gitcoinco/web/pull/5884'],1,-100
2020-03-03T03:52:51,,,,https://github.com/gitcoinco/web/issues/5882,owocki,https://gitcoin.co/issue/19373,162.56,gitcoinco,1195,web,{},ETH,['https://github.com/gitcoinco/web/pull/5898'],1,-7
2020-03-12T18:28:45,Bug,Hours,Intermediate,https://github.com/consensys-space/trusat-backend/issues/91,mainnebula,https://gitcoin.co/issue/19514,32.57,consensys-space,352,trusat-backend,{},ETH,['https://github.com/consensys-space/trusat-backend/pull/100'],1,-8
2020-01-24T19:19:39,,,,https://github.com/gitcoinco/web/pull/2222,thelostone-mc,https://gitcoin.co/issue/18748,1.63,gitcoinco,427,web,{},ETH,['https://github.com/gitcoinco/web/pull/5000'],1,29
2021-03-17T09:47:57,Feature,Hours,Advanced,https://github.com/floriange96/gitcoinengage/issues/2,FlorianGe96,https://gitcoin.co/issue/25199,0.16,floriange96,25,gitcoinengage,{},ETH,[],1,97037
2022-03-05T11:36:14,Feature,Hours,Advanced,https://github.com/floriange96/gitcoinengage/issues/2,FlorianGe96,https://gitcoin.co/issue/28302,0.16,floriange96,25,gitcoinengage,{},ETH,[],0,96684
2020-01-23T08:37:10,Improvement,Hours,Intermediate,https://github.com/michael-spengler/gitcoin-test/issues/5,michael-spengler,https://gitcoin.co/issue/18661,1.63,michael-spengler,119,gitcoin-test,{},ETH,['https://github.com/michael-spengler/gitcoin-test/pull/6'],1,97456
2020-03-03T05:55:06,,,,https://github.com/gitcoinco/web/issues/5865,owocki,https://gitcoin.co/issue/19374,83.99,gitcoinco,525,web,{},ETH,['https://github.com/gitcoinco/web/pull/5988'],1,-10
2020-01-22T14:17:03,Feature,Hours,Beginner,https://github.com/michael-spengler/gitcoin-test/issues/3,felixwaage,https://gitcoin.co/issue/18629,0.17,michael-spengler,44,gitcoin-test,{},ETH,[],1,31
2020-01-22T13:33:41,Feature,Hours,Beginner,https://github.com/michael-spengler/gitcoin-test/issues/1,Hawkman59,https://gitcoin.co/issue/18624,0.50,michael-spengler,635,gitcoin-test,{},ETH,[],1,31
2020-01-27T08:27:25,,,,https://github.com/skr-v/pixelartdcl/issues/6,skr-v,https://gitcoin.co/issue/18803,62.85,skr-v,336,pixelartdcl,{},ETH,['https://github.com/skr-v/PixelArtDCL/pull/7'],1,26
2021-03-17T09:47:37,Documentation,Hours,Beginner,https://github.com/harmonylion/99designsformemes/issues/1,harmonylion,https://gitcoin.co/issue/25197,50.78,harmonylion,603,99designsformemes,{},ETH,['https://giphy.com/gifs/federal-reserve-KZLv05W9EKyBPE3gsb'],19,-390
2022-03-05T11:35:52,Documentation,Hours,Beginner,https://github.com/harmonylion/99designsformemes/issues/1,harmonylion,https://gitcoin.co/issue/28300,50.78,harmonylion,603,99designsformemes,{},ETH,[],0,-743
2020-01-22T00:32:35,,,,https://github.com/agarwalyeshu/node-okex-ws-spot/issues/2,agarwalyeshu,https://gitcoin.co/issue/18588,1.02,agarwalyeshu,62,node-okex-ws-spot,{},ETH,['https://github.com/agarwalyeshu/node-okex-ws-spot/pull/3'],1,31
2020-02-10T18:10:47,,,,https://github.com/gitcoinco/web/issues/5838,owocki,https://gitcoin.co/issue/19048,158.50,gitcoinco,293,web,{},ETH,['https://github.com/gitcoinco/web/pull/5877'],1,8
2021-10-27T17:31:12,,,,https://github.com/gitcoinco/web/issues/5832,owocki,https://gitcoin.co/issue/26982,135.45,gitcoinco,1204,web,{},ETH,[],0,-618
2020-01-31T01:07:17,,,,https://github.com/gitcoinco/web/issues/5824,owocki,https://gitcoin.co/issue/18911,98.65,gitcoinco,216,web,{},ETH,[],0,17
2020-01-30T19:09:32,,,,https://github.com/gitcoinco/web/issues/5823,owocki,https://gitcoin.co/issue/18906,131.53,gitcoinco,1138,web,{},ETH,['https://github.com/gitcoinco/web/pull/5839'],1,17
2021-03-17T09:46:57,Documentation,Days,Advanced,https://github.com/quilt/pm/issues/6,villanuevawill,https://gitcoin.co/issue/25196,3310.40,quilt,2917,pm,{},ETH,['https://github.com/quilt/pm/issues/6#issuecomment-575782588'],1,-395
2022-03-05T11:35:11,Documentation,Days,Advanced,https://github.com/quilt/pm/issues/6,villanuevawill,https://gitcoin.co/issue/28299,3310.40,quilt,2917,pm,{},ETH,[],0,-748
2020-01-17T23:35:48,,,,https://github.com/gitcoinco/desktop-app/issues/1,owocki,https://gitcoin.co/issue/18472,49.48,gitcoinco,191,desktop-app,{},ETH,['http://bit.ly/gitcoin-desktop-app'],1,29
2020-01-21T19:24:05,,,,https://github.com/skr-v/pixelartdcl/issues/2,skr-v,https://gitcoin.co/issue/18584,74.77,skr-v,115,pixelartdcl,{},ETH,['https://github.com/skr-v/PixelArtDCL/pull/5'],1,24
2020-01-22T03:32:19,Feature,Hours,Intermediate,https://github.com/arachnid/ethjs-abi-bigquery/issues/1,dappenthusiast,https://gitcoin.co/issue/18589,107.68,arachnid,337,ethjs-abi-bigquery,{},ETH,[],2,-1
2020-02-08T12:50:23,,Hours,Beginner,https://github.com/turqpbc/turqv1/issues/8,TurqPBC,https://gitcoin.co/issue/19027,31.57,turqpbc,215,turqv1,{},ETH,['https://github.com/TurqPBC/turqV1/pull/9'],1,5
2020-10-09T15:58:29,,Days,Intermediate,https://github.com/minds/minds/issues/153,markharding,https://gitcoin.co/issue/23904,801.58,minds,1045,minds,{},ETH,[],0,97196
2020-04-05T10:02:07,,Hours,,https://github.com/minds/minds/issues/152,markharding,https://gitcoin.co/issue/20949,320.55,minds,104,minds,{},ETH,[],0,97383
2020-01-11T21:25:09,,,,https://github.com/gitcoinco/web/issues/5771,owocki,https://gitcoin.co/issue/18181,72.41,gitcoinco,357,web,{},ETH,['https://github.com/gitcoinco/web/pull/577611'],1,30
2020-04-05T10:01:14,,,,https://github.com/gitcoinco/web/issues/5762,owocki,https://gitcoin.co/issue/20948,225.62,gitcoinco,1746,web,{},ETH,['https://github.com/gitcoinco/web/pull/5950'],1,-55
2020-03-07T23:53:26,Improvement,Hours,Beginner,https://github.com/onemilliondevs/bounties/issues/4,KamesCG,https://gitcoin.co/issue/19443,141.90,onemilliondevs,412,bounties,{},ETH,[],7,-11
2020-01-09T19:18:34,,,,https://github.com/gitcoinco/web/pull/5112,thelostone-mc,https://gitcoin.co/issue/18150,1.38,gitcoinco,157,web,{},ETH,[],1,30
2020-01-31T07:06:14,,,,https://github.com/gitcoinco/web/issues/5727,owocki,https://gitcoin.co/issue/18914,1391.10,gitcoinco,709,web,{},ETH,[],2,8
2020-01-15T07:58:34,,,,https://github.com/skr-v/pixelartdcl/issues/1,skr-v,https://gitcoin.co/issue/18336,63.27,skr-v,42,pixelartdcl,{},ETH,['https://github.com/skr-v/PixelArtDCL/pull/4'],1,25
2020-02-04T20:00:47,Feature,Weeks,Intermediate,https://github.com/blockstack/bounties/issues/1,alexvotofuture,https://gitcoin.co/issue/18972,0.14,blockstack,1491,bounties,{},ETH,['https://github.com/x5engine/radiks/tree/BetterErrorMessages'],1,-11
2020-02-04T19:59:17,Feature,Weeks,Intermediate,https://github.com/blockstack/bounties/issues/2,alexvotofuture,https://gitcoin.co/issue/18971,0.14,blockstack,1242,bounties,{},ETH,['https://github.com/blockstack/radiks/pull/72'],1,-11
2020-02-04T20:01:59,Bug,Weeks,Intermediate,https://github.com/blockstack/bounties/issues/3,alexvotofuture,https://gitcoin.co/issue/18973,0.14,blockstack,892,bounties,{},ETH,"['https://github.com/blockstack/radiks-server/pull/35', 'https://github.com/blockstack/radiks-server/pull/34', 'https://github.com/blockstack/radiks-server/pull/36']",4,-11
2020-02-04T19:58:19,Feature,Weeks,Intermediate,https://github.com/blockstack/bounties/issues/4,alexvotofuture,https://gitcoin.co/issue/18970,0.14,blockstack,1178,bounties,{},ETH,"['https://github.com/babyrusa/nuddle', 'https://github.com/friedger/members', 'https://github.com/thelostcreatives/socialli']",3,-11
2020-01-14T15:18:58,,,,https://github.com/gitcoinco/web/issues/5742,owocki,https://gitcoin.co/issue/18241,69.47,gitcoinco,340,web,{},ETH,['https://github.com/gitcoinco/web/pull/5743'],1,25
2020-03-13T09:57:35,,,,https://github.com/gitcoinco/skunkworks/issues/147,owocki,https://gitcoin.co/issue/19523,694.65,gitcoinco,1348,skunkworks,{},ETH,[],0,-34
2020-02-07T07:03:36,Improvement,Hours,Intermediate,https://github.com/consensys-space/trusat-frontend/issues/215,mainnebula,https://gitcoin.co/issue/19005,74.32,consensys-space,1361,trusat-frontend,{},ETH,['https://github.com/consensys-space/trusat-frontend/pull/222'],1,-21
2022-03-05T11:31:58,Improvement,Hours,Intermediate,https://github.com/consensys-space/trusat-frontend/issues/215,mainnebula,https://gitcoin.co/issue/28296,74.32,consensys-space,1361,trusat-frontend,{},ETH,[],0,-778
2020-02-07T19:03:22,Improvement,Hours,Intermediate,https://github.com/gitcoinco/web/issues/5718,PixelantDesign,https://gitcoin.co/issue/19012,149.73,gitcoinco,382,web,{},ETH,['https://github.com/gitcoinco/web/pull/5719'],1,0
2020-01-04T20:15:32,Feature,Hours,Intermediate,https://github.com/criticaltv/infinite-permissionless-digital-stage/issues/2,criticaltv,https://gitcoin.co/issue/18067,63.72,criticaltv,2168,infinite-permissionless-digital-stage,{},ETH,['https://github.com/mul1sh/apps'],1,29
2020-01-09T21:47:58,,,,https://github.com/gitcoinco/web/issues/5654,owocki,https://gitcoin.co/issue/18153,128.22,gitcoinco,2277,web,{},ETH,['https://github.com/gitcoinco/web/pull/5689'],1,11
2021-11-05T09:45:39,,,,https://github.com/gitcoinco/web/issues/5654,owocki,https://gitcoin.co/issue/27030,128.22,gitcoinco,2277,web,{},ETH,[],0,-655
2020-12-17T18:01:04,,,,https://github.com/gitcoinco/web/issues/5661,owocki,https://gitcoin.co/issue/24505,64.11,gitcoinco,1598,web,{},ETH,['https://github.com/gitcoinco/web/pull/5683'],1,-332
2020-01-07T14:54:18,,,,https://github.com/gitcoinco/web/issues/5656,owocki,https://gitcoin.co/issue/18093,50.67,gitcoinco,266,web,{},ETH,['https://github.com/gitcoinco/web/pull/5688'],1,12
2021-11-05T09:45:21,,,,https://github.com/gitcoinco/web/issues/5656,owocki,https://gitcoin.co/issue/27029,50.67,gitcoinco,266,web,{},ETH,[],0,-656
2019-12-19T22:21:47,,,,https://github.com/monadic-xyz/web3/issues/16,owocki,https://gitcoin.co/issue/17966,66.36,monadic-xyz,796,web3,{},ETH,['https://github.com/monadic-xyz/web3/pull/17'],1,30
2021-11-05T09:45:15,,,,https://github.com/monadic-xyz/web3/issues/16,owocki,https://gitcoin.co/issue/27028,66.36,monadic-xyz,796,web3,{},ETH,[],0,-657
2019-12-18T19:18:07,,,,https://github.com/gitcoinco/web/issues/5340,thelostone-mc,https://gitcoin.co/issue/17947,1.33,gitcoinco,999,web,{},ETH,[],1,30
2020-01-03T17:34:09,,,,https://github.com/gitcoinco/web/issues/5647,owocki,https://gitcoin.co/issue/18061,36.59,gitcoinco,208,web,{},ETH,['https://github.com/gitcoinco/web/pull/5650'],1,14
2019-12-19T15:16:36,Improvement,Hours,Advanced,https://github.com/harmonylion/ideamarkets/issues/6,harmonylion,https://gitcoin.co/issue/17955,66.33,harmonylion,238,ideamarkets,{},ETH,['https://gitlab.com/IdeaMarket/app/merge_requests/18'],1,28
2022-03-05T11:30:34,Improvement,Hours,Advanced,https://github.com/harmonylion/ideamarkets/issues/6,harmonylion,https://gitcoin.co/issue/28291,66.33,harmonylion,238,ideamarkets,{},ETH,[],0,-779
2019-12-19T22:20:28,,,,https://github.com/monadic-xyz/web3/issues/10,owocki,https://gitcoin.co/issue/17964,72.38,monadic-xyz,360,web3,{},ETH,[],0,25
2019-12-19T22:22:57,,,,https://github.com/monadic-xyz/web3/issues/11,owocki,https://gitcoin.co/issue/17967,72.38,monadic-xyz,889,web3,{},ETH,['https://github.com/monadic-xyz/web3/pull/12'],1,25
2021-11-05T09:44:56,,,,https://github.com/monadic-xyz/web3/issues/11,owocki,https://gitcoin.co/issue/27027,72.38,monadic-xyz,889,web3,{},ETH,[],0,-662
2019-12-19T17:36:58,Feature,Hours,Intermediate,https://github.com/invisible-college/democracy/issues/39,cryptogoth,https://gitcoin.co/issue/17959,75.05,invisible-college,4108,democracy,{},ETH,[],0,28
2019-12-29T22:35:05,Improvement,Days,Intermediate,https://github.com/iamdefinitelyahuman/brownie/issues/262,iamdefinitelyahuman,https://gitcoin.co/issue/18033,50.58,iamdefinitelyahuman,909,brownie,{},ETH,['https://github.com/iamdefinitelyahuman/brownie/pull/287'],1,13
2019-12-11T19:18:33,Feature,Hours,Beginner,https://github.com/gitcoinco/web/issues/5620,oktopusGc,https://gitcoin.co/issue/17819,2.01,gitcoinco,336,web,{},ETH,['https://github.com/gitcoinco/web/pull/5597'],1,31
2019-12-23T19:07:44,Feature,Days,Intermediate,https://github.com/diadata-org/diadata/issues/193,kaythxbye,https://gitcoin.co/issue/18001,233.12,diadata-org,134,diadata,{},ETH,['https://github.com/diadata-org/diadata/pull/195'],1,19
2019-12-17T17:56:26,Feature,Days,Intermediate,https://github.com/diadata-org/diadata/issues/192,kaythxbye,https://gitcoin.co/issue/17904,145.70,diadata-org,87,diadata,{},ETH,['https://github.com/diadata-org/diadata/pull/194'],1,25
2020-05-05T01:36:14,Bug,Hours,Intermediate,https://github.com/gitcoinco/web/issues/5619,octavioamu,https://gitcoin.co/issue/21612,59.08,gitcoinco,990,web,{},ETH,['https://github.com/gitcoinco/web/pull/6073'],1,0
2019-12-10T19:17:58,,,,https://github.com/fvictorio-tests/hello-world/issues/30,fvictorio-tests,https://gitcoin.co/issue/17793,0.15,fvictorio-tests,0,hello-world,{},ETH,[],1,31
2019-12-10T19:17:55,,,,https://github.com/fvictorio-tests/hello-world/issues/29,fvictorio,https://gitcoin.co/issue/17792,0.15,fvictorio-tests,0,hello-world,{},ETH,[],1,31
2019-12-11T03:01:35,Documentation,Hours,,https://github.com/proofsuite/orfeedsmartcontracts/issues/23,mikedeshazer,https://gitcoin.co/issue/17803,22.06,proofsuite,298,orfeedsmartcontracts,{},ETH,['https://github.com/ProofSuite/OrFeedSmartContracts/pull/27'],1,9
2020-01-07T20:00:38,Feature,Hours,Intermediate,https://github.com/3box/3box/issues/839,connoroday,https://gitcoin.co/issue/18096,0.15,3box,2540,3box,{},ETH,"['https://github.com/gitcoinco/web/pull/5651', 'https://github.com/gitcoinco/web/pull/5640']",2,2
2019-12-17T19:07:30,Feature,Days,Intermediate,https://github.com/diadata-org/diadata/issues/191,kaythxbye,https://gitcoin.co/issue/17909,207.17,diadata-org,101,diadata,{},ETH,['https://github.com/diadata-org/diadata/pull/194'],1,23
2019-12-11T08:59:44,Improvement,Hours,Intermediate,https://github.com/invisible-college/democracy/issues/36,cryptogoth,https://gitcoin.co/issue/17805,74.42,invisible-college,5384,democracy,{},ETH,['https://github.com/invisible-college/democracy/issues/36#issuecomment-564255189'],1,2
2022-03-05T11:29:39,Improvement,Hours,Intermediate,https://github.com/invisible-college/democracy/issues/36,cryptogoth,https://gitcoin.co/issue/28290,74.42,invisible-college,5384,democracy,{},ETH,[],0,-813
2020-01-03T17:51:45,,,,https://github.com/gitcoinco/web/issues/5578,owocki,https://gitcoin.co/issue/18062,103.67,gitcoinco,1751,web,{},ETH,['https://github.com/gitcoinco/web/pull/5614'],1,2
2021-11-05T09:43:55,,,,https://github.com/gitcoinco/web/issues/5578,owocki,https://gitcoin.co/issue/27026,103.67,gitcoinco,1751,web,{},ETH,[],0,-670
2019-12-04T19:18:24,,,Beginner,https://github.com/thelostone-mc/holo/issues/5,thelostone-mc,https://gitcoin.co/issue/17720,1.45,thelostone-mc,4,holo,{},ETH,[],1,30
2019-12-19T15:46:09,,,,https://github.com/consensys/consensys-grants/issues/2,gabmic-consensys,https://gitcoin.co/issue/17956,0.15,consensys,2370,consensys-grants,{},ETH,[],6,15
2019-12-19T19:44:40,Documentation,Hours,Beginner,https://github.com/consensys/global-community-relay/issues/4,connoroday,https://gitcoin.co/issue/17961,0.15,consensys,4197,global-community-relay,{},ETH,[],4,15
2022-03-05T11:29:19,Documentation,Hours,Beginner,https://github.com/consensys/global-community-relay/issues/4,connoroday,https://gitcoin.co/issue/28289,0.15,consensys,4197,global-community-relay,{},ETH,[],0,-792
2020-01-06T18:46:41,Feature,Days,Intermediate,https://github.com/consensys/global-community-relay/issues/3,connoroday,https://gitcoin.co/issue/18076,0.15,consensys,2062,global-community-relay,{},ETH,"['https://github.com/ConsenSys/Global-Community-Relay/pull/12', 'https://github.com/mmitrasish/ENSMarket', 'https://github.com/viraja1/defi_onboard', 'https://github.com/viraja1/defi_onboard']",4,-3
2020-01-06T18:58:20,Feature,Days,Intermediate,https://github.com/consensys/global-community-relay/issues/2,connoroday,https://gitcoin.co/issue/18077,0.15,consensys,3158,global-community-relay,{},ETH,[],6,-3
2022-03-05T11:29:08,Feature,Days,Intermediate,https://github.com/consensys/global-community-relay/issues/2,connoroday,https://gitcoin.co/issue/28288,0.15,consensys,3158,global-community-relay,{},ETH,[],0,-792
2020-01-06T19:02:43,Feature,Days,Intermediate,https://github.com/consensys/global-community-relay/issues/1,connoroday,https://gitcoin.co/issue/18078,0.15,consensys,4256,global-community-relay,{},ETH,[],5,-3
2022-03-05T11:28:52,Feature,Days,Intermediate,https://github.com/consensys/global-community-relay/issues/1,connoroday,https://gitcoin.co/issue/28287,0.15,consensys,4256,global-community-relay,{},ETH,[],0,-792
2020-01-13T13:14:50,Feature,Hours,Intermediate,https://github.com/3box/3box-chatbox-react/issues/22,RachBLondon,https://gitcoin.co/issue/18200,0.15,3box,2145,3box-chatbox-react,{},ETH,['https://github.com/3box/3box-chatbox-react/pull/23'],1,-27
2019-12-10T06:12:37,Improvement,Hours,Intermediate,https://github.com/proofsuite/orfeedsmartcontracts/issues/18,mikedeshazer,https://gitcoin.co/issue/17781,44.50,proofsuite,1356,orfeedsmartcontracts,{},ETH,[],0,31
2020-02-02T05:45:34,,,,https://github.com/walletconnect/walletconnect-monorepo/issues/204,vs77bb,https://gitcoin.co/issue/18941,1208.32,walletconnect,1613,walletconnect-monorepo,{},ETH,[],5,-47
2020-01-14T23:45:26,,,,https://github.com/walletconnect/walletconnect-monorepo/issues/205,vs77bb,https://gitcoin.co/issue/18260,1208.32,walletconnect,1672,walletconnect-monorepo,{},ETH,"['https://github.com/bakaoh/truffle-walletconnect-provider', 'https://github.com/aquiladev/truffle-wallet-connect-provider', 'https://github.com/WalletConnect/walletconnect-monorepo/pull/212']",3,-12
2020-01-13T13:18:09,Feature,Days,Intermediate,https://github.com/3box/3box-comments-react/issues/20,RachBLondon,https://gitcoin.co/issue/18201,0.15,3box,2958,3box-comments-react,{},ETH,"['https://github.com/3box/3box-comments-react/pull/21', 'https://github.com/3box/3box-comments-react/pull/23']",2,-26
2022-03-05T11:27:50,Feature,Days,Intermediate,https://github.com/3box/3box-comments-react/issues/20,RachBLondon,https://gitcoin.co/issue/28282,0.15,3box,2958,3box-comments-react,{},ETH,[],0,-808
2019-12-02T21:27:11,Feature,Weeks,Beginner,https://github.com/gitcoinco/skunkworks/issues/136,alexvotofuture,https://gitcoin.co/issue/17657,0.15,gitcoinco,1026,skunkworks,{},ETH,[],0,14
2022-03-05T11:27:45,Feature,Weeks,Beginner,https://github.com/gitcoinco/skunkworks/issues/136,alexvotofuture,https://gitcoin.co/issue/28281,0.15,gitcoinco,1026,skunkworks,{},ETH,[],0,-810
2019-12-03T04:09:27,Feature,Hours,Intermediate,https://github.com/proofsuite/orfeedsmartcontracts/issues/12,mikedeshazer,https://gitcoin.co/issue/17672,59.54,proofsuite,1028,orfeedsmartcontracts,{},ETH,['https://github.com/ProofSuite/OrFeedSmartContracts/pull/14'],1,6
2019-11-29T05:09:22,Feature,Hours,Intermediate,https://github.com/proofsuite/orfeedsmartcontracts/issues/3,mikedeshazer,https://gitcoin.co/issue/17609,151.58,proofsuite,746,orfeedsmartcontracts,{},ETH,['https://github.com/mikedeshazer/OrFeedSmartContracts/pull/2'],1,29
2019-12-03T04:37:33,Feature,Days,Advanced,https://github.com/proofsuite/orfeedsmartcontracts/issues/1,mikedeshazer,https://gitcoin.co/issue/17673,304.88,proofsuite,626,orfeedsmartcontracts,{},ETH,['https://github.com/ProofSuite/OrFeedSmartContracts/pull/13'],1,25
2020-03-06T18:20:21,Feature,Days,,https://github.com/gitcoinco/web/issues/4806,frankchen07,https://gitcoin.co/issue/19431,81.61,gitcoinco,2609,web,{},ETH,[],0,19
2019-11-26T04:42:17,Feature,Hours,Advanced,https://github.com/johguse/profanity/issues/26,Arachnid,https://gitcoin.co/issue/17576,149.91,johguse,440,profanity,{},ETH,[],1,5
2019-12-03T11:16:07,Feature,Hours,Intermediate,https://github.com/invisible-college/democracy/issues/31,cryptogoth,https://gitcoin.co/issue/17679,101.80,invisible-college,1631,democracy,{},ETH,[],3,-3
2019-12-19T17:45:04,Improvement,Days,Intermediate,https://github.com/status-im/status-react/issues/9288,StatusSceptre,https://gitcoin.co/issue/17960,160.52,status-im,2740,status-react,{},ETH,['https://github.com/status-im/status-react/pull/9568'],1,3
2022-03-05T11:26:54,Improvement,Days,Intermediate,https://github.com/status-im/status-react/issues/9288,StatusSceptre,https://gitcoin.co/issue/28279,160.52,status-im,2740,status-react,{},ETH,[],0,-804
2019-12-16T14:10:20,Feature,Hours,Beginner,https://github.com/status-im/status-go/issues/1663,StatusSceptre,https://gitcoin.co/issue/17877,189.71,status-im,267,status-go,{},ETH,['https://github.com/status-im/status-go/pull/1713'],1,6
2019-11-25T17:18:36,Bug,Hours,Intermediate,https://github.com/cybercongress/cyb/issues/249,serejandmyself,https://gitcoin.co/issue/17569,187.16,cybercongress,23,cyb,{},ETH,['https://github.com/cybercongress/cyb/pull/262'],1,13
2019-11-26T02:27:58,,,,https://github.com/gitcoinco/web/issues/5341,thelostone-mc,https://gitcoin.co/issue/17575,0.17,gitcoinco,119,web,{},ETH,[],0,24
2019-11-20T19:17:31,,Weeks,Advanced,https://github.com/gitcoinco/web/issues/5513,thelostone-mc,https://gitcoin.co/issue/17510,1.75,gitcoinco,462,web,{},ETH,[],1,29
2019-11-21T18:03:39,,Hours,Beginner,https://github.com/status-im/status-react/issues/9491,StatusSceptre,https://gitcoin.co/issue/17534,50.14,status-im,1206,status-react,{},ETH,['https://github.com/status-im/status-react/pull/9496'],1,28
2019-12-07T01:46:53,Documentation,Hours,Advanced,https://github.com/quilt/pm/issues/3,villanuevawill,https://gitcoin.co/issue/17752,736.48,quilt,1005,pm,{},ETH,['https://github.com/quilt/pm/pull/4'],1,12
2019-11-26T19:07:56,,,,https://github.com/fembusinessmodelsring/web3_revenue_primitives/issues/61,owocki,https://gitcoin.co/issue/17581,53.46,fembusinessmodelsring,58,web3_revenue_primitives,{},ETH,['https://github.com/FEMBusinessModelsRing/web3_revenue_primitives/pull/63'],1,22
2021-11-05T09:38:44,,,,https://github.com/fembusinessmodelsring/web3_revenue_primitives/issues/61,owocki,https://gitcoin.co/issue/27025,53.46,fembusinessmodelsring,58,web3_revenue_primitives,{},ETH,[],0,-688
2020-01-30T03:06:13,Feature,Hours,Advanced,https://github.com/torusresearch/torus-website/issues/586,elishatorus,https://gitcoin.co/issue/18892,984.60,torusresearch,1469,torus-website,{},ETH,['https://github.com/mul1sh/torus-airdrop-dashboard'],1,1
2019-11-19T00:06:02,Bug,Hours,Beginner,https://github.com/ensdomains/subdomain-registrar/issues/102,Arachnid,https://gitcoin.co/issue/17470,24.97,ensdomains,20,subdomain-registrar,{},ETH,['https://github.com/ensdomains/subdomain-registrar/pull/105'],1,29
2019-11-16T07:17:39,,,,https://github.com/gitcoinco/web/issues/4941,octavioamu,https://gitcoin.co/issue/17421,7.74,gitcoinco,707,web,{},ETH,['https://github.com/gitcoinco/web/pull/5432'],1,29
2020-02-08T05:54:42,,Hours,Intermediate,https://github.com/kauri-io/content/issues/102,ChrisChinchilla,https://gitcoin.co/issue/19024,370.40,kauri-io,991,content,{},ETH,[],0,-26
2020-01-28T13:54:52,Documentation,Hours,Intermediate,https://github.com/kauri-io/content/issues/101,ChrisChinchilla,https://gitcoin.co/issue/18829,370.40,kauri-io,1003,content,{},ETH,[],1,-15
2021-11-02T15:13:38,,,,https://github.com/gitcoinco/web/issues/5459,owocki,https://gitcoin.co/issue/27015,79.73,gitcoinco,743,web,{},ETH,[],0,-691
2020-07-16T03:25:43,Feature,Hours,Intermediate,https://github.com/notadamking/tensortrade/issues/97,notadamking,https://gitcoin.co/issue/23354,327.50,notadamking,778,tensortrade,{},ETH,[],0,-146
2019-12-23T11:33:19,Feature,Days,Intermediate,https://github.com/diadata-org/diadata/issues/186,kaythxbye,https://gitcoin.co/issue/17997,184.20,diadata-org,940,diadata,{},ETH,['https://github.com/diadata-org/diadata/pull/196'],1,-15
2019-11-28T14:29:52,Feature,Days,Intermediate,https://github.com/diadata-org/diadata/issues/185,kaythxbye,https://gitcoin.co/issue/17598,184.20,diadata-org,889,diadata,{},ETH,['https://github.com/diadata-org/diadata/pull/188'],1,10
2019-12-02T13:05:44,Feature,Days,Intermediate,https://github.com/diadata-org/diadata/issues/184,kaythxbye,https://gitcoin.co/issue/17641,184.20,diadata-org,905,diadata,{},ETH,['https://github.com/diadata-org/diadata/pull/189'],1,6
2019-12-04T11:47:46,Feature,Days,Intermediate,https://github.com/diadata-org/diadata/issues/183,kaythxbye,https://gitcoin.co/issue/17706,184.20,diadata-org,884,diadata,{},ETH,['https://github.com/diadata-org/diadata/pull/190'],1,4
2019-12-23T11:33:28,Feature,Days,Intermediate,https://github.com/diadata-org/diadata/issues/181,kaythxbye,https://gitcoin.co/issue/17998,186.09,diadata-org,915,diadata,{},ETH,['https://github.com/diadata-org/diadata/pull/197'],1,14
2019-12-28T10:03:35,Feature,Days,Intermediate,https://github.com/diadata-org/diadata/issues/180,kaythxbye,https://gitcoin.co/issue/18029,186.09,diadata-org,903,diadata,{},ETH,['https://github.com/diadata-org/diadata/pull/199'],1,-21
2020-11-29T10:22:18,,,,https://github.com/gitcoinco/skunkworks/issues/134,owocki,https://gitcoin.co/issue/24241,286.88,gitcoinco,1496,skunkworks,{},ETH,['https://github.com/monadic-xyz/web3/pull/4'],1,-359
2022-03-05T11:23:19,,,,https://github.com/gitcoinco/skunkworks/issues/134,owocki,https://gitcoin.co/issue/28268,286.88,gitcoinco,1496,skunkworks,{},ETH,[],0,-820
2020-06-09T09:37:58,,,,https://github.com/gitcoinco/web/issues/5456,owocki,https://gitcoin.co/issue/22534,94.69,gitcoinco,1138,web,{},ETH,['https://github.com/gitcoinco/web/pull/5615'],1,-186
2019-11-06T19:17:38,,,,https://github.com/gitcoinco/web/issues/5456,thelostone-mc,https://gitcoin.co/issue/17202,1.91,gitcoinco,1138,web,{},ETH,[],1,30
2019-11-19T09:32:51,Feature,Days,Intermediate,https://github.com/diadata-org/diadata/issues/179,kaythxbye,https://gitcoin.co/issue/17476,189.37,diadata-org,933,diadata,{},ETH,['https://github.com/diadata-org/diadata/pull/187'],1,17
2019-11-14T13:10:10,Improvement,Hours,Intermediate,https://github.com/spacemeshos/svm/issues/7,avive,https://gitcoin.co/issue/17373,190.91,spacemeshos,2147,svm,{},ETH,['https://github.com/spacemeshos/svm/pull/28'],1,47
2019-11-14T08:12:21,,Hours,Intermediate,https://github.com/spacemeshos/svm/issues/12,avive,https://gitcoin.co/issue/17369,190.91,spacemeshos,1897,svm,{},ETH,['https://github.com/spacemeshos/svm/pull/29'],1,47
2019-11-04T08:51:43,Other,Hours,Beginner,https://github.com/validitycrypto/vldy.org/issues/2,samgos,https://gitcoin.co/issue/17160,1.08,validitycrypto,994,vldy.org,{},ETH,"['https://twitter.com/dextech/status/1190568423547428864', 'https://twitter.com/tokentikki/status/1191174840792813570']",2,58
2020-01-29T20:56:11,Documentation,Hours,Intermediate,https://github.com/kauri-io/content/issues/87,ChrisChinchilla,https://gitcoin.co/issue/18883,365.50,kauri-io,652,content,{},ETH,['https://github.com/kauri-io/Content/pull/117'],1,0
2019-11-12T23:18:32,Feature,Hours,Intermediate,https://github.com/etclabscore/multi-geth/issues/42,connoroday,https://gitcoin.co/issue/17343,0.18,etclabscore,106,multi-geth,{},ETH,[],1,18
2019-11-18T21:15:20,Feature,Hours,Advanced,https://github.com/etclabscore/wrappedetc/issues/1,connoroday,https://gitcoin.co/issue/17468,0.18,etclabscore,1172,wrappedetc,{},ETH,"['https://github.com/etclabscore/WrappedETC/pull/3', 'https://github.com/etclabscore/WrappedETC/pull/2']",2,12
2019-11-11T10:46:22,,,,https://github.com/ethereum/ethereum-org-website/issues/358,vs77bb,https://gitcoin.co/issue/17294,90.90,ethereum,2232,ethereum-org-website,{},ETH,"['https://github.com/ethereum/ethereum-org-website/pull/375', 'https://github.com/ethereum/ethereum-org-website/pull/375']",2,0
2019-11-11T10:47:47,,,,https://github.com/ethereum/ethereum-org-website/issues/357,vs77bb,https://gitcoin.co/issue/17295,90.90,ethereum,2236,ethereum-org-website,{},ETH,['https://github.com/ethereum/ethereum-org-website/pull/375'],1,0
2019-11-22T01:05:06,Feature,Weeks,Intermediate,https://github.com/nucypher/hackathon/issues/6,vs77bb,https://gitcoin.co/issue/17537,2962.07,nucypher,1954,hackathon,{},ETH,[],3,-11
2019-11-15T03:26:14,Feature,Days,Intermediate,https://github.com/gitcoinco/web/issues/5418,owocki,https://gitcoin.co/issue/17394,95.95,gitcoinco,293,web,{},ETH,['https://github.com/gitcoinco/web/pull/5463'],1,15
2022-03-05T11:20:52,Feature,Days,Intermediate,https://github.com/gitcoinco/web/issues/5418,owocki,https://gitcoin.co/issue/28259,95.95,gitcoinco,293,web,{},ETH,[],0,-827
2019-11-02T06:17:31,,,Beginner,https://github.com/thelostone-mc/holo/issues/4,thelostone-mc,https://gitcoin.co/issue/17136,18.59,thelostone-mc,27,holo,{},ETH,[],1,27
2019-11-11T12:49:52,,,,https://github.com/ethereum/ethereum-org-website/issues/352,vs77bb,https://gitcoin.co/issue/17304,46.29,ethereum,1023,ethereum-org-website,{},ETH,['https://github.com/antodp/ethereum-org-website/commit/d6ef33d31229fb813e38647578d20ab88c5b020a'],1,17
2019-11-11T10:55:27,,,,https://github.com/ethereum/ethereum-org-website/issues/351,vs77bb,https://gitcoin.co/issue/17296,92.59,ethereum,801,ethereum-org-website,{},ETH,['https://github.com/ethereum/ethereum-org-website/pull/353'],1,17
2019-11-11T10:59:45,,Days,Intermediate,https://github.com/ethereum/ethereum-org-website/issues/350,vs77bb,https://gitcoin.co/issue/17297,184.26,ethereum,898,ethereum-org-website,{},ETH,[],2,17
2019-11-11T12:35:04,,,,https://github.com/ethereum/ethereum-org-website/issues/272,vs77bb,https://gitcoin.co/issue/17302,230.55,ethereum,1962,ethereum-org-website,{},ETH,['https://github.com/ethereum/ethereum-org-website/pull/369'],1,17
2022-03-05T11:18:28,,,,https://github.com/ethereum/ethereum-org-website/issues/272,vs77bb,https://gitcoin.co/issue/28256,230.55,ethereum,1962,ethereum-org-website,{},ETH,[],0,-828
2019-11-11T12:48:22,Feature,Hours,Intermediate,https://github.com/ethereum/ethereum-org-website/issues/49,vs77bb,https://gitcoin.co/issue/17303,92.59,ethereum,1026,ethereum-org-website,{},ETH,['https://github.com/ethereum/ethereum-org-website/pull/356'],1,17
2019-11-11T11:14:55,,,Beginner,https://github.com/ethereum/ethereum-org-website/issues/265,vs77bb,https://gitcoin.co/issue/17300,55.33,ethereum,1138,ethereum-org-website,{},ETH,[],2,17
2019-11-11T11:06:10,Bug,Hours,Beginner,https://github.com/ethereum/ethereum-org-website/issues/266,vs77bb,https://gitcoin.co/issue/17298,55.33,ethereum,1144,ethereum-org-website,{},ETH,[],3,17
2019-11-11T11:09:34,,Days,Intermediate,https://github.com/ethereum/ethereum-org-website/issues/267,vs77bb,https://gitcoin.co/issue/17299,55.33,ethereum,1144,ethereum-org-website,{},ETH,[],2,17
2019-11-15T03:36:14,,,,https://github.com/gitcoinco/web/issues/5379,owocki,https://gitcoin.co/issue/17396,71.94,gitcoinco,1352,web,{},ETH,['https://github.com/gitcoinco/web/pull/5433'],1,11
2022-03-05T11:17:56,,,,https://github.com/gitcoinco/web/issues/5379,owocki,https://gitcoin.co/issue/28254,71.94,gitcoinco,1352,web,{},ETH,[],0,-831
2019-12-13T17:34:10,Feature,Weeks,Intermediate,https://github.com/rsksmart/rskj/issues/1048,SergioDemianLerner,https://gitcoin.co/issue/17850,2013.75,rsksmart,1074,rskj,{},ETH,"['https://github.com/rsksmart/rskj/pull/1091', 'https://github.com/rsksmart/rskj/pull/1059']",2,-18
2019-12-13T17:33:57,,,,https://github.com/rsksmart/rskj/issues/1036,SergioDemianLerner,https://gitcoin.co/issue/17849,2014.07,rsksmart,1281,rskj,{},ETH,['https://github.com/rsksmart/rskj/pull/1073'],1,-19
2019-12-13T17:33:48,Improvement,Days,Intermediate,https://github.com/rsksmart/rskj/issues/1037,SergioDemianLerner,https://gitcoin.co/issue/17848,1127.56,rsksmart,1802,rskj,{},ETH,"['https://github.com/rsksmart/rskj/pull/1082', 'https://github.com/rsksmart/rskj/pull/1066']",2,-19
2019-12-13T17:33:40,Improvement,Days,Intermediate,https://github.com/rsksmart/rskj/issues/1038,SergioDemianLerner,https://gitcoin.co/issue/17847,563.78,rsksmart,1555,rskj,{},ETH,['https://github.com/rsksmart/rskj/pull/1051'],1,-19
2019-12-13T17:33:32,Feature,Days,Intermediate,https://github.com/rsksmart/rskj/issues/1039,SergioDemianLerner,https://gitcoin.co/issue/17846,1127.70,rsksmart,1391,rskj,{},ETH,['https://github.com/rsksmart/rskj/pull/1052'],1,-19
2019-12-13T17:33:24,Improvement,Weeks,Advanced,https://github.com/rsksmart/rskj/issues/1040,SergioDemianLerner,https://gitcoin.co/issue/17845,3382.68,rsksmart,1992,rskj,{},ETH,[],1,-19
2019-12-13T17:33:16,Feature,Weeks,Advanced,https://github.com/rsksmart/rskj/issues/1044,SergioDemianLerner,https://gitcoin.co/issue/17844,2807.88,rsksmart,2607,rskj,{},ETH,['https://github.com/rsksmart/rskj/pull/1092'],1,-19
2019-12-13T17:33:09,Feature,Weeks,Advanced,https://github.com/rsksmart/rskj/issues/1045,SergioDemianLerner,https://gitcoin.co/issue/17843,2317.68,rsksmart,2306,rskj,{},ETH,[],1,-19
2019-12-13T17:28:07,Feature,Weeks,Advanced,https://github.com/rsksmart/rskj/issues/1046,SergioDemianLerner,https://gitcoin.co/issue/17841,3144.82,rsksmart,1370,rskj,{},ETH,['https://github.com/rsksmart/rskj/pull/1101'],1,-19
2019-12-13T17:32:56,Improvement,Days,Intermediate,https://github.com/rsksmart/rskj/issues/1043,SergioDemianLerner,https://gitcoin.co/issue/17842,842.36,rsksmart,924,rskj,{},ETH,['https://github.com/rsksmart/rskj/pull/1049'],1,-19
2019-11-01T18:35:30,Documentation,Hours,Intermediate,https://github.com/mrelliwood/audio-router/issues/4,MrElliwood,https://gitcoin.co/issue/17121,80.44,mrelliwood,276,audio-router,{},ETH,['https://github.com/MrElliwood/audio-router/pull/8'],1,23
2019-10-24T01:46:13,Other,Hours,Beginner,https://github.com/dapps-dev-club/dapps-dev-club-website/issues/6,bguiz,https://gitcoin.co/issue/16984,1.61,dapps-dev-club,32,dapps-dev-club-website,{},ETH,['https://github.com/dapps-dev-club/dapps-dev-club-website/pull/7'],1,30
2019-10-24T18:17:59,,,Intermediate,https://github.com/gitcoinco/web/issues/5347,thelostone-mc,https://gitcoin.co/issue/16992,1.62,gitcoinco,1482,web,{},ETH,[],1,30
2019-10-23T18:17:53,,,,https://github.com/gitcoinco/web/issues/5356,thelostone-mc,https://gitcoin.co/issue/16975,17.56,gitcoinco,604,web,{},ETH,[],1,31
2019-12-03T22:48:17,,,,https://github.com/gitcoinco/web/issues/5281,frankchen07,https://gitcoin.co/issue/17703,69.42,gitcoinco,2210,web,{},ETH,['https://github.com/Solexplorer/Hackathoner'],1,18
2019-12-17T10:32:41,,,,https://github.com/gitcoinco/web/issues/5346,owocki,https://gitcoin.co/issue/17899,60.46,gitcoinco,1197,web,{},ETH,['https://github.com/gitcoinco/web/pull/5415'],1,-26
2019-10-24T06:17:20,,,,https://github.com/gitcoinco/web/issues/5341,thelostone-mc,https://gitcoin.co/issue/16986,7.00,gitcoinco,119,web,{},ETH,[],0,27
2019-12-01T08:58:00,Security,Days,Advanced,https://github.com/harmonylion/ideamarkets/issues/5,harmonylion,https://gitcoin.co/issue/17626,426.57,harmonylion,226,ideamarkets,{},ETH,[],1,-12
2022-03-05T11:17:07,Security,Days,Advanced,https://github.com/harmonylion/ideamarkets/issues/5,harmonylion,https://gitcoin.co/issue/28253,426.57,harmonylion,226,ideamarkets,{},ETH,[],0,-837
2019-11-12T07:05:02,Feature,Hours,Beginner,https://github.com/notadamking/tensortrade/issues/56,notadamking,https://gitcoin.co/issue/17337,42.66,notadamking,824,tensortrade,{},ETH,['https://github.com/notadamking/tensortrade/pull/89'],1,8
2020-01-27T21:24:48,Other,Hours,Intermediate,https://github.com/gitcoinco/web/issues/5338,owocki,https://gitcoin.co/issue/18818,519.84,gitcoinco,1234,web,{},ETH,[],21,-70
2019-10-16T18:17:38,,,,https://github.com/gitcoinco/web/issues/5323,thelostone-mc,https://gitcoin.co/issue/16888,1.75,gitcoinco,872,web,{},ETH,[],1,31
2019-10-18T00:23:58,Improvement,Hours,Beginner,https://github.com/notadamking/tensortrade/issues/42,notadamking,https://gitcoin.co/issue/16916,134.98,notadamking,411,tensortrade,{},ETH,['https://github.com/notadamking/tensortrade/pull/45'],1,29
2019-11-02T18:06:28,Feature,Hours,Intermediate,https://github.com/notadamking/tensortrade/issues/41,notadamking,https://gitcoin.co/issue/17141,359.96,notadamking,863,tensortrade,{},ETH,['https://github.com/notadamking/tensortrade/pull/84'],2,13
2019-10-15T18:17:36,,,,https://github.com/fvictorio-tests/hello-world/issues/25,fvictorio,https://gitcoin.co/issue/16871,0.18,fvictorio-tests,0,hello-world,{},ETH,[],1,31
2019-10-13T18:19:23,Feature,Hours,Beginner,https://github.com/notadamking/tensortrade/issues/33,notadamking,https://gitcoin.co/issue/16850,18.33,notadamking,2465,tensortrade,{},ETH,[],0,30
2019-10-17T16:05:54,Other,Hours,Beginner,https://github.com/notadamking/tensortrade/issues/32,notadamking,https://gitcoin.co/issue/16909,27.49,notadamking,969,tensortrade,{},ETH,['https://github.com/notadamking/tensortrade/pull/43'],1,26
2019-11-06T01:05:01,Documentation,Hours,Beginner,https://github.com/notadamking/tensortrade/issues/30,notadamking,https://gitcoin.co/issue/17184,367.88,notadamking,844,tensortrade,{},ETH,['https://github.com/notadamking/tensortrade/pull/87'],2,6
2019-10-14T00:08:30,Documentation,Hours,Advanced,https://github.com/mrelliwood/audio-router/issues/5,MrElliwood,https://gitcoin.co/issue/16851,47.23,mrelliwood,276,audio-router,{},ETH,[],0,27
2019-10-16T18:07:58,Other,Days,Advanced,https://github.com/gitcoinco/data-ops/issues/40,owocki,https://gitcoin.co/issue/16886,1225.63,gitcoinco,1395,data-ops,{},ETH,[],3,20
2019-10-21T02:13:26,Improvement,Hours,Intermediate,https://github.com/mainnebula/space_tasks/issues/6,mainnebula,https://gitcoin.co/issue/16950,179.10,mainnebula,1633,space_tasks,{},ETH,['https://github.com/mainnebula/SPACE_TASKS/pull/8'],1,-2
2019-10-02T18:17:51,,,,https://github.com/gitcoinco/web/issues/5289,thelostone-mc,https://gitcoin.co/issue/16658,1.78,gitcoinco,341,web,{},ETH,[],1,7
2019-10-02T06:17:33,,,,https://github.com/fvictorio-tests/hello-world/issues/24,fvictorio,https://gitcoin.co/issue/16653,0.18,fvictorio-tests,0,hello-world,{},ETH,[],1,30
2019-10-01T18:18:09,,,,https://github.com/fvictorio-tests/hello-world/issues/23,fvictorio-tests,https://gitcoin.co/issue/16648,0.18,fvictorio-tests,0,hello-world,{},ETH,[],2,31
2019-10-01T18:17:53,,,,https://github.com/fvictorio-tests/hello-world/issues/21,fvictorio,https://gitcoin.co/issue/16643,0.18,fvictorio-tests,0,hello-world,{},ETH,[],1,31
2019-10-14T20:28:45,,,,https://github.com/gitcoinco/web/issues/5271,owocki,https://gitcoin.co/issue/16866,89.72,gitcoinco,1325,web,{},ETH,['https://github.com/gitcoinco/web/pull/5309'],1,16
2022-03-05T11:14:34,,,,https://github.com/gitcoinco/web/issues/5271,owocki,https://gitcoin.co/issue/28248,89.72,gitcoinco,1325,web,{},ETH,[],0,-857
2019-09-30T09:54:12,,,,https://github.com/b-mueller/sabre/issues/96,b-mueller,https://gitcoin.co/issue/16616,201.73,b-mueller,951,sabre,{},ETH,['https://github.com/b-mueller/sabre/pull/97'],1,97571
2019-10-03T10:26:32,,,,https://github.com/b-mueller/sabre/issues/95,b-mueller,https://gitcoin.co/issue/16673,50.81,b-mueller,920,sabre,{},ETH,['https://github.com/b-mueller/sabre/pull/98'],1,97568
2019-10-06T00:54:47,Feature,Hours,Beginner,https://github.com/mainnebula/space_tasks/issues/3,mainnebula,https://gitcoin.co/issue/16737,52.07,mainnebula,661,space_tasks,{},ETH,['https://github.com/mainnebula/SPACE_TASKS/pull/4'],1,9
2019-10-24T16:07:48,Feature,Hours,Intermediate,https://github.com/mainnebula/space_tasks/issues/1,mainnebula,https://gitcoin.co/issue/16991,258.74,mainnebula,1322,space_tasks,{},ETH,['https://github.com/mainnebula/SPACE_TASKS/pull/9'],1,-6
2022-03-05T11:13:38,Feature,Hours,Intermediate,https://github.com/mainnebula/space_tasks/issues/1,mainnebula,https://gitcoin.co/issue/28246,258.74,mainnebula,1322,space_tasks,{},ETH,[],0,-869
2019-10-18T14:51:10,Feature,Hours,Intermediate,https://github.com/mainnebula/space_tasks/issues/2,mainnebula,https://gitcoin.co/issue/16919,260.37,mainnebula,1277,space_tasks,{},ETH,['https://github.com/mainnebula/SPACE_TASKS/pull/4'],1,0
2022-03-05T11:13:27,Feature,Hours,Intermediate,https://github.com/mainnebula/space_tasks/issues/2,mainnebula,https://gitcoin.co/issue/28245,260.37,mainnebula,1277,space_tasks,{},ETH,[],0,-869
2019-10-12T12:31:05,Documentation,Hours,Beginner,https://github.com/turqco/turqv1/issues/5,TurqCo,https://gitcoin.co/issue/16826,26.53,turqco,288,turqv1,{},ETH,['https://github.com/TurqCo/turqV1/pull/6'],1,14
2020-11-29T10:17:01,Feature,Weeks,Intermediate,https://github.com/gitcoinco/skunkworks/issues/130,vs77bb,https://gitcoin.co/issue/24236,2391.20,gitcoinco,1426,skunkworks,{},ETH,['https://github.com/Recoblix/ethereum-oauth'],10,-422
2022-03-05T11:12:37,Feature,Weeks,Intermediate,https://github.com/gitcoinco/skunkworks/issues/130,vs77bb,https://gitcoin.co/issue/28243,2391.20,gitcoinco,1426,skunkworks,{},ETH,[],0,-883
2020-11-29T10:16:45,Feature,Days,Intermediate,https://github.com/bancorprotocol/contracts/issues/310,yudilevi,https://gitcoin.co/issue/24234,2554.20,bancorprotocol,2809,contracts,{},ETH,[],2,-422
2022-03-05T11:12:08,Feature,Days,Intermediate,https://github.com/bancorprotocol/contracts/issues/310,yudilevi,https://gitcoin.co/issue/28241,2554.20,bancorprotocol,2809,contracts,{},ETH,[],0,-883
2019-09-25T18:17:25,Feature,Days,Beginner,https://github.com/danlipert/gitcoin-test/issues/31,danlipert,https://gitcoin.co/issue/16550,1.70,danlipert,0,gitcoin-test,{},ETH,[],1,29
2020-11-29T10:16:26,Feature,Hours,Advanced,https://github.com/harmonylion/ideamarkets/issues/4,harmonylion,https://gitcoin.co/issue/24232,336.56,harmonylion,475,ideamarkets,{},ETH,[],1,-402
2022-03-05T11:11:24,Feature,Hours,Advanced,https://github.com/harmonylion/ideamarkets/issues/4,harmonylion,https://gitcoin.co/issue/28238,336.56,harmonylion,475,ideamarkets,{},ETH,[],0,-863
2019-09-24T18:17:36,,,,https://github.com/fvictorio-tests/hello-world/issues/14,fvictorio-tests,https://gitcoin.co/issue/16511,0.17,fvictorio-tests,0,hello-world,{},ETH,[],1,30
2019-09-24T18:17:30,,,,https://github.com/fvictorio-tests/hello-world/issues/12,fvictorio,https://gitcoin.co/issue/16509,0.17,fvictorio-tests,0,hello-world,{},ETH,[],1,30
2019-09-24T06:17:17,,,,https://github.com/fvictorio-tests/hello-world/issues/11,fvictorio,https://gitcoin.co/issue/16499,0.20,fvictorio-tests,0,hello-world,{},ETH,[],1,29
2019-10-15T18:06:41,,Weeks,Intermediate,https://github.com/consensys/road-to-devcon-relay/issues/1,zherring,https://gitcoin.co/issue/16869,4322.80,consensys,2868,road-to-devcon-relay,{},ETH,[],4,-11
2022-03-05T11:10:57,,Weeks,Intermediate,https://github.com/consensys/road-to-devcon-relay/issues/1,zherring,https://gitcoin.co/issue/28237,4322.80,consensys,2868,road-to-devcon-relay,{},ETH,[],0,-883
2019-10-14T19:28:14,,Weeks,Intermediate,https://github.com/consensys/road-to-devcon-relay/issues/2,zherring,https://gitcoin.co/issue/16862,4322.80,consensys,2610,road-to-devcon-relay,{},ETH,[],6,-10
2022-03-05T11:10:22,,Weeks,Intermediate,https://github.com/consensys/road-to-devcon-relay/issues/2,zherring,https://gitcoin.co/issue/28236,4322.80,consensys,2610,road-to-devcon-relay,{},ETH,[],0,-883
2019-09-21T06:17:28,,,,https://github.com/fvictorio-tests/hello-world/issues/10,fvictorio,https://gitcoin.co/issue/16466,0.22,fvictorio-tests,0,hello-world,{},ETH,[],1,29
2019-10-14T19:56:39,,Hours,Intermediate,https://github.com/consensys/road-to-devcon-relay/issues/3,zherring,https://gitcoin.co/issue/16864,1080.70,consensys,6005,road-to-devcon-relay,{},ETH,[],8,-10
2022-03-05T11:09:57,,Hours,Intermediate,https://github.com/consensys/road-to-devcon-relay/issues/3,zherring,https://gitcoin.co/issue/28235,1080.70,consensys,6005,road-to-devcon-relay,{},ETH,[],0,-883
2019-09-20T18:17:50,,,,https://github.com/gitcoinco/web/pull/4017,thelostone-mc,https://gitcoin.co/issue/16460,2.18,gitcoinco,1451,web,{},ETH,[],1,30
2019-10-20T18:56:27,Feature,,Beginner,https://github.com/algorand-devrel/bounties/issues/3,wisthsb1519,https://gitcoin.co/issue/16946,0.22,algorand-devrel,1898,bounties,{},ETH,"['https://github.com/iamswain25/simplealgo', 'https://github.com/eswarasai/algorand-react', 'https://github.com/robin-thomas/react-algorand', 'https://github.com/iamswain25/simplealgo', 'https://github.com/mmitrasish/algorand-sdk-react-component']",5,-15
2022-03-05T11:09:35,Feature,,Beginner,https://github.com/algorand-devrel/bounties/issues/3,wisthsb1519,https://gitcoin.co/issue/28234,0.22,algorand-devrel,1898,bounties,{},ETH,[],0,-882
2020-11-29T10:15:42,Feature,,Intermediate,https://github.com/algorand-devrel/bounties/issues/2,wisthsb1519,https://gitcoin.co/issue/24231,0.22,algorand-devrel,2679,bounties,{},ETH,[],1,-421
2022-03-05T11:09:25,Feature,,Intermediate,https://github.com/algorand-devrel/bounties/issues/2,wisthsb1519,https://gitcoin.co/issue/28233,0.22,algorand-devrel,2679,bounties,{},ETH,[],0,-882
2019-10-20T18:57:36,Feature,,Beginner,https://github.com/algorand-devrel/bounties/issues/1,wisthsb1519,https://gitcoin.co/issue/16947,0.22,algorand-devrel,2881,bounties,{},ETH,[],4,-15
2022-03-05T11:09:17,Feature,,Beginner,https://github.com/algorand-devrel/bounties/issues/1,wisthsb1519,https://gitcoin.co/issue/28232,0.22,algorand-devrel,2881,bounties,{},ETH,[],0,-882
2019-09-20T06:18:05,,,,https://github.com/fvictorio-tests/hello-world/issues/9,fvictorio,https://gitcoin.co/issue/16442,0.22,fvictorio-tests,0,hello-world,{},ETH,[],1,29
2019-09-20T06:18:01,,,,https://github.com/fvictorio-tests/hello-world/issues/8,fvictorio,https://gitcoin.co/issue/16441,0.22,fvictorio-tests,0,hello-world,{},ETH,[],1,29
2019-09-25T21:15:29,Documentation,Hours,Beginner,https://github.com/ravenproject/ravencoin/issues/644,a2hill,https://gitcoin.co/issue/16558,9.89,ravenproject,912,ravencoin,{},ETH,[],0,23
2019-09-19T09:34:15,,,,https://github.com/nateberkopec/speedshop/issues/1,nateberkopec,https://gitcoin.co/issue/16421,20.15,nateberkopec,0,speedshop,{},ETH,['https://github.com/nateberkopec/speedshop/pull/5'],1,97582
2019-10-11T15:06:12,Feature,Weeks,Intermediate,https://github.com/arweaveteam/bounties/issues/13,cedriking,https://gitcoin.co/issue/16824,3192.49,arweaveteam,4229,bounties,{},ETH,[],5,-9
2022-03-05T11:08:55,Feature,Weeks,Intermediate,https://github.com/arweaveteam/bounties/issues/13,cedriking,https://gitcoin.co/issue/28231,3192.49,arweaveteam,4229,bounties,{},ETH,[],0,-885
2020-09-09T09:21:24,,,,https://github.com/gitcoinco/web/issues/5208,owocki,https://gitcoin.co/issue/23682,62.68,gitcoinco,298,web,{},ETH,['https://github.com/gitcoinco/web/pull/5234'],1,-328
2020-09-09T09:21:17,,,,https://github.com/gitcoinco/web/issues/5209,owocki,https://gitcoin.co/issue/23681,62.68,gitcoinco,299,web,{},ETH,['feature/sticker_emoji_script'],1,-328
2019-10-03T10:23:12,Documentation,Hours,Intermediate,https://github.com/kauri-io/content/issues/52,ChrisChinchilla,https://gitcoin.co/issue/16672,249.88,kauri-io,778,content,{},ETH,['https://github.com/kauri-io/Content/pull/86'],1,75
2019-11-04T20:49:09,,Hours,Intermediate,https://github.com/gitcoinco/creative/issues/150,owocki,https://gitcoin.co/issue/17164,1916.00,gitcoinco,1216,creative,{},ETH,[],0,-19
2022-03-05T11:08:35,,Hours,Intermediate,https://github.com/gitcoinco/creative/issues/150,owocki,https://gitcoin.co/issue/28230,1916.00,gitcoinco,1216,creative,{},ETH,[],0,-871
2019-09-13T06:18:10,,,,https://github.com/fvictorio-tests/hello-world/issues/1,fvictorio,https://gitcoin.co/issue/16337,0.18,fvictorio-tests,0,hello-world,{},ETH,[],1,29
2019-09-12T18:17:45,Feature,Hours,Beginner,https://github.com/gitcoinco/web/issues/5186,oktopustester,https://gitcoin.co/issue/16330,18.06,gitcoinco,481,web,{},ETH,['https://github.com/gitcoinco/web/pull/5006'],1,30
2020-02-03T12:55:11,Security,Days,Advanced,https://github.com/gitcoinco/web/issues/5183,danlipert,https://gitcoin.co/issue/18951,268.39,gitcoinco,110,web,{},ETH,['https://github.com/gitcoinco/web/pull/5207'],1,8
2019-09-12T18:17:35,,,,https://github.com/gitcoinco/web/pull/4017,thelostone-mc,https://gitcoin.co/issue/16328,5.42,gitcoinco,1451,web,{},ETH,[],1,30
2019-10-09T09:10:30,,Hours,Intermediate,https://github.com/status-im/status-react/issues/8936,StatusSceptre,https://gitcoin.co/issue/16791,89.22,status-im,612,status-react,{},ETH,['https://github.com/status-im/status-react/pull/8985'],1,1
2019-09-12T12:30:20,,,,https://github.com/gitcoinco/skunkworks/issues/128,owocki,https://gitcoin.co/issue/16317,80.77,gitcoinco,538,skunkworks,{},ETH,['https://www.dropbox.com/s/t9uwsvkcvrypd2m/oscoin_fixed.wav?dl=0'],1,27
2019-09-16T06:09:08,,,,https://github.com/gitcoinco/web/issues/5145,owocki,https://gitcoin.co/issue/16361,338.54,gitcoinco,2313,web,{},ETH,[],2,19
2019-09-09T19:22:49,Bug,Hours,Advanced,https://github.com/harmonylion/ideamarkets/issues/3,harmonylion,https://gitcoin.co/issue/16144,175.23,harmonylion,362,ideamarkets,{},ETH,[],1,26
2019-09-14T09:21:46,,Days,Intermediate,https://github.com/vlzhr/waves/issues/9,vlzhr,https://gitcoin.co/issue/16355,0.17,vlzhr,3111,waves,{},ETH,[],1,21
2022-03-05T11:06:57,,Days,Intermediate,https://github.com/vlzhr/waves/issues/9,vlzhr,https://gitcoin.co/issue/28225,0.17,vlzhr,3111,waves,{},ETH,[],0,-882
2019-10-14T18:04:16,Design,Days,Intermediate,https://github.com/gitcoinco/creative/issues/130,owocki,https://gitcoin.co/issue/16861,521.19,gitcoinco,1474,creative,{},ETH,[],1,-10
2019-09-16T17:59:19,,,Intermediate,https://github.com/skalenetwork/hackathon/issues/4,xinyunat,https://gitcoin.co/issue/16372,511.23,skalenetwork,2220,hackathon,{},ETH,"['https://github.com/komodo-finance/komodo-gitcoin-blocks-submission', 'https://github.com/djrosenbaum/zelda-shop']",2,18
2022-03-05T11:06:14,,,Intermediate,https://github.com/skalenetwork/hackathon/issues/4,xinyunat,https://gitcoin.co/issue/28221,511.23,skalenetwork,2220,hackathon,{},ETH,[],0,-883
2019-09-16T18:01:28,,Days,Intermediate,https://github.com/skalenetwork/hackathon/issues/3,xinyunat,https://gitcoin.co/issue/16373,511.84,skalenetwork,2195,hackathon,{},ETH,"['https://github.com/komodo-finance/komodo-gitcoin-blocks-submission', 'https://github.com/CometS1/Skale-file-storage', 'https://github.com/hammadtq/dTunes', 'https://github.com/CodeSlip/AnonHero']",4,18
2022-03-05T11:06:34,,Days,Intermediate,https://github.com/skalenetwork/hackathon/issues/3,xinyunat,https://gitcoin.co/issue/28223,511.84,skalenetwork,2195,hackathon,{},ETH,[],0,-883
2019-09-18T10:08:40,Feature,Days,Intermediate,https://github.com/knocte/dotnetlightning/issues/1,knocte,https://gitcoin.co/issue/16409,149.56,knocte,170,dotnetlightning,{},ETH,[],1,17
2019-09-04T18:18:53,,,,https://github.com/gitcoinco/web/pull/3915,thelostone-mc,https://gitcoin.co/issue/15855,0.17,gitcoinco,1493,web,{},ETH,[],1,30
2019-09-23T00:27:26,Documentation,Days,Beginner,https://github.com/iamdefinitelyahuman/brownie/issues/174,iamdefinitelyahuman,https://gitcoin.co/issue/16473,59.64,iamdefinitelyahuman,2409,brownie,{},ETH,['https://github.com/iamdefinitelyahuman/brownie/pull/208'],1,10
2019-09-27T17:16:48,Feature,Days,Intermediate,https://github.com/maticnetwork/matic-bounties/issues/2,Siddharth-J,https://gitcoin.co/issue/16597,1489.61,maticnetwork,715,matic-bounties,{},ETH,"['https://github.com/think-in-universe/matic.net', 'https://github.com/think-in-universe/matic.net', 'https://github.com/mul1sh/matic-unity']",3,4
2019-10-25T18:41:44,Feature,Days,Intermediate,https://github.com/maticnetwork/matic-bounties/issues/3,Siddharth-J,https://gitcoin.co/issue/17011,1510.35,maticnetwork,699,matic-bounties,{},ETH,['https://github.com/think-in-universe/matic-cocos-starter-kit'],1,-25
2019-09-27T17:32:30,Feature,Days,Intermediate,https://github.com/maticnetwork/matic-bounties/issues/1,Siddharth-J,https://gitcoin.co/issue/16599,3020.69,maticnetwork,2170,matic-bounties,{},ETH,[],3,3
2019-09-01T06:17:44,,,,https://github.com/gitcoinco/web/pull/5001,thelostone-mc,https://gitcoin.co/issue/15762,0.17,gitcoinco,170,web,{},ETH,[],1,29
2019-08-31T18:17:34,Feature,Days,Beginner,https://github.com/gitcoinco/web/issues/4834,iamonuwa,https://gitcoin.co/issue/15757,0.17,gitcoinco,1722,web,{},ETH,['https://github.com/gitcoinco/web/pull/4605'],1,30
2019-09-16T19:51:33,Improvement,Hours,Intermediate,https://github.com/facebook/jscodeshift/issues/343,mikob,https://gitcoin.co/issue/16378,63.35,facebook,1154,jscodeshift,{},ETH,['https://github.com/igetgames/jscodeshift-demo'],1,0
2019-09-27T17:25:01,Feature,Days,Intermediate,https://github.com/maticnetwork/matic-bounties/issues/4,Siddharth-J,https://gitcoin.co/issue/16598,1991.42,maticnetwork,919,matic-bounties,{},ETH,"['https://github.com/Abhimanyu121/Matic-Wallet', 'https://github.com/michaelcohen716/mitty']",2,2
2022-03-05T11:05:13,Feature,Days,Intermediate,https://github.com/maticnetwork/matic-bounties/issues/4,Siddharth-J,https://gitcoin.co/issue/28217,1991.42,maticnetwork,919,matic-bounties,{},ETH,[],0,-888
2019-09-17T15:49:43,,,,https://github.com/gitcoinco/web/issues/5107,owocki,https://gitcoin.co/issue/16391,84.12,gitcoinco,991,web,{},ETH,[],0,13
2019-09-24T20:06:47,Bug,Hours,Advanced,https://github.com/harmonylion/ideamarkets/issues/2,harmonylion,https://gitcoin.co/issue/16515,505.17,harmonylion,759,ideamarkets,{},ETH,['https://gitlab.com/idea-markets/idea-markets/merge_requests/1'],1,97576
2019-09-11T18:07:34,,,,https://github.com/gitcoinco/web/issues/5097,owocki,https://gitcoin.co/issue/16263,50.67,gitcoinco,182,web,{},ETH,['https://github.com/gitcoinco/web/pull/5108'],1,18
2019-09-22T04:56:37,Other,Days,,https://github.com/skalenetwork/hackathon/issues/1,xinyunat,https://gitcoin.co/issue/16471,1993.07,skalenetwork,2126,hackathon,{},ETH,"['https://github.com/Trellis-Lab/DArdt', 'https://github.com/CodeSlip/AnonHero', 'https://github.com/djrosenbaum/zelda-shop', 'https://github.com/komodo-finance/komodo-gitcoin-blocks-submission', 'https://github.com/Trellis-Lab/DArdt', 'https://github.com/Trellis-Lab/DArdt', 'https://github.com/CometS1/Skale-file-storage', 'https://github.com/AntonioCardenas/SkaleDapp', 'https://github.com/CometS1/Skale-file-storage', 'https://github.com/masaun/skale-bakery-exchange']",10,7
2022-03-05T11:04:31,Other,Days,,https://github.com/skalenetwork/hackathon/issues/1,xinyunat,https://gitcoin.co/issue/28214,1993.07,skalenetwork,2126,hackathon,{},ETH,[],0,-888
2019-09-11T16:24:54,,,,https://github.com/gitcoinco/command_line_standardbounties_funder/issues/3,owocki,https://gitcoin.co/issue/16239,77.89,gitcoinco,380,command_line_standardbounties_funder,{},ETH,['https://github.com/gitcoinco/command_line_standardbounties_funder/pull/4'],1,17
2019-08-30T16:34:46,,,,https://github.com/gitcoinco/web/issues/5091,owocki,https://gitcoin.co/issue/15739,95.45,gitcoinco,1147,web,{},ETH,[],1,29
2019-09-18T09:52:18,Feature,Hours,Beginner,https://github.com/portis-project/gitcoin-ethereal-blocks-hackathon/issues/1,tomteman,https://gitcoin.co/issue/16405,186.36,portis-project,1649,gitcoin-ethereal-blocks-hackathon,{},ETH,"['https://github.com/komodo-finance/komodo-gitcoin-blocks-submission', 'https://github.com/CryptoManiacsZone/gDAI.io', 'https://github.com/jacekv/portisTestShop']",3,10
2022-03-05T11:04:00,Feature,Hours,Beginner,https://github.com/portis-project/gitcoin-ethereal-blocks-hackathon/issues/1,tomteman,https://gitcoin.co/issue/28212,186.36,portis-project,1649,gitcoin-ethereal-blocks-hackathon,{},ETH,[],0,-889
2019-08-28T18:18:22,,,,https://github.com/gitcoinco/web/issues/5080,thelostone-mc,https://gitcoin.co/issue/15674,0.17,gitcoinco,1412,web,{},ETH,[],1,31
2019-09-19T17:31:15,Feature,Weeks,Intermediate,https://github.com/bancorprotocol/contracts/issues/301,vs77bb,https://gitcoin.co/issue/16424,2515.49,bancorprotocol,1915,contracts,{},ETH,['https://github.com/communiteths/app'],1,9
2022-03-05T11:03:19,Feature,Weeks,Intermediate,https://github.com/bancorprotocol/contracts/issues/301,vs77bb,https://gitcoin.co/issue/28210,2515.49,bancorprotocol,1915,contracts,{},ETH,[],0,-889
2019-09-05T06:16:42,Bug,Days,Intermediate,https://github.com/majortomsec/test/issues/2,MajorTomSec,https://gitcoin.co/issue/15869,3.46,majortomsec,6,test,{},ETH,[],1,97596
2019-08-28T06:17:54,Bug,Days,Beginner,https://github.com/gitcoinco/web/issues/5039,oktopustester,https://gitcoin.co/issue/15588,16.97,gitcoinco,1252,web,{},ETH,['https://github.com/gitcoinco/web/pull/5074'],1,29
2021-11-02T15:01:18,,,,https://github.com/gitcoinco/web/issues/5053,owocki,https://gitcoin.co/issue/27013,741.04,gitcoinco,3680,web,{},ETH,[],0,1213
2019-08-21T18:17:57,,,,https://github.com/gitcoinco/web/issues/5048,thelostone-mc,https://gitcoin.co/issue/15445,0.19,gitcoinco,1238,web,{},ETH,[],1,31
2019-09-13T00:04:44,,,,https://github.com/digixglobal/governance-ui-components/issues/366,tymat,https://gitcoin.co/issue/16334,144.26,digixglobal,1342,governance-ui-components,{},ETH,[],0,97588
2019-09-13T00:04:38,,,Intermediate,https://github.com/digixglobal/dao-server/issues/70,tymat,https://gitcoin.co/issue/16333,192.28,digixglobal,6087,dao-server,{},ETH,['https://github.com/DigixGlobal/dao-server/pull/72'],1,97588
2019-10-09T08:20:00,,,,https://github.com/digixglobal/governance-ui/issues/44,tymat,https://gitcoin.co/issue/16785,240.23,digixglobal,3467,governance-ui,{},ETH,['https://github.com/DigixGlobal/governance-ui/pull/46'],1,97562
2019-09-13T16:37:56,Improvement,Days,Beginner,https://github.com/iamdefinitelyahuman/brownie/issues/164,iamdefinitelyahuman,https://gitcoin.co/issue/16349,305.45,iamdefinitelyahuman,1624,brownie,{},ETH,[],0,4
2019-09-11T18:15:09,,,,https://github.com/gitcoinco/web/issues/5010,thelostone-mc,https://gitcoin.co/issue/16279,0.19,gitcoinco,1045,web,{},ETH,[],1,3
2019-08-18T15:26:17,Documentation,Hours,Beginner,https://github.com/turqco/turqv1/issues/3,ofby436,https://gitcoin.co/issue/15418,6.22,turqco,377,turqv1,{},ETH,['https://github.com/TurqCo/turqV1/pull/4'],1,360
2019-08-27T09:48:15,Documentation,Hours,Intermediate,https://github.com/kauri-io/content/issues/50,ChrisChinchilla,https://gitcoin.co/issue/15572,208.19,kauri-io,772,content,{},ETH,[],0,351
2019-08-08T18:17:57,,,,https://github.com/thelostone-mc/holo/issues/2,thelostone-mc,https://gitcoin.co/issue/15314,2.19,thelostone-mc,27,holo,{},ETH,[],1,364
2019-08-28T21:15:35,,,,https://github.com/gitcoinco/web/issues/4944,owocki,https://gitcoin.co/issue/15681,152.36,gitcoinco,2225,web,{},ETH,['https://www.figma.com/file/cXjqMhsRNSorFUxBCMyUMc/Result-page?node-id=0%3A1'],1,338
2019-08-18T18:07:36,Feature,,,https://github.com/ark-mod/arkbot/pull/96,jefferson-1,https://gitcoin.co/issue/15420,250.34,ark-mod,54,arkbot,{},ETH,['https://github.com/ark-mod/ArkBot/pull/96'],1,348
2019-08-04T00:27:54,Documentation,Hours,Intermediate,https://github.com/turqco/turqv1/issues/1,ofby436,https://gitcoin.co/issue/15255,4.28,turqco,212,turqv1,{},ETH,[],1,362
2019-07-31T18:21:24,,,,https://github.com/gitcoinco/web/pull/2218,thelostone-mc,https://gitcoin.co/issue/15207,4.25,gitcoinco,50,web,{},ETH,[],1,364
2019-08-28T20:12:27,Feature,Weeks,Intermediate,https://github.com/gitcoinco/skunkworks/issues/127,vs77bb,https://gitcoin.co/issue/15676,2124.90,gitcoinco,4680,skunkworks,{},ETH,"['https://github.com/Brianspha/UNICEF-Blockchain-Project/tree/master', 'https://github.com/masaun/trace-connectivity', 'https://github.com/Brianspha/UNICEF-Blockchain-Project/tree/master', 'https://github.com/obernardovieira/connect-ed', 'https://github.com/obernardovieira/connect-ed', 'https://github.com/monetha/unicef-challenge-reducing-digital-divide', 'https://github.com/Christopher-I/UNICEFConnectKids']",7,-14
2022-03-05T11:00:07,Feature,Weeks,Intermediate,https://github.com/gitcoinco/skunkworks/issues/127,vs77bb,https://gitcoin.co/issue/28203,2124.90,gitcoinco,4680,skunkworks,{},ETH,[],0,-933
2019-08-02T16:54:54,,,,https://github.com/gitcoinco/web/issues/4910,owocki,https://gitcoin.co/issue/15236,63.75,gitcoinco,479,web,{},ETH,['https://github.com/gitcoinco/web/pull/4930'],1,362
2022-03-05T10:59:12,Feature,Weeks,Advanced,https://github.com/fluencelabs/bounties/issues/2,evgenyponomarev,https://gitcoin.co/issue/28198,1005.76,fluencelabs,3795,bounties,{},ETH,[],0,-919
2019-09-11T18:03:28,Feature,Weeks,Intermediate,https://github.com/fluencelabs/bounties/issues/1,evgenyponomarev,https://gitcoin.co/issue/16251,1005.76,fluencelabs,2478,bounties,{},ETH,"['https://github.com/viraja1/news_registry', 'https://gitlab.com/koos-project/koos', 'https://github.com/fluencelabs/Bounties/issues/1#issuecomment-520204314']",3,-14
2022-03-05T10:59:03,Feature,Weeks,Intermediate,https://github.com/fluencelabs/bounties/issues/1,evgenyponomarev,https://gitcoin.co/issue/28197,1005.76,fluencelabs,2478,bounties,{},ETH,[],0,-919
2019-09-11T18:02:23,Improvement,Weeks,Intermediate,https://github.com/arweaveteam/bounties/issues/12,cedriking,https://gitcoin.co/issue/16246,1597.41,arweaveteam,2770,bounties,{},ETH,"['https://github.com/josh-richardson/aster', 'https://github.com/nionis/arweave-crowdfunding-dapp', 'https://github.com/sanchaymittal/CrowdFunding-dapp', 'https://github.com/proofoftom/arweave-crowdfund-v2']",4,-15
2022-03-05T10:57:40,Improvement,Weeks,Intermediate,https://github.com/arweaveteam/bounties/issues/12,cedriking,https://gitcoin.co/issue/28190,1597.41,arweaveteam,2770,bounties,{},ETH,[],0,-920
2019-09-11T18:02:15,,Weeks,Advanced,https://github.com/arweaveteam/bounties/issues/11,cedriking,https://gitcoin.co/issue/16245,1597.41,arweaveteam,1592,bounties,{},ETH,[],3,-15
2022-03-05T10:57:30,,Weeks,Advanced,https://github.com/arweaveteam/bounties/issues/11,cedriking,https://gitcoin.co/issue/28189,1597.41,arweaveteam,1592,bounties,{},ETH,[],0,-921
2020-11-29T10:08:28,Feature,Weeks,Intermediate,https://github.com/portis-project/gitcoin-grow-ethereum-hackathon/issues/1,tomteman,https://gitcoin.co/issue/24221,634.65,portis-project,1514,gitcoin-grow-ethereum-hackathon,{},ETH,['https://github.com/pisuthd/portis-upmeet'],4,-429
2022-03-05T10:57:19,Feature,Weeks,Intermediate,https://github.com/portis-project/gitcoin-grow-ethereum-hackathon/issues/1,tomteman,https://gitcoin.co/issue/28188,634.65,portis-project,1514,gitcoin-grow-ethereum-hackathon,{},ETH,[],0,-890
2019-08-08T13:43:30,Feature,Hours,Beginner,https://github.com/gitcoinco/web/issues/4870,thelostone-mc,https://gitcoin.co/issue/15311,88.65,gitcoinco,1333,web,{},ETH,['https://github.com/gitcoinco/web/pull/4899'],1,351
2019-07-23T17:43:18,0,0,0,https://github.com/gitcoinco/code_fund_ads/issues/572,coderberry,https://gitcoin.co/issue/15017,215.96,gitcoinco,346,code_fund_ads,{},ETH,['https://github.com/gitcoinco/code_fund_ads/pull/573'],1,13
2019-07-18T18:26:11,,,,https://github.com/gitcoinco/web/pull/4017,thelostone-mc,https://gitcoin.co/issue/14960,0.22,gitcoinco,1451,web,{},ETH,[],1,364
2019-11-09T10:55:43,Feature,Hours,Beginner,https://github.com/gitcoinco/web/issues/4807,owocki,https://gitcoin.co/issue/17265,111.26,gitcoinco,2079,web,{},ETH,['https://github.com/gitcoinco/web/pull/4827'],1,-85
2020-12-29T10:10:37,0,0,0,https://github.com/arweaveteam/bounties/issues/9,cedriking,https://gitcoin.co/issue/24553,246.50,arweaveteam,2774,bounties,{},ETH,['https://github.com/IgorShadurin/arweave-arql-explorer'],1,-518
2022-03-05T10:55:17,0,0,0,https://github.com/arweaveteam/bounties/issues/9,cedriking,https://gitcoin.co/issue/28178,246.50,arweaveteam,2774,bounties,{},ETH,[],0,-949
2019-10-21T21:16:39,Documentation,,Beginner,https://github.com/mrelliwood/audio-router/issues/3,MrElliwood,https://gitcoin.co/issue/16962,112.08,mrelliwood,276,audio-router,{},ETH,[],1,267
2019-08-02T22:21:22,,,,https://github.com/gitcoinco/web/issues/4648,owocki,https://gitcoin.co/issue/15246,67.25,gitcoinco,492,web,{},ETH,['https://github.com/gitcoinco/web/pull/4799'],1,346
2020-09-09T09:12:53,,,,https://github.com/gitcoinco/web/issues/4691,owocki,https://gitcoin.co/issue/23679,56.04,gitcoinco,281,web,{},ETH,['https://github.com/gitcoinco/web/pull/5001'],1,-57
2022-03-05T10:55:00,Feature,Days,Intermediate,https://github.com/kleros/tokens-on-trial/issues/54,clesaege,https://gitcoin.co/issue/28177,1097.84,kleros,2140,tokens-on-trial,{},ETH,[],0,-601
2019-07-31T15:03:24,,,,https://github.com/gitcoinco/web/issues/4786,owocki,https://gitcoin.co/issue/15195,68.83,gitcoinco,736,web,{},ETH,['https://github.com/gitcoinco/web/pull/4793'],1,346
2019-09-11T18:13:15,,,,https://github.com/gitcoinco/web/issues/4768,oktopustester,https://gitcoin.co/issue/16275,27.65,gitcoinco,776,web,{},ETH,[],1,301
2019-07-14T21:06:00,Documentation,Hours,Beginner,https://github.com/mrelliwood/audio-router/issues/1,MrElliwood,https://gitcoin.co/issue/14925,46.37,mrelliwood,107,audio-router,{},ETH,['https://github.com/MrElliwood/audio-router/pull/2'],1,175
2019-08-06T15:22:04,,,,https://github.com/ethfinex/community-gateway/issues/94,Benefx,https://gitcoin.co/issue/15281,463.02,ethfinex,1982,community-gateway,{},ETH,"['https://github.com/ethfinex/community-gateway/pull/95', 'https://github.com/ethfinex/community-gateway/pull/95']",2,60
2022-03-05T10:53:56,,,,https://github.com/ethfinex/community-gateway/issues/94,Benefx,https://gitcoin.co/issue/28173,463.02,ethfinex,1982,community-gateway,{},ETH,[],0,-881
2019-07-08T17:33:47,Bug,Hours,Intermediate,https://github.com/nblockchain/tcpechosharp/issues/12,knocte,https://gitcoin.co/issue/14805,147.36,nblockchain,642,tcpechosharp,{},ETH,['https://gitlab.com/nblockchain/TcpEchoSharp/merge_requests/2'],1,363
2019-07-08T16:19:17,,,,https://github.com/openintents/app-center/issues/1,friedger,https://gitcoin.co/issue/14803,77.80,openintents,335,app-center,{},ETH,['https://github.com/openintents/app-center/pull/2'],1,362
2019-08-06T06:16:18,,,,https://github.com/gitcoinco/web/issues/4618,oktopustester,https://gitcoin.co/issue/15278,28.29,gitcoinco,449,web,{},ETH,[],1,332
2019-08-19T16:31:46,Improvement,Hours,Advanced,https://github.com/aquiladev/remix-mythx-plugin/issues/24,Sharonbyrne,https://gitcoin.co/issue/15426,2014.20,aquiladev,1114,remix-mythx-plugin,{},ETH,['https://github.com/aquiladev/remix-mythx-plugin/issues/24'],1,12
2019-06-30T06:21:22,,,,https://github.com/gitcoinco/web/pull/4017,thelostone-mc,https://gitcoin.co/issue/14726,0.32,gitcoinco,1451,web,{},ETH,[],1,364
2019-06-29T18:23:39,Bug,Days,Beginner,https://github.com/gitcoinco/web/issues/3080,usmanmuhd,https://gitcoin.co/issue/14722,3.01,gitcoinco,3748,web,{},ETH,[],1,364
2020-02-13T10:30:17,Feature,Hours,Advanced,https://github.com/gitcoinco/web/issues/4706,octavioamu,https://gitcoin.co/issue/19106,108.96,gitcoinco,2436,web,{},ETH,[],0,135
2019-10-01T20:04:22,Feature,Hours,Advanced,https://github.com/gitcoinco/web/issues/4695,octavioamu,https://gitcoin.co/issue/16650,108.02,gitcoinco,2553,web,{},ETH,['https://github.com/gitcoinco/web/pull/5250'],1,5
2019-08-20T12:02:58,Documentation,Hours,Intermediate,https://github.com/kauri-io/content/issues/53,ChrisChinchilla,https://gitcoin.co/issue/15431,307.49,kauri-io,747,content,{},ETH,['https://github.com/kauri-io/Content/pull/58'],1,310
2019-09-10T22:47:50,Documentation,Hours,Intermediate,https://github.com/kauri-io/content/issues/51,ChrisChinchilla,https://gitcoin.co/issue/16175,306.11,kauri-io,743,content,{},ETH,[],0,289
2019-07-19T08:20:11,Documentation,Hours,Intermediate,https://github.com/kauri-io/content/issues/54,ChrisChinchilla,https://gitcoin.co/issue/14981,999.04,kauri-io,0,content,{},ETH,[],0,341
2020-02-19T09:32:31,Documentation,Hours,Advanced,https://github.com/kauri-io/content/issues/40,ChrisChinchilla,https://gitcoin.co/issue/19178,400.87,kauri-io,130,content,{},ETH,[],0,125
2019-07-15T13:15:50,Improvement,Hours,Beginner,https://github.com/portis-project/beyondblockchain2019-hackathon/issues/1,tomteman,https://gitcoin.co/issue/14928,924.69,portis-project,984,beyondblockchain2019-hackathon,{},ETH,"['https://github.com/krisc/PoopOutsideTheBox', 'https://github.com/robin-thomas/piper', 'https://github.com/DecentLabs/proof-of-love/']",3,9
2019-08-22T12:02:02,Other,Days,Intermediate,https://github.com/arweaveteam/bounties/issues/7,arweave-sophie,https://gitcoin.co/issue/15504,736.14,arweaveteam,1424,bounties,{},ETH,['https://github.com/shenwilly/adam'],1,-29
2022-03-05T10:51:36,Other,Days,Intermediate,https://github.com/arweaveteam/bounties/issues/7,arweave-sophie,https://gitcoin.co/issue/28164,736.14,arweaveteam,1424,bounties,{},ETH,[],0,-955
2019-07-23T03:46:30,Documentation,Hours,Beginner,https://github.com/sigillabs/mobidex/issues/236,generalpiston,https://gitcoin.co/issue/15010,4.62,sigillabs,362,mobidex,{},ETH,['https://github.com/sigillabs/mobidex/pull/244'],1,1
2019-07-02T00:14:46,Documentation,Hours,Beginner,https://github.com/sigillabs/mobidex/issues/235,generalpiston,https://gitcoin.co/issue/14740,4.62,sigillabs,358,mobidex,{},ETH,['https://github.com/sigillabs/mobidex/pull/241'],1,22
2019-07-17T21:13:54,,,,https://github.com/arweaveteam/bounties/issues/5,samcamwilliams,https://gitcoin.co/issue/14954,762.70,arweaveteam,1253,bounties,{},ETH,"['https://github.com/snezanasucurovic042/EmailCrypto1', 'https://github.com/josh-richardson/chainmail', 'https://github.com/snezanasucurovic042/EmailCrypto1', 'https://github.com/IgorShadurin/arweave-provable-emails']",4,5
2019-07-17T21:13:24,,Days,Beginner,https://github.com/arweaveteam/bounties/issues/3,samcamwilliams,https://gitcoin.co/issue/14953,744.68,arweaveteam,943,bounties,{},ETH,"['https://github.com/srisankethu/ar-openknowledge', 'https://github.com/niinpatel/expert-advice', 'https://github.com/calchulus/arweave-knowledger']",3,5
2022-03-05T10:50:56,,Days,Beginner,https://github.com/arweaveteam/bounties/issues/3,samcamwilliams,https://gitcoin.co/issue/28160,744.68,arweaveteam,943,bounties,{},ETH,[],0,-957
2019-08-07T10:08:24,,Weeks,Intermediate,https://github.com/arweaveteam/bounties/issues/4,samcamwilliams,https://gitcoin.co/issue/15292,5001.16,arweaveteam,1324,bounties,{},ETH,"['https://github.com/ArweaveTeam/Bounties/pull/8', 'https://github.com/robin-thomas/piper', 'http://github.com/josh-richardson/albatross', 'https://github.com/mul1sh/spread', 'https://github.com/vertis/arweave-appstore']",5,-16
2019-06-29T19:06:47,Documentation,Hours,Beginner,https://github.com/ethhub-io/ethhub/issues/299,sassal,https://gitcoin.co/issue/14723,117.86,ethhub-io,572,ethhub,{},ETH,['https://github.com/ethhub-io/ethhub/pull/300'],1,357
2019-07-18T21:51:13,,,,https://github.com/consensys/beyond-blockchain-relay/issues/3,katiejohnson,https://gitcoin.co/issue/14967,7069.92,consensys,3232,beyond-blockchain-relay,{},ETH,[],3,2
2022-03-05T10:50:35,,,,https://github.com/consensys/beyond-blockchain-relay/issues/3,katiejohnson,https://gitcoin.co/issue/28159,7069.92,consensys,3232,beyond-blockchain-relay,{},ETH,[],0,-958
2019-07-18T21:40:03,,,,https://github.com/consensys/beyond-blockchain-relay/issues/2,katiejohnson,https://gitcoin.co/issue/14966,7069.92,consensys,2028,beyond-blockchain-relay,{},ETH,[],7,2
2022-03-05T10:50:26,,,,https://github.com/consensys/beyond-blockchain-relay/issues/2,katiejohnson,https://gitcoin.co/issue/28158,7069.92,consensys,2028,beyond-blockchain-relay,{},ETH,[],0,-958
2019-07-18T18:49:37,,Weeks,Beginner,https://github.com/consensys/beyond-blockchain-relay/issues/1,katiejohnson,https://gitcoin.co/issue/14963,7069.92,consensys,1772,beyond-blockchain-relay,{},ETH,[],4,3
2022-03-05T10:50:16,,Weeks,Beginner,https://github.com/consensys/beyond-blockchain-relay/issues/1,katiejohnson,https://gitcoin.co/issue/28157,7069.92,consensys,1772,beyond-blockchain-relay,{},ETH,[],0,-958
2019-08-08T06:50:33,Feature,Hours,Intermediate,https://github.com/nblockchain/tcpechosharp/issues/4,knocte,https://gitcoin.co/issue/15307,103.50,nblockchain,192,tcpechosharp,{},ETH,['https://github.com/nblockchain/TcpEchoSharp/pull/11'],1,-20
2019-10-21T09:23:20,Documentation,Hours,Intermediate,https://github.com/kauri-io/content/issues/47,ChrisChinchilla,https://gitcoin.co/issue/16952,381.49,kauri-io,250,content,{},ETH,[],0,24
2019-06-25T16:51:43,Documentation,Hours,Intermediate,https://github.com/kauri-io/content/issues/46,ChrisChinchilla,https://gitcoin.co/issue/14661,422.63,kauri-io,29,content,{},ETH,['https://github.com/kauri-io/Content/pull/34'],1,21
2019-07-16T18:27:12,,,,https://github.com/ethereum/py-evm/issues/1786,vs77bb,https://gitcoin.co/issue/14944,149.04,ethereum,434,py-evm,{},ETH,['https://github.com/ethereum/py-evm/pull/1792'],1,335
2020-03-17T09:21:05,Improvement,Days,Intermediate,https://github.com/gitcoinco/web/issues/4465,PixelantDesign,https://gitcoin.co/issue/20648,200.62,gitcoinco,1608,web,{},ETH,[],1,-248
2019-07-12T07:54:20,Feature,Months,Beginner,https://github.com/monthly-blockchain-hackathon/201906/issues/1,ookimaki,https://gitcoin.co/issue/14896,258.32,monthly-blockchain-hackathon,150,201906,{},ETH,"['https://github.com/nandemotoken/Zorome', 'https://github.com/avcdsld/WrappedKittiesViewer', 'https://github.com/akira-19/Donathereum', 'https://github.com/KYpotato/reservation_btc.git']",4,0
2022-03-05T10:48:38,Feature,Months,Beginner,https://github.com/monthly-blockchain-hackathon/201906/issues/1,ookimaki,https://gitcoin.co/issue/28151,258.32,monthly-blockchain-hackathon,150,201906,{},ETH,[],0,-967
2019-06-20T18:18:48,,,,https://github.com/gitcoinco/web/issues/4631,oktopustester,https://gitcoin.co/issue/14567,2.48,gitcoinco,2153,web,{},ETH,[],1,357
2019-06-19T13:58:02,Other,Hours,Intermediate,https://github.com/pegasyseng/bountiedwork/issues/17,jrhea,https://gitcoin.co/issue/14533,496.22,pegasyseng,1010,bountiedwork,{},ETH,['https://github.com/nanspro/Hobbits.py'],1,83
2019-07-22T03:14:23,Other,Hours,Intermediate,https://github.com/pegasyseng/bountiedwork/issues/10,jrhea,https://gitcoin.co/issue/14995,485.12,pegasyseng,1057,bountiedwork,{},ETH,[],1,49
2019-06-15T19:41:11,Other,Hours,Intermediate,https://github.com/pegasyseng/bountiedwork/issues/9,jrhea,https://gitcoin.co/issue/14473,485.12,pegasyseng,1061,bountiedwork,{},ETH,['https://github.com/renaynay/go-hobbits'],1,86
2019-06-13T23:12:35,Other,Hours,Advanced,https://github.com/pegasyseng/bountiedwork/issues/8,jrhea,https://gitcoin.co/issue/14452,485.61,pegasyseng,1142,bountiedwork,{},ETH,['https://github.com/apache/incubator-tuweni/tree/master/hobbits-relayer'],1,177
2019-06-19T23:00:22,Feature,Hours,Intermediate,https://github.com/gitcoinco/code_fund_ads/issues/483,coderberry,https://gitcoin.co/issue/14557,99.95,gitcoinco,665,code_fund_ads,{},ETH,['https://github.com/gitcoinco/code_fund_ads/pull/544'],1,21
2019-11-26T23:00:41,0,0,0,https://github.com/harmonylion/ideamarkets/issues/1,harmonylion,https://gitcoin.co/issue/17583,737.85,harmonylion,1202,ideamarkets,{},ETH,[],1,-141
2019-07-01T19:28:54,Bug,Hours,Beginner,https://github.com/sigillabs/mobidex/issues/230,generalpiston,https://gitcoin.co/issue/14739,1.16,sigillabs,501,mobidex,{},ETH,[],1,13
2019-07-03T19:00:17,Improvement,Hours,Intermediate,https://github.com/gitcoinco/web/issues/4544,PixelantDesign,https://gitcoin.co/issue/14754,73.95,gitcoinco,477,web,{},ETH,['https://github.com/gitcoinco/web/pull/4613'],1,341
2019-07-03T19:00:27,Bug,Hours,Intermediate,https://github.com/gitcoinco/web/issues/4398,PixelantDesign,https://gitcoin.co/issue/14755,71.79,gitcoinco,495,web,{},ETH,['https://github.com/gitcoinco/web/pull/4602'],1,339
2019-06-15T16:46:15,Improvement,Hours,Intermediate,https://github.com/nblockchain/tcpechosharp/issues/2,knocte,https://gitcoin.co/issue/14471,194.72,nblockchain,575,tcpechosharp,{},ETH,['https://github.com/nblockchain/TcpEchoSharp/pull/3'],1,356
2019-06-15T00:10:25,Other,Hours,Beginner,https://github.com/proderivatives/ethereumcontracts/issues/1,stejin,https://gitcoin.co/issue/14466,363.81,proderivatives,186,ethereumcontracts,{},ETH,['https://github.com/ProDerivatives/EthereumContracts/issues/1'],2,-2
2019-06-04T18:19:57,,,,https://github.com/gitcoinco/web/issues/4569,oktopustester,https://gitcoin.co/issue/14047,2.59,gitcoinco,489,web,{},ETH,[],1,364
2019-07-25T18:01:59,,,,https://github.com/gitcoinco/web/issues/4559,owocki,https://gitcoin.co/issue/15038,53.91,gitcoinco,349,web,{},ETH,[],0,312
2019-06-03T06:40:09,Feature,Days,Intermediate,https://github.com/acolytec3/nanobitcoin-go/issues/9,acolytec3,https://gitcoin.co/issue/14011,0.26,acolytec3,19,nanobitcoin-go,{},ETH,['https://github.com/acolytec3/nanobitcoin-go/pull/2'],1,115739
2019-06-18T13:31:12,Improvement,Hours,Intermediate,https://github.com/gitcoinco/web/issues/4503,danlipert,https://gitcoin.co/issue/14510,78.48,gitcoinco,856,web,{},ETH,['https://github.com/gitcoinco/web/pull/4579'],1,347
2019-08-07T15:51:51,,,,https://github.com/gitcoinco/web/issues/4522,owocki,https://gitcoin.co/issue/15299,46.28,gitcoinco,516,web,{},ETH,['https://github.com/gitcoinco/web/pull/4552'],1,296
2019-05-31T18:19:51,Feature,Days,Beginner,https://github.com/danlipert/gitcoin-test/issues/23,danlipert,https://gitcoin.co/issue/13896,0.26,danlipert,13,gitcoin-test,{},ETH,[],1,364
2019-05-31T18:19:40,Feature,Hours,Intermediate,https://github.com/danlipert/gitcoin-test/issues/21,danlipert,https://gitcoin.co/issue/13894,0.26,danlipert,12,gitcoin-test,{},ETH,[],1,364
2019-08-30T07:06:24,Documentation,Days,Intermediate,https://github.com/kauri-io/content/issues/45,ChrisChinchilla,https://gitcoin.co/issue/15728,1004.90,kauri-io,1053,content,{},ETH,['https://github.com/kauri-io/Content/pull/57'],1,274
2019-05-30T18:19:54,Feature,Days,Intermediate,https://github.com/danlipert/gitcoin-test/issues/20,dan,https://gitcoin.co/issue/13800,0.27,danlipert,24,gitcoin-test,{},ETH,[],1,364
2019-05-30T18:19:41,Feature,Days,Intermediate,https://github.com/danlipert/gitcoin-test/issues/18,danlipert,https://gitcoin.co/issue/13797,0.27,danlipert,60,gitcoin-test,{},ETH,[],1,364
2019-05-30T18:19:37,Feature,Days,Intermediate,https://github.com/danlipert/gitcoin-test/issues/17,danlipert,https://gitcoin.co/issue/13796,0.27,danlipert,22,gitcoin-test,{},ETH,[],0,364
2019-06-01T18:14:13,Improvement,,Intermediate,https://github.com/gitcoinco/web/issues/4515,PixelantDesign,https://gitcoin.co/issue/13972,50.94,gitcoinco,533,web,{},ETH,[],0,27
2019-07-31T21:29:46,,,,https://github.com/gitcoinco/web/issues/4395,owocki,https://gitcoin.co/issue/15210,68.09,gitcoinco,551,web,{},ETH,['https://github.com/gitcoinco/web/pull/4716#issuecomment-513587082'],1,300
2019-05-28T18:19:07,Improvement,Hours,Beginner,https://github.com/dangitcoin/private-repo/issues/4,danlipert,https://gitcoin.co/issue/13685,0.00,dangitcoin,220,private-repo,{},ETH,[],1,364
2019-06-09T08:06:43,Improvement,Hours,Intermediate,https://github.com/ssteiger/vyper-contract-gui/issues/7,ssteiger,https://gitcoin.co/issue/14182,106.03,ssteiger,251,vyper-contract-gui,{},ETH,['https://github.com/ssteiger/Vyper-Contract-GUI/pull/11'],1,351
2019-06-04T11:55:41,Feature,Hours,Intermediate,https://github.com/nblockchain/tcpechosharp/issues/1,knocte,https://gitcoin.co/issue/14033,202.44,nblockchain,949,tcpechosharp,{},ETH,['https://github.com/knocte/TcpEcho/pull/2'],1,20
2019-05-31T09:19:13,,,,https://github.com/b-mueller/sabre/issues/62,b-mueller,https://gitcoin.co/issue/13862,49.76,b-mueller,489,sabre,{},ETH,['https://github.com/b-mueller/sabre/pull/63'],1,358
2019-05-28T18:18:32,,,,https://github.com/gitcoinco/web/issues/4415,oktopustester,https://gitcoin.co/issue/13682,2.45,gitcoinco,699,web,{},ETH,[],1,360
2019-05-26T06:19:15,,,,https://github.com/gitcoinco/web/issues/4333,thelostone-mc,https://gitcoin.co/issue/13643,2.45,gitcoinco,1489,web,{},ETH,[],1,362
2019-06-15T15:12:11,Improvement,Hours,Intermediate,https://github.com/petrachor/blockscout/issues/1,Eika4,https://gitcoin.co/issue/14470,199.16,petrachor,635,blockscout,{},ETH,['https://github.com/janus/petraStats'],1,341
2020-12-13T11:41:55,Feature,Hours,Intermediate,https://github.com/julienbrg/hasard/issues/1,julienbrg,https://gitcoin.co/issue/24475,149.99,julienbrg,1599,hasard,{},ETH,[],0,-558
2022-03-05T10:41:29,Feature,Hours,Intermediate,https://github.com/julienbrg/hasard/issues/1,julienbrg,https://gitcoin.co/issue/28143,149.99,julienbrg,1599,hasard,{},ETH,[],0,-1005
2019-05-22T16:51:14,Design,Hours,Beginner,https://github.com/jacobcreech/cryptogosu.com/issues/1,jacobcreech,https://gitcoin.co/issue/13536,242.49,jacobcreech,1532,cryptogosu.com,{},ETH,[],9,9
2019-05-23T17:06:03,Improvement,Hours,Intermediate,https://github.com/gitcoinco/code_fund_ads/issues/402,coderberry,https://gitcoin.co/issue/13586,497.98,gitcoinco,336,code_fund_ads,{},ETH,[],0,7
2019-06-23T11:13:50,Feature,Hours,Advanced,https://github.com/utunga/homesafe/issues/1,utunga,https://gitcoin.co/issue/14599,655.35,utunga,4848,homesafe,{},ETH,['https://gitlab.com/utunga/manyverse/merge_requests/1'],1,1
2019-05-19T19:46:54,Bug,Hours,Advanced,https://github.com/rook/rook/issues/3190,solohin,https://gitcoin.co/issue/13463,44.44,rook,2473,rook,{},ETH,[],1,0
2019-05-15T18:20:26,,,,https://github.com/danlipert/private-test/issues/1,danlipert,https://gitcoin.co/issue/13378,0.00,danlipert,21,private-test,{},ETH,[],0,364
2019-05-20T06:18:25,,,,https://github.com/gitcoinco/web/issues/4405,thelostone-mc,https://gitcoin.co/issue/13468,2.48,gitcoinco,847,web,{},ETH,[],1,25
2019-05-31T07:11:02,Documentation,Hours,Intermediate,https://github.com/kauri-io/content/issues/42,ChrisChinchilla,https://gitcoin.co/issue/13849,152.23,kauri-io,150,content,{},ETH,['https://github.com/kauri-io/Content/pull/44'],1,164
2019-05-31T07:07:09,Documentation,Hours,Beginner,https://github.com/kauri-io/content/issues/41,ChrisChinchilla,https://gitcoin.co/issue/13847,152.23,kauri-io,153,content,{},ETH,['https://github.com/random-char/Content/commits/ethereum-101-translation-ru'],1,164
2019-05-20T04:37:13,Other,Hours,Beginner,https://github.com/vexycats/gitcoin_bounties/issues/1,VexyCats,https://gitcoin.co/issue/13467,44.13,vexycats,432,gitcoin_bounties,{},ETH,['https://github.com/VexyCats/Gitcoin_Bounties/pull/2'],2,360
2019-11-05T20:24:32,Improvement,Days,Intermediate,https://github.com/metamask/metamask-extension/issues/5524,Arachnid,https://gitcoin.co/issue/17173,195.27,metamask,851,metamask-extension,{},ETH,['https://github.com/MetaMask/metamask-extension/pull/6606'],1,189
2019-05-09T12:27:21,,Unknown,,https://github.com/jschiarizzi/storj-ipfs-gateway/issues/13,jschiarizzi,https://gitcoin.co/issue/13210,0.17,jschiarizzi,468,storj-ipfs-gateway,{},ETH,[],0,364
2019-05-28T13:44:35,Documentation,Hours,Intermediate,https://github.com/chainstack/docs/issues/19,easeev,https://gitcoin.co/issue/13678,255.66,chainstack,1843,docs,{},ETH,['https://github.com/nanspro/Simple-Certificates-on-ethereum'],1,345
2019-05-22T18:16:55,,Unknown,,https://github.com/gitcoinco/web/issues/3232,SaptakS,https://gitcoin.co/issue/13540,0.17,gitcoinco,1899,web,{},ETH,['https://github.com/gitcoinco/web/pull/1853'],1,350
2019-05-08T18:18:22,,Unknown,,https://github.com/gitcoinco/web/pull/4017,thelostone-mc,https://gitcoin.co/issue/13169,0.17,gitcoinco,1451,web,{},ETH,[],1,364
2019-06-20T09:25:21,Feature,Unknown,Advanced,https://github.com/trustwallet/wallet-core/issues/260,eminogrande,https://gitcoin.co/issue/14559,1312.56,trustwallet,1319,wallet-core,{},ETH,['https://github.com/TrustWallet/wallet-core/pull/420/files'],1,320
2020-01-28T23:33:00,,Unknown,,https://github.com/gitcoinco/skunkworks/issues/117,owocki,https://gitcoin.co/issue/18846,327.25,gitcoinco,1880,skunkworks,{},ETH,[],1,97
2019-07-22T22:21:10,Bug,Hours,Beginner,https://github.com/gitcoinco/web/issues/4186,frankchen07,https://gitcoin.co/issue/15005,60.46,gitcoinco,615,web,{},ETH,['https://github.com/gitcoinco/web/pull/4792#issuecomment-511405832'],1,287
2019-11-18T18:47:15,,Hours,Beginner,https://github.com/gitcoinco/web/issues/4264,frankchen07,https://gitcoin.co/issue/17465,40.80,gitcoinco,789,web,{},ETH,['https://github.com/gitcoinco/web/pull/5331'],1,168
2019-05-06T00:51:49,Feature,Hours,Beginner,https://github.com/chriscates/commoncrawler/issues/10,ChrisCates,https://gitcoin.co/issue/13119,184.53,chriscates,637,commoncrawler,{},ETH,['https://github.com/ChrisCates/CommonCrawler/pull/11'],1,363
2019-05-10T18:16:13,,Unknown,,https://github.com/gitcoinco/skunkworks/issues/111,owocki,https://gitcoin.co/issue/13259,118.40,gitcoinco,345,skunkworks,{},ETH,['https://github.com/gitcoinco/skunkworks/pull/116'],1,357
2019-05-21T23:19:16,,Unknown,,https://github.com/gitcoinco/web/issues/4315,owocki,https://gitcoin.co/issue/13527,39.13,gitcoinco,499,web,{},ETH,['https://github.com/gitcoinco/web/pull/4337'],1,343
2019-06-24T16:27:47,,Unknown,,https://github.com/gitcoinco/web/issues/4267,owocki,https://gitcoin.co/issue/14625,230.58,gitcoinco,352,web,{},ETH,['https://github.com/gitcoinco/web/pull/4317'],1,309
2019-12-21T10:05:28,,,,https://github.com/gitcoinco/web/issues/4292,danlipert,https://gitcoin.co/issue/17988,188.12,gitcoinco,2021,web,{},ETH,['https://github.com/gitcoinco/web/pull/4601'],1,126
2019-04-27T06:18:21,,Unknown,,https://github.com/gitcoinco/web/issues/4282,octavioamu,https://gitcoin.co/issue/12924,0.15,gitcoinco,808,web,{},ETH,[],1,363
2019-05-30T18:15:08,,Unknown,,https://github.com/gitcoinco/web/issues/4267,thelostone-mc,https://gitcoin.co/issue/13793,0.16,gitcoinco,352,web,{},ETH,[],1,329
2021-09-13T09:41:25,,Unknown,,https://github.com/b-mueller/sabre/issues/52,b-mueller,https://gitcoin.co/issue/26601,230.19,b-mueller,1994,sabre,{},ETH,[],0,-507
2022-03-05T10:33:02,,Unknown,,https://github.com/b-mueller/sabre/issues/52,b-mueller,https://gitcoin.co/issue/28127,230.19,b-mueller,1994,sabre,{},ETH,[],0,-680
2019-05-26T06:15:21,,Unknown,,https://github.com/gitcoinco/web/pull/3915,thelostone-mc,https://gitcoin.co/issue/13642,0.16,gitcoinco,1493,web,{},ETH,[],1,334
2019-04-24T18:18:52,Feature,Hours,Beginner,https://github.com/dangitcoin/gitcoin-fun-pub/issues/15,dan,https://gitcoin.co/issue/12805,0.16,dangitcoin,16,gitcoin-fun-pub,{},ETH,[],0,364
2019-04-25T18:43:12,Improvement,Hours,Intermediate,https://github.com/etherdotblue/hazechain/issues/1,EtherDotBlue,https://gitcoin.co/issue/12854,33.18,etherdotblue,915,hazechain,{},ETH,[],0,0
2019-06-04T06:01:54,Feature,Hours,Intermediate,https://github.com/gnosisecosystemfund/gnosis-bounties-/issues/16,GnosisEcosystemFund,https://gitcoin.co/issue/14024,516.78,gnosisecosystemfund,1568,gnosis-bounties-,{},ETH,['https://github.com/hilmarx/grachten-dx'],1,-17
2022-03-05T10:31:42,Feature,Hours,Intermediate,https://github.com/gnosisecosystemfund/gnosis-bounties-/issues/16,GnosisEcosystemFund,https://gitcoin.co/issue/28125,516.78,gnosisecosystemfund,1568,gnosis-bounties-,{},ETH,[],0,-1022
2019-04-23T12:11:01,Documentation,Hours,Intermediate,https://github.com/kauri-io/content/issues/9,ChrisChinchilla,https://gitcoin.co/issue/12787,484.29,kauri-io,42,content,{},ETH,[],1,24
2019-05-17T05:58:55,Documentation,Hours,Intermediate,https://github.com/kauri-io/content/issues/39,ChrisChinchilla,https://gitcoin.co/issue/13426,870.86,kauri-io,904,content,{},ETH,[],2,0
2019-04-20T06:18:50,,Unknown,,https://github.com/gitcoinco/web/issues/4191,oktopustester,https://gitcoin.co/issue/12700,4.81,gitcoinco,697,web,{},ETH,[],1,362
2019-05-07T14:38:56,Improvement,Hours,Intermediate,https://github.com/makerdao/pyexchange/issues/42,,https://gitcoin.co/issue/13146,197.18,makerdao,1478,pyexchange,{},ETH,['https://github.com/makerdao/pyexchange/pull/43'],1,69
2019-04-25T13:05:03,Improvement,Hours,Beginner,https://github.com/witnet/witnet-rust/issues/568,aesedepece,https://gitcoin.co/issue/12823,4.09,witnet,265,witnet-rust,{},ETH,['https://github.com/witnet/witnet-rust/pull/588'],1,-7
2019-05-17T10:40:19,Design,Hours,Beginner,https://github.com/witnet/research/issues/33,aesedepece,https://gitcoin.co/issue/13431,32.96,witnet,836,research,{},ETH,"['https://github.com/witnet/research/pull/35', 'https://github.com/witnet/research/pull/37', 'https://github.com/witnet/research/pull/39', 'https://github.com/witnet/research/pull/38', 'https://github.com/witnet/research/pull/36']",5,11
2019-05-10T18:07:22,Feature,Hours,Intermediate,https://github.com/a8dev/ethereal/issues/1,threejeez,https://gitcoin.co/issue/13247,1026.21,a8dev,723,ethereal,{},ETH,"['https://github.com/johngrantuk/burnerbot', 'https://github.com/Yorke1/important']",2,5
2019-05-03T16:45:41,Feature,Days,Beginner,https://github.com/kleros/hackathon/issues/1,clesaege,https://gitcoin.co/issue/13042,0.17,kleros,1889,hackathon,{},ETH,"['https://github.com/wasmatic/kleros-curated-list-creator', 'https://github.com/genesisdotre/kleros-ethereal-virtual-hackathon']",2,-4
2019-05-17T05:43:57,Documentation,Hours,Intermediate,https://github.com/ensdomains/docs/issues/10,ChrisChinchilla,https://gitcoin.co/issue/13425,374.81,ensdomains,1091,docs,{},ETH,['https://github.com/ensdomains/docs/pull/15'],1,11
2019-05-12T01:35:02,,Unknown,,https://github.com/nucypher/hackathon/issues/4,mswilkison,https://gitcoin.co/issue/13277,2480.11,nucypher,565,hackathon,{},ETH,[],3,3
2019-05-12T01:43:20,,Unknown,,https://github.com/nucypher/hackathon/issues/5,mswilkison,https://gitcoin.co/issue/13278,2480.11,nucypher,551,hackathon,{},ETH,[],3,2
2019-05-14T19:24:03,Other,Weeks,,https://github.com/katiejohnson/labs_relay/issues/2,,https://gitcoin.co/issue/13321,3923.76,katiejohnson,4289,labs_relay,{},ETH,[],4,-2
2019-05-14T12:54:08,Other,Weeks,Advanced,https://github.com/katiejohnson/labs_relay/issues/1,,https://gitcoin.co/issue/13319,3963.12,katiejohnson,4695,labs_relay,{},ETH,[],5,-2
2019-04-30T23:13:21,,Unknown,,https://github.com/gitcoinco/browser-extension/issues/69,owocki,https://gitcoin.co/issue/12990,73.19,gitcoinco,423,browser-extension,{},ETH,['https://github.com/gitcoinco/browser-extension/pull/70'],1,346
2021-03-13T09:59:38,,Unknown,,https://github.com/gitcoinco/skunkworks/issues/92,owocki,https://gitcoin.co/issue/25077,7427.25,gitcoinco,1706,skunkworks,{},ETH,[],4,-336
2022-03-05T10:24:51,,Unknown,,https://github.com/gitcoinco/skunkworks/issues/92,owocki,https://gitcoin.co/issue/28110,7427.25,gitcoinco,1706,skunkworks,{},ETH,[],0,-693
2019-05-03T19:11:23,,Hours,Intermediate,https://github.com/arweaveteam/weavemail/issues/2,samcamwilliams,https://gitcoin.co/issue/13047,120.49,arweaveteam,1174,weavemail,{},ETH,['https://github.com/ArweaveTeam/weavemail/pull/8'],1,343
2019-05-10T18:03:57,Improvement,Hours,Beginner,https://github.com/witnet/witnet-rust/issues/567,aesedepece,https://gitcoin.co/issue/13240,7.43,witnet,968,witnet-rust,{},ETH,['https://github.com/witnet/witnet-rust/pull/580'],1,1
2019-05-10T18:03:43,,Hours,Beginner,https://github.com/arweaveteam/weavemail/issues/1,samcamwilliams,https://gitcoin.co/issue/13239,100.52,arweaveteam,458,weavemail,{},ETH,['https://github.com/ArweaveTeam/weavemail/pull/7/commits/a86043719ae927a3c9ac44cc05f03ad60344de14'],1,336
2019-05-14T19:47:41,Feature,Hours,Beginner,https://github.com/arweaveteam/weavemail/issues/3,samcamwilliams,https://gitcoin.co/issue/13323,82.56,arweaveteam,598,weavemail,{},ETH,['https://github.com/ArweaveTeam/weavemail/pull/7/commits/a32ee9154a8bfa4220354ef65199a1c658c24845'],1,332
2019-04-16T09:08:53,Improvement,Hours,Beginner,https://github.com/witnet/witnet-rust/issues/575,aesedepece,https://gitcoin.co/issue/11958,9.90,witnet,302,witnet-rust,{},ETH,[],0,26
2021-03-13T09:59:17,Bug,Hours,Beginner,https://github.com/witnet/witnet-rust/issues/484,aesedepece,https://gitcoin.co/issue/25076,4.78,witnet,229,witnet-rust,{},ETH,[],1,-671
2022-03-05T10:24:31,Bug,Hours,Beginner,https://github.com/witnet/witnet-rust/issues/484,aesedepece,https://gitcoin.co/issue/28109,4.78,witnet,229,witnet-rust,{},ETH,[],0,-1028
2019-04-21T19:28:17,Feature,Days,Intermediate,https://github.com/matter-labs/web3swift/issues/159,barrasso,https://gitcoin.co/issue/12774,412.62,matter-labs,3349,web3swift,{},ETH,[],0,4
2019-04-11T18:18:59,Bug,Hours,Beginner,https://github.com/dangitcoin/gitcoin-fun-pub/issues/12,danlipert,https://gitcoin.co/issue/11836,0.18,dangitcoin,22,gitcoin-fun-pub,{},ETH,[],1,364
2020-09-08T17:45:25,,Unknown,,https://github.com/gitcoinco/web/issues/4178,owocki,https://gitcoin.co/issue/23667,53.18,gitcoinco,109,web,{},ETH,['https://github.com/gitcoinco/web/pull/4666'],1,-152
2019-05-10T18:02:37,Feature,Hours,Intermediate,https://github.com/knocte/fsx/issues/1,knocte,https://gitcoin.co/issue/13237,188.80,knocte,403,fsx,{},ETH,[],1,0
2019-10-14T20:07:41,,Unknown,,https://github.com/gitcoinco/web/issues/4150,owocki,https://gitcoin.co/issue/16865,97.54,gitcoinco,1542,web,{},ETH,['https://github.com/gitcoinco/web/pull/4229'],1,176
2019-04-11T06:38:52,Improvement,Hours,Beginner,https://github.com/gitcoinco/web/issues/4132,frankchen07,https://gitcoin.co/issue/11817,10.74,gitcoinco,944,web,{},ETH,['https://github.com/gitcoinco/web/pull/4160'],1,362
2019-05-13T09:43:27,,Unknown,,https://github.com/b-mueller/sabre/issues/41,b-mueller,https://gitcoin.co/issue/13290,45.94,b-mueller,241,sabre,{},ETH,['https://github.com/b-mueller/sabre/pull/42'],1,329
2019-04-12T00:36:29,,Unknown,,https://github.com/unlock-protocol/unlock/issues/1689,julien51,https://gitcoin.co/issue/11844,260.83,unlock-protocol,180,unlock,{},ETH,['https://github.com/unlock-protocol/unlock/pull/2538'],1,3
2019-04-10T06:19:05,,Unknown,,https://github.com/gitcoinco/web/pull/4113,thelostone-mc,https://gitcoin.co/issue/11791,0.17,gitcoinco,1439,web,{},ETH,[],1,-3
2019-04-14T09:34:30,,Unknown,,https://github.com/requarks/wiki/issues/565,virgil,https://gitcoin.co/issue/11896,82.26,requarks,131,wiki,{},ETH,[],0,357
2020-03-16T15:57:19,,Unknown,,https://github.com/gitcoinco/web/issues/4122,owocki,https://gitcoin.co/issue/20628,80.64,gitcoinco,1427,web,{},ETH,['https://github.com/gitcoinco/web/pull/4198'],1,18
2019-04-10T06:18:56,Bug,Days,Beginner,https://github.com/dangitcoin/gitcoin-fun-pub/issues/11,dan,https://gitcoin.co/issue/11788,0.16,dangitcoin,8,gitcoin-fun-pub,{},ETH,[],1,359
2019-04-10T06:18:30,,Unknown,,https://github.com/gitcoinco/web/issues/4103,SaptakS,https://gitcoin.co/issue/11780,0.16,gitcoinco,588,web,{},ETH,[],1,359
2019-04-30T15:21:38,,Unknown,,https://github.com/b-mueller/sabre/issues/39,b-mueller,https://gitcoin.co/issue/12960,564.48,b-mueller,476,sabre,{},ETH,['https://github.com/b-mueller/sabre/pull/58'],1,338
2019-05-21T17:01:36,,Unknown,,https://github.com/gitcoinco/web/issues/4111,owocki,https://gitcoin.co/issue/13525,167.56,gitcoinco,1811,web,{},ETH,['https://github.com/gitcoinco/web/pull/4279'],1,317
2019-04-10T06:18:16,,Unknown,,https://github.com/gitcoinco/web/issues/2129,thelostone-mc,https://gitcoin.co/issue/11775,0.14,gitcoinco,494,web,{},ETH,[],1,356
2019-04-20T00:02:19,,Unknown,,https://github.com/b-mueller/sabre/issues/34,b-mueller,https://gitcoin.co/issue/12657,42.48,b-mueller,920,sabre,{},ETH,[],0,345
2022-03-05T10:19:47,,Unknown,,https://github.com/b-mueller/sabre/issues/34,b-mueller,https://gitcoin.co/issue/28105,42.48,b-mueller,920,sabre,{},ETH,[],0,-706
2019-03-31T16:12:03,,Hours,Advanced,https://github.com/clesaege/hacksmartcontract/issues/3,clesaege,https://gitcoin.co/issue/11617,14.27,clesaege,117,hacksmartcontract,{},ETH,['https://github.com/clesaege/HackSmartContract/pull/5'],1,2
2019-04-24T04:21:59,Bug,Hours,Intermediate,https://github.com/xamarin/xamarin.forms/issues/5533,knocte,https://gitcoin.co/issue/12800,51.05,xamarin,908,xamarin.forms,{},ETH,['https://github.com/xamarin/Xamarin.Forms/pull/5764'],1,340
2019-04-10T06:18:11,,Unknown,,https://github.com/gitcoinco/web/issues/4077,oktopustester,https://gitcoin.co/issue/11774,0.14,gitcoinco,1073,web,{},ETH,[],2,353
2019-04-03T18:08:57,Code Review,Hours,,https://github.com/gitcoincontracts/smartcontracts/issues/1,GitcoinContracts,https://gitcoin.co/issue/11658,99.80,gitcoincontracts,1243,smartcontracts,{},ETH,[],2,9
2019-04-03T16:07:13,,Unknown,,https://github.com/owocki/foobarnow/issues/1,owocki,https://gitcoin.co/issue/11656,70.47,owocki,243,foobarnow,{},ETH,['https://github.com/DistributedDoge/Gitcoin-Feedback/blob/master/README.md'],1,359
2019-04-10T06:18:08,Bug,Hours,Beginner,https://github.com/dangitcoin/private-repo/issues/3,dan,https://gitcoin.co/issue/11773,1.43,dangitcoin,16,private-repo,{},ETH,[],1,353
2019-04-10T06:17:54,,Unknown,,https://github.com/gitcoinco/web/issues/2129,thelostone-mc,https://gitcoin.co/issue/11770,1.38,gitcoinco,494,web,{},ETH,[],1,352
2019-04-10T06:17:24,,Unknown,,https://github.com/gitcoinco/web/issues/3985,SaptakS,https://gitcoin.co/issue/11763,0.14,gitcoinco,122,web,{},ETH,['https://github.com/gitcoinco/web/pull/1853'],1,352
2019-03-29T07:15:28,,Unknown,,https://github.com/b-mueller/sabre/issues/25,b-mueller,https://gitcoin.co/issue/11588,139.64,b-mueller,431,sabre,{},ETH,['https://github.com/b-mueller/sabre/pull/31'],1,363
2019-04-10T06:17:14,,Unknown,,https://github.com/gitcoinco/web/issues/3886,oktopustester,https://gitcoin.co/issue/11761,0.14,gitcoinco,924,web,{},ETH,[],1,351
2019-04-11T20:11:42,Feature,Hours,Intermediate,https://github.com/cryptolandtech/moonlet/issues/123,theporpoise,https://gitcoin.co/issue/11838,275.86,cryptolandtech,1713,moonlet,{},ETH,['https://github.com/cryptolandtech/moonlet/pull/125'],1,14
2020-04-09T10:26:21,,Unknown,,https://github.com/poanetwork/blockscout/issues/811,igorbarinov,https://gitcoin.co/issue/21124,199.77,poanetwork,470,blockscout,{},ETH,['https://github.com/poanetwork/blockscout/pull/2480'],1,-15
2019-04-11T20:09:12,Feature,Hours,Intermediate,https://github.com/zilliqalight/zilliqa-light-wallet/issues/8,theporpoise,https://gitcoin.co/issue/11837,275.06,zilliqalight,1694,zilliqa-light-wallet,{},ETH,['https://github.com/zilliqalight/zilliqa-light-wallet/pull/9'],1,14
2019-04-02T16:44:12,Other,Hours,Beginner,https://github.com/odyssy-automaton/od-gittron-web/issues/138,dekanbro,https://gitcoin.co/issue/11647,16.02,odyssy-automaton,1153,od-gittron-web,{},ETH,"['https://gittron.me/bots/0x178b1cb25cc2eecb4d3ad2ac558c1695', 'https://github.com/odyssy-automaton/od-gittron-web/issues/138#issuecomment-477273974']",3,7
2019-08-01T13:59:02,Documentation,Hours,Intermediate,https://github.com/kauri-io/content/issues/31,ChrisChinchilla,https://gitcoin.co/issue/15221,502.27,kauri-io,85,content,{},ETH,['https://github.com/kauri-io/Content/pull/64'],1,21
2019-05-20T15:40:46,Documentation,Hours,Intermediate,https://github.com/kauri-io/content/issues/30,ChrisChinchilla,https://gitcoin.co/issue/13473,501.68,kauri-io,97,content,{},ETH,[],0,4
2022-03-05T10:17:42,Bug,Hours,Intermediate,https://github.com/b-mueller/sabre/issues/22,b-mueller,https://gitcoin.co/issue/28098,33.55,b-mueller,336,sabre,{},ETH,[],0,-711
2019-03-26T02:19:53,Other,Hours,Beginner,https://github.com/odyssy-automaton/od-gittron-web/issues/138,dekanbro,https://gitcoin.co/issue/11506,10.92,odyssy-automaton,1153,od-gittron-web,{},ETH,[],2,29
2019-04-18T14:41:54,,Unknown,,https://github.com/consensys/mythxjs/issues/1,b-mueller,https://gitcoin.co/issue/12514,339.83,consensys,128,mythxjs,{},ETH,['https://github.com/ConsenSys/mythxjs/pull/6'],1,340
2019-04-20T06:15:42,,Unknown,,https://github.com/gitcoinco/web/issues/3014,usmanmuhd,https://gitcoin.co/issue/12695,0.14,gitcoinco,1853,web,{},ETH,[],1,337
2021-03-21T08:58:33,,Unknown,,https://github.com/b-mueller/sabre/issues/18,b-mueller,https://gitcoin.co/issue/25292,47.65,b-mueller,703,sabre,{},ETH,['https://github.com/b-mueller/sabre/pull/19'],1,-365
2022-03-05T10:17:19,,Unknown,,https://github.com/b-mueller/sabre/issues/18,b-mueller,https://gitcoin.co/issue/28096,47.65,b-mueller,703,sabre,{},ETH,[],0,-714
2019-03-23T06:17:54,,Unknown,,https://github.com/gitcoinco/web/issues/4031,oktopustester,https://gitcoin.co/issue/11461,0.41,gitcoinco,938,web,{},ETH,[],1,364
2019-03-22T22:18:13,,Unknown,,https://github.com/gitcoinco/web/issues/4032,oktopustester,https://gitcoin.co/issue/11456,0.14,gitcoinco,925,web,{},ETH,[],1,364
2019-03-25T05:02:34,Bug,Hours,Intermediate,https://github.com/b-mueller/sabre/issues/17,b-mueller,https://gitcoin.co/issue/11487,20.51,b-mueller,2970,sabre,{},ETH,[],0,362
2019-03-22T16:18:02,Bug,Days,Beginner,https://github.com/danlipert/gitcoin-test/issues/5,danlipert,https://gitcoin.co/issue/11453,0.13,danlipert,8,gitcoin-test,{},ETH,[],1,364
2019-04-20T06:15:20,Bug,Hours,Beginner,https://github.com/danlipert/gitcoin-test/issues/2,danlipert,https://gitcoin.co/issue/12693,0.13,danlipert,1196,gitcoin-test,{},ETH,[],1,335
2019-03-20T18:18:17,,Unknown,,https://github.com/gitcoinco/web/issues/3910,oktopustester,https://gitcoin.co/issue/11415,0.14,gitcoinco,1405,web,{},ETH,[],1,364
2019-04-11T21:05:00,Bug,Hours,Advanced,https://github.com/thelastpickle/cassandra-reaper/issues/630,michaelsembwever,https://gitcoin.co/issue/11841,137.47,thelastpickle,1239,cassandra-reaper,{},ETH,['https://github.com/thelastpickle/cassandra-reaper/pull/641'],1,7
2019-04-20T06:14:57,,Unknown,,https://github.com/gitcoinco/web/issues/4004,oktopustester,https://gitcoin.co/issue/12690,0.14,gitcoinco,110,web,{},ETH,[],1,333
2019-03-19T16:20:55,,Unknown,,https://github.com/gitcoinco/web/issues/3999,owocki,https://gitcoin.co/issue/11388,27.53,gitcoinco,179,web,{},ETH,['https://github.com/gitcoinco/web/pull/4003'],1,364
2021-03-21T08:57:37,Documentation,Hours,Intermediate,https://github.com/kauri-io/content/issues/24,ChrisChinchilla,https://gitcoin.co/issue/25289,304.92,kauri-io,643,content,{},ETH,['https://github.com/kauri-io/Content/pull/28'],2,-666
2022-03-05T10:16:12,Documentation,Hours,Intermediate,https://github.com/kauri-io/content/issues/24,ChrisChinchilla,https://gitcoin.co/issue/28093,304.92,kauri-io,643,content,{},ETH,[],0,-1015
2021-09-13T09:16:07,Documentation,Hours,Intermediate,https://github.com/kauri-io/content/issues/23,ChrisChinchilla,https://gitcoin.co/issue/26599,254.65,kauri-io,697,content,{},ETH,[],0,-879
2022-03-05T10:16:02,Documentation,Hours,Intermediate,https://github.com/kauri-io/content/issues/23,ChrisChinchilla,https://gitcoin.co/issue/28092,254.65,kauri-io,697,content,{},ETH,[],0,-1052
2019-03-21T08:39:52,Documentation,Hours,Intermediate,https://github.com/kauri-io/content/issues/22,ChrisChinchilla,https://gitcoin.co/issue/11433,512.82,kauri-io,0,content,{},ETH,[],0,28
2019-03-17T16:35:03,,Unknown,Intermediate,https://github.com/cleanunicorn/mythos/issues/12,b-mueller,https://gitcoin.co/issue/11356,38.39,cleanunicorn,794,mythos,{},ETH,['https://github.com/cleanunicorn/mythos/pull/19'],1,363
2019-03-26T02:46:55,,Hours,Intermediate,https://github.com/cleanunicorn/mythos/issues/13,b-mueller,https://gitcoin.co/issue/11507,98.73,cleanunicorn,60,mythos,{},ETH,['https://github.com/cleanunicorn/mythos/pull/25'],1,355
2019-03-18T02:15:32,,Unknown,Intermediate,https://github.com/cleanunicorn/mythos/issues/16,b-mueller,https://gitcoin.co/issue/11361,40.84,cleanunicorn,284,mythos,{},ETH,['https://github.com/cleanunicorn/mythos/pull/22'],1,363
2019-03-20T04:56:55,Improvement,Hours,Beginner,https://github.com/consensys/truffle-security/issues/118,b-mueller,https://gitcoin.co/issue/11400,13.20,consensys,356,truffle-security,{},ETH,['https://github.com/ConsenSys/truffle-security/pull/132'],1,360
2019-04-06T06:42:48,Improvement,Hours,,https://github.com/consensys/truffle-security/issues/116,b-mueller,https://gitcoin.co/issue/11702,59.41,consensys,487,truffle-security,{},ETH,['https://github.com/ConsenSys/truffle-security/pull/139'],1,343
2019-03-14T20:18:02,,Unknown,,https://github.com/dangitcoin/gitcoin-fun-pub/issues/5,dan,https://gitcoin.co/issue/11295,0.13,dangitcoin,17,gitcoin-fun-pub,{},ETH,[],1,364
2019-03-27T18:12:11,Feature,Days,Intermediate,https://github.com/gitcoinco/web/issues/3958,PixelantDesign,https://gitcoin.co/issue/11558,0.00,gitcoinco,993,web,{},ETH,"['https://github.com/gitcoinco/web/pull/3974', 'https://github.com/gitcoinco/web/pull/3974']",2,-1
2019-03-11T16:17:52,,Unknown,,https://github.com/llaske/sugarizer-server/issues/36,usmanmuhd,https://gitcoin.co/issue/11215,0.13,llaske,271,sugarizer-server,{},ETH,[],1,364
2019-11-06T23:45:47,,Unknown,,https://github.com/gitcoinco/creative/issues/51,owocki,https://gitcoin.co/issue/17216,411.00,gitcoinco,1672,creative,{},ETH,[],2,123
2019-03-13T18:21:29,Improvement,Hours,Intermediate,https://github.com/ethereum-ts/typechain/issues/135,AntonioJuliano,https://gitcoin.co/issue/11278,136.14,ethereum-ts,1239,typechain,{},ETH,['https://github.com/ethereum-ts/TypeChain/pull/141'],1,360
2019-04-01T16:05:48,Feature,Days,Intermediate,https://github.com/gitcoinco/web/issues/3937,PixelantDesign,https://gitcoin.co/issue/11627,163.37,gitcoinco,1051,web,{},ETH,['https://github.com/gitcoinco/web/pull/3959'],1,6
2021-03-21T08:54:43,,Unknown,,https://github.com/gitcoinco/web/issues/3935,owocki,https://gitcoin.co/issue/25284,68.07,gitcoinco,1503,web,{},ETH,[],1,-379
2022-03-05T10:13:21,,Unknown,,https://github.com/gitcoinco/web/issues/3935,owocki,https://gitcoin.co/issue/28088,68.07,gitcoinco,1503,web,{},ETH,[],0,-728
2019-03-24T04:04:48,,Unknown,,https://github.com/b-mueller/sabre/issues/14,b-mueller,https://gitcoin.co/issue/11481,150.27,b-mueller,135,sabre,{},ETH,['https://github.com/b-mueller/sabre/pull/16'],1,349
2019-03-08T11:18:06,,Unknown,,https://github.com/iamonuwa/sample/issues/1,iamonuwa,https://gitcoin.co/issue/9590,0.14,iamonuwa,11,sample,{},ETH,[],1,364
2019-03-29T05:15:09,Documentation,Hours,Intermediate,https://github.com/mybitfoundation/mybit-documentation.website/issues/7,mybit-coordinator,https://gitcoin.co/issue/11583,497.27,mybitfoundation,4894,mybit-documentation.website,{},ETH,['https://github.com/MyBitFoundation/MyBit-Documentation.website/pull/8'],1,343
2021-03-21T08:53:50,,Unknown,,https://github.com/gitcoinco/web/issues/3913,owocki,https://gitcoin.co/issue/25281,274.28,gitcoinco,2097,web,{},ETH,['https://github.com/gitcoinco/web/pull/3945'],1,-380
2022-03-05T10:12:24,,Unknown,,https://github.com/gitcoinco/web/issues/3913,owocki,https://gitcoin.co/issue/28085,274.28,gitcoinco,2097,web,{},ETH,[],0,-729
2019-03-07T21:26:20,,Unknown,,https://github.com/gitcoinco/web/issues/3910,oktopustester,https://gitcoin.co/issue/9533,1.10,gitcoinco,1405,web,{},ETH,[],1,364
2019-03-07T21:26:10,Bug,Hours,Beginner,https://github.com/dangitcoin/gitcoin-fun-pub/issues/5,dan,https://gitcoin.co/issue/9530,0.14,dangitcoin,17,gitcoin-fun-pub,{},ETH,[],1,364
2019-03-07T21:26:03,Bug,Hours,Beginner,https://github.com/dangitcoin/gitcoin-fun-pub/issues/3,dan,https://gitcoin.co/issue/9528,0.14,dangitcoin,16,gitcoin-fun-pub,{},ETH,[],1,364
2019-03-15T16:18:11,,Unknown,,https://github.com/gitcoinco/web/issues/3912,owocki,https://gitcoin.co/issue/11324,274.92,gitcoinco,2025,web,{},ETH,[],2,356
2019-05-28T21:51:58,,Unknown,,https://github.com/fembusinessmodelsring/web3_revenue_primitives/issues/32,owocki,https://gitcoin.co/issue/13691,136.14,fembusinessmodelsring,614,web3_revenue_primitives,{},ETH,['https://github.com/FEMBusinessModelsRing/web3_revenue_primitives/pull/53'],1,281
2019-07-18T19:03:03,,Unknown,,https://github.com/gitcoinco/web/issues/3907,owocki,https://gitcoin.co/issue/14965,149.75,gitcoinco,1935,web,{},ETH,"['https://github.com/gitcoinco/web/pull/4605', 'https://github.com/gitcoinco/web/pull/4605']",2,231
2019-03-08T07:11:28,,Unknown,,https://github.com/b-mueller/sabre/issues/7,b-mueller,https://gitcoin.co/issue/9583,163.37,b-mueller,133,sabre,{},ETH,['https://github.com/b-mueller/sabre/pull/10'],1,362
2019-03-08T02:49:11,,Unknown,,https://github.com/b-mueller/sabre/issues/8,b-mueller,https://gitcoin.co/issue/9577,163.37,b-mueller,230,sabre,{},ETH,['https://github.com/b-mueller/sabre/pull/12'],1,363
2019-04-20T06:12:55,Feature,Hours,Beginner,https://github.com/danlipert/gitcoin-test/issues/2,danlipert,https://gitcoin.co/issue/12682,0.13,danlipert,1196,gitcoin-test,{},ETH,[],1,319
2019-03-15T11:29:41,Bug,Hours,,https://github.com/diginex/geewallet/issues/68,knocte,https://gitcoin.co/issue/11310,72.37,diginex,48,geewallet,{},ETH,['https://gitlab.com/DiginexGlobal/geewallet/merge_requests/36'],1,355
2019-03-15T16:53:19,,Unknown,,https://github.com/fembusinessmodelsring/web3_revenue_primitives/issues/27,owocki,https://gitcoin.co/issue/11335,50.26,fembusinessmodelsring,247,web3_revenue_primitives,{},ETH,['https://github.com/FEMBusinessModelsRing/web3_revenue_primitives/pull/41'],1,354
2019-05-21T02:04:09,,Unknown,,https://github.com/fembusinessmodelsring/web3_revenue_primitives/issues/28,owocki,https://gitcoin.co/issue/13492,50.26,fembusinessmodelsring,313,web3_revenue_primitives,{},ETH,['https://github.com/FEMBusinessModelsRing/web3_revenue_primitives/pull/39'],1,288
2019-04-03T18:01:18,,Unknown,,https://github.com/fembusinessmodelsring/web3_revenue_primitives/issues/26,owocki,https://gitcoin.co/issue/11657,188.48,fembusinessmodelsring,657,web3_revenue_primitives,{},ETH,[],4,335
2019-03-09T01:09:39,,Unknown,,https://github.com/fembusinessmodelsring/web3_revenue_primitives/issues/25,owocki,https://gitcoin.co/issue/9618,37.70,fembusinessmodelsring,207,web3_revenue_primitives,{},ETH,['https://github.com/FEMBusinessModelsRing/web3_revenue_primitives/pull/36'],1,361
2019-03-14T23:07:20,,Unknown,,https://github.com/fembusinessmodelsring/web3_revenue_primitives/issues/24,owocki,https://gitcoin.co/issue/11298,37.70,fembusinessmodelsring,272,web3_revenue_primitives,{},ETH,['https://github.com/FEMBusinessModelsRing/web3_revenue_primitives/pull/40'],1,355
2019-03-07T19:29:30,Improvement,Hours,Intermediate,https://github.com/wanseob/npm-truffle-box/issues/3,wanseob,https://gitcoin.co/issue/9330,39.12,wanseob,275,npm-truffle-box,{},ETH,['https://github.com/wanseob/npm-truffle-box/pull/4'],1,86
2019-03-07T19:29:04,,Unknown,,https://github.com/gitcoinco/web/issues/3850,owocki,https://gitcoin.co/issue/9327,92.76,gitcoinco,1039,web,{},ETH,['https://github.com/gitcoinco/web/pull/3870'],1,360
2019-03-07T19:28:58,,Unknown,,https://github.com/gitcoinco/kudos721contract/issues/3,owocki,https://gitcoin.co/issue/9326,39.76,gitcoinco,5418,kudos721contract,{},ETH,['https://github.com/gitcoinco/Kudos721Contract/pull/5'],1,360
2019-03-30T02:17:27,,Unknown,,https://github.com/wanseob/mockup-repo-for-gitcoin/issues/3,wanseob,https://gitcoin.co/issue/11603,0.13,wanseob,0,mockup-repo-for-gitcoin,{},ETH,[],1,338
2019-03-07T19:27:30,Bug,Hours,Beginner,https://github.com/nosqlclient/nosqlclient/issues/478,rsercano,https://gitcoin.co/issue/9322,6.78,nosqlclient,901,nosqlclient,{},ETH,[],1,24
2019-03-07T21:25:26,Bug,Hours,Beginner,https://github.com/gitcoinco/web/issues/3869,wills12345,https://gitcoin.co/issue/9516,0.14,gitcoinco,435,web,{},ETH,[],1,358
2019-04-12T19:45:12,Feature,Weeks,Intermediate,https://github.com/gitcoinco/web/issues/3824,PixelantDesign,https://gitcoin.co/issue/11877,123.34,gitcoinco,1496,web,{},ETH,['https://github.com/gitcoinco/web/pull/3933'],1,-14
2019-06-13T09:15:32,Bug,Hours,Beginner,https://github.com/gitcoinco/web/issues/3763,frankchen07,https://gitcoin.co/issue/14433,45.22,gitcoinco,613,web,{},ETH,[],0,260
2019-05-13T19:20:46,Bug,Hours,Beginner,https://github.com/gitcoinco/web/issues/3762,frankchen07,https://gitcoin.co/issue/13297,44.54,gitcoinco,655,web,{},ETH,['https://github.com/gitcoinco/web/pull/4288'],1,290
2019-03-07T21:25:04,Bug,Hours,Beginner,https://github.com/danlipert/gitcoin-test/issues/8,danlipert,https://gitcoin.co/issue/9509,0.13,danlipert,12,gitcoin-test,{},ETH,[],1,357
2019-03-07T21:24:56,Bug,Hours,Beginner,https://github.com/danlipert/gitcoin-test/issues/7,danlipert,https://gitcoin.co/issue/9506,0.13,danlipert,15,gitcoin-test,{},ETH,[],1,357
2019-03-07T19:25:01,Improvement,Hours,Beginner,https://github.com/nosqlclient/nosqlclient/issues/476,rsercano,https://gitcoin.co/issue/9311,9.85,nosqlclient,552,nosqlclient,{},ETH,[],1,22
2019-03-26T04:38:54,Feature,Hours,Intermediate,https://github.com/mybitfoundation/mybit.website/issues/76,mybit-coordinator,https://gitcoin.co/issue/11510,1985.11,mybitfoundation,2206,mybit.website,{},ETH,[],1,338
2019-03-07T23:17:26,Improvement,Months,Beginner,https://github.com/dangitcoin/gitcoin-fun-pub/issues/2,dan,https://gitcoin.co/issue/9550,0.14,dangitcoin,45,gitcoin-fun-pub,{},ETH,[],1,356
2019-03-07T21:22:40,,Unknown,,https://github.com/gitcoinco/web/issues/3849,SaptakS,https://gitcoin.co/issue/9484,0.13,gitcoinco,685,web,{},ETH,"['https://github.com/gitcoinco/web/pull/1853', 'https://github.com/gitcoinco/web/pull/1853', 'https://github.com/gitcoinco/web/pull/1853']",4,356
2019-03-07T19:23:59,Feature,Hours,Intermediate,https://github.com/limechain/etherlime/issues/99,thegostep,https://gitcoin.co/issue/9302,271.12,limechain,0,etherlime,{},ETH,['https://github.com/LimeChain/etherlime/pull/178'],1,-6
2019-03-07T21:22:35,,Unknown,,https://github.com/gitcoinco/web/pull/3709/files,SaptakS,https://gitcoin.co/issue/9483,0.14,gitcoinco,52,web,{},ETH,['https://github.com/gitcoinco/web/pull/3424'],1,355
2019-03-07T21:22:28,,Unknown,,https://github.com/llaske/sugarizer-server/issues/18,usman,https://gitcoin.co/issue/9481,2.46,llaske,9950,sugarizer-server,{},ETH,['https://github.com/llaske/sugarizer-server/pull/30'],1,355
2019-04-24T17:22:56,,Unknown,,https://github.com/gitcoinco/web/issues/3316,owocki,https://gitcoin.co/issue/12803,137.51,gitcoinco,1137,web,{},ETH,['https://github.com/gitcoinco/web/pull/3859'],1,307
2019-03-07T19:22:59,,Unknown,,https://github.com/fembusinessmodelsring/web3_revenue_primitives/issues/14,owocki,https://gitcoin.co/issue/9294,41.25,fembusinessmodelsring,428,web3_revenue_primitives,{},ETH,['https://github.com/FEMBusinessModelsRing/web3_revenue_primitives/pull/22/files'],1,355
2019-03-07T19:22:53,,Unknown,,https://github.com/fembusinessmodelsring/web3_revenue_primitives/issues/13,owocki,https://gitcoin.co/issue/9293,40.53,fembusinessmodelsring,297,web3_revenue_primitives,{},ETH,['https://github.com/FEMBusinessModelsRing/web3_revenue_primitives/pull/16'],1,355
2019-03-07T19:22:46,,Unknown,,https://github.com/fembusinessmodelsring/web3_revenue_primitives/issues/12,owocki,https://gitcoin.co/issue/9292,41.26,fembusinessmodelsring,307,web3_revenue_primitives,{},ETH,['https://github.com/FEMBusinessModelsRing/web3_revenue_primitives/pull/19'],1,355
2019-03-07T19:22:41,,Unknown,,https://github.com/fembusinessmodelsring/web3_revenue_primitives/issues/9,owocki,https://gitcoin.co/issue/9291,41.25,fembusinessmodelsring,346,web3_revenue_primitives,{},ETH,['https://github.com/FEMBusinessModelsRing/web3_revenue_primitives/pull/21'],1,355
2019-03-08T07:08:30,,Unknown,,https://github.com/fembusinessmodelsring/web3_revenue_primitives/issues/8,owocki,https://gitcoin.co/issue/9582,41.25,fembusinessmodelsring,282,web3_revenue_primitives,{},ETH,['https://github.com/FEMBusinessModelsRing/web3_revenue_primitives/pull/34'],1,354
2021-03-21T08:49:41,,Unknown,,https://github.com/fembusinessmodelsring/web3_revenue_primitives/issues/7,owocki,https://gitcoin.co/issue/25273,41.26,fembusinessmodelsring,845,web3_revenue_primitives,{},ETH,['https://github.com/FEMBusinessModelsRing/web3_revenue_primitives/pull/17'],1,-390
2022-03-05T10:08:26,,Unknown,,https://github.com/fembusinessmodelsring/web3_revenue_primitives/issues/7,owocki,https://gitcoin.co/issue/28077,41.26,fembusinessmodelsring,845,web3_revenue_primitives,{},ETH,[],0,-739
2019-03-07T19:22:23,,Unknown,,https://github.com/fembusinessmodelsring/web3_revenue_primitives/issues/2,owocki,https://gitcoin.co/issue/9288,41.57,fembusinessmodelsring,321,web3_revenue_primitives,{},ETH,['https://github.com/FEMBusinessModelsRing/web3_revenue_primitives/pull/18'],1,355
2019-04-23T14:06:52,Feature,Hours,Intermediate,https://github.com/gitcoinco/web/issues/3699,PixelantDesign,https://gitcoin.co/issue/12789,119.01,gitcoinco,1842,web,{},ETH,['https://github.com/gitcoinco/web/issues/3699'],1,-30
2019-03-07T19:20:14,Bug,Hours,Intermediate,https://github.com/friedger/oi-calendar/issues/94,deeayeen,https://gitcoin.co/issue/9275,29.03,friedger,602,oi-calendar,{},ETH,['https://github.com/friedger/oi-calendar/pull/96'],1,-7
2019-03-07T21:21:41,,Unknown,,https://github.com/owocki/pytrader/issues/158,owocki,https://gitcoin.co/issue/9464,14.50,owocki,7,pytrader,{},ETH,[],1,351
2019-04-15T17:20:58,Documentation,Weeks,Intermediate,https://github.com/gitcoinco/web/issues/3806,PixelantDesign,https://gitcoin.co/issue/11914,173.64,gitcoinco,670,web,{},ETH,['https://paper.dropbox.com/doc/Gitcoin-Documentation--Aa6r59AVcabrrgq_JErZeEEcAQ-0Ht34nS3uiZPvSCAOGrTt'],1,5
2019-03-07T21:21:27,,Unknown,,https://github.com/gitcoinco/web/issues/3796,oktopustester,https://gitcoin.co/issue/9459,0.14,gitcoinco,872,web,{},ETH,[],1,350
2019-03-07T21:21:15,,Unknown,,https://github.com/gitcoinco/web/pull/2218,thelostone-mc,https://gitcoin.co/issue/9455,0.14,gitcoinco,50,web,{},ETH,[],1,350
2019-03-07T19:19:20,Documentation,Hours,Beginner,https://github.com/kauri-io/content/issues/19,ChrisChinchilla,https://gitcoin.co/issue/9269,255.85,kauri-io,0,content,{},ETH,[],0,350
2019-03-07T19:19:05,Feature,Days,Intermediate,https://github.com/mybitfoundation/mydax/issues/1,mybit-coordinator,https://gitcoin.co/issue/9267,1976.20,mybitfoundation,1910,mydax,{},ETH,['https://github.com/MyBitFoundation/MYDAX/pull/2'],1,349
2019-03-07T19:18:35,Improvement,Hours,Beginner,https://github.com/mybitfoundation/mybit-dropzone.tech/issues/6,mybit-coordinator,https://gitcoin.co/issue/9264,25.45,mybitfoundation,1848,mybit-dropzone.tech,{},ETH,['https://github.com/MyBitFoundation/MyBit-Dropzone.tech/pull/7'],1,349
2019-03-07T19:18:14,Improvement,Hours,Beginner,https://github.com/mybitfoundation/mybit-fork.tech/issues/3,mybit-coordinator,https://gitcoin.co/issue/9262,25.16,mybitfoundation,1848,mybit-fork.tech,{},ETH,['https://github.com/MyBitFoundation/MyBit-Fork.tech/pull/5'],1,349
2019-03-07T19:18:26,Improvement,Hours,Beginner,https://github.com/mybitfoundation/mybit-payroll.tech/issues/6,mybit-coordinator,https://gitcoin.co/issue/9263,25.45,mybitfoundation,1848,mybit-payroll.tech,{},ETH,['https://github.com/MyBitFoundation/MyBit-Payroll.tech/pull/7'],1,349
2019-03-07T19:18:03,Improvement,Hours,Beginner,https://github.com/mybitfoundation/mybit-will.app/issues/7,mybit-coordinator,https://gitcoin.co/issue/9261,25.16,mybitfoundation,1848,mybit-will.app,{},ETH,['https://github.com/MyBitFoundation/MyBit-Will.app/pull/8'],1,349
2019-03-07T19:17:44,Improvement,Hours,Beginner,https://github.com/diginex/geewallet/issues/69,knocte,https://gitcoin.co/issue/9259,25.36,diginex,48,geewallet,{},ETH,['https://gitcoin.co/issue/diginex/geewallet/69/2429'],1,73
2019-03-07T19:17:29,Feature,Hours,Beginner,https://github.com/alexvotofuture/shower-vendor/issues/1,alexvotofuture,https://gitcoin.co/issue/9258,14.65,alexvotofuture,174,shower-vendor,{},ETH,[],0,-10
2019-04-05T09:02:39,,Unknown,,https://github.com/gitcoinco/web/pull/3591,PixelantDesign,https://gitcoin.co/issue/11691,47.12,gitcoinco,2232,web,{},ETH,[],0,11
2019-03-07T19:11:44,,Unknown,Intermediate,https://github.com/friedger/oi-calendar/issues/75,kar2905,https://gitcoin.co/issue/9246,48.33,friedger,563,oi-calendar,{},ETH,['https://github.com/friedger/oi-calendar/pull/87'],1,344
2019-03-07T19:11:32,Other,Unknown,Intermediate,https://github.com/friedger/oi-calendar/issues/3,friedger,https://gitcoin.co/issue/9244,120.89,friedger,1272,oi-calendar,{},ETH,['https://github.com/friedger/oi-calendar/pull/97'],1,-4
2019-03-07T19:07:36,,Unknown,,https://github.com/friedger/oi-calendar/issues/69,friedger,https://gitcoin.co/issue/9240,61.37,friedger,228,oi-calendar,{},ETH,['https://github.com/friedger/oi-calendar/pull/73'],1,-8
2019-03-07T19:07:30,Improvement,Unknown,,https://github.com/friedger/oi-calendar/issues/57,friedger,https://gitcoin.co/issue/9239,61.00,friedger,67,oi-calendar,{},ETH,['https://github.com/friedger/oi-calendar/pull/63'],1,-8
2019-03-07T19:02:58,,Unknown,Intermediate,https://github.com/friedger/oi-calendar/issues/41,friedger,https://gitcoin.co/issue/9235,24.93,friedger,457,oi-calendar,{},ETH,['https://github.com/friedger/oi-calendar/pull/66'],1,343
2019-03-07T19:02:34,Improvement,Unknown,Intermediate,https://github.com/friedger/oi-calendar/issues/52,friedger,https://gitcoin.co/issue/9233,45.63,friedger,851,oi-calendar,{},ETH,[],1,-9
2021-02-13T09:30:19,,Days,Intermediate,https://github.com/gnosisecosystemfund/gnosis-bounties-/issues/7,GnosisEcosystemFund,https://gitcoin.co/issue/24767,490.60,gnosisecosystemfund,1584,gnosis-bounties-,{},ETH,['https://github.com/g-r-a-n-t/dutchx-subgraph'],1,-701
2022-03-05T10:02:00,,Days,Intermediate,https://github.com/gnosisecosystemfund/gnosis-bounties-/issues/7,GnosisEcosystemFund,https://gitcoin.co/issue/28069,490.60,gnosisecosystemfund,1584,gnosis-bounties-,{},ETH,[],0,-1086
2021-02-13T09:30:13,,Unknown,Intermediate,https://github.com/gnosisecosystemfund/gnosis-bounties-/issues/6,GnosisEcosystemFund,https://gitcoin.co/issue/24766,489.88,gnosisecosystemfund,1468,gnosis-bounties-,{},ETH,['https://github.com/GnosisEcosystemFund/Gnosis-Bounties-/pull/9'],2,-701
2022-03-05T10:01:51,,Unknown,Intermediate,https://github.com/gnosisecosystemfund/gnosis-bounties-/issues/6,GnosisEcosystemFund,https://gitcoin.co/issue/28068,489.88,gnosisecosystemfund,1468,gnosis-bounties-,{},ETH,[],0,-1086
2019-03-07T19:01:45,Feature,Hours,Beginner,https://github.com/portis-project/ethdenver2019-hackathon/issues/39,tomteman,https://gitcoin.co/issue/9226,12.10,portis-project,666,ethdenver2019-hackathon,{},ETH,[],0,342
2019-03-07T19:01:37,Feature,Hours,Beginner,https://github.com/portis-project/ethdenver2019-hackathon/issues/38,tomteman,https://gitcoin.co/issue/9225,12.07,portis-project,666,ethdenver2019-hackathon,{},ETH,[],0,342
2019-03-10T12:13:38,Feature,Hours,Intermediate,https://github.com/friedger/oi-calendar/issues/60,friedger,https://gitcoin.co/issue/11174,99.61,friedger,1021,oi-calendar,{},ETH,['https://github.com/friedger/oi-calendar/pull/64'],1,-13
2019-03-07T21:18:17,,Unknown,,https://github.com/owocki/pytrader/issues/155,owocki,https://gitcoin.co/issue/9415,12.15,owocki,8,pytrader,{},ETH,[],1,340
2019-03-10T12:10:05,Documentation,Unknown,Intermediate,https://github.com/kauri-io/content/issues/17,ChrisChinchilla,https://gitcoin.co/issue/11169,510.17,kauri-io,0,content,{},ETH,['https://github.com/kauri-io/Content/pull/13'],1,338
2019-03-10T12:07:31,,Unknown,,https://github.com/gitcoinco/kudosbadges/issues/156,owocki,https://gitcoin.co/issue/11156,179.07,gitcoinco,855,kudosbadges,{},ETH,[],4,336
2019-03-10T12:07:00,Documentation,Hours,Beginner,https://github.com/gitcoinco/web/issues/3714,owocki,https://gitcoin.co/issue/11155,238.14,gitcoinco,532,web,{},ETH,[],11,1
2019-04-01T15:47:51,Other,Unknown,Advanced,https://github.com/gitcoinco/web/issues/3713,owocki,https://gitcoin.co/issue/11624,471.85,gitcoinco,2476,web,{},ETH,[],4,314
2019-03-07T21:17:51,,Unknown,,https://github.com/danlipert/gitcoin-test/issues/5,dan,https://gitcoin.co/issue/9408,0.10,danlipert,8,gitcoin-test,{},ETH,[],1,336
2019-03-07T21:17:29,,Unknown,,https://github.com/gitcoinco/web/issues/3582,oktopustester,https://gitcoin.co/issue/9400,0.75,gitcoinco,1342,web,{},ETH,[],1,334
2019-03-10T12:04:59,Feature,Hours,Beginner,https://github.com/friedger/oi-calendar/issues/39,friedger,https://gitcoin.co/issue/11139,170.50,friedger,632,oi-calendar,{},ETH,['https://github.com/friedger/oi-calendar/pull/49'],1,-27
2019-03-12T18:49:59,Improvement,Days,Intermediate,https://github.com/harmony-one/harmony/issues/316,Dewansahil,https://gitcoin.co/issue/11259,99.45,harmony-one,300,harmony,{},ETH,"['https://github.com/harmony-one/harmony/pull/524,https://github.com/harmony-one/harmony/issues/329, https://github.com/harmony-one/harmony/pull/459']",1,-6
2019-03-10T12:03:40,,Hours,Beginner,https://github.com/plasma-group/plasma-core/issues/59,Jinglan,https://gitcoin.co/issue/11137,107.51,plasma-group,5985,plasma-core,{},ETH,['https://github.com/plasma-group/plasma-core/pull/73'],1,-20
2019-03-10T12:03:35,Improvement,Hours,Beginner,https://github.com/plasma-group/plasma-core/issues/60,Jinglan,https://gitcoin.co/issue/11136,34.44,plasma-group,1225,plasma-core,{},ETH,['https://github.com/plasma-group/plasma-core/pull/67'],1,-20
2020-03-19T14:40:50,,Unknown,,https://github.com/poanetwork/blockscout/issues/1408,igorbarinov,https://gitcoin.co/issue/20689,498.20,poanetwork,2884,blockscout,{},ETH,[],1,-44
2021-02-25T09:31:03,Feature,Hours,Intermediate,https://github.com/textileio/textile-explore/issues/1,andrewxhill,https://gitcoin.co/issue/24848,198.89,textileio,4294,textile-explore,{},ETH,['https://github.com/textileio/explore/pull/2'],1,-717
2022-03-05T09:58:25,Feature,Hours,Intermediate,https://github.com/textileio/textile-explore/issues/1,andrewxhill,https://gitcoin.co/issue/28065,198.89,textileio,4294,textile-explore,{},ETH,[],0,-1090
2019-03-10T12:03:16,Documentation,Hours,Beginner,https://github.com/plasma-group/plasma-core/issues/57,Jinglan,https://gitcoin.co/issue/11132,30.01,plasma-group,914,plasma-core,{},ETH,[],1,328
2019-03-10T12:03:08,Improvement,Hours,Beginner,https://github.com/plasma-group/plasma-core/issues/56,Jinglan,https://gitcoin.co/issue/11131,69.66,plasma-group,2301,plasma-core,{},ETH,['https://github.com/plasma-group/plasma-core/pull/61'],1,328
2019-03-10T12:02:58,Feature,Hours,Intermediate,https://github.com/gitcoinco/web/issues/3660,PixelantDesign,https://gitcoin.co/issue/11130,159.06,gitcoinco,1191,web,{},ETH,[],2,-7
2019-03-10T12:02:49,,Unknown,,https://github.com/openkudos/openkudos/issues/4,owocki,https://gitcoin.co/issue/11129,106.95,openkudos,707,openkudos,{},ETH,"['https://github.com/zoek1/kudos_python_client', 'https://github.com/zoek1/kudos_python_client']",2,328
2019-03-10T12:02:29,Feature,Hours,Intermediate,https://github.com/friedger/oi-calendar/issues/32,friedger,https://gitcoin.co/issue/11127,182.43,friedger,393,oi-calendar,{},ETH,[],1,-31
2019-03-10T12:02:20,Feature,Days,Intermediate,https://github.com/gitcoinco/web/issues/3651,PixelantDesign,https://gitcoin.co/issue/11126,164.64,gitcoinco,862,web,{},ETH,['https://github.com/gitcoinco/web/pull/3738'],1,6
2019-03-07T21:17:04,,Unknown,,https://github.com/gitcoinco/web/pull/3617,kziemianek,https://gitcoin.co/issue/9392,0.11,gitcoinco,1475,web,{},ETH,[],1,329
2019-03-10T12:00:18,Feature,Days,Intermediate,https://github.com/dannovikov/crypto-lending/issues/1,dannovikov,https://gitcoin.co/issue/11118,1085.40,dannovikov,491,crypto-lending,{},ETH,['https://github.com/dannovikov/crypto-lending/pull/2'],1,-25
2019-03-10T11:58:41,Improvement,Hours,Advanced,https://github.com/hercone/herc-edge-login/issues/147,lrgeoemtry,https://gitcoin.co/issue/11102,79.24,hercone,819,herc-edge-login,{},ETH,['https://github.com/HERCone/herc-edge-login/pull/155'],1,324
2019-03-10T11:57:50,Improvement,Hours,Intermediate,https://github.com/gitcoinco/web/issues/3628,owocki,https://gitcoin.co/issue/11094,307.80,gitcoinco,972,web,{},ETH,[],2,-11
2019-03-23T08:56:14,Code Review,Hours,Intermediate,https://github.com/blocknative/assist/issues/1,ryana,https://gitcoin.co/issue/11468,51.30,blocknative,1378,assist,{},ETH,[],1,-40
2019-03-10T11:57:25,Feature,Hours,Advanced,https://github.com/hercone/herc-igvc-registrar/issues/6,lrgeoemtry,https://gitcoin.co/issue/11091,51.30,hercone,58,herc-igvc-registrar,{},ETH,[],1,-39
2019-03-10T11:57:17,Improvement,Hours,Intermediate,https://github.com/diadata-org/diadata/issues/162,kaythxbye,https://gitcoin.co/issue/11090,133.07,diadata-org,719,diadata,{},ETH,['https://github.com/diadata-org/diadata/pull/164'],1,-11
2019-03-10T11:57:09,Feature,Hours,Intermediate,https://github.com/tksventures/reli-proxy/issues/2,michalmikolajczyk,https://gitcoin.co/issue/11089,125.37,tksventures,799,reli-proxy,{},ETH,[],2,-21
2019-08-02T21:45:23,,Unknown,,https://github.com/gitcoinco/web/issues/3623,owocki,https://gitcoin.co/issue/15243,224.41,gitcoinco,755,web,{},ETH,[],1,178
2019-03-10T11:56:39,Bug,Hours,Intermediate,https://github.com/acekyd/display-medium-posts/issues/25,SCBuergel,https://gitcoin.co/issue/11085,9.87,acekyd,561,display-medium-posts,{},ETH,['https://github.com/acekyd/display-medium-posts/pull/26'],1,48
2019-03-10T11:56:26,,Unknown,,https://github.com/gitcoinco/web/issues/3619,owocki,https://gitcoin.co/issue/11083,114.92,gitcoinco,2076,web,{},ETH,[],1,322
2019-03-10T11:56:20,Bug,Hours,Intermediate,https://github.com/diginex/geewallet/issues/54,knocte,https://gitcoin.co/issue/11082,199.31,diginex,48,geewallet,{},ETH,['https://github.com/diginex/geewallet/pull/55'],1,-13
2019-03-07T21:16:48,,Unknown,,https://github.com/gitcoinco/web/issues/3588,kziemianek,https://gitcoin.co/issue/9388,0.12,gitcoinco,612,web,{},ETH,[],1,324
2019-03-10T11:55:41,Documentation,Hours,Beginner,https://github.com/gitcoinco/web/issues/3514,frankchen07,https://gitcoin.co/issue/11077,45.33,gitcoinco,950,web,{},ETH,[],0,320
2019-03-10T11:55:37,Improvement,Hours,Intermediate,https://github.com/tjayrush/simple_parser/issues/1,tjayrush,https://gitcoin.co/issue/11076,174.49,tjayrush,6230,simple_parser,{},ETH,[],1,-1
2019-03-10T11:55:29,Improvement,Hours,Intermediate,https://github.com/hercone/herc-edge-login/issues/142,lrgeoemtry,https://gitcoin.co/issue/11074,58.19,hercone,406,herc-edge-login,{},ETH,['https://github.com/HERCone/herc-edge-login/pull/146'],1,-38
2019-03-10T11:55:22,Improvement,Hours,Intermediate,https://github.com/gitcoinco/web/issues/3588,octavioamu,https://gitcoin.co/issue/11072,31.97,gitcoinco,612,web,{},ETH,['https://github.com/gitcoinco/web/pull/3617'],1,-31
2019-03-10T11:55:05,Design,Hours,Beginner,https://github.com/edgecaser/edgecoin/issues/1,EdgeCaser,https://gitcoin.co/issue/11068,0.00,edgecaser,57,edgecoin,{},ETH,[],1,-43
2019-03-10T11:54:51,Feature,Weeks,Intermediate,https://github.com/gitcoinco/web/issues/3493,PixelantDesign,https://gitcoin.co/issue/11065,95.04,gitcoinco,3031,web,{},ETH,[],1,-17
2019-03-10T11:53:15,Improvement,Hours,Intermediate,https://github.com/thierryx96/rediscache/issues/22,thierryx96,https://gitcoin.co/issue/11059,0.12,thierryx96,79,rediscache,{},ETH,['https://github.com/thierryx96/RedisCache/pull/23'],1,317
2021-02-25T09:27:35,Improvement,Unknown,Intermediate,https://github.com/gitcoinco/web/issues/3014,octavioamu,https://gitcoin.co/issue/24838,44.89,gitcoinco,1853,web,{},ETH,['https://github.com/gitcoinco/web/pull/3949'],1,-722
2022-03-05T09:55:11,Improvement,Unknown,Intermediate,https://github.com/gitcoinco/web/issues/3014,octavioamu,https://gitcoin.co/issue/28055,44.89,gitcoinco,1853,web,{},ETH,[],0,-1095
2019-03-07T21:15:18,,Unknown,,https://github.com/gitcoinco/web/issues/3506,oktopustester,https://gitcoin.co/issue/9380,0.82,gitcoinco,387,web,{},ETH,[],2,319
2019-03-10T11:51:04,Documentation,Hours,Intermediate,https://github.com/ethereum/pm/issues/72,ceresstation,https://gitcoin.co/issue/11050,59.51,ethereum,46,pm,{},ETH,['https://github.com/ethereum/pm/pull/74'],1,-20
2019-03-10T11:50:22,Improvement,Hours,Intermediate,https://github.com/hercone/herc-edge-login/issues/136,lrgeoemtry,https://gitcoin.co/issue/11048,59.51,hercone,798,herc-edge-login,{},ETH,[],1,-44
2019-03-10T11:49:08,,Unknown,,https://github.com/gitcoinco/marketing/issues/17,owocki,https://gitcoin.co/issue/11036,60.88,gitcoinco,348,marketing,{},ETH,[],1,313
2019-03-10T11:46:29,,Unknown,,https://github.com/spacemeshos/go-spacemesh/issues/410,avive,https://gitcoin.co/issue/11029,35.85,spacemeshos,1356,go-spacemesh,{},ETH,['https://github.com/spacemeshos/go-spacemesh/pull/495'],1,312
2019-03-10T11:46:15,Improvement,Hours,Beginner,https://github.com/spacemeshos/go-spacemesh/issues/441,avive,https://gitcoin.co/issue/11026,35.85,spacemeshos,1309,go-spacemesh,{},ETH,['https://github.com/spacemeshos/go-spacemesh/pull/469'],1,312
2019-03-08T06:14:52,Bug,Days,,https://github.com/kyubey-network/kyubey-dex-eos/issues/1,qinxiaowen,https://gitcoin.co/issue/9581,119.50,kyubey-network,127,kyubey-dex-eos,{},ETH,['https://github.com/kyubey-network/kyubey-dex-eos/pull/3'],1,317
2019-06-09T08:48:07,Feature,Days,,https://github.com/kyubey-network/kyubey-dex-eos/issues/2,cnchenhao,https://gitcoin.co/issue/14190,119.50,kyubey-network,347,kyubey-dex-eos,{},ETH,[],3,-130
2022-03-05T09:52:16,Feature,Days,,https://github.com/kyubey-network/kyubey-dex-eos/issues/2,cnchenhao,https://gitcoin.co/issue/28052,119.50,kyubey-network,347,kyubey-dex-eos,{},ETH,[],0,-1130
2022-02-10T18:19:28,Improvement,Hours,Intermediate,https://github.com/gitcoinco/web/issues/3544,PixelantDesign,https://gitcoin.co/issue/27642,117.11,gitcoinco,2159,web,{},ETH,[],0,-896
2019-03-10T11:46:00,Feature,Days,Intermediate,https://github.com/linkidol/tronproducer/issues/3,shellteo,https://gitcoin.co/issue/11023,59.75,linkidol,120,tronproducer,{},ETH,['https://github.com/LinkIdol/TronProducer/commit/24588e0d67193ef13fcef8c1c57af12bd7aff0ef'],1,-47
2019-03-07T21:12:23,,Unknown,,https://github.com/saptaks/test-repo/issues/5,SaptakS,https://gitcoin.co/issue/9348,0.13,saptaks,5,test-repo,{},ETH,['https://github.com/gitcoinco/web/pull/3709/files'],1,313
2020-01-13T02:52:37,Feature,Hours,Beginner,https://github.com/gitcoinco/web/issues/3472,owocki,https://gitcoin.co/issue/18193,22.90,gitcoinco,216,web,{},ETH,['https://github.com/gitcoinco/web/pull/3542'],1,1
2019-03-10T11:44:10,Documentation,Days,Intermediate,https://github.com/hercone/herc-edge-login/issues/132,lrgeoemtry,https://gitcoin.co/issue/11011,61.98,hercone,698,herc-edge-login,{},ETH,['https://github.com/HERCone/herc-edge-login/pull/138'],1,-27
2019-03-10T11:44:05,Documentation,Days,Intermediate,https://github.com/hercone/herc-edge-login/issues/130,lrgeoemtry,https://gitcoin.co/issue/11010,61.98,hercone,725,herc-edge-login,{},ETH,[],0,-43
2019-03-10T11:44:01,Documentation,Days,Advanced,https://github.com/hercone/herc-edge-login/issues/131,lrgeoemtry,https://gitcoin.co/issue/11009,63.22,hercone,720,herc-edge-login,{},ETH,['https://github.com/HERCone/herc-edge-login/pull/137'],1,-43
2019-03-10T11:43:53,Feature,Days,Intermediate,https://github.com/gitcoinco/web/issues/2895,PixelantDesign,https://gitcoin.co/issue/11008,148.75,gitcoinco,2516,web,{},ETH,['https://github.com/gitcoinco/web/pull/3547'],1,-28
2019-03-10T11:42:12,Feature,Hours,Intermediate,https://github.com/gitcoinco/web/issues/3487,owocki,https://gitcoin.co/issue/10993,426.00,gitcoinco,1859,web,{},ETH,[],3,305
2019-01-09T15:23:57,,Unknown,,https://github.com/internetarchive/openlibrary/issues/1515,usmanmuhd,https://gitcoin.co/issue/8041,1.48,internetarchive,745,openlibrary,{},ETH,[],1,364
2019-01-09T15:23:53,,Unknown,,https://github.com/gitcoinco/web/issues/3463,usmanmuhd,https://gitcoin.co/issue/8040,1.48,gitcoinco,208,web,{},ETH,[],1,364
2019-03-10T11:41:37,Improvement,Hours,Intermediate,https://github.com/diginex/geewallet/issues/39,knocte,https://gitcoin.co/issue/10986,173.63,diginex,560,geewallet,{},ETH,['https://github.com/diginex/geewallet/pull/40'],1,-47
2019-03-10T11:41:22,Feature,Hours,Intermediate,https://github.com/ethglobal/ethsingapore-bounties/issues/4,sir322,https://gitcoin.co/issue/10984,1132.66,ethglobal,32,ethsingapore-bounties,{},ETH,['https://github.com/cocopeanutz/shakeToPay'],1,-32
2019-03-10T11:41:06,Bug,Days,Advanced,https://github.com/hercone/herc-igvc-registrar/issues/1,lrgeoemtry,https://gitcoin.co/issue/10980,75.41,hercone,192,herc-igvc-registrar,{},ETH,"[""This is doesn't require PR, resolution in Github issue comment"", 'https://github.com/HERCone/herc-igvc-registrar/pull/2']",3,-55
2019-03-10T11:40:52,Feature,Hours,Intermediate,https://github.com/gitcoinco/web/issues/3427,owocki,https://gitcoin.co/issue/10977,114.89,gitcoinco,3333,web,{},ETH,[],0,-56
2019-03-10T11:40:03,Improvement,Hours,Intermediate,https://github.com/spacemeshos/go-spacemesh/issues/371,avive,https://gitcoin.co/issue/10967,72.80,spacemeshos,1165,go-spacemesh,{},ETH,['https://github.com/spacemeshos/go-spacemesh/pull/422'],1,298
2019-03-10T11:39:57,Feature,Hours,Intermediate,https://github.com/spacemeshos/go-spacemesh/issues/374,avive,https://gitcoin.co/issue/10966,73.25,spacemeshos,1592,go-spacemesh,{},ETH,"['https://github.com/spacemeshos/go-spacemesh/pull/415', 'https://github.com/spacemeshos/go-spacemesh/pull/415']",2,298
2019-03-10T11:39:35,Documentation,Hours,Beginner,https://github.com/ethereum/pm/issues/69,ceresstation,https://gitcoin.co/issue/10962,74.22,ethereum,1078,pm,{},ETH,[],0,-60
2019-03-10T11:39:30,,Unknown,,https://github.com/smartcontractsecurity/swc-registry/issues/158,thec00n,https://gitcoin.co/issue/10961,1072.21,smartcontractsecurity,684,swc-registry,{},ETH,[],1,297
2019-03-14T10:26:03,Feature,Days,,https://github.com/cybercongress/cyb/issues/115,asadovka,https://gitcoin.co/issue/11287,408.27,cybercongress,46,cyb,{},ETH,['https://github.com/cybercongress/cyb/pull/153'],1,-6
2022-03-05T09:47:47,Feature,Days,,https://github.com/cybercongress/cyb/issues/115,asadovka,https://gitcoin.co/issue/28044,408.27,cybercongress,46,cyb,{},ETH,[],0,-1093
2019-03-10T11:38:48,Feature,Days,Intermediate,https://github.com/kaythxbye/bes-dummy/issues/1,kaythxbye,https://gitcoin.co/issue/10954,138.52,kaythxbye,1463,bes-dummy,{},ETH,[],1,-44
2019-03-10T11:38:04,,Unknown,,https://github.com/spacemeshos/go-spacemesh/issues/290,avive,https://gitcoin.co/issue/10947,122.08,spacemeshos,1243,go-spacemesh,{},ETH,['https://github.com/spacemeshos/go-spacemesh/pull/359'],1,288
2019-03-10T11:37:57,Feature,Days,Intermediate,https://github.com/julienbrg/fraktal/issues/3,julienbrg,https://gitcoin.co/issue/10946,181.20,julienbrg,196,fraktal,{},ETH,['https://github.com/julienbrg/fraktal/pull/2/'],1,288
2019-03-10T11:35:37,Improvement,Hours,Beginner,https://github.com/spacemeshos/go-spacemesh/issues/352,avive,https://gitcoin.co/issue/10944,54.41,spacemeshos,821,go-spacemesh,{},ETH,[],0,286
2019-03-10T11:35:32,Feature,Hours,Intermediate,https://github.com/spacemeshos/go-spacemesh/issues/308,avive,https://gitcoin.co/issue/10943,431.41,spacemeshos,1148,go-spacemesh,{},ETH,['https://github.com/spacemeshos/go-spacemesh/pull/363'],1,286
2019-03-10T11:35:25,Improvement,Hours,Intermediate,https://github.com/spacemeshos/go-spacemesh/issues/325,avive,https://gitcoin.co/issue/10942,215.70,spacemeshos,1264,go-spacemesh,{},ETH,[],0,286
2019-10-13T08:30:51,Improvement,Hours,Beginner,https://github.com/cybercongress/cyberd/issues/36,asadovka,https://gitcoin.co/issue/16837,50.12,cybercongress,63,cyberd,{},ETH,[],1,-271
2022-03-05T09:45:23,Improvement,Hours,Beginner,https://github.com/cybercongress/cyberd/issues/36,asadovka,https://gitcoin.co/issue/28041,50.12,cybercongress,63,cyberd,{},ETH,[],0,-1145
2019-03-10T11:28:51,Improvement,Hours,Beginner,https://github.com/cybercongress/congress/issues/133,asadovka,https://gitcoin.co/issue/10929,49.92,cybercongress,41,congress,{},ETH,[],1,-68
2019-06-09T08:42:19,Improvement,Days,Intermediate,https://github.com/cybercongress/cyb/issues/97,asadovka,https://gitcoin.co/issue/14187,300.52,cybercongress,14,cyb,{},ETH,['https://github.com/cybercongress/cyb/pull/111'],1,-159
2022-03-05T09:45:12,Improvement,Days,Intermediate,https://github.com/cybercongress/cyb/issues/97,asadovka,https://gitcoin.co/issue/28040,300.52,cybercongress,14,cyb,{},ETH,[],0,-1159
2019-03-10T11:28:12,Other,Hours,Intermediate,https://github.com/blocklabnl/vel/issues/15,bartwr,https://gitcoin.co/issue/10922,622.41,blocklabnl,1386,vel,{},ETH,[],1,-70
2019-03-10T11:28:07,Feature,Hours,Beginner,https://github.com/julienbrg/fraktal/issues/1,julienbrg,https://gitcoin.co/issue/10921,208.98,julienbrg,381,fraktal,{},ETH,['https://github.com/julienbrg/fraktal/pull/2'],1,280
2019-03-10T11:27:46,,Unknown,,https://github.com/gitcoinco/web/issues/3222,owocki,https://gitcoin.co/issue/10919,50.41,gitcoinco,1008,web,{},ETH,[],5,279
2019-03-10T11:27:38,Improvement,Days,Beginner,https://github.com/code-for-cause/tech-conferences/issues/17,vikaskyadav,https://gitcoin.co/issue/10918,0.00,code-for-cause,440,tech-conferences,{},ETH,['https://github.com/code-for-cause/tech-conferences/pull/20'],1,4
2019-03-10T11:27:09,Improvement,Weeks,Advanced,https://github.com/adexnetwork/adex-validator-stack-js/issues/1,Ivshti,https://gitcoin.co/issue/10914,3447.60,adexnetwork,2046,adex-validator-stack-js,{},ETH,['https://github.com/samparsky/adex-validator-stack-test'],1,4
2019-03-10T11:23:33,Feature,Days,Intermediate,https://github.com/gitcoinco/web/issues/3196,owocki,https://gitcoin.co/issue/10913,133.91,gitcoinco,2139,web,{},ETH,['https://github.com/gitcoinco/web/pull/3249'],1,277
2019-03-10T11:21:58,Feature,Days,Intermediate,https://github.com/spacemeshos/poet/issues/23,avive,https://gitcoin.co/issue/10894,1417.01,spacemeshos,5536,poet,{},ETH,[],1,0
2019-03-10T11:21:21,Feature,Hours,Intermediate,https://github.com/cybercongress/cyb/issues/85,asadovka,https://gitcoin.co/issue/10888,47.24,cybercongress,339,cyb,{},ETH,['https://github.com/cybercongress/cyb/pull/95'],1,-61
2022-03-05T09:41:20,Feature,Hours,Intermediate,https://github.com/cybercongress/cyb/issues/85,asadovka,https://gitcoin.co/issue/28027,47.24,cybercongress,339,cyb,{},ETH,[],0,-1151
2019-03-10T11:19:19,Feature,Hours,Intermediate,https://github.com/gitcoinco/code_fund_ads/issues/85,hopsoft,https://gitcoin.co/issue/10870,124.80,gitcoinco,679,code_fund_ads,{},ETH,['https://github.com/gitcoinco/code_fund_ads/pull/104'],1,-86
2019-03-10T11:19:11,Improvement,Hours,Intermediate,https://github.com/livepeer/go-livepeer/issues/615,ericxtang,https://gitcoin.co/issue/10868,55.06,livepeer,1362,go-livepeer,{},ETH,['https://github.com/livepeer/go-livepeer/pull/617'],1,-86
2019-03-10T11:18:26,Documentation,Hours,Intermediate,https://github.com/lastmjs/javascript-practice/issues/179,lastmjs,https://gitcoin.co/issue/10858,103.07,lastmjs,1767,javascript-practice,{},ETH,['https://github.com/lastmjs/javascript-practice/pull/186#pullrequestreview-184494786'],1,-88
2019-03-10T11:17:46,Feature,Hours,Beginner,https://github.com/gitcoinco/web/issues/3062,owocki,https://gitcoin.co/issue/10850,44.24,gitcoinco,211,web,{},ETH,['https://github.com/gitcoinco/web/pull/3082'],1,269
2019-03-10T11:17:41,,Weeks,Intermediate,https://github.com/trailofbits/slither/issues/85,dguido,https://gitcoin.co/issue/10849,1028.67,trailofbits,841,slither,{},ETH,"['https://github.com/samparsky/remix-plugin-slither', 'https://github.com/samparsky/remix-plugin-slither']",2,84
2019-03-10T11:17:10,Feature,Hours,Intermediate,https://github.com/spacemeshos/poet/issues/20,avive,https://gitcoin.co/issue/10842,545.94,spacemeshos,98,poet,{},ETH,['https://github.com/spacemeshos/POET/pull/28'],1,268
2019-03-10T11:17:05,Feature,Days,Beginner,https://github.com/code-for-cause/tech-conferences/issues/14,vikaskyadav,https://gitcoin.co/issue/10841,0.00,code-for-cause,711,tech-conferences,{},ETH,['https://github.com/chocolatebrown/tech-event-scraper'],1,-67
2019-03-10T11:12:46,,Hours,Beginner,https://github.com/gitcoinco/web/issues/2898,frankchen07,https://gitcoin.co/issue/10831,41.20,gitcoinco,1145,web,{},ETH,"['https://github.com/gitcoinco/web/pull/3528', 'https://docs.google.com/spreadsheets/d/1k8w8PX59XISYWaRLmUwQvdsLDCiDH0jBIY08qsKpruw/edit#gid=1549632786']",2,-11
2019-03-10T11:12:40,,Hours,Beginner,https://github.com/gitcoinco/web/issues/2899,frankchen07,https://gitcoin.co/issue/10830,41.20,gitcoinco,1268,web,{},ETH,['https://github.com/gitcoinco/web/pull/3601'],1,-11
2018-11-29T23:19:45,,Unknown,,https://github.com/microsoftdocs/intunedocs/issues/1513,pinkiebell,https://gitcoin.co/issue/7481,15.79,microsoftdocs,825,intunedocs,{},ETH,[],1,364
2019-01-14T15:17:52,,Unknown,,https://github.com/pinkiebell/eth-onboarding/issues/1,pinkiebell,https://gitcoin.co/issue/8112,1.22,pinkiebell,2130,eth-onboarding,{},ETH,[],1,318
2018-11-29T17:19:36,,Unknown,,https://github.com/gitcoinco/web/issues/2962,kuhnchris,https://gitcoin.co/issue/7467,1.16,gitcoinco,480,web,{},ETH,[],0,364
2020-12-05T09:17:15,Feature,Hours,Intermediate,https://github.com/hatgit/bip39_mnemonic_creation_light_python/issues/4,hatgit,https://gitcoin.co/issue/24382,57.92,hatgit,2770,bip39_mnemonic_creation_light_python,{},ETH,[],1,-724
2022-03-05T09:32:31,Feature,Hours,Intermediate,https://github.com/hatgit/bip39_mnemonic_creation_light_python/issues/4,hatgit,https://gitcoin.co/issue/28021,57.92,hatgit,2770,bip39_mnemonic_creation_light_python,{},ETH,[],0,-1179
2018-11-28T21:20:13,,Unknown,,https://github.com/gitcoinco/web/issues/1464,kuhnchris,https://gitcoin.co/issue/7438,0.12,gitcoinco,814,web,{},ETH,[],0,364
2019-04-11T20:43:43,Bug,Hours,Intermediate,https://github.com/hellobloom/core/issues/35,dereksilva,https://gitcoin.co/issue/11839,347.52,hellobloom,1153,core,{},ETH,[],1,-45
2018-11-28T19:20:29,,Unknown,,https://github.com/gitcoinco/web/issues/2964,kuhnchris26f85b02c05e454b,https://gitcoin.co/issue/7434,0.12,gitcoinco,895,web,{},ETH,[],0,364
2019-03-10T11:12:01,Bug,Hours,Intermediate,https://github.com/hellobloom/core/issues/35,dereksilva,https://gitcoin.co/issue/10821,579.20,hellobloom,1153,core,{},ETH,[],0,-12
2019-04-11T20:44:22,Other,Hours,Intermediate,https://github.com/hellobloom/share-kit/issues/28,dereksilva,https://gitcoin.co/issue/11840,224.46,hellobloom,437,share-kit,{},ETH,[],2,-47
2019-03-10T11:11:04,Documentation,Hours,Intermediate,https://github.com/hellobloom/attestation-kit/issues/17,dereksilva,https://gitcoin.co/issue/10809,133.74,hellobloom,733,attestation-kit,{},ETH,[],2,-14
2019-03-10T11:10:59,Documentation,Hours,Intermediate,https://github.com/hellobloom/attestation-kit/issues/16,dereksilva,https://gitcoin.co/issue/10808,133.74,hellobloom,745,attestation-kit,{},ETH,[],1,-14
2019-03-10T11:10:55,Bug,Hours,Intermediate,https://github.com/hellobloom/core/issues/35,dereksilva,https://gitcoin.co/issue/10807,112.23,hellobloom,1153,core,{},ETH,['https://github.com/hellobloom/core/pull/37'],1,-14
2019-03-10T11:10:50,Documentation,Hours,Intermediate,https://github.com/hellobloom/core/issues/34,dereksilva,https://gitcoin.co/issue/10806,133.74,hellobloom,1072,core,{},ETH,[],2,-14
2019-03-10T11:10:44,,Unknown,,https://github.com/hellobloom/attestation-kit/issues/15,dereksilva,https://gitcoin.co/issue/10805,66.87,hellobloom,639,attestation-kit,{},ETH,[],3,-14
2020-12-05T09:16:12,Improvement,Hours,Beginner,https://github.com/gitcoinco/web/issues/2117,frankchen07,https://gitcoin.co/issue/24379,44.58,gitcoinco,4907,web,{},ETH,['https://github.com/gitcoinco/web/pull/2956'],1,-650
2022-03-05T09:31:43,Improvement,Hours,Beginner,https://github.com/gitcoinco/web/issues/2117,frankchen07,https://gitcoin.co/issue/28018,44.58,gitcoinco,4907,web,{},ETH,[],0,-1105
2019-03-10T11:10:29,,Hours,Intermediate,https://github.com/unlock-protocol/unlock/issues/465,julien51,https://gitcoin.co/issue/10802,334.68,unlock-protocol,330,unlock,{},ETH,['https://github.com/unlock-protocol/unlock/pull/694'],1,-90
2019-03-10T11:10:24,Improvement,Hours,Beginner,https://github.com/gitcoinco/web/issues/2947,owocki,https://gitcoin.co/issue/10801,111.45,gitcoinco,1630,web,{},ETH,['https://github.com/gitcoinco/web/pull/3048#event-2028819814'],1,261
2019-03-10T11:10:20,Improvement,Hours,Beginner,https://github.com/gitcoinco/web/issues/2864,owocki,https://gitcoin.co/issue/10800,55.28,gitcoinco,128,web,{},ETH,[],0,-90
2019-03-10T11:09:14,Feature,Hours,Intermediate,https://github.com/datum/datum-gitcoin-bounty/issues/3,eunicelisc,https://gitcoin.co/issue/10785,153.22,datum,3328,datum-gitcoin-bounty,{},ETH,['https://github.com/Datum/dapp-mascot/pull/2'],1,-78
2019-03-10T11:08:29,,Hours,Intermediate,https://github.com/unlock-protocol/unlock/issues/431,julien51,https://gitcoin.co/issue/10777,208.31,unlock-protocol,486,unlock,{},ETH,['https://github.com/unlock-protocol/unlock/pull/595'],1,-95
2018-12-13T19:19:12,,Unknown,,https://github.com/gitcoinco/web/issues/2735,oktopustester,https://gitcoin.co/issue/7734,1.35,gitcoinco,171,web,{},ETH,[],1,343
2019-03-10T11:04:31,Improvement,Hours,Beginner,https://github.com/uport-project/lambda-caleuche/issues/21,ajunge,https://gitcoin.co/issue/10761,44.49,uport-project,251,lambda-caleuche,{},ETH,['https://github.com/uport-project/lambda-caleuche/pull/26'],1,-21
2018-11-19T01:18:06,,Unknown,,https://github.com/gitcoinco/web/issues/2808,usmanmuhd,https://gitcoin.co/issue/7214,8.90,gitcoinco,1290,web,{},ETH,[],0,364
2019-03-10T11:09:00,Feature,Days,Beginner,https://github.com/code-for-cause/tech-conferences/issues/8,vikaskyadav,https://gitcoin.co/issue/10784,0.00,code-for-cause,842,tech-conferences,{},ETH,[],1,-100
2019-03-10T11:01:29,Feature,Months,Advanced,https://github.com/metamask/kitsunet-js/issues/11,danfinlay,https://gitcoin.co/issue/10751,12880.70,metamask,73,kitsunet-js,{},ETH,['https://github.com/MetaMask/kitsunet-js/pull/2'],1,251
2019-03-10T11:00:33,Feature,Days,Advanced,https://github.com/leapdao/solevm-enforcer/issues/20,johannbarbie,https://gitcoin.co/issue/10743,1354.30,leapdao,866,solevm-enforcer,{},ETH,['https://github.com/leapdao/solEVM-enforcer/pull/42'],1,-41
2019-03-10T11:00:27,Improvement,Hours,Advanced,https://github.com/leapdao/solevm-enforcer/issues/19,johannbarbie,https://gitcoin.co/issue/10742,691.35,leapdao,569,solevm-enforcer,{},ETH,[],1,-85
2019-03-10T11:00:21,Improvement,Days,Advanced,https://github.com/leapdao/solevm-enforcer/issues/17,johannbarbie,https://gitcoin.co/issue/10741,1354.30,leapdao,673,solevm-enforcer,{},ETH,[],1,-55
2019-03-10T11:00:14,Improvement,Hours,Advanced,https://github.com/leapdao/solevm-enforcer/issues/15,johannbarbie,https://gitcoin.co/issue/10740,668.44,leapdao,604,solevm-enforcer,{},ETH,['https://github.com/leapdao/solEVM-enforcer/pull/30'],1,-55
2019-03-10T11:00:04,Improvement,Days,Beginner,https://github.com/gitcoinco/web/issues/2841,PixelantDesign,https://gitcoin.co/issue/10739,85.11,gitcoinco,1034,web,{},ETH,[],0,-26
2019-11-06T05:36:45,Feature,Hours,Beginner,https://github.com/gitcoinco/web/issues/2808,frankchen07,https://gitcoin.co/issue/17189,52.58,gitcoinco,1290,web,{},ETH,['https://github.com/gitcoinco/web/pull/3219'],1,277
2019-03-10T10:59:09,Improvement,Hours,Intermediate,https://github.com/gitcoinco/code_fund_ads/issues/13,hopsoft,https://gitcoin.co/issue/10732,152.94,gitcoinco,739,code_fund_ads,{},ETH,['https://github.com/gitcoinco/code_fund_ads/pull/26'],1,-103
2018-11-21T21:19:41,Bug,Hours,Beginner,https://github.com/ethereum/eips/issues/1538,oktopustester,https://gitcoin.co/issue/7295,4.25,ethereum,31038,eips,{},ETH,[],1,20
2019-03-10T10:53:21,Bug,Hours,Beginner,https://github.com/gitcoinco/web/issues/2746,owocki,https://gitcoin.co/issue/10715,63.97,gitcoinco,206,web,{},ETH,[],0,244
2019-03-10T10:53:07,,Unknown,,https://github.com/consensys/mythril-classic/issues/675,b-mueller,https://gitcoin.co/issue/10711,533.07,consensys,372,mythril-classic,{},ETH,['https://github.com/ConsenSys/mythril-classic/pull/739'],1,244
2019-03-10T10:47:53,Feature,Hours,Beginner,https://github.com/code-for-cause/tech-conferences/issues/3,vikaskyadav,https://gitcoin.co/issue/10701,0.00,code-for-cause,335,tech-conferences,{},ETH,['https://github.com/code-for-cause/tech-conferences/pull/7'],1,-108
2019-03-10T10:47:47,,Unknown,,https://github.com/smartcontractsecurity/swc-registry/issues/115,thec00n,https://gitcoin.co/issue/10700,87.56,smartcontractsecurity,748,swc-registry,{},ETH,['https://github.com/SmartContractSecurity/SWC-registry/pull/129'],1,242
2019-03-10T10:47:42,,Unknown,,https://github.com/smartcontractsecurity/swc-registry/issues/113,thec00n,https://gitcoin.co/issue/10699,65.67,smartcontractsecurity,959,swc-registry,{},ETH,['https://github.com/SmartContractSecurity/SWC-registry/pull/114'],1,242
2019-03-10T10:47:37,Feature,Hours,Intermediate,https://github.com/gitcoinco/web/issues/2733,owocki,https://gitcoin.co/issue/10698,109.97,gitcoinco,1220,web,{},ETH,['https://github.com/gitcoinco/web/pull/2755'],1,-93
2018-11-07T21:20:04,Bug,Weeks,Intermediate,https://github.com/pwaygames/pway.contracts/issues/8,adamskrodzki,https://gitcoin.co/issue/6976,549.83,pwaygames,2,pway.contracts,{},ETH,['https://github.com/PwayGames/PWay.Contracts/pull/7'],2,364
2018-11-08T01:19:47,Bug,Days,Intermediate,https://github.com/pwaygames/pway.contracts/issues/6,lukaszGrynasz,https://gitcoin.co/issue/6987,219.93,pwaygames,0,pway.contracts,{},ETH,['https://github.com/PwayGames/PWay.Contracts/pull/7'],1,89
2019-03-10T10:46:50,Feature,Hours,,https://github.com/code-for-cause/tech-conferences/issues/1,vikaskyadav,https://gitcoin.co/issue/10687,0.00,code-for-cause,631,tech-conferences,{},ETH,"['https://github.com/code-for-cause/tech-conferences/pull/9', 'https://github.com/code-for-cause/tech-conferences/pull/9']",4,-95
2019-03-10T10:46:05,Improvement,Hours,Intermediate,https://github.com/hatgit/bip39_mnemonic_creation_light_python/issues/2,hatgit,https://gitcoin.co/issue/10679,106.25,hatgit,908,bip39_mnemonic_creation_light_python,{},ETH,['https://github.com/hatgit/BIP39_mnemonic_creation_light_python/pull/3'],1,-111
2021-04-05T08:10:34,Bug,Days,Intermediate,https://github.com/pwaygames/pway.contracts/issues/1,lukaszGrynasz,https://gitcoin.co/issue/25483,1060.35,pwaygames,2318,pway.contracts,{},ETH,[],0,-792
2022-03-05T09:25:31,Bug,Days,Intermediate,https://github.com/pwaygames/pway.contracts/issues/1,lukaszGrynasz,https://gitcoin.co/issue/28007,1060.35,pwaygames,2318,pway.contracts,{},ETH,[],0,-1126
2019-03-10T10:45:31,,Unknown,,https://github.com/diadata-org/diadata/issues/133,diamw,https://gitcoin.co/issue/10673,159.05,diadata-org,386,diadata,{},ETH,['https://github.com/diadata-org/diadata/pull/139'],1,239
2022-10-27T02:21:07,Feature,Hours,Intermediate,https://github.com/unlock-protocol/unlock/issues/245,julien51,https://gitcoin.co/issue/29522,397.80,unlock-protocol,330,unlock,{},ETH,[],0,-1426
2019-03-10T10:43:39,Design,Hours,Intermediate,https://github.com/mybitfoundation/mybit.design/issues/26,jjperezaguinaga,https://gitcoin.co/issue/10668,39.78,mybitfoundation,2809,mybit.design,{},ETH,[],2,-99
2018-10-30T14:20:31,,Unknown,,https://github.com/gitcoinco/web/issues/2557,usmanmuhd,https://gitcoin.co/issue/6835,59.08,gitcoinco,1470,web,{},ETH,['https://github.com/gitcoinco/web/pull/2548'],1,364
2018-10-29T22:19:43,,Unknown,,https://github.com/gitcoinco/web/issues/2354,pinkiebell,https://gitcoin.co/issue/6829,9.91,gitcoinco,565,web,{},ETH,[],3,364
2018-10-29T20:20:37,,Unknown,,https://github.com/owocki/pytrader/issues/141,owocki,https://gitcoin.co/issue/6826,59.44,owocki,8,pytrader,{},ETH,[],1,364
2018-10-29T20:20:30,,Unknown,,https://kickback.events/event/0xf6912d7ab160aa1645206f6725a0f57840839799,owocki,https://gitcoin.co/issue/6824,59.44,event,8,0xf6912d7ab160aa1645206f6725a0f57840839799,{},ETH,[],1,364
2019-03-10T10:41:33,Improvement,Hours,Beginner,https://github.com/addreth/addreth/issues/4,geleeroyale,https://gitcoin.co/issue/10665,0.20,addreth,76,addreth,{},ETH,['https://github.com/AddrETH/addreth/pull/5'],1,-129
2019-03-10T10:41:29,,Unknown,,https://github.com/gitcoinco/web/issues/2549,mbeacom,https://gitcoin.co/issue/10664,0.20,gitcoinco,367,web,{},ETH,[],1,232
2019-03-10T10:41:22,Improvement,Hours,Intermediate,https://github.com/gitcoinco/web/issues/2508,PixelantDesign,https://gitcoin.co/issue/10663,69.38,gitcoinco,1772,web,{},ETH,[],1,-44
2018-10-27T14:17:41,,Unknown,,https://github.com/gitcoinco/web/issues/2546,vs77bb,https://gitcoin.co/issue/6788,102.61,gitcoinco,328,web,{},ETH,[],1,364
2019-03-10T10:36:52,Feature,Hours,Beginner,https://github.com/mikeymicrophone/commissulator/issues/11,mikeymicrophone,https://gitcoin.co/issue/10658,5.12,mikeymicrophone,612,commissulator,{},ETH,['https://github.com/mikeymicrophone/commissulator/pull/33'],1,-105
2019-03-10T10:36:40,Feature,Hours,Intermediate,https://github.com/mikeymicrophone/commissulator/issues/8,mikeymicrophone,https://gitcoin.co/issue/10656,5.12,mikeymicrophone,986,commissulator,{},ETH,"['https://github.com/mikeymicrophone/commissulator/pull/32', 'https://github.com/mikeymicrophone/commissulator/pull/32']",2,-105
2019-03-10T10:35:28,Feature,Days,Intermediate,https://github.com/diadata-org/diadata/issues/122,kaythxbye,https://gitcoin.co/issue/10644,102.31,diadata-org,263,diadata,{},ETH,['https://github.com/diadata-org/diadata/pull/129'],1,-121
2018-10-26T00:17:41,,Unknown,,https://github.com/owocki/decentralizationlayercake/issues/1,owocki,https://gitcoin.co/issue/6746,2.05,owocki,134,decentralizationlayercake,{},ETH,[],1,364
2018-10-25T22:17:39,,Unknown,,https://github.com/owocki/decentralizationlayercake/issues/2,owocki,https://gitcoin.co/issue/6745,4.09,owocki,106,decentralizationlayercake,{},ETH,[],2,364
2019-03-10T10:33:34,Other,Days,Intermediate,https://github.com/decentralizedderivatives/drct_standard_dapp/issues/145,themandalore,https://gitcoin.co/issue/10638,616.50,decentralizedderivatives,374,drct_standard_dapp,{},ETH,['https://github.com/DecentralizedDerivatives/DRCT_standard_DApp/pull/296'],1,-106
2019-03-10T10:33:27,,Unknown,,https://github.com/consensys/mythril-ctf-public/issues/3,b-mueller,https://gitcoin.co/issue/10637,698.70,consensys,222,mythril-ctf-public,{},ETH,['https://github.com/ConsenSys/mythril-ctf-public/pull/5'],1,228
2019-03-10T10:33:22,,Unknown,,https://github.com/consensys/mythril-ctf-public/issues/2,b-mueller,https://gitcoin.co/issue/10636,678.15,consensys,222,mythril-ctf-public,{},ETH,['https://github.com/ConsenSys/mythril-ctf-public/pull/4'],1,228
2019-03-10T10:33:17,,Unknown,,https://github.com/consensys/mythril-ctf-public/issues/1,b-mueller,https://gitcoin.co/issue/10635,678.15,consensys,239,mythril-ctf-public,{},ETH,['https://github.com/ConsenSys/mythril-ctf-public/pull/4'],1,228
2018-10-25T18:17:54,Bug,Hours,,https://github.com/owocki/web3_revenue_primitives/issues/6,owocki,https://gitcoin.co/issue/6742,0.21,owocki,724,web3_revenue_primitives,{},ETH,[],1,364
2019-03-10T10:33:12,Documentation,Hours,Intermediate,https://github.com/maurelian/newsletter/issues/1,maurelian,https://gitcoin.co/issue/10634,30.82,maurelian,814,newsletter,{},ETH,['https://github.com/maurelian/Newsletter/pull/2'],1,-134
2019-03-10T10:33:06,Documentation,Days,Intermediate,https://github.com/consensys/smart-contract-best-practices/issues/184,maurelian,https://gitcoin.co/issue/10633,246.60,consensys,858,smart-contract-best-practices,{},ETH,[],0,-123
2019-03-10T10:32:51,Other,Hours,Beginner,https://github.com/windingtree/wt-hackathon/issues/13,AugustoL,https://gitcoin.co/issue/10632,5166.00,windingtree,240,wt-hackathon,{},ETH,[],3,-129
2019-03-10T10:32:39,Feature,Days,Intermediate,https://github.com/parsec-labs/parsec-contracts/issues/32,johannbarbie,https://gitcoin.co/issue/10630,43.39,parsec-labs,502,parsec-contracts,{},ETH,[],1,-123
2019-03-10T10:30:38,Feature,Unknown,Intermediate,https://github.com/diadata-org/diadata/issues/112,frranck,https://gitcoin.co/issue/10620,165.43,diadata-org,252,diadata,{},ETH,['https://github.com/diadata-org/diadata/pull/115'],1,227
2019-03-10T10:31:07,Improvement,Days,Intermediate,https://github.com/diadata-org/diadata/issues/113,kaythxbye,https://gitcoin.co/issue/10621,103.39,diadata-org,466,diadata,{},ETH,['https://github.com/diadata-org/diadata/pull/143'],1,-125
2021-10-21T08:08:58,Feature,Hours,Intermediate,https://github.com/gitcoinco/web/issues/2419,owocki,https://gitcoin.co/issue/26916,82.44,gitcoinco,1065,web,{},ETH,[],0,-730
2022-03-05T09:20:00,Feature,Hours,Intermediate,https://github.com/gitcoinco/web/issues/2419,owocki,https://gitcoin.co/issue/28003,82.44,gitcoinco,1065,web,{},ETH,[],0,-865
2021-12-27T02:10:06,Improvement,Hours,Beginner,https://github.com/aragon/aragon/issues/311,Quazia,https://gitcoin.co/issue/27386,82.44,aragon,102,aragon,{},ETH,[],0,-1132
2019-07-01T19:19:58,Improvement,Hours,Intermediate,https://github.com/aragon/aragon.js/issues/124,Quazia,https://gitcoin.co/issue/14738,237.00,aragon,232,aragon.js,{},ETH,[],0,-223
2019-03-10T10:24:39,Feature,Hours,Intermediate,https://github.com/decentralizedderivatives/drct_standard_dapp/issues/219,themandalore,https://gitcoin.co/issue/10600,103.07,decentralizedderivatives,169,drct_standard_dapp,{},ETH,['https://github.com/DecentralizedDerivatives/DRCT_standard_DApp/pull/282'],1,-111
2019-03-10T10:24:33,Security,Days,Advanced,https://github.com/gitcoinco/web/issues/2480,captnseagraves,https://gitcoin.co/issue/10599,514.30,gitcoinco,1601,web,{},ETH,[],1,224
2019-03-10T10:19:19,Improvement,Days,Intermediate,https://github.com/diadata-org/diadata/issues/94,kaythxbye,https://gitcoin.co/issue/10562,106.38,diadata-org,809,diadata,{},ETH,['https://github.com/diadata-org/diadata/pull/156'],1,-115
2019-03-10T10:18:33,,Unknown,,https://github.com/smartcontractsecurity/swc-registry/issues/107,thec00n,https://gitcoin.co/issue/10556,85.90,smartcontractsecurity,696,swc-registry,{},ETH,['https://github.com/SmartContractSecurity/SWC-registry/pull/111'],1,220
2019-03-10T10:17:54,Improvement,Days,Intermediate,https://github.com/foxer666/node-stratum-pool/issues/32,tedy5,https://gitcoin.co/issue/10552,58.85,foxer666,753,node-stratum-pool,{},ETH,"['https://github.com/foxer666/node-stratum-pool/pull/33', 'https://github.com/foxer666/node-stratum-pool/pull/33']",2,-143
2019-03-10T10:17:42,,Unknown,,https://github.com/gitcoinco/web/issues/2473,owocki,https://gitcoin.co/issue/10551,78.47,gitcoinco,342,web,{},ETH,[],1,219
2019-03-10T10:16:51,Improvement,Days,Advanced,https://github.com/unlock-protocol/unlock/issues/310,julien51,https://gitcoin.co/issue/10549,392.34,unlock-protocol,413,unlock,{},ETH,['https://github.com/unlock-protocol/unlock/pull/352'],1,-56
2019-03-10T10:16:38,Improvement,Days,Intermediate,https://github.com/diadata-org/diadata/issues/87,kaythxbye,https://gitcoin.co/issue/10547,353.11,diadata-org,337,diadata,{},ETH,['https://github.com/diadata-org/diadata/pull/91'],1,-116
2019-03-10T10:15:59,,Unknown,,https://github.com/gitcoinco/web/issues/2467,owocki,https://gitcoin.co/issue/10542,40.37,gitcoinco,195,web,{},ETH,[],1,218
2019-03-10T10:15:41,Improvement,Hours,Intermediate,https://github.com/pulseblockchain/oz-sample-app/issues/10,lakamsani,https://gitcoin.co/issue/10541,80.73,pulseblockchain,821,oz-sample-app,{},ETH,['https://github.com/PulseBlockchain/oz-sample-app/pull/11'],1,-133
2019-03-10T10:14:05,Feature,Days,Intermediate,https://github.com/bounties-network/explorer/issues/243,villanuevawill,https://gitcoin.co/issue/10526,389.68,bounties-network,1346,explorer,{},ETH,['https://github.com/Bounties-Network/Explorer/pull/258'],1,-142
2019-03-10T10:13:42,Feature,Days,Intermediate,https://github.com/bounties-network/bounties.network/issues/13,mbeylin,https://gitcoin.co/issue/10523,146.13,bounties-network,1542,bounties.network,{},ETH,"['https://github.com/Bounties-Network/bounties.network/pull/14', 'https://github.com/Bounties-Network/bounties.network/pull/14']",2,216
2019-03-10T10:12:10,,Unknown,Intermediate,https://github.com/diadata-org/diadata/issues/77,diamw,https://gitcoin.co/issue/10509,202.18,diadata-org,435,diadata,{},ETH,[],1,229
2019-03-10T10:12:04,Feature,Days,Intermediate,https://github.com/diadata-org/diadata/issues/76,kaythxbye,https://gitcoin.co/issue/10508,202.18,diadata-org,981,diadata,{},ETH,['https://github.com/diadata-org/diadata/pull/101'],1,-120
2019-03-10T10:11:44,Documentation,Days,Intermediate,https://github.com/bounties-network/explorer/issues/236,villanuevawill,https://gitcoin.co/issue/10504,411.26,bounties-network,1570,explorer,{},ETH,[],1,-137
2019-03-10T10:11:39,Improvement,Days,Intermediate,https://github.com/bounties-network/bountiesapi/issues/220,villanuevawill,https://gitcoin.co/issue/10503,205.63,bounties-network,681,bountiesapi,{},ETH,['https://github.com/Bounties-Network/BountiesAPI/pull/233'],1,-144
2019-03-10T10:11:28,Feature,Days,Advanced,https://github.com/bounties-network/bountiesapi/issues/223,villanuevawill,https://gitcoin.co/issue/10501,411.26,bounties-network,2441,bountiesapi,{},ETH,[],1,-144
2019-03-10T10:11:21,Feature,Hours,Intermediate,https://github.com/mbeylin/enslistener/issues/1,mbeylin,https://gitcoin.co/issue/10500,180.95,mbeylin,1262,enslistener,{},ETH,['https://github.com/mbeylin/ENSListener/pull/2'],1,214
2019-03-29T20:33:59,Improvement,Days,Beginner,https://github.com/gitcoinco/web/issues/2283,frankchen07,https://gitcoin.co/issue/11600,92.53,gitcoinco,1630,web,{},ETH,[],0,195
2019-03-10T10:08:34,,Unknown,,https://github.com/econoar/ethhub/issues/17,owocki,https://gitcoin.co/issue/10485,68.79,econoar,497,ethhub,{},ETH,['https://github.com/econoar/ethhub/pull/18'],1,213
2019-03-10T10:08:16,Feature,Weeks,Intermediate,https://github.com/spacemeshos/poet/issues/2,avive,https://gitcoin.co/issue/10483,2981.03,spacemeshos,38,poet,{},ETH,[],0,212
2019-03-10T10:06:05,,Unknown,,https://github.com/consensys/mythril/issues/528,b-mueller,https://gitcoin.co/issue/10482,504.48,consensys,487,mythril,{},ETH,['https://github.com/ConsenSys/mythril-classic/pull/615'],1,212
2019-03-10T10:05:57,,Unknown,,https://github.com/consensys/mythril/issues/527,b-mueller,https://gitcoin.co/issue/10480,137.59,consensys,755,mythril,{},ETH,['https://github.com/ConsenSys/mythril-classic/pull/615'],1,212
2019-03-10T10:05:53,,Unknown,,https://github.com/consensys/mythril/issues/523,b-mueller,https://gitcoin.co/issue/10479,504.48,consensys,1004,mythril,{},ETH,['https://github.com/ConsenSys/mythril-classic/pull/619'],1,212
2019-03-10T10:05:23,,Unknown,,https://github.com/gitcoinco/web/issues/2381,owocki,https://gitcoin.co/issue/10472,89.91,gitcoinco,482,web,{},ETH,['https://github.com/gitcoinco/web/pull/2409'],1,212
2019-03-10T10:05:19,,Unknown,,https://github.com/diadata-org/docs.diadata.org/issues/2,diamw,https://gitcoin.co/issue/10471,112.39,diadata-org,372,docs.diadata.org,{},ETH,[],1,-123
2019-03-10T10:05:03,Feature,Days,Intermediate,https://github.com/spacemeshos/app/issues/4,avive,https://gitcoin.co/issue/10468,1573.46,spacemeshos,2295,app,{},ETH,[],2,212
2019-03-10T10:04:54,,Unknown,,https://github.com/gitcoinco/web/issues/2375,owocki,https://gitcoin.co/issue/10467,89.91,gitcoinco,437,web,{},ETH,['https://github.com/gitcoinco/web/pull/2760'],1,-140
2019-03-10T10:03:50,Improvement,Hours,Intermediate,https://github.com/windingtree/vesting-contract/issues/1,AugustoL,https://gitcoin.co/issue/10463,99.62,windingtree,381,vesting-contract,{},ETH,"['https://github.com/windingtree/vesting-contract/pull/3', 'https://github.com/windingtree/vesting-contract/pull/2']",2,-141
2019-03-10T10:03:46,Improvement,Hours,Intermediate,https://github.com/windingtree/vesting-contract/issues/1,AugustoL,https://gitcoin.co/issue/10462,0.23,windingtree,381,vesting-contract,{},ETH,[],0,-141
2021-04-05T07:55:16,Feature,Unknown,Intermediate,https://github.com/ethglobal/ethsanfrancisco-bounties/issues/9,frostiq,https://gitcoin.co/issue/25475,1471.66,ethglobal,5691,ethsanfrancisco-bounties,{},ETH,[],0,-910
2022-03-05T09:07:07,Feature,Unknown,Intermediate,https://github.com/ethglobal/ethsanfrancisco-bounties/issues/9,frostiq,https://gitcoin.co/issue/27986,1471.66,ethglobal,5691,ethsanfrancisco-bounties,{},ETH,[],0,-1244
2019-03-10T10:03:08,Feature,Days,Advanced,https://github.com/bounties-network/explorer/issues/222,villanuevawill,https://gitcoin.co/issue/10457,332.53,bounties-network,995,explorer,{},ETH,['https://github.com/Bounties-Network/Explorer/pull/235'],1,-142
2019-03-10T10:02:51,,Unknown,,https://github.com/matterinc/web3swift/issues/36,vs77bb,https://gitcoin.co/issue/10454,133.01,matterinc,228,web3swift,{},ETH,['https://github.com/matterinc/web3swift/pull/64'],1,209
2019-03-10T10:00:41,,Unknown,,https://github.com/chainshotdapps/content/issues/1,mvglasenapp,https://gitcoin.co/issue/10441,10091.70,chainshotdapps,375,content,{},ETH,[],1,-127
2019-03-10T09:59:49,,Days,Intermediate,https://github.com/gitcoinco/web/issues/2294,PixelantDesign,https://gitcoin.co/issue/10435,154.50,gitcoinco,1581,web,{},ETH,[],1,-68
2019-03-10T09:58:49,,Hours,Beginner,https://github.com/unlock-protocol/unlock/issues/219,julien51,https://gitcoin.co/issue/10426,69.32,unlock-protocol,420,unlock,{},ETH,['https://github.com/unlock-protocol/unlock/pull/663'],1,205
2019-03-10T09:58:45,Improvement,Hours,Intermediate,https://github.com/unlock-protocol/unlock/issues/245,julien51,https://gitcoin.co/issue/10425,115.53,unlock-protocol,330,unlock,{},ETH,[],0,205
2019-03-10T09:58:59,Improvement,Days,Intermediate,https://github.com/gitcoinco/web/pull/2239,PixelantDesign,https://gitcoin.co/issue/10428,87.05,gitcoinco,419,web,{},ETH,[],1,20
2021-10-17T07:54:19,Improvement,Weeks,Beginner,https://github.com/abiefund/abie/issues/9,julienbrg,https://gitcoin.co/issue/26849,69.54,abiefund,279,abie,{},ETH,[],0,-1099
2022-03-05T09:03:24,Improvement,Weeks,Beginner,https://github.com/abiefund/abie/issues/9,julienbrg,https://gitcoin.co/issue/27974,69.54,abiefund,279,abie,{},ETH,[],0,-1238
2019-03-10T09:55:46,Feature,Hours,Intermediate,https://github.com/gitcoinco/web/issues/2288,captnseagraves,https://gitcoin.co/issue/10397,39.38,gitcoinco,1395,web,{},ETH,['https://github.com/gitcoinco/web/pull/2311'],1,-157
2019-03-10T09:55:29,Feature,Hours,Intermediate,https://github.com/gitcoinco/web/issues/2286,captnseagraves,https://gitcoin.co/issue/10395,38.34,gitcoinco,1217,web,{},ETH,['https://github.com/gitcoinco/web/pull/2319'],1,-157
2019-03-10T09:55:25,Feature,Hours,Intermediate,https://github.com/gitcoinco/web/issues/2285,captnseagraves,https://gitcoin.co/issue/10394,38.34,gitcoinco,1419,web,{},ETH,['https://github.com/gitcoinco/web/pull/2319'],1,-157
2019-03-10T09:54:48,Improvement,Hours,Beginner,https://github.com/metamask/metamask-extension/issues/3514,bdresser,https://gitcoin.co/issue/10390,53.32,metamask,431,metamask-extension,{},ETH,['https://github.com/MetaMask/metamask-extension/pull/5379'],1,200
2019-03-10T09:54:43,Improvement,Hours,Beginner,https://github.com/metamask/metamask-extension/issues/3461,bdresser,https://gitcoin.co/issue/10389,74.64,metamask,458,metamask-extension,{},ETH,['https://github.com/MetaMask/metamask-extension/pull/5415'],1,200
2019-03-10T09:54:31,Improvement,Weeks,Advanced,https://github.com/metamask/mustekala/issues/21,danfinlay,https://gitcoin.co/issue/10387,11596.78,metamask,3958,mustekala,{},ETH,"['https://github.com/MetaMask/mesh-testing/pull/53', 'https://github.com/MetaMask/mesh-testing/pull/53']",2,199
2019-03-10T09:52:02,Feature,Days,Intermediate,https://github.com/diadata-org/coindata/issues/1,kaythxbye,https://gitcoin.co/issue/10372,450.28,diadata-org,1466,coindata,{},ETH,['https://github.com/diadata-org/coindata/issues/1'],1,-163
2019-03-10T09:50:25,Security,Hours,Intermediate,https://github.com/smartcontractsecurity/swc-registry/issues/31,thec00n,https://gitcoin.co/issue/10365,45.03,smartcontractsecurity,587,swc-registry,{},ETH,['https://github.com/SmartContractSecurity/SWC-registry/pull/34'],1,-141
2019-03-10T09:50:20,Other,Unknown,Advanced,https://github.com/smartcontractsecurity/swc-registry/issues/31,thec00n,https://gitcoin.co/issue/10364,45.03,smartcontractsecurity,587,swc-registry,{},ETH,[],1,-141
2019-03-10T09:47:24,Improvement,Hours,Intermediate,https://github.com/metamask/metamask-extension/issues/3425,bdresser,https://gitcoin.co/issue/10344,94.40,metamask,1162,metamask-extension,{},ETH,['https://github.com/MetaMask/metamask-extension/pull/5437'],1,191
2019-03-10T09:47:13,,Unknown,,https://github.com/gitcoinco/web/issues/2211,owocki,https://gitcoin.co/issue/10342,85.82,gitcoinco,969,web,{},ETH,['https://github.com/Anish-Agnihotri/Gitcoin-Exemplars'],1,191
2019-03-10T09:44:04,,Unknown,,https://github.com/diadata-org/api-golang/issues/46,diamw,https://gitcoin.co/issue/10330,87.61,diadata-org,526,api-golang,{},ETH,['https://github.com/diadata-org/api-golang/pull/48'],1,188
2019-03-10T09:43:58,,Unknown,,https://github.com/diadata-org/api-golang/issues/45,diamw,https://gitcoin.co/issue/10329,87.61,diadata-org,725,api-golang,{},ETH,['https://github.com/diadata-org/api-golang/pull/47'],1,188
2021-04-05T07:48:51,,Unknown,,https://github.com/gitcoinco/web/issues/2215,owocki,https://gitcoin.co/issue/25458,98.56,gitcoinco,2694,web,{},ETH,[],0,-905
2022-03-05T09:00:03,,Unknown,,https://github.com/gitcoinco/web/issues/2215,owocki,https://gitcoin.co/issue/27969,98.56,gitcoinco,2694,web,{},ETH,[],0,-1239
2019-03-10T09:43:32,,Unknown,,https://github.com/gitcoinco/web/issues/2213,owocki,https://gitcoin.co/issue/10327,62.01,gitcoinco,318,web,{},ETH,['https://github.com/gitcoinco/web/pull/2268'],1,187
2019-03-10T09:40:45,Feature,Days,Advanced,https://github.com/parsec-labs/solevm-truffle/issues/3,johannbarbie,https://gitcoin.co/issue/10308,1342.95,parsec-labs,809,solevm-truffle,{},ETH,['https://github.com/parsec-labs/solevm-truffle/pull/12'],1,-166
2019-03-10T09:40:41,Improvement,Hours,,https://github.com/gitcoinco/web/pull/2190,PixelantDesign,https://gitcoin.co/issue/10307,33.60,gitcoinco,512,web,{},ETH,['https://github.com/gitcoinco/web/pull/2190'],1,-151
2019-03-10T09:40:37,,Hours,,https://github.com/gitcoinco/web/issues/2186,PixelantDesign,https://gitcoin.co/issue/10305,43.19,gitcoinco,761,web,{},ETH,['https://github.com/gitcoinco/creative/pull/26'],1,-91
2019-03-10T09:36:28,Improvement,Hours,Beginner,https://github.com/obo20/pinata/issues/1,kyletut,https://gitcoin.co/issue/10289,20.90,obo20,676,pinata,{},ETH,[],0,-177
2019-03-10T09:37:40,Improvement,Hours,Beginner,https://github.com/obo20/pinata/issues/1,kyletut,https://gitcoin.co/issue/10291,20.90,obo20,676,pinata,{},ETH,[],0,-177
2021-04-05T07:45:48,Feature,Days,Intermediate,https://github.com/ethberlin-hackathon/ethberlin-bounties/issues/10,yanivtal,https://gitcoin.co/issue/25445,4737.90,ethberlin-hackathon,2776,ethberlin-bounties,{},ETH,[],0,-938
2021-10-25T07:44:35,Feature,Days,Intermediate,https://github.com/ethberlin-hackathon/ethberlin-bounties/issues/10,yanivtal,https://gitcoin.co/issue/26947,4737.90,ethberlin-hackathon,2776,ethberlin-bounties,{},ETH,[],0,-1141
2022-03-05T08:56:37,Feature,Days,Intermediate,https://github.com/ethberlin-hackathon/ethberlin-bounties/issues/10,yanivtal,https://gitcoin.co/issue/27956,4737.90,ethberlin-hackathon,2776,ethberlin-bounties,{},ETH,[],0,-1272
2019-03-10T09:34:47,Improvement,Weeks,Advanced,https://github.com/metamask/mesh-testing/issues/51,danfinlay,https://gitcoin.co/issue/10282,18322.40,metamask,304,mesh-testing,{},ETH,[],1,-95
2019-03-10T09:34:44,Bug,Days,Advanced,https://github.com/electricfeelco/travay/issues/8,farahbrunache,https://gitcoin.co/issue/10281,164.90,electricfeelco,2839,travay,{},ETH,['https://github.com/electricfeelco/travay/pull/9'],1,-178
2019-03-10T09:34:18,Documentation,Hours,Intermediate,https://github.com/w3f/web3-collaboration/issues/34,jplatts12,https://gitcoin.co/issue/10277,293.16,w3f,1191,web3-collaboration,{},ETH,['https://github.com/polkadot-js/api/pull/145'],1,180
2021-04-05T07:44:56,Improvement,Days,Intermediate,https://github.com/ethberlin-hackathon/ethberlin-bounties/issues/6,MareenG,https://gitcoin.co/issue/25440,1007.96,ethberlin-hackathon,2004,ethberlin-bounties,{},ETH,[],0,-935
2022-03-05T08:55:40,Improvement,Days,Intermediate,https://github.com/ethberlin-hackathon/ethberlin-bounties/issues/6,MareenG,https://gitcoin.co/issue/27951,1007.96,ethberlin-hackathon,2004,ethberlin-bounties,{},ETH,[],0,-1269
2019-03-10T09:30:30,,Unknown,,https://github.com/gitcoinco/web/issues/2164,PixelantDesign,https://gitcoin.co/issue/10265,93.91,gitcoinco,1035,web,{},ETH,[],1,-96
2019-03-10T09:30:26,Bug,Hours,Intermediate,https://github.com/marketprotocol/cms/issues/29,pelsasser,https://gitcoin.co/issue/10264,113.83,marketprotocol,1518,cms,{},ETH,['https://github.com/MARKETProtocol/cms/pull/30'],1,-183
2019-03-10T09:24:34,Documentation,Hours,Intermediate,https://github.com/mkeen/rxhttp/issues/1,mkeen,https://gitcoin.co/issue/10232,10.16,mkeen,275,rxhttp,{},ETH,['https://github.com/mkeen/rxhttp/pull/2'],1,-174
2019-03-10T09:24:09,,Unknown,,https://github.com/gitcoinco/web/issues/2147,owocki,https://gitcoin.co/issue/10226,58.05,gitcoinco,1577,web,{},ETH,['https://github.com/gitcoinco/web/pull/2231'],1,177
2019-03-10T09:24:01,Bug,Days,Intermediate,https://github.com/electricfeelco/vue-ui/issues/5,farahbrunache,https://gitcoin.co/issue/10224,61.73,electricfeelco,797,vue-ui,{},ETH,['https://github.com/electricfeelco/travay/pull/7/files'],1,-160
2019-03-10T09:22:51,,Unknown,,https://github.com/owlboy/greatpug-public/issues/2,Bradymck,https://gitcoin.co/issue/10222,42.00,owlboy,77,greatpug-public,{},ETH,[],1,173
2018-08-30T16:16:56,,Unknown,,https://github.com/owocki/pytrader/issues/137,gitcoinbot,https://gitcoin.co/issue/5219,2.91,owocki,17,pytrader,{},ETH,[],1,364
2019-03-10T09:22:16,Feature,Days,Intermediate,https://github.com/gitcoinco/web/issues/2116,PixelantDesign,https://gitcoin.co/issue/10216,130.78,gitcoinco,844,web,{},ETH,['https://github.com/Manjilan/EIP1337'],1,-163
2019-03-10T09:21:46,Feature,Days,Intermediate,https://github.com/diadata-org/api-golang/issues/13,frranck,https://gitcoin.co/issue/10209,102.12,diadata-org,740,api-golang,{},ETH,[],1,172
2019-03-10T09:21:35,,Unknown,,https://github.com/gitcoinco/web/issues/2103,owocki,https://gitcoin.co/issue/10206,55.61,gitcoinco,624,web,{},ETH,['https://github.com/gitcoinco/web/pull/2207'],1,170
2019-03-10T09:21:19,Improvement,Hours,Beginner,https://github.com/cybercongress/cyber-search/issues/185,hleb-albau,https://gitcoin.co/issue/10203,68.80,cybercongress,1418,cyber-search,{},ETH,['https://github.com/cybercongress/cyber-search/pull/256'],1,169
2019-03-10T09:21:12,Feature,Hours,Intermediate,https://github.com/genieinpot/f3d/issues/1,,https://gitcoin.co/issue/10201,279.50,genieinpot,48,f3d,{},ETH,[],1,-167
2019-03-10T09:20:45,Bug,Hours,Beginner,https://github.com/marketprotocol/dapp/issues/312,pelsasser,https://gitcoin.co/issue/10194,33.02,marketprotocol,886,dapp,{},ETH,['https://github.com/MARKETProtocol/dApp/pull/317'],1,-195
2019-03-10T09:20:27,Bug,Hours,Intermediate,https://github.com/marketprotocol/dapp/issues/300,pelsasser,https://gitcoin.co/issue/10190,55.02,marketprotocol,2043,dapp,{},ETH,['https://github.com/MARKETProtocol/dApp/pull/322'],1,-195
2019-03-10T09:20:17,Feature,Tage,Mittlere,https://github.com/diadata-org/api-golang/issues/23,diamw,https://gitcoin.co/issue/10188,82.52,diadata-org,209,api-golang,{},ETH,[],0,-185
2019-03-10T09:20:10,Feature,Tage,Mittlere,https://github.com/diadata-org/api-golang/issues/21,diamw,https://gitcoin.co/issue/10186,82.52,diadata-org,207,api-golang,{},ETH,"['https://github.com/diadata-org/api-golang/pull/37', 'https://github.com/diadata-org/api-golang/pull/34']",2,-185
2019-03-10T09:20:05,Feature,Tage,Mittlere,https://github.com/diadata-org/api-golang/issues/20,diamw,https://gitcoin.co/issue/10185,82.52,diadata-org,210,api-golang,{},ETH,['https://github.com/diadata-org/api-golang/pull/38'],1,-185
2019-03-10T09:20:01,Feature,Tage,Mittlere,https://github.com/diadata-org/api-golang/issues/18,diamw,https://gitcoin.co/issue/10184,82.52,diadata-org,210,api-golang,{},ETH,['https://github.com/diadata-org/api-golang/pull/30'],1,-171
2019-03-10T09:19:56,Feature,Tage,Mittlere,https://github.com/diadata-org/api-golang/issues/17,diamw,https://gitcoin.co/issue/10183,82.52,diadata-org,206,api-golang,{},ETH,['https://github.com/diadata-org/api-golang/pull/51'],1,-185
2019-03-10T09:19:52,Feature,Tage,Mittlere,https://github.com/diadata-org/api-golang/issues/16,diamw,https://gitcoin.co/issue/10182,83.00,diadata-org,209,api-golang,{},ETH,['https://github.com/diadata-org/api-golang/pull/28'],1,-171
2018-08-30T16:16:26,,Unknown,,https://github.com/gitcoinco/web/issues/2078,owocki,https://gitcoin.co/issue/5205,27.29,gitcoinco,10681,web,{},ETH,[],1,358
2019-03-10T09:19:23,Feature,Hours,Intermediate,https://github.com/diadata-org/api-golang/issues/19,kaythxbye,https://gitcoin.co/issue/10177,103.68,diadata-org,210,api-golang,{},ETH,['https://github.com/diadata-org/api-golang/pull/25'],1,-186
2019-03-10T09:18:44,,Unknown,,https://github.com/marketprotocol/dapp/issues/263,pelsasser,https://gitcoin.co/issue/10170,116.51,marketprotocol,1892,dapp,{},ETH,['https://github.com/MARKETProtocol/dApp/pull/306'],1,-193
2019-03-10T09:18:33,Bug,Hours,Intermediate,https://github.com/marketprotocol/website/issues/110,pelsasser,https://gitcoin.co/issue/10168,58.25,marketprotocol,1171,website,{},ETH,['https://github.com/MARKETProtocol/website/pull/240'],1,-197
2019-03-10T09:18:21,,Unknown,,https://github.com/gitcoinco/web/issues/2032,owocki,https://gitcoin.co/issue/10165,28.18,gitcoinco,254,web,{},ETH,[],1,164
2019-03-10T09:17:09,,Unknown,,https://github.com/unlock-protocol/unlock/issues/172,julien51,https://gitcoin.co/issue/10160,563.54,unlock-protocol,905,unlock,{},ETH,['https://github.com/unlock-protocol/unlock/pull/190'],1,164
2019-03-10T09:16:58,,Hours,Intermediate,https://github.com/marketprotocol/market.js/issues/145,pelsasser,https://gitcoin.co/issue/10158,112.71,marketprotocol,1728,market.js,{},ETH,['https://github.com/MARKETProtocol/MARKET.js/pull/148'],1,-198
2019-03-10T09:16:50,,Hours,Beginner,https://github.com/marketprotocol/cms/issues/4,pelsasser,https://gitcoin.co/issue/10157,98.62,marketprotocol,1194,cms,{},ETH,['https://github.com/MARKETProtocol/cms/pull/5'],1,-198
2018-08-22T01:36:40,Documentation,Hours,Intermediate,https://github.com/rayonprotocol/rayonprotocol-admin/issues/3,knilnissim,https://gitcoin.co/issue/5014,0.28,rayonprotocol,84,rayonprotocol-admin,{},ETH,['https://github.com/rayonprotocol/rayonprotocol-admin/pull/4'],1,2
2019-03-10T09:16:38,Bug,Hours,Intermediate,https://github.com/marketprotocol/cms/issues/2,pelsasser,https://gitcoin.co/issue/10154,58.71,marketprotocol,1594,cms,{},ETH,['https://github.com/MARKETProtocol/cms/pull/3#issuecomment-414716052'],1,-199
2019-03-10T09:15:44,,Unknown,,https://github.com/diadata-org/api-golang/issues/8,diamw,https://gitcoin.co/issue/10143,90.49,diadata-org,208,api-golang,{},ETH,['https://github.com/diadata-org/api-golang/pull/40'],1,-106
2019-03-10T09:15:00,Bug,Hours,Intermediate,https://github.com/marketprotocol/dapp/issues/295,pelsasser,https://gitcoin.co/issue/10135,115.46,marketprotocol,1042,dapp,{},ETH,['https://github.com/MARKETProtocol/dApp/pull/297'],1,-200
2019-03-12T07:45:22,Andere,Tage,Mittlere,https://github.com/diadata-org/api-golang/issues/4,diamw,https://gitcoin.co/issue/11229,80.82,diadata-org,747,api-golang,{},ETH,['https://github.com/diadata-org/api-golang/pull/35'],1,-199
2019-03-10T09:13:27,Andere,Tage,Mittlere,https://github.com/diadata-org/api-golang/issues/3,diamw,https://gitcoin.co/issue/10128,80.82,diadata-org,726,api-golang,{},ETH,['https://github.com/diadata-org/api-golang/pull/39'],1,-160
2019-03-10T09:13:16,Bug,Hours,Beginner,https://github.com/metamask/metamask-extension/issues/4498,bdresser,https://gitcoin.co/issue/10126,78.95,metamask,1011,metamask-extension,{},ETH,['https://github.com/MetaMask/metamask-extension/pull/5096'],1,157
2019-03-10T09:11:30,,Unknown,,https://github.com/ikunetwork/alpha/issues/102,ikuteer,https://gitcoin.co/issue/10122,575.52,ikunetwork,1160,alpha,{},ETH,['https://github.com/ikunetwork/alpha/pull/118'],1,156
2019-03-10T09:11:24,,Unknown,,https://github.com/diadata-org/api-golang/issues/2,diamw,https://gitcoin.co/issue/10121,61.79,diadata-org,724,api-golang,{},ETH,['https://github.com/diadata-org/api-golang/pull/15'],1,-200
2018-08-15T20:18:14,Bug,Weeks,Intermediate,https://github.com/oogetyboogety/gitcointestproject/issues/27,oogetyboogety,https://gitcoin.co/issue/4880,30.90,oogetyboogety,2,gitcointestproject,{},ETH,[],2,360
2018-08-15T20:18:11,Bug,Weeks,Intermediate,https://github.com/oogetyboogety/gitcointestproject/issues/26,oogetyboogety,https://gitcoin.co/issue/4879,30.90,oogetyboogety,2,gitcointestproject,{},ETH,[],1,360
2021-03-05T08:40:05,,Unknown,,https://github.com/diadata-org/api-golang/issues/1,diamw,https://gitcoin.co/issue/24966,64.56,diadata-org,669,api-golang,{},ETH,['https://github.com/diadata-org/api-golang/pull/42'],1,-924
2022-03-05T08:44:11,,Unknown,,https://github.com/diadata-org/api-golang/issues/1,diamw,https://gitcoin.co/issue/27928,64.56,diadata-org,669,api-golang,{},ETH,[],0,-1289
2021-03-05T08:39:52,Other,Days,Beginner,https://github.com/gitcoinco/ethindia/issues/3,mbeacom,https://gitcoin.co/issue/24964,35.87,gitcoinco,1339,ethindia,{},ETH,[],0,-932
2022-03-05T08:43:52,Other,Days,Beginner,https://github.com/gitcoinco/ethindia/issues/3,mbeacom,https://gitcoin.co/issue/27926,35.87,gitcoinco,1339,ethindia,{},ETH,[],0,-1297
2021-03-05T08:39:31,Feature,Days,Intermediate,https://github.com/bounties-network/bounties.network/issues/7,mbeylin,https://gitcoin.co/issue/24962,297.27,bounties-network,2185,bounties.network,{},ETH,['https://github.com/Bounties-Network/bounties.network/pull/8'],1,-574
2022-03-05T08:43:23,Feature,Days,Intermediate,https://github.com/bounties-network/bounties.network/issues/7,mbeylin,https://gitcoin.co/issue/27924,297.27,bounties-network,2185,bounties.network,{},ETH,[],0,-939
2018-08-15T20:17:17,Bug,Hours,Intermediate,https://github.com/kaythxbye/dotfiles/issues/2,kaythxbye,https://gitcoin.co/issue/4866,363.21,kaythxbye,15,dotfiles,{},ETH,['http://github.com/kaythxbye/dotfiles/pr/2'],2,358
2018-08-15T20:17:12,Bug,Hours,Intermediate,https://github.com/kaythxbye/dotfiles/issues/1,kaythxbye,https://gitcoin.co/issue/4864,0.36,kaythxbye,33,dotfiles,{},ETH,[],1,358
2019-03-10T09:09:39,Improvement,Hours,Beginner,https://github.com/zevaverbach/pagesbox/issues/26,,https://gitcoin.co/issue/10111,0.00,zevaverbach,140,pagesbox,{},ETH,[],0,-213
2019-03-10T09:08:29,Bug,Days,Advanced,https://github.com/cybercongress/cyber-search/issues/255,hleb-albau,https://gitcoin.co/issue/10100,202.74,cybercongress,985,cyber-search,{},ETH,['https://github.com/cybercongress/cyber-search/pull/268#issuecomment-436236761'],1,-185
2018-08-20T10:13:36,,Unknown,,https://github.com/pinkiebell/bounties/issues/1,pinkiebell,https://gitcoin.co/issue/4930,0.00,pinkiebell,23,bounties,{},ETH,[],1,352
2019-03-10T09:06:38,Feature,Days,Intermediate,https://github.com/marketprotocol/market.js/issues/105,rojosnow,https://gitcoin.co/issue/10095,122.06,marketprotocol,1450,market.js,{},ETH,['https://github.com/MARKETProtocol/MARKET.js/pull/142'],1,-209
2019-03-10T09:06:21,Feature,Days,Intermediate,https://github.com/marketprotocol/website/issues/203,rojosnow,https://gitcoin.co/issue/10092,142.40,marketprotocol,2088,website,{},ETH,['https://github.com/MARKETProtocol/website/pull/217'],1,-209
2019-03-10T09:06:05,Feature,Days,Beginner,https://github.com/marketprotocol/dapp/issues/287,rojosnow,https://gitcoin.co/issue/10089,52.89,marketprotocol,908,dapp,{},ETH,['https://github.com/MARKETProtocol/dApp/pull/293'],1,-209
2019-03-10T09:05:59,Feature,Days,Beginner,https://github.com/marketprotocol/website/issues/214,rojosnow,https://gitcoin.co/issue/10088,40.69,marketprotocol,723,website,{},ETH,['https://github.com/MARKETProtocol/website/pull/216'],1,-209
2021-03-05T08:38:35,Feature,Days,Intermediate,https://github.com/marketprotocol/dapp/issues/283,rojosnow,https://gitcoin.co/issue/24960,101.72,marketprotocol,2407,dapp,{},ETH,['https://github.com/MARKETProtocol/dApp/pull/319'],1,-935
2022-03-05T08:42:26,Feature,Days,Intermediate,https://github.com/marketprotocol/dapp/issues/283,rojosnow,https://gitcoin.co/issue/27922,101.72,marketprotocol,2407,dapp,{},ETH,[],0,-1300
2018-08-06T12:18:11,Improvement,Hours,Intermediate,https://github.com/chalidbdb/erc20_token/issues/1,chalidbdb,https://gitcoin.co/issue/4654,41.27,chalidbdb,14,erc20_token,{},ETH,[],1,26
2018-08-07T18:26:33,Bug,Weeks,Intermediate,https://github.com/oogetyboogety/gitcointestproject/issues/13,oogetyboogety,https://gitcoin.co/issue/4737,41.10,oogetyboogety,10,gitcointestproject,{},ETH,[],2,360
2019-03-10T09:03:01,Bug,Hours,Intermediate,https://github.com/kayabanerve/ember/issues/7,kayabaNerve,https://gitcoin.co/issue/10072,54.03,kayabanerve,175,ember,{},ETH,['https://github.com/kayabaNerve/BN/pull/2'],1,-192
2019-03-10T09:02:57,Feature,Days,Intermediate,https://github.com/marketprotocol/dapp/issues/281,rojosnow,https://gitcoin.co/issue/10071,113.42,marketprotocol,873,dapp,{},ETH,['https://github.com/MARKETProtocol/dApp/pull/282'],1,-215
2019-03-10T09:02:52,Feature,Days,Intermediate,https://github.com/marketprotocol/dapp/issues/280,rojosnow,https://gitcoin.co/issue/10070,258.59,marketprotocol,921,dapp,{},ETH,['https://github.com/MARKETProtocol/dApp/pull/288'],1,-215
2019-03-10T09:02:47,Feature,Days,Intermediate,https://github.com/marketprotocol/market.js/issues/110,rojosnow,https://gitcoin.co/issue/10069,131.56,marketprotocol,1861,market.js,{},ETH,['https://github.com/MARKETProtocol/MARKET.js/pull/121'],1,-215
2019-03-10T09:02:42,Feature,Days,Beginner,https://github.com/marketprotocol/community/issues/69,rojosnow,https://gitcoin.co/issue/10068,54.44,marketprotocol,424,community,{},ETH,[],1,-215
2019-03-10T09:01:19,Improvement,Hours,Beginner,https://github.com/timvanmourik/giraffetools/issues/85,TimVanMourik,https://gitcoin.co/issue/10067,31.76,timvanmourik,1126,giraffetools,{},ETH,"['https://github.com/PaulRBerg/GiraffeTools/blob/dev/app/porcupine/js/components/code.js', 'https://github.com/PaulRBerg/GiraffeTools/blob/dev/app/porcupine/js/components/code.js', 'https://github.com/PaulRBerg/GiraffeTools/blob/dev/app/porcupine/js/components/code.js']",3,-215
2019-08-07T19:27:08,Improvement,Hours,Intermediate,https://github.com/gitcoinco/web/issues/1863,ceresstation,https://gitcoin.co/issue/15303,45.37,gitcoinco,1121,web,{},ETH,['https://github.com/gitcoinco/web/pull/2003'],1,-283
2020-04-06T19:01:06,Improvement,Hours,Beginner,https://github.com/gitcoinco/web/issues/1861,PixelantDesign,https://gitcoin.co/issue/20976,18.15,gitcoinco,1053,web,{},ETH,['https://github.com/gitcoinco/web/pull/1923'],1,-526
2019-03-10T09:01:05,Improvement,Hours,Beginner,https://github.com/gitcoinco/web/issues/435,PixelantDesign,https://gitcoin.co/issue/10064,22.68,gitcoinco,504,web,{},ETH,['https://github.com/gitcoinco/web/pull/1869'],1,-133
2019-03-10T09:00:58,Improvement,Hours,Intermediate,https://github.com/gitcoinco/web/issues/1807,PixelantDesign,https://gitcoin.co/issue/10063,63.06,gitcoinco,1372,web,{},ETH,['https://github.com/gitcoinco/web/pull/1945'],1,-133
2019-03-10T09:00:50,Improvement,Hours,Intermediate,https://github.com/gitcoinco/web/issues/1844,ceresstation,https://gitcoin.co/issue/10062,46.62,gitcoinco,1118,web,{},ETH,"['https://github.com/gitcoinco/web/pull/1916', 'https://github.com/gitcoinco/web/pull/1916']",2,-134
2019-03-10T09:00:45,Improvement,Hours,Intermediate,https://github.com/gitcoinco/web/issues/1680,ceresstation,https://gitcoin.co/issue/10061,46.62,gitcoinco,1077,web,{},ETH,[],0,-134
2019-03-10T08:59:34,Bug,Hours,Intermediate,https://github.com/metamask/metamask-extension/issues/4074,bdresser,https://gitcoin.co/issue/10053,372.21,metamask,1019,metamask-extension,{},ETH,[],1,138
2018-08-07T18:25:58,Feature,Days,Beginner,https://github.com/owocki/pytrader/issues/128,owocki,https://gitcoin.co/issue/4720,47.22,owocki,8,pytrader,{},ETH,[],2,352
2018-08-07T18:25:52,Feature,Days,Beginner,https://github.com/owocki/pytrader/issues/125,owocki,https://gitcoin.co/issue/4717,47.22,owocki,5,pytrader,{},ETH,[],1,352
2018-08-07T18:25:50,Feature,Days,Beginner,https://github.com/owocki/pytrader/issues/123,owocki,https://gitcoin.co/issue/4716,47.22,owocki,4,pytrader,{},ETH,[],1,352
2019-03-10T08:58:39,Feature,Days,Intermediate,https://github.com/marketprotocol/market.js/issues/106,rojosnow,https://gitcoin.co/issue/10045,233.05,marketprotocol,1483,market.js,{},ETH,['https://github.com/MARKETProtocol/MARKET.js/pull/108'],1,-223
2019-03-10T08:58:34,Feature,Days,Intermediate,https://github.com/marketprotocol/types/issues/21,rojosnow,https://gitcoin.co/issue/10044,312.29,marketprotocol,567,types,{},ETH,['https://github.com/MARKETProtocol/types/pull/31'],1,-223
2019-03-10T08:58:28,Documentation,Days,Advanced,https://github.com/metamask/metamask-extension/issues/4577,danfinlay,https://gitcoin.co/issue/10043,186.44,metamask,987,metamask-extension,{},ETH,"['https://medium.com/@writeprovidence/how-to-create-a-web3-provider-from-another-extension-6b5ea59ed4c9', 'https://medium.com/@writeprovidence/how-to-create-a-web3-provider-from-another-extension-6b5ea59ed4c9']",2,-50
2019-03-10T08:58:23,Feature,Days,Intermediate,https://github.com/marketprotocol/service-listener/issues/2,rojosnow,https://gitcoin.co/issue/10042,205.08,marketprotocol,594,service-listener,{},ETH,['https://github.com/MARKETProtocol/service-listener/pull/8'],1,-223
2021-03-05T08:36:20,Bug,Hours,Intermediate,https://github.com/livepeer/livepeerjs/issues/155,dob,https://gitcoin.co/issue/24958,45.84,livepeer,377,livepeerjs,{},ETH,['https://github.com/livepeer/livepeerjs/pull/164'],1,-927
2022-03-05T08:40:19,Bug,Hours,Intermediate,https://github.com/livepeer/livepeerjs/issues/155,dob,https://gitcoin.co/issue/27920,45.84,livepeer,377,livepeerjs,{},ETH,[],0,-1292
2019-03-10T08:57:58,Feature,Hours,Intermediate,https://github.com/marketprotocol/market.js/issues/100,pelsasser,https://gitcoin.co/issue/10037,178.47,marketprotocol,2513,market.js,{},ETH,['https://github.com/MARKETProtocol/MARKET.js/pull/115'],1,-226
2021-03-05T08:35:57,Other,Hours,Beginner,https://github.com/gitcoinco/dappcon/issues/1,mbeacom,https://gitcoin.co/issue/24957,30.48,gitcoinco,967,dappcon,{},ETH,[],1,-957
2022-03-05T08:39:54,Other,Hours,Beginner,https://github.com/gitcoinco/dappcon/issues/1,mbeacom,https://gitcoin.co/issue/27919,30.48,gitcoinco,967,dappcon,{},ETH,[],0,-1322
2018-08-07T18:25:25,Feature,Days,Beginner,https://github.com/owocki/pytrader/issues/119,owocki,https://gitcoin.co/issue/4704,46.89,owocki,10,pytrader,{},ETH,[],1,346
2019-03-10T08:57:45,Improvement,Days,Intermediate,https://github.com/marketprotocol/market.js/issues/36,rojosnow,https://gitcoin.co/issue/10034,351.64,marketprotocol,1105,market.js,{},ETH,['https://github.com/MARKETProtocol/MARKET.js/pull/124'],1,-204
2019-03-10T08:57:40,Improvement,Days,Intermediate,https://github.com/marketprotocol/market.js/issues/96,rojosnow,https://gitcoin.co/issue/10033,103.15,marketprotocol,1809,market.js,{},ETH,['https://github.com/MARKETProtocol/MARKET.js/pull/104'],1,-204
2019-03-10T08:57:29,Improvement,Days,Intermediate,https://github.com/marketprotocol/market.js/issues/95,rojosnow,https://gitcoin.co/issue/10031,104.92,marketprotocol,1869,market.js,{},ETH,['https://github.com/MARKETProtocol/MARKET.js/pull/118'],1,-204
2019-03-10T08:57:21,Improvement,Days,Intermediate,https://github.com/marketprotocol/market.js/issues/93,rojosnow,https://gitcoin.co/issue/10029,206.30,marketprotocol,1326,market.js,{},ETH,['https://github.com/MARKETProtocol/MARKET.js/pull/103'],1,-204
2019-03-10T08:57:16,,Unknown,Intermediate,https://github.com/metamask/metamask-extension/issues/4203,danfinlay,https://gitcoin.co/issue/10028,190.76,metamask,1415,metamask-extension,{},ETH,['https://github.com/MetaMask/metamask-extension/pull/4840'],1,-204
2021-03-05T08:35:45,Feature,Hours,Intermediate,https://github.com/marketprotocol/website/issues/201,pelsasser,https://gitcoin.co/issue/24956,95.38,marketprotocol,2008,website,{},ETH,['https://github.com/MARKETProtocol/website/pull/204'],1,-953
2022-03-05T08:39:43,Feature,Hours,Intermediate,https://github.com/marketprotocol/website/issues/201,pelsasser,https://gitcoin.co/issue/27918,95.38,marketprotocol,2008,website,{},ETH,[],0,-1318
2019-03-10T08:56:31,,Hours,Intermediate,https://github.com/infura/infura/issues/130,mbgodsey,https://gitcoin.co/issue/10023,474.71,infura,2017,infura,{},ETH,['https://github.com/INFURA/documentation/pull/19'],1,130
2019-03-10T08:56:25,,Hours,Intermediate,https://github.com/infura/infura/issues/129,mbgodsey,https://gitcoin.co/issue/10022,474.71,infura,2035,infura,{},ETH,[],1,130
2019-03-10T08:56:14,,Hours,Intermediate,https://github.com/infura/infura/issues/127,mbgodsey,https://gitcoin.co/issue/10021,479.63,infura,2016,infura,{},ETH,['https://github.com/INFURA/documentation/pull/8'],1,130
2021-03-05T08:35:23,Improvement,Days,Intermediate,https://github.com/marketprotocol/dapp/issues/241,rojosnow,https://gitcoin.co/issue/24955,105.52,marketprotocol,2235,dapp,{},ETH,['https://github.com/MARKETProtocol/dApp/pull/257'],1,-931
2022-03-05T08:39:22,Improvement,Days,Intermediate,https://github.com/marketprotocol/dapp/issues/241,rojosnow,https://gitcoin.co/issue/27917,105.52,marketprotocol,2235,dapp,{},ETH,[],0,-1296
2019-03-10T08:55:42,Improvement,Hours,Beginner,https://github.com/timvanmourik/giraffetools/issues/79,TimVanMourik,https://gitcoin.co/issue/10016,39.72,timvanmourik,1163,giraffetools,{},ETH,[],1,-229
2019-05-20T20:55:45,Feature,Days,Intermediate,https://github.com/prysmaticlabs/geth-sharding/issues/272,vs77bb,https://gitcoin.co/issue/13486,201.30,prysmaticlabs,722,geth-sharding,{},ETH,"['https://github.com/prysmaticlabs/prysm/pull/411', 'https://github.com/prysmaticlabs/prysm/pull/411']",2,-277
2019-03-10T08:55:32,Improvement,Hours,Beginner,https://github.com/gitcoinco/web/issues/1674,PixelantDesign,https://gitcoin.co/issue/10014,64.92,gitcoinco,1396,web,{},ETH,"['https://github.com/gitcoinco/web/pull/1781', 'https://github.com/gitcoinco/web/pull/1781']",2,-146
2019-03-10T08:55:27,Bug,Hours,Beginner,https://github.com/metamask/metamask-extension/issues/4773,bdresser,https://gitcoin.co/issue/10013,31.04,metamask,350,metamask-extension,{},ETH,['https://github.com/MetaMask/metamask-extension/pull/4893'],1,129
2019-03-10T08:55:23,Bug,Hours,Beginner,https://github.com/metamask/metamask-extension/issues/4253,bdresser,https://gitcoin.co/issue/10012,40.59,metamask,442,metamask-extension,{},ETH,['https://github.com/MetaMask/metamask-extension/pull/4855'],1,129
2019-03-10T08:54:37,Feature,Hours,Beginner,https://github.com/schorgie30/airdropx/blob/master/gitcoin_telegram_validator,,https://gitcoin.co/issue/10002,22.27,schorgie30,656,airdropx,{},ETH,['https://github.com/PaulRBerg/airdropx'],1,-230
2019-03-10T08:53:24,Code Review,Hours,Intermediate,https://github.com/timvanmourik/giraffetools/issues/77,TimVanMourik,https://gitcoin.co/issue/9995,44.55,timvanmourik,1556,giraffetools,{},ETH,[],1,-223
2021-03-05T08:34:02,Feature,Days,Advanced,https://github.com/parsec-labs/solevm-truffle/issues/2,johannbarbie,https://gitcoin.co/issue/24954,2321.00,parsec-labs,962,solevm-truffle,{},ETH,['https://github.com/parsec-labs/solevm-truffle/pull/5'],1,-949
2022-03-05T08:38:07,Feature,Days,Advanced,https://github.com/parsec-labs/solevm-truffle/issues/2,johannbarbie,https://gitcoin.co/issue/27916,2321.00,parsec-labs,962,solevm-truffle,{},ETH,[],0,-1314
2019-03-10T08:55:14,Documentation,Hours,Beginner,https://github.com/gitcoinco/web/issues/1738,PixelantDesign,https://gitcoin.co/issue/10010,57.49,gitcoinco,1050,web,{},ETH,['https://github.com/gitcoinco/web/pull/1781'],1,-148
2018-07-14T06:24:15,Feature,Days,Beginner,https://github.com/owocki/pytrader/issues/113,owocki,https://gitcoin.co/issue/4269,43.13,owocki,3,pytrader,{},ETH,[],1,364
2018-07-14T06:24:13,Feature,Days,Beginner,https://github.com/owocki/pytrader/issues/112,owocki,https://gitcoin.co/issue/4268,43.13,owocki,8,pytrader,{},ETH,[],1,364
2018-07-14T06:24:11,Feature,Days,Beginner,https://github.com/owocki/pytrader/issues/111,owocki,https://gitcoin.co/issue/4267,43.13,owocki,15,pytrader,{},ETH,[],1,364
2019-03-10T08:51:41,Feature,Days,Advanced,https://github.com/parsec-labs/solevm-truffle/issues/1,johannbarbie,https://gitcoin.co/issue/9985,1595.76,parsec-labs,414,solevm-truffle,{},ETH,['https://github.com/parsec-labs/solevm-truffle/pull/10'],1,-226
2019-03-10T08:50:24,Feature,Hours,Beginner,https://github.com/marketprotocol/types/issues/28,pelsasser,https://gitcoin.co/issue/9979,64.62,marketprotocol,1891,types,{},ETH,['https://github.com/MARKETProtocol/types/pull/29'],1,-234
2019-03-10T08:50:17,Feature,Hours,Intermediate,https://github.com/marketprotocol/market.js/issues/45,pelsasser,https://gitcoin.co/issue/9978,215.41,marketprotocol,2113,market.js,{},ETH,['https://github.com/MARKETProtocol/MARKET.js/pull/85'],1,-234
2019-03-10T08:50:10,Feature,Hours,Intermediate,https://github.com/marketprotocol/dapp/issues/229,pelsasser,https://gitcoin.co/issue/9977,129.25,marketprotocol,1943,dapp,{},ETH,['https://github.com/MARKETProtocol/dApp/pull/230'],1,-234
2019-03-10T08:49:41,Improvement,Hours,Intermediate,https://github.com/bigchaindb/java-bigchaindb-driver/issues/1,chalidbdb,https://gitcoin.co/issue/9973,430.83,bigchaindb,3000,java-bigchaindb-driver,{},ETH,['https://github.com/bigchaindb/java-bigchaindb-driver/pull/2'],1,-211
2019-03-10T08:51:25,,Hours,Beginner,https://github.com/bigchaindb/js-driver-orm/issues/63,innoprenuer,https://gitcoin.co/issue/9981,107.71,bigchaindb,3078,js-driver-orm,{},ETH,['https://github.com/bigchaindb/js-driver-orm/pull/66'],1,-211
2019-03-16T07:38:17,Improvement,Hours,Beginner,https://github.com/bigchaindb/js-bigchaindb-driver/issues/220,chalidbdb,https://gitcoin.co/issue/11349,107.71,bigchaindb,2154,js-bigchaindb-driver,{},ETH,['https://github.com/bigchaindb/js-bigchaindb-driver/pull/225'],1,-217
2019-03-10T08:48:05,Improvement,Hours,Intermediate,https://github.com/bigchaindb/js-bigchaindb-driver/issues/221,chalidbdb,https://gitcoin.co/issue/9971,215.41,bigchaindb,2698,js-bigchaindb-driver,{},ETH,['https://github.com/bigchaindb/js-bigchaindb-driver/pull/227'],1,-211
2019-03-10T08:47:54,Improvement,Hours,Beginner,https://github.com/bigchaindb/js-driver-orm/issues/63,chalidbdb,https://gitcoin.co/issue/9969,109.86,bigchaindb,3078,js-driver-orm,{},ETH,['https://github.com/bigchaindb/js-driver-orm/pull/61'],1,-211
2019-03-10T08:47:50,Feature,Hours,Intermediate,https://github.com/marketprotocol/market.js/issues/78,pelsasser,https://gitcoin.co/issue/9968,153.80,marketprotocol,1929,market.js,{},ETH,[],1,-234
2019-03-10T08:47:42,Bug,Days,Advanced,https://github.com/cybercongress/chaingear/issues/994,litvintech,https://gitcoin.co/issue/9966,289.30,cybercongress,1406,chaingear,{},ETH,[],1,-152
2019-03-10T08:47:35,Bug,Days,Advanced,https://github.com/cybercongress/chaingear/issues/993,litvintech,https://gitcoin.co/issue/9965,111.27,cybercongress,1799,chaingear,{},ETH,[],1,-122
2019-03-10T08:47:29,Bug,Hours,Intermediate,https://github.com/cybercongress/chaingear/issues/992,litvintech,https://gitcoin.co/issue/9964,44.51,cybercongress,1769,chaingear,{},ETH,['https://github.com/cybercongress/chaingear/pull/995'],1,-212
2019-03-10T08:47:23,Feature,Weeks,Advanced,https://github.com/spacemeshos/cosmic/issues/2,avive,https://gitcoin.co/issue/9963,2670.42,spacemeshos,4382,cosmic,{},ETH,[],5,-212
2019-03-10T08:47:09,Improvement,Hours,Beginner,https://github.com/timvanmourik/armadillo/issues/19,TimVanMourik,https://gitcoin.co/issue/9961,43.75,timvanmourik,697,armadillo,{},ETH,['https://github.com/TimVanMourik/Armadillo/pull/21'],1,-237
2019-03-10T08:46:15,Feature,Days,Intermediate,https://github.com/paritytech/parity/issues/8927,vs77bb,https://gitcoin.co/issue/9950,330.28,paritytech,432,parity,{},ETH,['https://github.com/paritytech/parity/pull/9064'],1,-214
2019-03-10T08:46:07,Feature,Days,Intermediate,https://github.com/ethereum/solidity/issues/4442,vs77bb,https://gitcoin.co/issue/9948,144.50,ethereum,268,solidity,{},ETH,['https://github.com/ethereum/solidity/pull/4462'],1,-214
2019-03-10T08:45:16,Feature,Hours,Intermediate,https://github.com/databrokerdao/databrokerdao-dapp/issues/21,roderik,https://gitcoin.co/issue/9943,97.05,databrokerdao,617,databrokerdao-dapp,{},ETH,['https://github.com/DataBrokerDAO/databrokerdao-dapp/pull/29'],1,-243
2019-03-10T08:45:03,Feature,Weeks,Advanced,https://github.com/spacemeshos/cosmic/issues/2,avive,https://gitcoin.co/issue/9941,2820.24,spacemeshos,4382,cosmic,{},ETH,[],0,-216
2019-03-10T08:54:46,Feature,Hours,Beginner,https://github.com/gitcoinco/web/issues/1375,PixelantDesign,https://gitcoin.co/issue/10004,14.59,gitcoinco,962,web,{},ETH,['https://github.com/gitcoinco/web/pull/1768'],1,-157
2019-03-10T08:44:51,Feature,Hours,Intermediate,https://github.com/marketprotocol/market.js/issues/67,pelsasser,https://gitcoin.co/issue/9938,141.62,marketprotocol,1710,market.js,{},ETH,['https://github.com/MARKETProtocol/MARKET.js/pull/76'],1,-241
2019-03-10T08:44:44,Feature,Days,Advanced,https://github.com/livepeer/merkle-mine/issues/14,dob,https://gitcoin.co/issue/9937,236.04,livepeer,3860,merkle-mine,{},ETH,"['https://github.com/livepeer/merkle-mine/pull/15', 'https://github.com/livepeer/merkle-mine/pull/15']",2,117
2019-03-10T08:44:36,,Hours,Intermediate,https://github.com/marketprotocol/market.js/issues/60,pelsasser,https://gitcoin.co/issue/9936,141.62,marketprotocol,2317,market.js,{},ETH,['https://github.com/MARKETProtocol/MARKET.js/pull/83'],1,-241
2019-03-10T08:44:24,Feature,Hours,Intermediate,https://github.com/timvanmourik/giraffetools/issues/71,TimVanMourik,https://gitcoin.co/issue/9935,55.44,timvanmourik,331,giraffetools,{},ETH,['https://github.com/TimVanMourik/GiraffeTools/pull/86'],1,-236
2018-07-03T06:23:50,Improvement,Hours,,https://github.com/darkdarkdragon/gctest/issues/16,darkdarkdragon,https://gitcoin.co/issue/4044,4.55,darkdarkdragon,0,gctest,{},ETH,['https://github.com/darkdarkdragon/gctest/pull/17'],1,362
2019-03-10T08:43:34,,Hours,Beginner,https://github.com/marketprotocol/dapp/issues/213,pelsasser,https://gitcoin.co/issue/9922,102.69,marketprotocol,2136,dapp,{},ETH,"['https://github.com/MARKETProtocol/dApp/pull/215', 'https://github.com/MARKETProtocol/dApp/pull/215']",2,-247
2019-03-10T08:43:19,Feature,Hours,Intermediate,https://github.com/marketprotocol/market.js/issues/53,pelsasser,https://gitcoin.co/issue/9919,129.36,marketprotocol,1758,market.js,{},ETH,"['https://github.com/MARKETProtocol/MARKET.js/pull/58', 'https://github.com/MARKETProtocol/MARKET.js/pull/58']",2,-248
2021-09-05T07:29:15,Feature,Hours,Beginner,https://github.com/livepeer/livepeerjs/issues/125,ericxtang,https://gitcoin.co/issue/26464,21.56,livepeer,2501,livepeerjs,{},ETH,[],0,-1159
2022-03-05T08:34:37,Feature,Hours,Beginner,https://github.com/livepeer/livepeerjs/issues/125,ericxtang,https://gitcoin.co/issue/27911,21.56,livepeer,2501,livepeerjs,{},ETH,[],0,-1340
2018-07-03T06:23:35,Improvement,Hours,,https://github.com/darkdarkdragon/gctest/issues/9,darkdarkdragon,https://gitcoin.co/issue/4040,5.06,darkdarkdragon,9,gctest,{},ETH,"['https://github.com/darkdarkdragon/gctest/pull/11', 'https://github.com/darkdarkdragon/gctest/pull/10']",2,359
2018-07-03T06:23:31,Improvement,Hours,,https://github.com/darkdarkdragon/gctest/issues/5,darkdarkdragon,https://gitcoin.co/issue/4038,36.69,darkdarkdragon,8,gctest,{},ETH,"['https://github.com/darkdarkdragon/gctest/pull/6', 'https://github.com/darkdarkdragon/gctest/pull/8', 'https://github.com/darkdarkdragon/gctest/pull/7']",3,358
2018-06-26T01:44:35,Bug,Hours,Beginner,https://github.com/mbeacom/test-repo/issues/51,mbeacom,https://gitcoin.co/issue/3788,0.00,mbeacom,4,test-repo,{},ETH,[],1,364
2018-06-26T01:30:04,Bug,Hours,Beginner,https://github.com/mbeacom/test-repo/issues/50,mbeacom,https://gitcoin.co/issue/3785,0.00,mbeacom,12,test-repo,{},ETH,[],1,364
2019-03-10T08:42:09,Feature,Hours,Beginner,https://github.com/keysplit/dapp/issues/12,barrasso,https://gitcoin.co/issue/9905,45.91,keysplit,569,dapp,{},ETH,"['https://github.com/KeySplit/dapp/pull/13', 'https://github.com/KeySplit/dapp/pull/13', 'https://github.com/KeySplit/dapp/pull/13', 'https://github.com/KeySplit/dapp/pull/13', 'https://github.com/KeySplit/dapp/pull/13', 'https://github.com/KeySplit/dapp/pull/13']",6,-251
2019-03-10T08:42:00,Feature,Hours,Beginner,https://github.com/marketprotocol/website/issues/165,pelsasser,https://gitcoin.co/issue/9904,36.73,marketprotocol,1361,website,{},ETH,['https://github.com/MARKETProtocol/website/pull/171'],1,-251
2019-03-10T08:41:55,Feature,Hours,Beginner,https://github.com/marketprotocol/website/issues/163,pelsasser,https://gitcoin.co/issue/9903,36.73,marketprotocol,1302,website,{},ETH,['https://github.com/MARKETProtocol/website/pull/168'],1,-251
2019-03-10T08:41:49,Feature,Hours,Intermediate,https://github.com/marketprotocol/website/issues/164,pelsasser,https://gitcoin.co/issue/9902,91.82,marketprotocol,1621,website,{},ETH,['https://github.com/MARKETProtocol/website/pull/169'],1,-251
2018-07-03T06:23:15,,Unknown,,https://github.com/darkdarkdragon/gctest/issues/3,darkdarkdragon,https://gitcoin.co/issue/4036,9.09,darkdarkdragon,23,gctest,{},ETH,"['https://github.com/darkdarkdragon/gctest/pull/4', 'https://github.com/darkdarkdragon/gctest/pull/4', 'https://github.com/darkdarkdragon/gctest/pull/4']",3,356
2019-03-10T08:41:33,Feature,Hours,Beginner,https://github.com/livepeer/go-livepeer/issues/406,ericxtang,https://gitcoin.co/issue/9898,51.57,livepeer,405,go-livepeer,{},ETH,['https://github.com/livepeer/go-livepeer/pull/475'],1,-254
2019-03-10T08:41:07,Feature,Hours,Advanced,https://github.com/marketprotocol/market.js/issues/46,pelsasser,https://gitcoin.co/issue/9893,361.00,marketprotocol,2336,market.js,{},ETH,['https://github.com/MARKETProtocol/MARKET.js/pull/50'],1,-254
2019-03-10T08:40:59,Feature,Hours,Advanced,https://github.com/marketprotocol/market.js/issues/39,pelsasser,https://gitcoin.co/issue/9891,232.07,marketprotocol,2637,market.js,{},ETH,['https://github.com/MARKETProtocol/MARKET.js/pull/97'],2,-254
2018-06-26T18:24:44,Bug,Hours,Beginner,https://github.com/mbeacom/test-repo/issues/46,mbeacom,https://gitcoin.co/issue/3955,0.00,mbeacom,23,test-repo,{},ETH,['https://github.com/mbeacom/test-repo/pull/29'],1,360
2019-03-10T08:40:20,Feature,Days,Intermediate,https://github.com/ethereum/remix-ide/issues/1313,vs77bb,https://gitcoin.co/issue/9881,189.23,ethereum,180,remix-ide,{},ETH,['https://github.com/ethereum/remix-ide/pull/1375'],1,-233
2019-03-10T08:40:04,Feature,Days,Intermediate,https://github.com/paritytech/parity/issues/8550,vs77bb,https://gitcoin.co/issue/9876,157.45,paritytech,1690,parity,{},ETH,[],1,-234
2019-03-10T08:39:42,Feature,Hours,Beginner,https://github.com/livepeer/livepeerjs/issues/112,ericxtang,https://gitcoin.co/issue/9872,53.60,livepeer,132,livepeerjs,{},ETH,['https://github.com/livepeer/livepeerjs/pull/138'],1,-174
2019-03-10T08:39:37,Feature,Hours,Beginner,https://github.com/livepeer/livepeerjs/issues/118,ericxtang,https://gitcoin.co/issue/9871,40.20,livepeer,75,livepeerjs,{},ETH,['https://github.com/livepeer/livepeerjs/pull/129'],1,-174
2019-03-12T07:29:21,Feature,Hours,Beginner,https://github.com/livepeer/livepeerjs/issues/115,ericxtang,https://gitcoin.co/issue/11225,40.20,livepeer,194,livepeerjs,{},ETH,['https://github.com/livepeer/livepeerjs/pull/127'],1,-176
2019-03-10T08:38:23,Feature,Hours,Beginner,https://github.com/gitcoinco/web/issues/1507,PixelantDesign,https://gitcoin.co/issue/9869,48.24,gitcoinco,1244,web,{},ETH,['https://github.com/gitcoinco/web/pull/1517'],1,-234
2019-03-10T08:38:19,Feature,Days,Advanced,https://github.com/marketprotocol/market.js/issues/33,pelsasser,https://gitcoin.co/issue/9868,160.78,marketprotocol,2195,market.js,{},ETH,['https://github.com/MARKETProtocol/MARKET.js/pull/40'],1,-257
2019-03-10T08:37:53,Feature,Hours,Intermediate,https://github.com/livepeer/livepeerjs/issues/94,jozanza,https://gitcoin.co/issue/9864,116.18,livepeer,1437,livepeerjs,{},ETH,"['https://github.com/livepeer/livepeerjs/pull/132', 'https://github.com/livepeer/livepeerjs/pull/132']",2,-175
2019-03-10T08:38:13,Feature,Days,Intermediate,https://github.com/ethereum/remix-ide/issues/1366,vs77bb,https://gitcoin.co/issue/9867,103.59,ethereum,56,remix-ide,{},ETH,[],16,-235
2019-03-10T08:37:35,Feature,Hours,Intermediate,https://github.com/paritytech/parity/issues/8835,ceresstation,https://gitcoin.co/issue/9860,222.47,paritytech,444,parity,{},ETH,['https://github.com/paritytech/parity-ethereum/pull/9219'],1,-235
2019-03-10T08:37:30,Feature,Hours,Intermediate,https://github.com/exthereum/ethereumex/issues/8,ceresstation,https://gitcoin.co/issue/9859,197.75,exthereum,529,ethereumex,{},ETH,[],1,100
2018-06-26T18:24:20,,Unknown,,https://github.com/gitcoinco/web/pull/1494,,https://gitcoin.co/issue/3942,0.52,gitcoinco,839,web,{},ETH,[],1,356
2019-03-10T08:37:20,Feature,Hours,Beginner,https://github.com/gitcoinco/web/issues/1480,PixelantDesign,https://gitcoin.co/issue/9857,20.63,gitcoinco,473,web,{},ETH,['https://github.com/gitcoinco/web/pull/1481'],1,-254
2019-03-10T08:37:14,Feature,Hours,,https://github.com/metamask/metamask-extension/issues/4440,bdresser,https://gitcoin.co/issue/9856,103.15,metamask,281,metamask-extension,{},ETH,['https://github.com/MetaMask/metamask-extension/pull/4591'],1,97
2019-03-10T08:37:09,Feature,Hours,Intermediate,https://github.com/gitcoinco/web/issues/1478,PixelantDesign,https://gitcoin.co/issue/9855,10.32,gitcoinco,615,web,{},ETH,['https://github.com/gitcoinco/web/pull/1479'],1,-254
2019-03-10T08:37:04,Bug,Hours,,https://github.com/metamask/metamask-extension/issues/4553,bdresser,https://gitcoin.co/issue/9854,77.37,metamask,240,metamask-extension,{},ETH,['https://github.com/MetaMask/metamask-extension/pull/4597'],1,97
2019-03-10T08:36:21,Feature,Days,Advanced,https://github.com/marketprotocol/website/issues/149,pelsasser,https://gitcoin.co/issue/9845,103.15,marketprotocol,1541,website,{},ETH,"['https://github.com/MARKETProtocol/website/pull/160', 'https://github.com/MARKETProtocol/website/pull/160']",2,-261
2019-03-10T08:36:14,Feature,Hours,Intermediate,https://github.com/gitcoinco/web/issues/1468,PixelantDesign,https://gitcoin.co/issue/9844,77.37,gitcoinco,1056,web,{},ETH,[],1,-239
2019-03-10T08:36:09,Feature,Hours,Intermediate,https://github.com/gitcoinco/web/issues/1467,PixelantDesign,https://gitcoin.co/issue/9843,55.70,gitcoinco,959,web,{},ETH,[],1,-255
2019-03-10T08:35:55,Feature,Days,Advanced,https://github.com/marketprotocol/website/issues/132,pelsasser,https://gitcoin.co/issue/9839,19.00,marketprotocol,1400,website,{},ETH,['https://github.com/MARKETProtocol/website/pull/148'],1,-262
2019-03-10T08:35:48,Feature,Days,Advanced,https://github.com/marketprotocol/dapp/issues/195,pelsasser,https://gitcoin.co/issue/9837,23.75,marketprotocol,1400,dapp,{},ETH,['https://github.com/MARKETProtocol/dApp/pull/196'],1,-262
2019-03-10T08:35:44,Feature,Days,Advanced,https://github.com/marketprotocol/dapp/issues/191,pelsasser,https://gitcoin.co/issue/9836,33.25,marketprotocol,925,dapp,{},ETH,['https://github.com/MARKETProtocol/dApp/pull/197'],1,-262
2019-03-10T08:35:40,Feature,Days,Intermediate,https://github.com/zeppelinos/zos-docs/issues/62,vs77bb,https://gitcoin.co/issue/9835,94.99,zeppelinos,881,zos-docs,{},ETH,[],0,-240
2019-03-10T08:35:37,Feature,Days,Intermediate,https://github.com/zeppelinos/zos-cli/issues/122,vs77bb,https://gitcoin.co/issue/9834,118.73,zeppelinos,297,zos-cli,{},ETH,['https://github.com/zeppelinos/zos-cli/pull/255'],1,-240
2019-03-10T08:35:32,Feature,Days,Intermediate,https://github.com/zeppelinos/zos-cli/issues/211,vs77bb,https://gitcoin.co/issue/9833,56.99,zeppelinos,1611,zos-cli,{},ETH,['https://github.com/zeppelinos/zos-lib/pull/173'],1,-240
2019-03-10T08:35:27,Feature,Days,Intermediate,https://github.com/zeppelinos/zos-cli/issues/208,vs77bb,https://gitcoin.co/issue/9832,94.99,zeppelinos,362,zos-cli,{},ETH,['https://github.com/zeppelinos/zos-lib/pull/171'],1,-240
2019-03-10T08:35:17,Feature,Days,Advanced,https://github.com/marketprotocol/website/issues/141,pelsasser,https://gitcoin.co/issue/9829,235.73,marketprotocol,2105,website,{},ETH,['https://github.com/MARKETProtocol/website/pull/156#event-1694218087'],1,-263
2019-03-10T08:35:13,Feature,Days,Advanced,https://github.com/marketprotocol/website/issues/140,pelsasser,https://gitcoin.co/issue/9828,400.74,marketprotocol,2199,website,{},ETH,['https://github.com/MARKETProtocol/website/pull/153'],1,-263
2019-03-10T08:35:08,Feature,Days,Intermediate,https://github.com/ethereum/remix-ide/issues/1360,vs77bb,https://gitcoin.co/issue/9827,188.58,ethereum,186,remix-ide,{},ETH,['https://github.com/ethereum/remix-ide/pull/1370'],1,-240
2019-03-10T08:35:03,Feature,Days,Intermediate,https://github.com/ethereum/remix-ide/issues/1249,vs77bb,https://gitcoin.co/issue/9826,117.86,ethereum,128,remix-ide,{},ETH,['https://github.com/ethereum/remix-ide/pull/1363'],1,-240
2019-03-10T08:34:57,Feature,Days,Intermediate,https://github.com/ethereum/remix-ide/issues/1359,vs77bb,https://gitcoin.co/issue/9825,103.72,ethereum,69,remix-ide,{},ETH,[],0,-240
2021-03-29T07:25:37,Feature,Hours,Beginner,https://github.com/duaraghav8/solium/issues/218,ceresstation,https://gitcoin.co/issue/25348,159.12,duaraghav8,523,solium,{},ETH,[],0,-1007
2022-03-05T08:31:14,Feature,Hours,Beginner,https://github.com/duaraghav8/solium/issues/218,ceresstation,https://gitcoin.co/issue/27907,159.12,duaraghav8,523,solium,{},ETH,[],0,-1348
2019-03-10T08:34:45,Feature,Hours,Beginner,https://github.com/duaraghav8/solium/issues/216,ceresstation,https://gitcoin.co/issue/9823,159.12,duaraghav8,208,solium,{},ETH,['https://github.com/duaraghav8/Solium/pull/219'],1,-257
2021-03-29T07:25:32,Other,Hours,Beginner,https://github.com/duaraghav8/solium/issues/217,ceresstation,https://gitcoin.co/issue/25347,212.16,duaraghav8,1187,solium,{},ETH,[],0,-991
2022-03-05T08:31:07,Other,Hours,Beginner,https://github.com/duaraghav8/solium/issues/217,ceresstation,https://gitcoin.co/issue/27906,212.16,duaraghav8,1187,solium,{},ETH,[],0,-1332
2019-03-12T07:26:49,Feature,Hours,Intermediate,https://github.com/gitcoinco/web/issues/1440,owocki,https://gitcoin.co/issue/11224,368.82,gitcoinco,1741,web,{},ETH,['https://github.com/gitcoinco/creative/pull/12'],1,-260
2019-03-10T08:32:12,Feature,Days,Intermediate,https://github.com/marketprotocol/dapp/issues/187,pelsasser,https://gitcoin.co/issue/9809,303.96,marketprotocol,2919,dapp,{},ETH,['https://github.com/MARKETProtocol/dApp/pull/198'],1,-268
2019-03-10T08:31:56,Feature,Days,Intermediate,https://github.com/marketprotocol/website/issues/137,pelsasser,https://gitcoin.co/issue/9806,245.62,marketprotocol,1182,website,{},ETH,['https://github.com/MARKETProtocol/website/pull/139/'],1,-269
2019-03-10T08:31:50,Feature,Days,Intermediate,https://github.com/marketprotocol/types/issues/10,pelsasser,https://gitcoin.co/issue/9805,30.70,marketprotocol,1866,types,{},ETH,"['https://github.com/MARKETProtocol/types/pull/19', 'https://github.com/MARKETProtocol/types/pull/19']",2,-269
2019-03-10T08:31:44,Feature,Days,Intermediate,https://github.com/marketprotocol/types/issues/9,pelsasser,https://gitcoin.co/issue/9804,30.70,marketprotocol,1845,types,{},ETH,['https://github.com/MARKETProtocol/types/pull/20'],1,-269
2019-03-10T08:31:38,Feature,Days,Intermediate,https://github.com/marketprotocol/types/issues/8,pelsasser,https://gitcoin.co/issue/9803,61.40,marketprotocol,1883,types,{},ETH,['https://github.com/MARKETProtocol/types/pull/14'],1,-269
2019-03-10T08:31:33,Feature,Days,Intermediate,https://github.com/marketprotocol/types/issues/6,pelsasser,https://gitcoin.co/issue/9802,61.40,marketprotocol,1875,types,{},ETH,"['https://github.com/MARKETProtocol/types/pull/24', 'https://github.com/MARKETProtocol/types/pull/24', 'https://github.com/MARKETProtocol/types/pull/24', 'https://github.com/MARKETProtocol/types/pull/24']",4,-269
2019-03-10T08:31:26,Feature,Days,Intermediate,https://github.com/marketprotocol/types/issues/3,pelsasser,https://gitcoin.co/issue/9801,61.40,marketprotocol,1908,types,{},ETH,['https://github.com/MARKETProtocol/types/pull/17'],1,-269
2019-03-10T08:31:17,Feature,Days,Advanced,https://github.com/marketprotocol/website/issues/136,pelsasser,https://gitcoin.co/issue/9799,394.04,marketprotocol,2829,website,{},ETH,['https://github.com/MARKETProtocol/website/pull/138'],1,-270
2019-03-10T08:31:13,Feature,Weeks,Intermediate,https://github.com/gitcoinco/web/issues/1386,PixelantDesign,https://gitcoin.co/issue/9798,84.87,gitcoinco,1451,web,{},ETH,['https://github.com/gitcoinco/web/pull/1459'],1,-143
2019-03-10T08:31:00,Bug,Hours,Intermediate,https://github.com/cybercongress/cyber-search/issues/184,hleb-albau,https://gitcoin.co/issue/9795,91.39,cybercongress,930,cyber-search,{},ETH,['https://github.com/cybercongress/cyber-search/pull/205'],1,-248
2019-03-10T08:30:53,Feature,Hours,Beginner,https://github.com/walleth/kethereum/issues/33,ceresstation,https://gitcoin.co/issue/9793,60.93,walleth,746,kethereum,{},ETH,['https://github.com/walleth/kethereum/pull/35'],1,-271
2019-03-10T08:30:49,Feature,Days,Intermediate,https://github.com/ethereum/web3.py/issues/884,vs77bb,https://gitcoin.co/issue/9792,243.72,ethereum,846,web3.py,{},ETH,['https://github.com/ethereum/web3.py/pull/893'],1,-248
2018-06-26T18:22:02,,,,https://www.amazon.com/case-midwife-toad-arthur-koestler/dp/1939438454,,https://gitcoin.co/issue/3873,60.92,case-midwife-toad-arthur-koestler,65,dp,{},ETH,[],1,42
2019-03-10T08:30:23,Feature,Days,Intermediate,https://github.com/cybercongress/cyber-search/issues/194,hleb-albau,https://gitcoin.co/issue/9787,176.29,cybercongress,889,cyber-search,{},ETH,['https://github.com/cybercongress/cyber-search/pull/250'],1,-248
2019-03-10T08:30:17,Other,Hours,Beginner,https://github.com/cybercongress/cyber-search/issues/185,hleb-albau,https://gitcoin.co/issue/9786,146.91,cybercongress,1418,cyber-search,{},ETH,[],0,-248
2019-03-10T08:30:06,Feature,Days,Intermediate,https://github.com/ethereum/eth-account/issues/24,vs77bb,https://gitcoin.co/issue/9784,401.38,ethereum,559,eth-account,{},ETH,['https://github.com/ethereum/eth-account/pull/31'],1,-159
2019-03-10T08:29:59,Other,Hours,Beginner,https://github.com/gitcoinco/web/issues/1370,owocki,https://gitcoin.co/issue/9783,29.51,gitcoinco,576,web,{},ETH,['https://github.com/gitcoinco/creative/pull/11'],1,-272
2019-03-10T08:29:50,Other,Hours,Beginner,https://github.com/gitcoinco/gitcoinco/issues/43,owocki,https://gitcoin.co/issue/9782,29.51,gitcoinco,441,gitcoinco,{},ETH,[],5,-272
2019-03-10T08:29:39,Other,Hours,Beginner,https://github.com/gitcoinco/gitcoinco/issues/42,owocki,https://gitcoin.co/issue/9781,20.66,gitcoinco,259,gitcoinco,{},ETH,[],6,-272
2019-03-10T08:29:30,Other,Hours,Beginner,https://github.com/gitcoinco/web/pull/1350,owocki,https://gitcoin.co/issue/9780,20.66,gitcoinco,919,web,{},ETH,[],0,-272
2018-06-26T18:21:28,Bug,Hours,Beginner,https://github.com/mbeacom/test-repo/issues/38,mbeacom,https://gitcoin.co/issue/3854,0.00,mbeacom,4,test-repo,{},ETH,[],2,342
2019-03-10T08:29:27,Feature,Days,Intermediate,https://github.com/raiden-network/raiden/issues/1243,vs77bb,https://gitcoin.co/issue/9779,116.53,raiden-network,451,raiden,{},ETH,['https://github.com/raiden-network/raiden/pull/1518'],1,-249
2019-03-10T08:29:23,Feature,Days,Intermediate,https://github.com/raiden-network/raiden/issues/1366,vs77bb,https://gitcoin.co/issue/9778,145.66,raiden-network,550,raiden,{},ETH,['https://github.com/raiden-network/raiden/pull/1536'],1,-249
2019-03-10T08:29:17,Feature,Days,Intermediate,https://github.com/raiden-network/raiden/issues/1408,vs77bb,https://gitcoin.co/issue/9777,291.32,raiden-network,390,raiden,{},ETH,['https://github.com/raiden-network/raiden/pull/1711'],1,-249
2018-06-26T18:21:17,Feature,Days,Beginner,https://github.com/owocki/pytrader/issues/104,owocki,https://gitcoin.co/issue/3848,59.12,owocki,8,pytrader,{},ETH,[],1,342
2019-03-10T08:29:05,Feature,Days,Intermediate,https://github.com/metamask/metamask-extension/issues/3343,vs77bb,https://gitcoin.co/issue/9774,106.08,metamask,188,metamask-extension,{},ETH,['https://github.com/MetaMask/metamask-extension/pull/4873'],1,-250
2019-03-10T08:29:00,Feature,Weeks,Intermediate,https://github.com/metamask/metamask-extension/issues/3505,vs77bb,https://gitcoin.co/issue/9773,124.80,metamask,826,metamask-extension,{},ETH,['https://github.com/MetaMask/metamask-extension/pull/4812'],1,-250
2019-03-10T08:28:56,Feature,Weeks,Intermediate,https://github.com/ipfs/js-ipfs/issues/1283,vs77bb,https://gitcoin.co/issue/9772,249.60,ipfs,73,js-ipfs,{},ETH,[],0,-250
2019-03-10T08:28:53,Feature,Days,Intermediate,https://github.com/balance-io/balance-manager/issues/195,ricburton,https://gitcoin.co/issue/9771,3744.06,balance-io,187,balance-manager,{},ETH,['https://github.com/balance-io/balance-manager/pull/258'],1,-273
2019-03-10T08:28:46,Feature,Hours,,https://github.com/gitcoinco/skunkworks/issues/75,owocki,https://gitcoin.co/issue/9770,627.55,gitcoinco,2428,skunkworks,{},ETH,[],1,-252
2019-03-10T08:28:41,Feature,Hours,Intermediate,https://github.com/gitcoinco/web/issues/1341,owocki,https://gitcoin.co/issue/9769,57.05,gitcoinco,786,web,{},ETH,"['https://github.com/gitcoinco/web/pull/1477', 'https://github.com/gitcoinco/web/pull/1466']",2,-252
2019-03-10T08:28:36,Feature,Hours,Intermediate,https://github.com/gitcoinco/command_line_standardbounties_funder/issues/1,owocki,https://gitcoin.co/issue/9768,142.62,gitcoinco,1433,command_line_standardbounties_funder,{},ETH,['https://github.com/gitcoinco/command_line_standardbounties_funder/pull/2'],1,-252
2019-03-10T08:28:32,Feature,Hours,Intermediate,https://github.com/gitcoinco/web/issues/1340,owocki,https://gitcoin.co/issue/9767,57.05,gitcoinco,1190,web,{},ETH,['https://github.com/gitcoinco/web/pull/1343'],1,-252
2019-03-10T08:28:25,Other,Weeks,Beginner,https://github.com/emailsapp/emailsapp.github.io/issues/2,scottydelta,https://gitcoin.co/issue/9765,57.05,emailsapp,62,emailsapp.github.io,{},ETH,['https://github.com/emailsapp/emailsapp.github.io/pull/3'],1,-192
2019-03-10T08:28:10,Feature,Hours,Advanced,https://github.com/marketprotocol/website/issues/120,pelsasser,https://gitcoin.co/issue/9763,28.65,marketprotocol,2676,website,{},ETH,"['https://github.com/MARKETProtocol/website/pull/126', 'https://github.com/MARKETProtocol/website/pull/126', 'https://github.com/MARKETProtocol/website/pull/126', 'https://github.com/MARKETProtocol/website/pull/126']",4,-280
2019-03-10T08:27:50,Bug,Days,Beginner,https://github.com/paritytech/parity/issues/5484,vs77bb,https://gitcoin.co/issue/9761,103.15,paritytech,372,parity,{},ETH,[],0,-254
2019-03-10T08:27:31,Feature,Days,Beginner,https://github.com/abiefund/abie/issues/7,julienbrg,https://gitcoin.co/issue/9758,163.75,abiefund,381,abie,{},ETH,['https://github.com/AbieFund/abie/pull/8'],1,-277
2019-03-10T08:27:27,Feature,Hours,Beginner,https://github.com/timvanmourik/giraffetools/issues/69,TimVanMourik,https://gitcoin.co/issue/9757,10.92,timvanmourik,811,giraffetools,{},ETH,['https://github.com/TimVanMourik/GiraffeTools/pull/70'],1,-254
2019-03-10T08:27:23,Bug,Hours,Beginner,https://github.com/gitcoinco/web/issues/1315,mbeacom,https://gitcoin.co/issue/9756,10.37,gitcoinco,1037,web,{},ETH,['https://github.com/gitcoinco/web/pull/1318'],1,81
2019-03-10T08:27:19,Feature,Days,Beginner,https://github.com/ethereum/casper/issues/152,vs77bb,https://gitcoin.co/issue/9755,104.03,ethereum,477,casper,{},ETH,[],0,-254
2022-03-05T08:24:47,Feature,Days,Beginner,https://github.com/giveth/giveth-dapp/issues/370,vs77bb,https://gitcoin.co/issue/27901,202.29,giveth,3084,giveth-dapp,{},ETH,[],0,-1346
2019-03-10T08:26:54,Other,Days,Beginner,https://github.com/gitcoinco/web/issues/1312,vs77bb,https://gitcoin.co/issue/9747,28.90,gitcoinco,296,web,{},ETH,['https://github.com/gitcoinco/creative/pull/9'],1,-282
2019-03-10T08:26:46,Feature,Days,Intermediate,https://github.com/ethereum/solidity/issues/4131,vs77bb,https://gitcoin.co/issue/9745,144.49,ethereum,113,solidity,{},ETH,['https://github.com/ethereum/solidity/pull/4212'],1,-255
2019-03-10T08:26:40,Bug,Days,Intermediate,https://github.com/paritytech/parity/issues/8725,vs77bb,https://gitcoin.co/issue/9743,86.69,paritytech,2998,parity,{},ETH,['https://github.com/paritytech/parity/pull/8883'],1,-255
2019-03-10T08:26:36,Feature,Hours,Advanced,https://github.com/marketprotocol/marketprotocol/issues/93,pelsasser,https://gitcoin.co/issue/9742,57.80,marketprotocol,1104,marketprotocol,{},ETH,['https://github.com/MARKETProtocol/MARKETProtocol/pull/99'],1,-282
2019-03-10T08:26:32,Feature,Hours,Advanced,https://github.com/marketprotocol/market.js/issues/14,pelsasser,https://gitcoin.co/issue/9741,144.49,marketprotocol,2166,market.js,{},ETH,['https://github.com/MARKETProtocol/types/pull/1'],1,-282
2018-06-26T18:20:27,Feature,Weeks,Intermediate,https://github.com/oogetyboogety/gitcointestproject/issues/1,oogetyboogety,https://gitcoin.co/issue/3823,56.56,oogetyboogety,14,gitcointestproject,{},ETH,[],1,337
2019-03-10T08:26:28,Feature,Hours,Advanced,https://github.com/bounties-network/bountiesapi/issues/49,villanuevawill,https://gitcoin.co/issue/9740,103.26,bounties-network,2087,bountiesapi,{},ETH,['https://github.com/Bounties-Network/BountiesAPI/pull/54'],1,-278
2019-03-10T08:26:24,Other,Hours,Intermediate,https://github.com/bounties-network/stdbountiesanaltyics/issues/4,villanuevawill,https://gitcoin.co/issue/9739,103.26,bounties-network,1563,stdbountiesanaltyics,{},ETH,['https://github.com/Bounties-Network/StdBountiesAnaltyics/pull/5'],1,-278
2019-03-10T08:26:14,Feature,Hours,Intermediate,https://github.com/gitcoinco/web/issues/1300,owocki,https://gitcoin.co/issue/9738,103.26,gitcoinco,2613,web,{},ETH,['https://github.com/gitcoinco/web/pull/1327'],1,-256
2019-03-10T08:26:06,Other,Hours,Beginner,https://github.com/bounties-network/bountiesapi/issues/44,villanuevawill,https://gitcoin.co/issue/9736,79.90,bounties-network,41,bountiesapi,{},ETH,['https://github.com/Bounties-Network/BountiesAPI/pull/56'],1,-272
2019-03-10T08:25:59,Feature,Days,Beginner,https://github.com/abiefund/abie/issues/5,julienbrg,https://gitcoin.co/issue/9734,399.29,abiefund,1468,abie,{},ETH,['https://github.com/AbieFund/abie/pull/6'],1,-273
2019-03-10T08:25:49,Bug,Days,Intermediate,https://github.com/paritytech/parity/issues/6948,vs77bb,https://gitcoin.co/issue/9731,68.45,paritytech,419,parity,{},ETH,[],1,-257
2019-03-10T08:25:45,Bug,Days,Intermediate,https://github.com/paritytech/parity/issues/7642,vs77bb,https://gitcoin.co/issue/9730,91.27,paritytech,1123,parity,{},ETH,[],0,-257
2019-03-10T08:25:42,Security,Days,Intermediate,https://github.com/ethereum/solidity/issues/1210,vs77bb,https://gitcoin.co/issue/9729,60.31,ethereum,319,solidity,{},ETH,['https://github.com/ethereum/solidity/pull/4196'],1,-258
2019-03-10T08:25:37,Security,Days,Intermediate,https://github.com/ethereum/solidity/issues/1213,vs77bb,https://gitcoin.co/issue/9728,72.37,ethereum,763,solidity,{},ETH,"['https://github.com/ethereum/solidity/pull/4252', 'https://github.com/ethereum/solidity/pull/4252']",2,-258
2019-03-10T08:25:32,Security,Days,Intermediate,https://github.com/ethereum/solidity/issues/3961,vs77bb,https://gitcoin.co/issue/9727,90.46,ethereum,358,solidity,{},ETH,['https://github.com/ethereum/solidity/pull/4200'],1,-258
2022-03-05T08:23:29,Security,Days,Intermediate,https://github.com/ethereum/solidity/issues/4117,vs77bb,https://gitcoin.co/issue/27899,30.15,ethereum,515,solidity,{},ETH,[],0,-1365
2019-03-10T08:25:25,Security,Days,Intermediate,https://github.com/metamask/metamask-extension/issues/1546,vs77bb,https://gitcoin.co/issue/9725,120.62,metamask,377,metamask-extension,{},ETH,[],1,-258
2019-03-10T08:25:18,Feature,Hours,Advanced,https://github.com/marketprotocol/market.js/issues/6,pelsasser,https://gitcoin.co/issue/9724,304.57,marketprotocol,2722,market.js,{},ETH,[],0,-286
2019-03-10T08:25:15,Feature,Hours,Advanced,https://github.com/marketprotocol/website/issues/96,pelsasser,https://gitcoin.co/issue/9723,24.37,marketprotocol,1388,website,{},ETH,['https://github.com/MARKETProtocol/website/pull/107'],1,-286
2019-03-10T08:25:11,Feature,Hours,Advanced,https://github.com/marketprotocol/website/issues/101,pelsasser,https://gitcoin.co/issue/9722,24.37,marketprotocol,1661,website,{},ETH,['https://github.com/MARKETProtocol/website/pull/105'],1,-286
2019-03-10T08:25:01,Feature,Hours,Intermediate,https://github.com/bounties-network/bountiesapi/issues/45,villanuevawill,https://gitcoin.co/issue/9720,243.66,bounties-network,1374,bountiesapi,{},ETH,['https://github.com/Bounties-Network/BountiesAPI/pull/47'],1,-275
2019-03-10T08:24:54,Feature,Weeks,Intermediate,https://github.com/gitcoinco/web/issues/1244,PixelantDesign,https://gitcoin.co/issue/9719,85.89,gitcoinco,1400,web,{},ETH,"['https://github.com/gitcoinco/web/pull/1501', 'https://github.com/gitcoinco/web/pull/1501']",2,-260
2019-03-10T08:24:39,Other,Hours,Beginner,https://github.com/bounties-network/stdbountiesanaltyics/issues/2,villanuevawill,https://gitcoin.co/issue/9716,58.90,bounties-network,291,stdbountiesanaltyics,{},ETH,['https://github.com/Bounties-Network/StdBountiesAnaltyics/pull/3'],1,-276
2019-03-10T08:23:40,Other,Hours,Beginner,https://github.com/bounties-network/bountiesapi/issues/44,villanuevawill,https://gitcoin.co/issue/9715,88.36,bounties-network,41,bountiesapi,{},ETH,['https://github.com/Bounties-Network/BountiesAPI/pull/46'],1,-276
2019-03-10T08:23:37,Feature,Hours,Advanced,https://github.com/marketprotocol/dapp/issues/170,pelsasser,https://gitcoin.co/issue/9714,23.56,marketprotocol,1065,dapp,{},ETH,['https://github.com/MARKETProtocol/dApp/pull/171'],1,-287
2019-03-10T08:23:25,Feature,Days,Intermediate,https://github.com/trustwallet/trustsdk-android/issues/1,vikmeup,https://gitcoin.co/issue/9712,382.88,trustwallet,1139,trustsdk-android,{},ETH,['https://github.com/TrustWallet/TrustSDK-Android/pull/2'],1,74
2019-03-10T08:23:17,Feature,Weeks,Intermediate,https://github.com/gitcoinco/web/issues/1223,PixelantDesign,https://gitcoin.co/issue/9710,110.71,gitcoinco,1018,web,{},ETH,['https://github.com/gitcoinco/creative/pull/10'],1,-261
2019-03-10T08:23:04,Bug,Days,Intermediate,https://github.com/databrokerdao/website/issues/16,roderik,https://gitcoin.co/issue/9708,615.08,databrokerdao,253,website,{},ETH,['https://github.com/DataBrokerDAO/website/pull/17'],1,-284
2019-03-10T08:22:55,Feature,Hours,Intermediate,https://github.com/gitcoinco/web/issues/1220,owocki,https://gitcoin.co/issue/9706,89.08,gitcoinco,701,web,{},ETH,['https://github.com/gitcoinco/web/pull/1260'],1,-262
2019-03-10T08:22:49,Feature,Hours,Advanced,https://github.com/marketprotocol/marketprotocol/issues/88,pelsasser,https://gitcoin.co/issue/9704,102.78,marketprotocol,2662,marketprotocol,{},ETH,['https://github.com/MARKETProtocol/MARKETProtocol/pull/90'],1,-289
2019-03-10T08:22:33,Security,Days,Intermediate,https://github.com/ethereum/solidity/issues/3637,vs77bb,https://gitcoin.co/issue/9701,104.87,ethereum,224,solidity,{},ETH,[],0,-263
2018-06-26T18:20:01,Bug,Months,Beginner,https://github.com/mbeacom/test-repo/issues/32,mbeacom,https://gitcoin.co/issue/3811,0.00,mbeacom,12,test-repo,{},ETH,[],1,328
2019-03-10T08:21:07,Other,Hours,Beginner,https://github.com/hiblock/hiblock,bobjiang,https://gitcoin.co/issue/9699,0.00,hiblock,41,hiblock,{},ETH,[],1,-281
2019-03-10T08:20:54,Feature,Hours,Beginner,https://github.com/timvanmourik/giraffetools/issues/54,TimVanMourik,https://gitcoin.co/issue/9697,14.13,timvanmourik,308,giraffetools,{},ETH,['https://github.com/TimVanMourik/GiraffeTools/pull/55'],1,-265
2019-03-10T08:20:57,Feature,Hours,Intermediate,https://github.com/metamask/metamask-extension/issues/4288,vs77bb,https://gitcoin.co/issue/9698,134.20,metamask,1789,metamask-extension,{},ETH,['https://github.com/MetaMask/metamask-extension/pull/4414'],1,-266
2019-03-10T08:20:49,Feature,Hours,Intermediate,https://github.com/gitcoinco/web/issues/1185,owocki,https://gitcoin.co/issue/9696,81.03,gitcoinco,845,web,{},ETH,['https://github.com/gitcoinco/python-api-client/pull/3'],1,-266
2019-03-10T08:20:44,Feature,Hours,Intermediate,https://github.com/gitcoinco/web/issues/1181,owocki,https://gitcoin.co/issue/9695,81.03,gitcoinco,894,web,{},ETH,['https://github.com/gitcoinco/javascript-api-client/pull/1'],1,-266
2019-03-10T08:20:39,Feature,Hours,Beginner,https://github.com/timvanmourik/giraffetools/issues/34,TimVanMourik,https://gitcoin.co/issue/9694,27.01,timvanmourik,892,giraffetools,{},ETH,['https://github.com/TimVanMourik/GiraffeTools/pull/52'],1,-266
2019-03-10T08:20:35,Feature,Hours,Beginner,https://github.com/timvanmourik/giraffetools/issues/53,TimVanMourik,https://gitcoin.co/issue/9693,27.01,timvanmourik,692,giraffetools,{},ETH,['https://github.com/TimVanMourik/GiraffeTools/pull/58'],1,-266
2019-03-10T08:20:32,Feature,Hours,Intermediate,https://github.com/marketprotocol/website/issues/83,pelsasser,https://gitcoin.co/issue/9692,236.33,marketprotocol,2155,website,{},ETH,['https://github.com/MARKETProtocol/website/pull/86'],1,-289
2019-03-10T08:20:28,Feature,Hours,Intermediate,https://github.com/marketprotocol/website/issues/12,pelsasser,https://gitcoin.co/issue/9691,148.55,marketprotocol,2206,website,{},ETH,['https://github.com/MARKETProtocol/website/pull/91'],1,-289
2019-08-02T21:55:17,Feature,Hours,Intermediate,https://github.com/gitcoinco/web/issues/1177,owocki,https://gitcoin.co/issue/15244,173.16,gitcoinco,3649,web,{},ETH,"['https://github.com/gitcoinco/web/pull/1351', 'https://github.com/gitcoinco/web/pull/1351']",2,-413
2019-03-10T08:20:18,Feature,Hours,Intermediate,https://github.com/gitcoinco/web/issues/1036,owocki,https://gitcoin.co/issue/9689,103.90,gitcoinco,577,web,{},ETH,"['https://github.com/gitcoinco/web/pull/1311', 'https://github.com/gitcoinco/web/pull/1311']",2,-267
2019-03-10T08:20:12,Feature,Hours,Beginner,https://github.com/timvanmourik/giraffetools/issues/51,TimVanMourik,https://gitcoin.co/issue/9688,27.71,timvanmourik,2144,giraffetools,{},ETH,['https://github.com/TimVanMourik/GiraffeTools/pull/65'],1,-267
2019-03-10T08:20:08,Feature,Hours,Intermediate,https://github.com/marketprotocol/dapp/issues/148,pelsasser,https://gitcoin.co/issue/9687,41.56,marketprotocol,2363,dapp,{},ETH,['https://github.com/MARKETProtocol/dApp/pull/159'],1,-290
2022-03-05T08:21:04,Bug,Hours,Beginner,https://github.com/livepeer/livepeerjs/issues/84,jozanza,https://gitcoin.co/issue/27898,69.27,livepeer,132,livepeerjs,{},ETH,[],0,-1298
2019-03-10T08:19:51,Feature,Hours,Beginner,https://github.com/livepeer/livepeerjs/issues/17,jozanza,https://gitcoin.co/issue/9683,69.27,livepeer,114,livepeerjs,{},ETH,['https://github.com/livepeer/livepeerjs/pull/89'],1,-283
2019-03-10T08:19:43,Feature,Days,Intermediate,https://github.com/tomteman/attendr/issues/2,tomteman,https://gitcoin.co/issue/9681,69.47,tomteman,521,attendr,{},ETH,['https://github.com/tomteman/attendr/pull/6'],1,-208
2019-03-10T08:19:38,Feature,Days,Advanced,https://github.com/tomteman/attendr/issues/1,tomteman,https://gitcoin.co/issue/9680,104.20,tomteman,578,attendr,{},ETH,['https://github.com/tomteman/attendr/pull/5'],1,-208
2022-03-05T08:20:26,Feature,Hours,Advanced,https://github.com/marketprotocol/marketprotocol/issues/81,pelsasser,https://gitcoin.co/issue/27897,104.20,marketprotocol,3384,marketprotocol,{},ETH,[],0,-1386
2019-03-10T08:19:28,Bug,Days,Intermediate,https://github.com/databrokerdao/databrokerdao-dapp/issues/11,roderik,https://gitcoin.co/issue/9677,688.72,databrokerdao,312,databrokerdao-dapp,{},ETH,"['https://github.com/DataBrokerDAO/databrokerdao-dapp/pull/23', 'https://github.com/DataBrokerDAO/databrokerdao-dapp/pull/23', 'https://github.com/DataBrokerDAO/databrokerdao-dapp/pull/17', 'https://github.com/DataBrokerDAO/databrokerdao-dapp/pull/23', 'https://github.com/DataBrokerDAO/databrokerdao-dapp/pull/23']",6,66
2019-03-10T08:19:11,Feature,Hours,Intermediate,https://github.com/ethereum/cpp-ethereum/issues/4981,vs77bb,https://gitcoin.co/issue/9673,146.76,ethereum,2556,cpp-ethereum,{},ETH,['https://github.com/ethereum/cpp-ethereum/pull/5027'],1,-269
2019-03-10T08:19:07,Feature,Hours,Intermediate,https://github.com/ethereum/cpp-ethereum/issues/4961,vs77bb,https://gitcoin.co/issue/9672,146.76,ethereum,222,cpp-ethereum,{},ETH,['https://github.com/ethereum/cpp-ethereum/pull/5026'],1,-269
2019-03-10T08:19:18,Feature,Unknown,Beginner,https://github.com/jschiarizzi/dmvblockchain-assets/issues/1,jschiarizzi,https://gitcoin.co/issue/9675,7.34,jschiarizzi,285,dmvblockchain-assets,{},ETH,['https://github.com/jschiarizzi/dmvblockchain-assets/pull/3'],1,-285
2019-03-10T08:18:57,Feature,Hours,Advanced,https://github.com/marketprotocol/dapp/issues/154,pelsasser,https://gitcoin.co/issue/9668,366.89,marketprotocol,2595,dapp,{},ETH,['https://github.com/MARKETProtocol/dApp/pull/156'],1,-292
2019-03-10T08:18:44,,Unknown,,https://github.com/ethereum/sharding/issues/80,vs77bb,https://gitcoin.co/issue/9665,57.96,ethereum,693,sharding,{},ETH,['https://github.com/ethereum/sharding/pull/88'],1,-270
2019-03-10T08:18:39,Feature,Hours,Intermediate,https://github.com/gitcoinco/codefund/issues/93,coderberry,https://gitcoin.co/issue/9664,217.35,gitcoinco,119,codefund,{},ETH,['https://github.com/gitcoinco/codefund/pull/164'],1,-286
2019-03-10T08:18:24,Feature,Hours,Advanced,https://github.com/marketprotocol/marketprotocol/issues/78,pelsasser,https://gitcoin.co/issue/9661,72.45,marketprotocol,1958,marketprotocol,{},ETH,['https://github.com/MARKETProtocol/MARKETProtocol/pull/85'],1,-293
2019-03-10T08:18:20,Feature,Days,Intermediate,https://github.com/gitcoinco/discourse-codefund/issues/1,coderberry,https://gitcoin.co/issue/9660,362.25,gitcoinco,557,discourse-codefund,{},ETH,[],0,-210
2019-03-10T08:18:13,Feature,Hours,Intermediate,https://github.com/balance-io/balance-manager/issues/63,ricburton,https://gitcoin.co/issue/9658,36.22,balance-io,41,balance-manager,{},ETH,['https://github.com/balance-io/balance-manager/pull/230'],1,-211
2019-03-10T08:17:37,Other,Hours,Intermediate,https://github.com/austintgriffith/galleass/issues/1,austintgriffith,https://gitcoin.co/issue/9654,342.27,austintgriffith,4021,galleass,{},ETH,[],1,-122
2018-06-26T18:18:52,,,,www.test.com,,https://gitcoin.co/issue/3802,1369.08,,253,,{},ETH,[],1,-17
2019-03-10T08:17:29,Feature,Hours,Intermediate,https://github.com/marketprotocol/website/issues/80,pelsasser,https://gitcoin.co/issue/9652,68.45,marketprotocol,3064,website,{},ETH,"['https://github.com/MARKETProtocol/website/issues/80', 'https://github.com/MARKETProtocol/website/issues/80']",2,-296
2019-03-10T08:17:15,Feature,Days,Advanced,https://github.com/balance-io/balance-manager/issues/182,ricburton,https://gitcoin.co/issue/9651,345.54,balance-io,238,balance-manager,{},ETH,['https://github.com/balance-io/balance-manager/pull/270'],1,-273
2019-03-10T08:17:08,Feature,Hours,Intermediate,https://github.com/gitcoinco/web/issues/1149,owocki,https://gitcoin.co/issue/9650,34.55,gitcoinco,99,web,{},ETH,[],0,-273
2019-03-10T08:16:59,,Unknown,,https://github.com/livepeer/livepeerjs/issues/40,vs77bb,https://gitcoin.co/issue/9648,69.11,livepeer,635,livepeerjs,{},ETH,['https://github.com/livepeer/livepeerjs/pull/80'],1,62
2022-03-05T08:16:04,,Unknown,,https://github.com/livepeer/livepeerjs/issues/52,vs77bb,https://gitcoin.co/issue/27890,69.11,livepeer,646,livepeerjs,{},ETH,[],0,-1029
2019-03-10T08:16:48,,Unknown,,https://github.com/livepeer/livepeerjs/issues/71,vs77bb,https://gitcoin.co/issue/9646,103.66,livepeer,76,livepeerjs,{},ETH,['https://github.com/livepeer/livepeerjs/pull/85'],1,62
2019-03-10T08:16:43,,Unknown,,https://github.com/livepeer/go-livepeer/issues/417,vs77bb,https://gitcoin.co/issue/9645,138.21,livepeer,820,go-livepeer,{},ETH,['https://github.com/livepeer/go-livepeer/pull/426'],1,62
2019-03-10T08:16:40,Feature,Hours,Intermediate,https://github.com/marketprotocol/website/issues/75,pelsasser,https://gitcoin.co/issue/9644,59.03,marketprotocol,1943,website,{},ETH,['https://github.com/MARKETProtocol/website/pull/76'],1,-297
2019-03-10T08:16:31,Feature,Hours,Beginner,https://github.com/timvanmourik/giraffetools/issues/46,TimVanMourik,https://gitcoin.co/issue/9642,14.76,timvanmourik,684,giraffetools,{},ETH,['https://github.com/TimVanMourik/GiraffeTools/pull/48'],1,-274
2019-03-10T08:16:15,Feature,Hours,Beginner,https://github.com/timvanmourik/giraffetools/issues/36,TimVanMourik,https://gitcoin.co/issue/9639,52.02,timvanmourik,925,giraffetools,{},ETH,[],1,-275
2018-05-10T12:57:01,Feature,Hours,Beginner,https://github.com/timvanmourik/giraffetools/issues/33,TimVanMourik,https://gitcoin.co/issue/3093,52.02,timvanmourik,1150,giraffetools,{},ETH,['https://github.com/TimVanMourik/GiraffeTools/pull/45'],1,29
2018-06-10T13:21:40,Feature,Hours,Intermediate,https://github.com/marketprotocol/dapp/issues/127,pelsasser,https://gitcoin.co/issue/3548,14.86,marketprotocol,1536,dapp,{},ETH,[],1,-26
2018-05-11T03:10:30,Feature,Hours,Intermediate,https://github.com/marketprotocol/website/issues/73,pelsasser,https://gitcoin.co/issue/3102,14.86,marketprotocol,1308,website,{},ETH,['https://github.com/MARKETProtocol/website/pull/74'],1,5
2018-05-25T17:10:46,Feature,Hours,Intermediate,https://github.com/gitcoinco/web/issues/1020,owocki,https://gitcoin.co/issue/3312,115.32,gitcoinco,1924,web,{},ETH,['https://github.com/gitcoinco/creative/pull/8'],1,13
2018-05-17T15:10:49,Feature,Hours,Intermediate,https://github.com/gitcoinco/web/issues/1030,owocki,https://gitcoin.co/issue/3202,11.16,gitcoinco,715,web,{},ETH,['https://github.com/gitcoinco/web/pull/1115'],1,21
2018-07-09T02:46:45,Feature,Hours,Intermediate,https://github.com/gitcoinco/web/issues/1037,owocki,https://gitcoin.co/issue/4119,52.08,gitcoinco,966,web,{},ETH,['https://github.com/gitcoinco/web/pull/1420'],1,-32
2018-05-15T02:09:59,Feature,Hours,Intermediate,https://github.com/marketprotocol/website/issues/61,pelsasser,https://gitcoin.co/issue/3157,37.20,marketprotocol,1325,website,{},ETH,['https://github.com/MARKETProtocol/website/pull/79'],1,0
2018-05-18T14:10:36,Feature,Hours,Beginner,https://github.com/timvanmourik/giraffetools/issues/35,TimVanMourik,https://gitcoin.co/issue/3232,74.40,timvanmourik,983,giraffetools,{},ETH,['https://github.com/TimVanMourik/GiraffeTools/pull/42'],1,19
2018-05-18T14:10:31,Feature,Hours,Beginner,https://github.com/timvanmourik/giraffetools/issues/37,TimVanMourik,https://gitcoin.co/issue/3231,74.40,timvanmourik,1526,giraffetools,{},ETH,['https://github.com/TimVanMourik/GiraffeTools/pull/50'],1,19
2018-06-05T03:06:06,Feature,Weeks,Intermediate,https://github.com/gitcoinco/web/issues/1104,PixelantDesign,https://gitcoin.co/issue/3478,148.80,gitcoinco,2934,web,{},ETH,['https://github.com/gitcoinco/web/pull/1256'],1,2
2018-05-13T19:10:25,Feature,Hours,Beginner,https://github.com/timvanmourik/giraffetools/issues/39,TimVanMourik,https://gitcoin.co/issue/3128,37.81,timvanmourik,1109,giraffetools,{},ETH,['https://github.com/TimVanMourik/GiraffeTools/pull/47'],1,23
2018-06-05T03:10:07,Feature,Hours,Beginner,https://github.com/timvanmourik/giraffetools/issues/32,TimVanMourik,https://gitcoin.co/issue/3479,60.50,timvanmourik,2073,giraffetools,{},ETH,[],1,1
2018-07-31T04:49:20,Feature,Hours,Advanced,https://github.com/ethereum/go-ethereum/issues/16688,satoshi101,https://gitcoin.co/issue/4530,167.27,ethereum,1430,go-ethereum,{},ETH,['https://github.com/ethereum/go-ethereum/pull/17139'],1,-80
2018-05-14T16:09:53,Feature,Hours,Intermediate,https://github.com/marketprotocol/dapp/issues/142,pelsasser,https://gitcoin.co/issue/3144,15.58,marketprotocol,1625,dapp,{},ETH,['https://github.com/MARKETProtocol/dApp/pull/145'],1,-3
2018-05-07T20:37:50,Feature,Hours,Intermediate,https://github.com/marketprotocol/website/issues/57,pelsasser,https://gitcoin.co/issue/3033,23.37,marketprotocol,955,website,{},ETH,['https://github.com/MARKETProtocol/website/pull/71'],1,4
2018-05-07T20:38:17,Feature,Hours,Intermediate,https://github.com/marketprotocol/website/issues/60,pelsasser,https://gitcoin.co/issue/3034,23.37,marketprotocol,597,website,{},ETH,['https://github.com/MARKETProtocol/website/pull/71'],1,4
2018-05-04T20:56:14,Feature,Hours,Advanced,https://github.com/lookfwd/gitcoin-demo/issues/1,lookfwd,https://gitcoin.co/issue/3007,155.77,lookfwd,24,gitcoin-demo,{},ETH,"['https://github.com/lookfwd/gitcoin-demo/pull/2', 'https://github.com/lookfwd/gitcoin-demo/pull/3']",2,13
2018-05-07T21:07:55,Feature,Hours,Intermediate,https://github.com/marketprotocol/website/issues/58,pelsasser,https://gitcoin.co/issue/3035,31.15,marketprotocol,1032,website,{},ETH,['https://github.com/MARKETProtocol/website/issues/58'],1,3
2018-05-07T15:20:24,Feature,Hours,Intermediate,https://github.com/marketprotocol/website/issues/59,pelsasser,https://gitcoin.co/issue/3032,23.37,marketprotocol,899,website,{},ETH,['https://github.com/MARKETProtocol/website/pull/70'],1,4
2018-05-04T14:09:47,Feature,Hours,Beginner,https://github.com/timvanmourik/giraffetools/issues/28,TimVanMourik,https://gitcoin.co/issue/2996,62.31,timvanmourik,890,giraffetools,{},ETH,['https://github.com/TimVanMourik/GiraffeTools/pull/29'],1,29
2018-08-23T09:38:16,,Unknown,,https://github.com/metamask/metamask-extension/issues/4085,vs77bb,https://gitcoin.co/issue/5063,168.46,metamask,302,metamask-extension,{},ETH,"['https://github.com/MetaMask/metamask-extension/pull/4235', 'https://github.com/owocki/pytrader/pull/136']",2,252
2018-05-09T14:09:38,Feature,Hours,Intermediate,https://github.com/marketprotocol/website/issues/49,pelsasser,https://gitcoin.co/issue/3083,53.91,marketprotocol,1397,website,{},ETH,[],2,-1
2018-05-04T17:09:43,Feature,Hours,Intermediate,https://github.com/marketprotocol/website/issues/47,pelsasser,https://gitcoin.co/issue/2998,39.56,marketprotocol,1316,website,{},ETH,['https://github.com/MARKETProtocol/website/pull/50'],1,3
2018-06-08T16:09:22,Feature,Hours,Intermediate,https://github.com/gitcoinco/web/issues/1007,owocki,https://gitcoin.co/issue/3529,146.38,gitcoinco,788,web,{},ETH,['https://github.com/gitcoinco/web/pull/1066'],1,-9
2018-05-01T11:02:09,Feature,Hours,Beginner,https://github.com/marketprotocol/website/issues/40,pelsasser,https://gitcoin.co/issue/2947,55.34,marketprotocol,1674,website,{},ETH,['https://github.com/MARKETProtocol/website/pull/42'],1,6
2018-04-30T19:32:45,Feature,Hours,Beginner,https://github.com/marketprotocol/website/issues/33,pelsasser,https://gitcoin.co/issue/2934,20.75,marketprotocol,1487,website,{},ETH,['https://github.com/MARKETProtocol/website/pull/41'],1,6
2018-05-02T18:08:48,Feature,Hours,Beginner,https://github.com/marketprotocol/website/issues/31,pelsasser,https://gitcoin.co/issue/2980,20.75,marketprotocol,1380,website,{},ETH,['https://github.com/MARKETProtocol/website/issues/31'],1,4
2018-07-06T20:26:57,Feature,Hours,Intermediate,https://github.com/gitcoinco/web/issues/1015,owocki,https://gitcoin.co/issue/4093,83.38,gitcoinco,673,web,{},ETH,['https://github.com/gitcoinco/web/pull/1347'],1,-39
2018-05-01T11:07:49,,Unknown,Intermediate,https://github.com/uport-project/demo/issues/42,dolebas,https://gitcoin.co/issue/2950,6.56,uport-project,175,demo,{},ETH,[],1,26
2018-05-01T10:32:16,Bug,Hours,Beginner,https://github.com/timvanmourik/giraffetools/issues/25,TimVanMourik,https://gitcoin.co/issue/2946,31.42,timvanmourik,1078,giraffetools,{},ETH,[],1,24
2018-06-04T22:35:08,Feature,Hours,Intermediate,https://github.com/gitcoinco/web/issues/982,owocki,https://gitcoin.co/issue/3472,128.14,gitcoinco,1427,web,{},ETH,['https://github.com/gitcoinco/web/pull/1308'],1,-11
2018-04-27T01:07:57,Feature,Hours,Beginner,https://github.com/bounties-network/bounties.network/issues/2,villanuevawill00aa9e3612734131,https://gitcoin.co/issue/2875,64.07,bounties-network,849,bounties.network,{},ETH,['https://github.com/Bounties-Network/bounties.network/pull/3'],2,12
2018-05-10T20:25:56,Other,Days,Advanced,https://github.com/bounties-network/delphi/issues/54,villanuevawill00aa9e3612734131,https://gitcoin.co/issue/3098,320.34,bounties-network,2039,delphi,{},ETH,['https://github.com/Bounties-Network/Delphi/pull/60'],1,14
2018-05-02T15:08:00,Feature,Hours,Intermediate,https://github.com/gitcoinco/web/issues/969,owocki,https://gitcoin.co/issue/2974,64.07,gitcoinco,2648,web,{},ETH,['https://github.com/gitcoinco/web/pull/985'],1,23
2018-04-30T16:57:25,Feature,Hours,Intermediate,https://github.com/marketprotocol/website/issues/21,pelsasser,https://gitcoin.co/issue/2924,53.50,marketprotocol,1226,website,{},ETH,['https://github.com/MARKETProtocol/website/pull/36'],1,1
2018-04-24T07:07:30,Feature,Hours,Intermediate,https://medium.com/@sponnet/supporting-peepeth-b1a43f382058,sponnet,https://gitcoin.co/issue/2814,126.86,@sponnet,132,supporting-peepeth-b1a43f382058,{},ETH,[],0,13
2018-04-24T06:24:10,,Unknown,,https://github.com/owocki/pytrader/pull/59,owocki,https://gitcoin.co/issue/2809,63.43,owocki,465,pytrader,{},ETH,['https://github.com/owocki/'],1,364
2018-05-08T12:40:51,Feature,Hours,Beginner,https://github.com/timvanmourik/giraffetools/issues/19,TimVanMourik,https://gitcoin.co/issue/3049,31.71,timvanmourik,791,giraffetools,{},ETH,"['https://github.com/TimVanMourik/GiraffeTools/pull/41', 'https://github.com/TimVanMourik/GiraffeTools/pull/41']",2,15
2018-06-14T00:08:32,Feature,Hours,Intermediate,https://github.com/gitcoinco/web/issues/946,owocki,https://gitcoin.co/issue/3610,95.14,gitcoinco,1096,web,{},ETH,['https://github.com/gitcoinco/web/pull/1016'],1,-22
2018-04-24T18:07:20,Feature,Hours,Intermediate,https://github.com/cybercongress/chaingear/issues/941,21xhipster,https://gitcoin.co/issue/2826,63.43,cybercongress,244,chaingear,{},ETH,"['https://github.com/SaveTheAles/', 'https://github.com/SaveTheAles/']",2,13
2018-05-30T04:05:13,,Unknown,,https://github.com/gitcoinco/web/issues/640,vs77bb,https://gitcoin.co/issue/3380,63.43,gitcoinco,1332,web,{},ETH,['archive.gitcoin.co'],1,328
2018-04-27T18:35:19,Feature,Hours,Intermediate,https://github.com/marketprotocol/website/issues/9,pelsasser,https://gitcoin.co/issue/2888,36.55,marketprotocol,882,website,{},ETH,['https://github.com/MARKETProtocol/website/pull/32'],2,0
2018-05-01T11:07:12,Feature,Hours,Intermediate,https://github.com/marketprotocol/website/issues/6,pelsasser,https://gitcoin.co/issue/2949,48.73,marketprotocol,641,website,{},ETH,"['https://github.com/MARKETProtocol/website/pull/29', 'https://github.com/MARKETProtocol/website/pull/29']",2,-3
2018-04-25T15:07:29,Feature,Hours,Intermediate,https://github.com/marketprotocol/website/issues/2,pelsasser,https://gitcoin.co/issue/2845,60.92,marketprotocol,1093,website,{},ETH,['https://github.com/perfectmak/'],1,2
2018-07-17T04:10:23,Feature,Hours,Intermediate,https://github.com/marketprotocol/website/issues/4,pelsasser,https://gitcoin.co/issue/4320,146.74,marketprotocol,903,website,{},ETH,"['https://github.com/bradysheridan/', 'https://github.com/bradysheridan/', 'https://github.com/MARKETProtocol/website/pull/18']",3,-81
2018-07-13T03:51:08,Feature,Hours,Intermediate,https://github.com/gitcoinco/web/issues/925,owocki,https://gitcoin.co/issue/4235,117.39,gitcoinco,2039,web,{},ETH,[],0,-54
2018-05-19T23:07:36,Feature,Hours,Intermediate,https://github.com/marketprotocol/dapp/issues/120,pelsasser,https://gitcoin.co/issue/3252,83.97,marketprotocol,1571,dapp,{},ETH,[],2,-24
2018-05-07T14:20:02,,Unknown,,https://github.com/prysmaticlabs/geth-sharding/issues/94,vs77bb,https://gitcoin.co/issue/3030,173.53,prysmaticlabs,1485,geth-sharding,{},ETH,[],1,347
2018-04-22T23:06:52,Other,Hours,Intermediate,https://github.com/bounties-network/bountiesapi/issues/22,villanuevawill00aa9e3612734131,https://gitcoin.co/issue/2779,44.78,bounties-network,894,bountiesapi,{},ETH,['https://github.com/Bounties-Network/BountiesAPI/pull/25'],1,26
2018-05-08T05:24:42,Feature,Days,Advanced,https://github.com/bounties-network/bountiesapi/issues/23,villanuevawill00aa9e3612734131,https://gitcoin.co/issue/3038,279.88,bounties-network,2473,bountiesapi,{},ETH,['https://github.com/Bounties-Network/BountiesAPI/pull/24'],1,11
2018-05-08T04:57:54,Feature,Days,Advanced,https://github.com/bounties-network/bountiesapi/issues/21,villanuevawill00aa9e3612734131,https://gitcoin.co/issue/3037,190.32,bounties-network,4792,bountiesapi,{},ETH,['https://github.com/Bounties-Network/BountiesAPI/pull/33'],1,11
2018-05-13T02:25:40,Feature,Hours,Intermediate,https://github.com/distense/distense-ui/issues/231,JohnAllen,https://gitcoin.co/issue/3126,120.92,distense,462,distense-ui,{},ETH,['https://github.com/Distense/distense-ui/pull/234'],1,5
2018-05-25T21:07:31,Feature,Hours,Intermediate,https://github.com/gitcoinco/web/issues/920,owocki,https://gitcoin.co/issue/3316,157.72,gitcoinco,594,web,{},ETH,['https://github.com/gitcoinco/web/pull/1099'],1,-8
2018-04-24T18:45:21,Bug,Hours,Beginner,https://github.com/marketprotocol/dapp/issues/110,pelsasser,https://gitcoin.co/issue/2829,26.29,marketprotocol,662,dapp,{},ETH,['https://github.com/MARKETProtocol/dApp/pull/126'],1,0
2018-04-24T18:05:38,Bug,Hours,Beginner,https://github.com/marketprotocol/dapp/issues/115,pelsasser,https://gitcoin.co/issue/2825,26.29,marketprotocol,583,dapp,{},ETH,"['https://github.com/MARKETProtocol/dApp/pull/123', 'https://github.com/zoek1/']",2,0
2018-04-23T14:07:11,Bug,Hours,Beginner,https://github.com/marketprotocol/dapp/issues/116,pelsasser,https://gitcoin.co/issue/2785,26.29,marketprotocol,1160,dapp,{},ETH,['https://github.com/cryptomental/'],1,2
2018-04-25T13:06:44,Bug,Hours,Intermediate,https://github.com/marketprotocol/dapp/issues/118,pelsasser,https://gitcoin.co/issue/2842,26.29,marketprotocol,930,dapp,{},ETH,['https://github.com/MARKETProtocol/dApp/pull/122'],1,0
2018-04-23T22:06:46,Feature,Hours,Beginner,https://github.com/gitcoinco/web/issues/804,owocki,https://gitcoin.co/issue/2800,78.86,gitcoinco,522,web,{},ETH,[],1,24
2018-04-23T21:06:56,Feature,Hours,Beginner,https://github.com/gitcoinco/web/issues/892,owocki,https://gitcoin.co/issue/2798,78.86,gitcoinco,513,web,{},ETH,[],1,24
2018-04-26T14:06:55,Bug,Hours,Intermediate,https://github.com/timvanmourik/giraffetools/issues/16,TimVanMourik,https://gitcoin.co/issue/2864,26.29,timvanmourik,756,giraffetools,{},ETH,['https://github.com/TimVanMourik/GiraffeTools/pull/24'],1,21
2018-07-06T20:18:06,Other,Hours,Intermediate,https://github.com/distributedconsensus/beyondthehype/issues/1,,https://gitcoin.co/issue/4092,150.91,distributedconsensus,380,beyondthehype,{},ETH,['https://github.com/distributedconsensus/BeyondTheHype/pull/2'],1,100
2018-04-17T06:24:22,,Unknown,,https://github.com/owocki/pytrader/issues/82342342342,owocki,https://gitcoin.co/issue/2702,51.18,owocki,8,pytrader,{},ETH,[],1,364
2018-04-18T15:20:20,Bug,Hours,Intermediate,https://github.com/marketprotocol/dapp/issues/111,pelsasser,https://gitcoin.co/issue/2714,51.18,marketprotocol,1180,dapp,{},ETH,['https://github.com/cryptomental/'],1,4
2018-04-24T21:06:59,Feature,Hours,Intermediate,https://github.com/uport-project/uport-verify,bdresser,https://gitcoin.co/issue/2833,295.34,uport-project,2831,uport-verify,{},ETH,['https://github.com/bakaoh/'],1,354
2018-05-20T17:08:09,,Unknown,,https://github.com/metamask/metamask-extension/issues/3526,vs77bb,https://gitcoin.co/issue/3259,147.67,metamask,444,metamask-extension,{},ETH,['https://github.com/MetaMask/metamask-extension/pull/4143'],1,328
2018-04-24T10:06:44,Feature,Hours,Intermediate,https://github.com/timvanmourik/giraffetools/issues/12,TimVanMourik,https://gitcoin.co/issue/2815,24.61,timvanmourik,1110,giraffetools,{},ETH,['https://github.com/TimVanMourik/GiraffeTools/pull/20'],1,19
2018-04-20T18:06:49,Feature,Hours,Intermediate,https://github.com/marketprotocol/docs/issues/3,pelsasser,https://gitcoin.co/issue/2756,123.06,marketprotocol,951,docs,{},ETH,['https://github.com/MARKETProtocol/docs/pull/4'],1,-1
2019-01-22T15:10:14,Feature,Hours,Intermediate,https://github.com/gitcoinco/web/issues/865,owocki,https://gitcoin.co/issue/8301,103.86,gitcoinco,790,web,{},ETH,['https://github.com/gitcoinco/ethavatar/pull/12'],1,-255
2018-04-24T14:06:32,Feature,Days,Advanced,https://github.com/marketprotocol/dapp/issues/87,pelsasser,https://gitcoin.co/issue/2817,346.19,marketprotocol,2150,dapp,{},ETH,[],1,-6
2018-04-24T15:33:37,Feature,Hours,Intermediate,https://github.com/marketprotocol/dapp/issues/98,pelsasser,https://gitcoin.co/issue/2820,247.28,marketprotocol,1348,dapp,{},ETH,[],1,-6
2018-04-17T14:06:31,Feature,Hours,Beginner,https://github.com/marketprotocol/dapp/issues/99,pelsasser,https://gitcoin.co/issue/2706,36.98,marketprotocol,898,dapp,{},ETH,['https://github.com/murduk/'],1,1
2018-05-19T21:07:01,,Unknown,,https://github.com/raiden-network/raiden/issues/1195,vs77bb,https://gitcoin.co/issue/3246,51.59,raiden-network,575,raiden,{},ETH,[],1,327
2018-04-25T17:41:19,,Unknown,,https://github.com/raiden-network/raiden/issues/1237,vs77bb,https://gitcoin.co/issue/2846,77.38,raiden-network,1545,raiden,{},ETH,[],1,351
2018-04-12T06:24:01,Other,Unknown,Beginner,https://github.com/ryco117/a-made-up-repo.git,None,https://gitcoin.co/issue/2674,0.00,ryco117,4,a-made-up-repo.git,{},ETH,[],1,0
2018-04-19T13:49:57,Feature,Hours,Intermediate,https://github.com/timvanmourik/giraffetools/issues/7,TimVanMourik,https://gitcoin.co/issue/2743,41.52,timvanmourik,1108,giraffetools,{},ETH,['https://github.com/agni21/'],1,20
2018-05-15T13:06:39,Feature,Hours,Intermediate,https://github.com/gitcoinco/web/issues/843,owocki,https://gitcoin.co/issue/3165,581.34,gitcoinco,4488,web,{},ETH,[],0,-6
2018-07-11T16:07:32,Feature,Hours,Intermediate,https://github.com/gitcoinco/web/issues/813,owocki,https://gitcoin.co/issue/4202,239.99,gitcoinco,2770,web,{},ETH,[],0,-66
2018-04-11T15:10:22,Feature,Hours,Beginner,https://github.com/ethereumbook/ethereumbook/issues/402,owocki,https://gitcoin.co/issue/2397,18.46,ethereumbook,858,ethereumbook,{},ETH,[],2,8
2018-04-11T15:10:17,Feature,Hours,Beginner,https://github.com/ethereumbook/ethereumbook/issues/376,owocki,https://gitcoin.co/issue/2396,29.54,ethereumbook,322,ethereumbook,{},ETH,[],1,24
2018-05-04T14:06:23,,Unknown,Beginner,https://github.com/timvanmourik/giraffetools/issues/1,TimVanMourik,https://gitcoin.co/issue/2995,36.92,timvanmourik,1456,giraffetools,{},ETH,[],1,1
2018-04-11T16:06:32,Feature,Hours,Beginner,https://github.com/timvanmourik/giraffetools/issues/4,TimVanMourik,https://gitcoin.co/issue/2403,36.92,timvanmourik,1386,giraffetools,{},ETH,[],1,24
2018-04-11T15:10:09,Feature,Hours,Beginner,https://github.com/timvanmourik/giraffetools/issues/2,TimVanMourik,https://gitcoin.co/issue/2394,36.92,timvanmourik,847,giraffetools,{},ETH,[],1,24
2018-04-25T20:05:49,Other,Days,Intermediate,https://github.com/ethereum/solidity/issues/3750,vs77bb,https://gitcoin.co/issue/2853,61.03,ethereum,803,solidity,{},ETH,['https://github.com/netrunnerX/'],1,344
2018-04-11T15:10:02,Feature,Hours,Intermediate,https://github.com/marketprotocol/dapp/issues/85,pelsasser,https://gitcoin.co/issue/2392,147.68,marketprotocol,1469,dapp,{},ETH,[],1,8
2018-05-23T14:06:12,Feature,Hours,Intermediate,https://github.com/gitcoinco/web/issues/805,owocki,https://gitcoin.co/issue/3280,57.21,gitcoinco,547,web,{},ETH,[],0,-18
2018-05-07T06:05:54,Feature,Hours,Intermediate,https://github.com/gitcoinco/web/issues/656,owocki,https://gitcoin.co/issue/3025,99.17,gitcoinco,1141,web,{},ETH,['https://github.com/willsputra/'],2,-2
2018-05-15T23:06:00,Feature,Hours,Intermediate,https://github.com/gitcoinco/web/issues/802,owocki,https://gitcoin.co/issue/3179,94.61,gitcoinco,546,web,{},ETH,[],1,-12
2018-05-08T16:05:51,Feature,Hours,Intermediate,https://github.com/gitcoinco/web/issues/441,owocki,https://gitcoin.co/issue/3054,283.82,gitcoinco,1854,web,{},ETH,['https://github.com/gitcoinco/web/pull/889'],1,-4
2018-07-09T14:37:16,Feature,Hours,Intermediate,https://github.com/gitcoinco/web/issues/794,owocki,https://gitcoin.co/issue/4130,94.61,gitcoinco,1728,web,{},ETH,"['https://github.com/gitcoinco/web/pull/1010', 'https://github.com/kylewu/', 'https://github.com/kylewu/']",3,-66
2018-04-17T17:05:58,Feature,Hours,Intermediate,https://github.com/gitcoinco/web/issues/222,owocki,https://gitcoin.co/issue/2707,56.76,gitcoinco,827,web,{},ETH,['https://github.com/gitcoinco/web/pull/887'],1,16
2018-04-11T15:09:35,Other,Hours,Intermediate,https://github.com/kamescg/hackathon/issues/1,KamesCG,https://gitcoin.co/issue/2380,37.84,kamescg,432,hackathon,{},ETH,[],1,357
2018-04-11T15:09:21,Bug,Hours,Advanced,https://github.com/bounties-network/bountiesapi/issues/9,villanuevawill,https://gitcoin.co/issue/2375,47.18,bounties-network,7342,bountiesapi,{},ETH,[],1,17
2018-04-11T18:24:49,,Unknown,,https://github.com/ryco117/dadada.git,None,https://gitcoin.co/issue/2654,3.84,ryco117,2,dadada.git,{},ETH,[],2,-11
2018-04-11T18:24:47,,Unknown,,https://github.com/tests/tests/issues/16,,https://gitcoin.co/issue/2653,3.84,tests,14,tests,{},ETH,[],1,-11
2018-04-11T18:24:43,Feature,Days,Intermediate,https://github.com/owocki/pytrader/issues/8234234243,owocki,https://gitcoin.co/issue/2650,44.63,owocki,7,pytrader,{},ETH,[],1,-1
2018-04-11T15:09:00,Feature,Hours,Intermediate,https://github.com/gitcoinco/codefund/issues/67,coderberry,https://gitcoin.co/issue/2368,22.41,gitcoinco,64,codefund,{},ETH,[],1,-13
2018-04-11T15:09:05,Feature,Hours,Intermediate,https://github.com/gitcoinco/web/issues/684,owocki,https://gitcoin.co/issue/2370,49.29,gitcoinco,846,web,{},ETH,[],1,14
2018-04-12T17:40:25,Feature,Hours,Intermediate,https://github.com/gitcoinco/web/issues/693,owocki,https://gitcoin.co/issue/2680,58.35,gitcoinco,1011,web,{},ETH,[],1,12
2018-04-11T18:24:19,Bug,Days,Intermediate,https://github.com/gitcoinco/web/pull/691,thelostone-mc,https://gitcoin.co/issue/2631,0.49,gitcoinco,548,web,{},ETH,[],1,348
2018-04-11T18:24:15,Feature,Days,Intermediate,https://github.com/owocki/pytrader/issues/23423,owocki,https://gitcoin.co/issue/2629,58.35,owocki,9,pytrader,{},ETH,[],1,-3
2018-04-11T18:24:12,Feature,Days,Intermediate,https://github.com/owocki/pytrader/issues/83223,owocki,https://gitcoin.co/issue/2627,486.21,owocki,7,pytrader,{},ETH,[],1,-3
2018-04-11T18:24:10,Feature,Days,Intermediate,https://github.com/owocki/pytrader/issues/8332,None,https://gitcoin.co/issue/2626,194.48,owocki,6,pytrader,{},ETH,[],1,-3
2018-04-11T18:24:09,Feature,Days,Intermediate,https://github.com/gitcoinco/web/pull/626,None,https://gitcoin.co/issue/2625,48.62,gitcoinco,710,web,{},ETH,[],1,-3
2018-04-11T18:24:06,Feature,Days,Intermediate,https://github.com/owocki/pytrader/issues/88888,,https://gitcoin.co/issue/2623,48.62,owocki,5,pytrader,{},ETH,[],1,-3
2018-04-11T18:24:04,Feature,Days,Intermediate,https://github.com/owocki/pytrader/issues/234234,,https://gitcoin.co/issue/2622,9.72,owocki,9,pytrader,{},ETH,[],1,-3
2018-04-11T18:24:01,Feature,Days,Intermediate,https://github.com/owocki/pytrader/issues/11234234,,https://gitcoin.co/issue/2621,14.59,owocki,7,pytrader,{},ETH,[],1,-3
2018-04-11T18:23:59,Security,Weeks,Intermediate,https://github.com/owocki/adblock-to-bitcoin/issues/5232,,https://gitcoin.co/issue/2620,4.86,owocki,185,adblock-to-bitcoin,{},ETH,[],1,-10
2018-04-11T15:08:52,Feature,Hours,Intermediate,https://github.com/gitcoinco/codefund/issues/65,,https://gitcoin.co/issue/2366,20.94,gitcoinco,128,codefund,{},ETH,[],1,-11
2018-04-11T15:08:49,Feature,Hours,Intermediate,https://github.com/gitcoinco/codefund/issues/66,,https://gitcoin.co/issue/2365,52.34,gitcoinco,271,codefund,{},ETH,[],1,-11
2018-04-11T15:08:43,,Unknown,,https://github.com/metamask/metamask-extension/issues/3610,,https://gitcoin.co/issue/2362,52.03,metamask,85,metamask-extension,{},ETH,[],1,71
2018-04-11T18:23:56,,Unknown,,https://github.com/mbeacom/test-repo/issues/27,,https://gitcoin.co/issue/2618,0.00,mbeacom,54,test-repo,{},ETH,[],1,345
2018-04-11T18:23:53,Security,Weeks,Intermediate,https://github.com/gitcoinco/gitcoinco/issues/33,,https://gitcoin.co/issue/2616,81.46,gitcoinco,62,gitcoinco,{},ETH,[],1,-13
2018-04-11T15:08:41,Feature,Hours,Intermediate,https://github.com/gitcoinco/codefund/issues/59,,https://gitcoin.co/issue/2361,54.30,gitcoinco,147,codefund,{},ETH,[],1,-13
2018-04-11T15:08:37,Feature,Hours,Intermediate,https://github.com/bounties-network/bountiesapi/issues/5,,https://gitcoin.co/issue/2360,54.30,bounties-network,2166,bountiesapi,{},ETH,[],1,10
2018-04-14T05:51:44,Feature,Hours,Intermediate,https://github.com/bounties-network/bountiesapi/issues/4,,https://gitcoin.co/issue/2688,92.32,bounties-network,2550,bountiesapi,{},ETH,[],1,7
2018-04-30T15:04:55,Feature,Hours,Intermediate,https://github.com/gitcoinco/web/issues/683,,https://gitcoin.co/issue/2918,91.81,gitcoinco,1830,web,{},ETH,[],0,-10
2018-05-14T23:05:04,Other,Days,Intermediate,https://github.com/gitcoinco/web/issues/671,vs77bb,https://gitcoin.co/issue/3154,168.07,gitcoinco,2195,web,{},ETH,['https://github.com/gitcoinco/web/issues/671'],1,310
2018-04-11T15:08:24,Other,Hours,Beginner,https://github.com/maurelian/scvdb/issues/1,owocki,https://gitcoin.co/issue/2355,168.07,maurelian,875,scvdb,{},ETH,[],1,8
2018-04-24T05:41:08,Feature,Days,Beginner,https://github.com/robkelley/its-a-cinch,RobKelley,https://gitcoin.co/issue/2805,67.23,robkelley,2106,its-a-cinch,{},ETH,[],1,-28
2018-05-21T17:05:11,,Unknown,,https://github.com/trustwallet/trust-wallet-ios/issues/493,,https://gitcoin.co/issue/3266,28.01,trustwallet,478,trust-wallet-ios,{},ETH,['https://github.com/johnnynanjiang/'],1,303
2018-06-04T21:04:58,Other,Hours,Beginner,https://github.com/mycryptohq/mycrypto/issues/1117,owocki,https://gitcoin.co/issue/3465,138.97,mycryptohq,365,mycrypto,{},ETH,['https://github.com/MyCryptoHQ/MyCrypto/pull/1799'],1,-47
2018-04-11T15:08:14,Other,Hours,Beginner,https://github.com/gitcoinco/web/issues/666,owocki,https://gitcoin.co/issue/2350,83.52,gitcoinco,622,web,{},ETH,[],1,7
2018-04-11T15:08:12,Other,Weeks,Intermediate,https://github.com/gitcoinco/web/issues/419,PixelantDesign,https://gitcoin.co/issue/2349,222.71,gitcoinco,1972,web,{},ETH,[],1,-9
2018-05-17T20:18:45,,Hours,Beginner,https://github.com/gitcoinco/web/issues/354,owocki,https://gitcoin.co/issue/3216,83.38,gitcoinco,392,web,{},ETH,[],0,-29
2018-04-27T17:04:51,Other,Hours,Beginner,https://github.com/gitcoinco/web/issues/259,owocki,https://gitcoin.co/issue/2881,166.76,gitcoinco,512,web,{},ETH,"['https://github.com/gitcoinco/web/pull/955', 'https://github.com/gitcoinco/web/pull/935']",2,-9
2018-04-24T18:04:39,Other,Hours,Beginner,https://github.com/gitcoinco/web/issues/540,owocki,https://gitcoin.co/issue/2824,166.76,gitcoinco,527,web,{},ETH,['https://github.com/gitcoinco/web/issues/540'],1,-6
2018-04-20T18:04:45,Feature,Hours,Intermediate,https://github.com/gitcoinco/web/issues/620,owocki,https://gitcoin.co/issue/2755,94.50,gitcoinco,468,web,{},ETH,[],1,-2
2018-04-11T15:08:08,Other,Days,Intermediate,https://github.com/metamask/metamask-extension/issues/3533,vs77bb,https://gitcoin.co/issue/2348,55.68,metamask,107,metamask-extension,{},ETH,[],1,342
2018-04-11T15:07:53,Other,Hours,Beginner,https://github.com/gitcoinco/web/issues/561,owocki,https://gitcoin.co/issue/2342,66.70,gitcoinco,296,web,{},ETH,[],1,6
2018-04-11T15:07:51,Feature,Hours,Beginner,https://github.com/gitcoinco/web/issues/642,owocki,https://gitcoin.co/issue/2341,183.44,gitcoinco,870,web,{},ETH,[],1,6
2018-04-23T17:04:39,Feature,Hours,Intermediate,https://github.com/marketprotocol/dapp/issues/78,pelsasser,https://gitcoin.co/issue/2787,111.17,marketprotocol,922,dapp,{},ETH,[],1,-29
2018-04-21T15:31:40,Other,Days,Intermediate,https://github.com/metamask/metamask-extension/issues/3542,vs77bb,https://gitcoin.co/issue/2770,55.59,metamask,107,metamask-extension,{},ETH,[],1,331
2018-04-11T15:07:40,Feature,Hours,Intermediate,https://github.com/marketprotocol/marketprotocol/issues/57,pelsasser,https://gitcoin.co/issue/2337,268.02,marketprotocol,1690,marketprotocol,{},ETH,[],1,-11
2018-04-20T20:04:39,Other,Days,Intermediate,https://github.com/metamask/metamask-extension/issues/3549,vs77bb,https://gitcoin.co/issue/2760,54.91,metamask,107,metamask-extension,{},ETH,[],1,330
2018-04-11T15:07:35,Other,Days,Intermediate,https://github.com/metamask/metamask-extension/issues/3532,vs77bb,https://gitcoin.co/issue/2335,54.91,metamask,107,metamask-extension,{},ETH,[],1,339
2018-04-11T15:07:26,Other,Days,Intermediate,https://github.com/metamask/metamask-extension/issues/3550,vs77bb,https://gitcoin.co/issue/2332,54.91,metamask,107,metamask-extension,{},ETH,[],1,339
2018-04-11T15:07:11,Feature,Hours,Intermediate,https://github.com/trustwallet/trust-wallet-ios/issues/485,OlegGordiichuk,https://gitcoin.co/issue/2327,12.19,trustwallet,203,trust-wallet-ios,{},ETH,[],1,338
2018-04-11T15:07:06,Feature,Hours,Intermediate,https://github.com/agileventures/websiteone/issues/2221,owocki,https://gitcoin.co/issue/2325,60.95,agileventures,2747,websiteone,{},ETH,[],1,2
2018-04-11T15:07:01,Feature,Hours,Intermediate,https://github.com/trustwallet/trust-wallet-ios/issues/483,OlegGordiichuk,https://gitcoin.co/issue/2324,24.38,trustwallet,261,trust-wallet-ios,{},ETH,[],1,337
2018-04-11T15:06:59,Other,Days,Intermediate,https://github.com/metamask/metamask-extension/issues/3382,vs77bb,https://gitcoin.co/issue/2323,91.43,metamask,1904,metamask-extension,{},ETH,[],1,337
2018-04-11T15:06:56,Feature,Hours,Intermediate,https://github.com/ethereum/web3.py/issues/566,owocki,https://gitcoin.co/issue/2322,244.30,ethereum,1485,web3.py,{},ETH,[],1,1
2018-04-11T18:23:08,,Unknown,,https://github.com/mbeacom/test-repo/issues/24,mbeacom,https://gitcoin.co/issue/2592,0.00,mbeacom,13,test-repo,{},ETH,[],1,336
2018-04-11T15:06:40,Feature,Hours,Intermediate,https://github.com/gitcoinco/web/issues/608,owocki,https://gitcoin.co/issue/2315,61.08,gitcoinco,1168,web,{},ETH,[],1,-15
2018-04-11T15:06:37,,Unknown,,https://github.com/metamask/metamask-extension/issues/3536,,https://gitcoin.co/issue/2314,305.38,metamask,107,metamask-extension,{},ETH,[],1,336
2018-04-11T15:06:31,Feature,Hours,Intermediate,https://github.com/gitcoinco/web/issues/617,owocki,https://gitcoin.co/issue/2312,137.84,gitcoinco,1849,web,{},ETH,[],1,-16
2018-04-11T15:06:28,Other,Days,Intermediate,https://github.com/gitcoinco/web/issues/601,mbeacom,https://gitcoin.co/issue/2311,41.35,gitcoinco,641,web,{},ETH,[],1,335
2018-04-20T19:32:23,Feature,Hours,Intermediate,https://github.com/gitcoinco/web/issues/607,owocki,https://gitcoin.co/issue/2757,48.77,gitcoinco,513,web,{},ETH,[],0,-9
2018-04-11T15:06:21,Feature,Hours,Intermediate,https://github.com/gitcoinco/sxsw/issues/1,owocki,https://gitcoin.co/issue/2308,348.34,gitcoinco,865,sxsw,{},ETH,[],2,-16
2018-04-11T15:06:13,Other,Weeks,Beginner,https://github.com/gitcoinco/web/pull/585,PixelantDesign,https://gitcoin.co/issue/2306,17.42,gitcoinco,387,web,{},ETH,[],1,-24
2018-04-11T15:06:11,Feature,Hours,Intermediate,https://github.com/gitcoinco/web/issues/596,owocki,https://gitcoin.co/issue/2305,69.67,gitcoinco,896,web,{},ETH,[],1,-1
2018-04-11T15:06:05,Feature,Hours,Intermediate,https://github.com/gitcoinco/web/issues/594,owocki,https://gitcoin.co/issue/2303,69.67,gitcoinco,282,web,{},ETH,[],2,-1
2018-04-18T18:03:44,Feature,Days,Intermediate,https://github.com/gitcoinco/skunkworks/issues/63,owocki,https://gitcoin.co/issue/2724,174.27,gitcoinco,1088,skunkworks,{},ETH,['https://github.com/lucaguglielmi/'],1,48
2018-04-11T15:05:46,Feature,Days,Intermediate,https://github.com/gitcoinco/web/issues/565,owocki,https://gitcoin.co/issue/2296,187.09,gitcoinco,1651,web,{},ETH,[],1,55
2018-04-11T15:05:43,Bug,Days,Intermediate,https://github.com/trufflesuite/truffle/issues/744,skmgoldin,https://gitcoin.co/issue/2295,149.68,trufflesuite,935,truffle,{},ETH,[],1,55
2018-04-11T15:05:39,Feature,Days,Intermediate,https://github.com/gitcoinco/web/issues/563,owocki,https://gitcoin.co/issue/2293,89.81,gitcoinco,2247,web,{},ETH,[],1,54
2018-04-11T15:05:27,Feature,Days,Intermediate,https://github.com/ethereum/py-evm/issues/362,owocki,https://gitcoin.co/issue/2289,359.22,ethereum,1863,py-evm,{},ETH,[],1,54
2018-04-11T15:05:35,Other,Hours,Beginner,https://github.com/joincolony/colonynetwork/issues/174,,https://gitcoin.co/issue/2292,32.56,joincolony,422,colonynetwork,{},ETH,[],1,-29
2018-04-23T20:03:30,Feature,Days,Intermediate,https://github.com/consensys/linnia-smart-contracts/issues/18,owocki,https://gitcoin.co/issue/2794,569.84,consensys,1860,linnia-smart-contracts,{},ETH,[],1,41
2018-04-11T15:04:47,Security,Weeks,Intermediate,https://github.com/metamask/metamask-extension/issues/3355,vs77bb,https://gitcoin.co/issue/2275,128.03,metamask,420,metamask-extension,{},ETH,[],1,322
2018-04-11T15:04:45,Feature,Days,Intermediate,https://github.com/ethereum/web3.py/issues/666,pipermerriam,https://gitcoin.co/issue/2274,341.41,ethereum,305,web3.py,{},ETH,[],1,322
2018-05-02T15:03:11,Feature,Days,Intermediate,https://github.com/gitcoinco/web/issues/506,owocki,https://gitcoin.co/issue/2973,191.99,gitcoinco,2030,web,{},ETH,[],0,-34
2018-04-30T15:34:35,Feature,Hours,Intermediate,https://github.com/gitcoinco/web/issues/412,owocki,https://gitcoin.co/issue/2919,96.00,gitcoinco,896,web,{},ETH,[],0,-33
2018-04-11T15:04:33,Feature,Hours,Intermediate,https://github.com/gitcoinco/web/issues/503,owocki,https://gitcoin.co/issue/2269,122.18,gitcoinco,678,web,{},ETH,[],1,-14
2018-04-11T15:04:30,Bug,Hours,Intermediate,https://github.com/trustwallet/trust-wallet-ios/issues/367,owocki,https://gitcoin.co/issue/2268,86.72,trustwallet,68,trust-wallet-ios,{},ETH,[],1,-14
2018-04-11T15:04:28,Feature,Hours,Beginner,https://github.com/gitcoinco/skunkworks/issues/58,owocki,https://gitcoin.co/issue/2267,199.47,gitcoinco,1433,skunkworks,{},ETH,[],1,-15
2018-04-11T15:04:25,Bug,Hours,Beginner,https://github.com/gitcoinco/web/issues/498,owocki,https://gitcoin.co/issue/2266,86.72,gitcoinco,544,web,{},ETH,[],1,-15
2018-04-11T18:20:56,Feature,Days,Beginner,https://github.com/facebook/react/issues/5434,jasonrhaas,https://gitcoin.co/issue/2550,8.56,facebook,42,react,{},ETH,[],2,-45
2019-10-23T16:16:02,Bug,Days,Intermediate,https://github.com/thelostone-mc/holo/issues/1,thelostone-mc,https://gitcoin.co/issue/16970,0.86,thelostone-mc,4,holo,{},ETH,[],1,-243
2018-04-11T18:20:52,Security,Hours,Advanced,https://github.com/gitcoinco/web/issues/485,coderberry,https://gitcoin.co/issue/2548,42.81,gitcoinco,709,web,{},ETH,[],1,317
2018-04-11T15:04:21,Feature,Hours,Beginner,https://github.com/distense/distense-ui/issues/197,JohnAllen,https://gitcoin.co/issue/2264,56.13,distense,617,distense-ui,{},ETH,[],1,-42
2018-04-11T15:04:15,Feature,Hours,Intermediate,https://github.com/gitcoinco/web/issues/411,vs77bb,https://gitcoin.co/issue/2262,52.12,gitcoinco,371,web,{},ETH,[],1,316
2018-04-11T15:03:58,Bug,Days,Beginner,https://github.com/mbeacom/test-repo/issues/17,mbeacom,https://gitcoin.co/issue/2255,0.00,mbeacom,29,test-repo,{},ETH,[],2,315
2018-04-11T15:03:54,,Hours,Intermediate,https://github.com/gitcoinco/web/issues/469,DELETED_ACCOUNT,https://gitcoin.co/issue/2254,16.74,gitcoinco,0,web,{},ETH,[],1,-43
2018-04-11T15:03:50,Other,Hours,Beginner,https://github.com/distense/distense-ui/issues/192,JohnAllen,https://gitcoin.co/issue/2252,17.67,distense,151,distense-ui,{},ETH,[],2,-44
2018-04-11T15:03:44,Bug,Days,Beginner,https://github.com/gitcoinco/web/issues/463,mbeacom,https://gitcoin.co/issue/2250,37.59,gitcoinco,227,web,{},ETH,[],1,313
2018-04-11T15:03:41,Bug,Days,Beginner,https://github.com/gitcoinco/web/issues/465,mbeacom,https://gitcoin.co/issue/2249,14.10,gitcoinco,499,web,{},ETH,[],1,313
2018-04-11T15:03:38,,Unknown,,https://github.com/softwareengineeringdaily/sedaily-front-end/issues/244,crablar,https://gitcoin.co/issue/2248,41.04,softwareengineeringdaily,940,sedaily-front-end,{},ETH,[],1,313
2018-04-11T15:03:36,Feature,Hours,Intermediate,https://github.com/distense/distense-ui/issues/104,JohnAllen,https://gitcoin.co/issue/2247,31.92,distense,131,distense-ui,{},ETH,[],1,-39
2018-04-11T15:03:34,Feature,Hours,Intermediate,https://github.com/distense/distense-ui/issues/182,JohnAllen,https://gitcoin.co/issue/2246,29.07,distense,297,distense-ui,{},ETH,[],1,-40
2018-04-11T15:03:31,Feature,Hours,Intermediate,https://github.com/distense/distense-ui/issues/181,JohnAllen,https://gitcoin.co/issue/2245,19.38,distense,284,distense-ui,{},ETH,[],1,-40
2018-04-11T15:03:21,,Unknown,,https://github.com/distense/distense-ui/issues/172,JohnAllen,https://gitcoin.co/issue/2241,92.66,distense,762,distense-ui,{},ETH,[],4,309
2018-04-11T15:03:10,Feature,Hours,Intermediate,https://github.com/marketproject/dapp/issues/43,pelsasser,https://gitcoin.co/issue/2237,27.80,marketproject,462,dapp,{},ETH,[],1,-53
2018-04-11T15:03:05,Feature,Hours,Intermediate,https://github.com/marketproject/dapp/issues/41,pelsasser,https://gitcoin.co/issue/2235,37.06,marketproject,227,dapp,{},ETH,[],1,-53
2018-04-11T15:03:01,Feature,Days,Advanced,https://github.com/gitcoinco/ethdenver/issues/3,owocki,https://gitcoin.co/issue/2234,463.29,gitcoinco,1344,ethdenver,{},ETH,[],0,-49
2018-04-11T15:02:55,Feature,Days,Advanced,https://github.com/gitcoinco/ethdenver/issues/10,owocki,https://gitcoin.co/issue/2231,926.57,gitcoinco,1901,ethdenver,{},ETH,[],0,-49
2018-04-11T15:02:52,Feature,Days,Advanced,https://github.com/gitcoinco/ethdenver/issues/1,owocki,https://gitcoin.co/issue/2230,926.57,gitcoinco,2862,ethdenver,{},ETH,[],0,-49
2018-05-22T23:02:08,Feature,Hours,Advanced,https://github.com/gitcoinco/web/issues/450,owocki,https://gitcoin.co/issue/3274,459.25,gitcoinco,711,web,{},ETH,[],0,-8
2018-04-11T15:02:46,Feature,Hours,Advanced,https://github.com/gitcoinco/web/issues/439,owocki,https://gitcoin.co/issue/2226,45.92,gitcoinco,462,web,{},ETH,[],1,33
2018-04-11T15:02:43,Feature,Hours,Advanced,https://github.com/gitcoinco/web/issues/447,owocki,https://gitcoin.co/issue/2225,183.70,gitcoinco,1414,web,{},ETH,[],0,33
2018-04-11T15:02:38,Feature,Hours,Advanced,https://github.com/metamask/metamask-extension/issues/2562,owocki,https://gitcoin.co/issue/2223,110.22,metamask,208,metamask-extension,{},ETH,[],1,33
2018-04-11T15:02:35,Feature,Hours,Advanced,https://github.com/gitcoinco/web/issues/445,owocki,https://gitcoin.co/issue/2222,82.66,gitcoinco,1188,web,{},ETH,[],1,33
2018-04-11T15:02:33,Feature,Hours,Advanced,https://github.com/gitcoinco/web/issues/433,owocki,https://gitcoin.co/issue/2221,36.74,gitcoinco,361,web,{},ETH,[],6,33
2018-04-11T18:19:50,Security,Weeks,Intermediate,https://github.com/owocki/pytrader/issues/45,owocki,https://gitcoin.co/issue/2509,137.77,owocki,180,pytrader,{},ETH,[],1,-50
2018-04-11T15:02:28,,Unknown,,https://github.com/gitcoinco/web/issues/164,bhenze,https://gitcoin.co/issue/2220,113.34,gitcoinco,518,web,{},ETH,[],1,308
2018-04-11T18:19:27,Feature,Days,Beginner,https://github.com/facebook/react/issues/2008,jasonrhaas,https://gitcoin.co/issue/2497,9.18,facebook,394,react,{},ETH,[],2,-54
2018-04-11T18:19:23,Feature,Days,Beginner,https://github.com/facebook/react/issues/2006,jasonrhaas,https://gitcoin.co/issue/2495,8.41,facebook,277,react,{},ETH,[],1,-55
2018-04-11T18:19:22,Feature,Days,Beginner,https://github.com/facebook/react/issues/2004,jasonrhaas,https://gitcoin.co/issue/2494,8.41,facebook,485,react,{},ETH,[],1,-55
2018-04-11T15:02:22,,Unknown,,https://github.com/metamask/metamask-extension/issues/602,mattotodd,https://gitcoin.co/issue/2217,210.21,metamask,863,metamask-extension,{},ETH,[],1,307
2018-04-11T15:02:26,Feature,Hours,Advanced,https://github.com/gitcoinco/web/issues/408,owocki,https://gitcoin.co/issue/2219,46.67,gitcoinco,406,web,{},ETH,[],1,32
2018-04-11T15:02:24,Feature,Hours,Advanced,https://github.com/gitcoinco/web/pull/407,owocki,https://gitcoin.co/issue/2218,67.27,gitcoinco,449,web,{},ETH,[],1,32
2018-04-11T15:02:19,,Unknown,,https://github.com/ethereum/web3.py/issues/614,vs77bb,https://gitcoin.co/issue/2216,42.04,ethereum,1344,web3.py,{},ETH,[],1,307
2018-04-11T18:19:09,Feature,Days,Beginner,https://github.com/facebook/react/issues/2002,jasonrhaas,https://gitcoin.co/issue/2487,8.65,facebook,542,react,{},ETH,[],2,-56
2018-04-11T15:02:17,Feature,Hours,Advanced,https://github.com/mycryptohq/mycrypto/issues/764,owocki,https://gitcoin.co/issue/2215,173.07,mycryptohq,2069,mycrypto,{},ETH,[],1,31
2018-04-11T15:02:12,Feature,Hours,Intermediate,https://github.com/metamask/metamask-extension/issues/2393,pelsasser,https://gitcoin.co/issue/2213,219.19,metamask,953,metamask-extension,{},ETH,[],2,-59
2018-04-11T15:02:05,Feature,Hours,Intermediate,https://github.com/marketproject/dapp/issues/29,pelsasser,https://gitcoin.co/issue/2210,234.15,marketproject,868,dapp,{},ETH,[],1,-62
2018-05-28T17:12:04,Feature,Hours,Advanced,https://github.com/gitcoinco/web/issues/380,owocki,https://gitcoin.co/issue/3343,165.41,gitcoinco,956,web,{},ETH,[],0,-99
2018-04-11T15:01:58,Feature,Hours,Advanced,https://github.com/gitcoinco/web/issues/372,owocki,https://gitcoin.co/issue/2207,184.91,gitcoinco,474,web,{},ETH,[],1,-55
2018-04-11T15:01:51,Feature,Hours,Intermediate,https://github.com/codesponsor/codesponsor/issues/53,,https://gitcoin.co/issue/2204,41.72,codesponsor,237,codesponsor,{},ETH,[],1,-63
2018-04-11T18:18:09,Feature,Days,Beginner,https://github.com/facebook/react/issues/8222,jasonrhaas,https://gitcoin.co/issue/2453,10.43,facebook,1491,react,{},ETH,[],1,-69
2018-04-11T15:01:47,Feature,Hours,Advanced,https://github.com/gitcoinco/web/issues/355,owocki,https://gitcoin.co/issue/2202,31.29,gitcoinco,255,web,{},ETH,[],2,-56
2018-04-11T15:01:40,Feature,Hours,Advanced,https://github.com/gitcoinco/web/issues/353,owocki,https://gitcoin.co/issue/2199,61.87,gitcoinco,406,web,{},ETH,[],1,-56
2018-04-11T18:17:54,Bug,Days,Intermediate,https://github.com/owocki/pytrader/issues/43,owocki,https://gitcoin.co/issue/2444,32.52,owocki,245,pytrader,{},ETH,[],1,-58
2018-04-11T15:01:33,Feature,Hours,Advanced,https://github.com/ethereum/browser-solidity/issues/210,owocki,https://gitcoin.co/issue/2196,32.52,ethereum,378,browser-solidity,{},ETH,[],0,-58
2018-04-11T18:17:48,Feature,Days,Beginner,https://github.com/facebook/react/issues/8877,jasonrhaas,https://gitcoin.co/issue/2440,10.84,facebook,2515,react,{},ETH,[],2,-71
2018-04-11T18:17:46,Feature,Days,Beginner,https://github.com/facebook/react/issues/8885,jasonrhaas,https://gitcoin.co/issue/2439,10.84,facebook,2517,react,{},ETH,[],2,-71
2018-04-11T18:17:15,Bug,Days,Intermediate,https://github.com/owocki/pytrader/issues/21,owocki,https://gitcoin.co/issue/2424,23.54,owocki,217,pytrader,{},ETH,[],1,-59
2018-04-11T15:01:25,Feature,Hours,,https://github.com/codesponsor/codesponsor/issues/39,,https://gitcoin.co/issue/2192,35.31,codesponsor,240,codesponsor,{},ETH,[],2,-66
2018-04-11T15:01:18,Feature,Hours,Advanced,https://github.com/gitcoinco/web/issues/278,owocki,https://gitcoin.co/issue/2189,10.54,gitcoinco,225,web,{},ETH,[],1,-62
2018-01-26T03:36:21,,Unknown,,https://github.com/codesponsor/codesponsor/issues/37,,https://gitcoin.co/issue/554,5.27,codesponsor,125,codesponsor,{},ETH,[],1,364
2018-02-01T21:43:51,Feature,Hours,Intermediate,https://github.com/marketproject/dapp/issues/7,pelsasser,https://gitcoin.co/issue/595,211.24,marketproject,1697,dapp,{},ETH,[],0,-5
2018-01-25T14:44:10,Feature,Hours,Advanced,https://github.com/gitcoinco/web/issues/270,owocki,https://gitcoin.co/issue/549,5.28,gitcoinco,236,web,{},ETH,[],1,13
2018-02-06T23:38:34,Bug,Days,Intermediate,https://github.com/ethereum/py-evm/issues/302,,https://gitcoin.co/issue/610,264.05,ethereum,673,py-evm,{},ETH,[],1,351
2018-02-08T14:31:06,Feature,Hours,Intermediate,https://github.com/alx/parasol/issues/12,alx,https://gitcoin.co/issue/612,1.06,alx,246,parasol,{},ETH,[],1,-2
2018-02-19T21:37:08,Bug,Days,Intermediate,https://github.com/ethereum/web3.py/issues/577,,https://gitcoin.co/issue/1179,425.56,ethereum,690,web3.py,{},ETH,[],1,337
2018-04-11T18:16:54,Feature,Days,Beginner,https://github.com/facebook/react/issues/3892,jasonrhaas,https://gitcoin.co/issue/2414,9.81,facebook,80,react,{},ETH,[],1,-78
2018-01-24T16:02:24,Feature,Days,Advanced,https://github.com/marketproject/dapp/issues/3,pelsasser,https://gitcoin.co/issue/543,294.44,marketproject,248,dapp,{},ETH,[],1,5
2018-01-23T00:22:29,Bug,Days,Beginner,https://github.com/facebook/react/issues/9999,jasonrhaas,https://gitcoin.co/issue/530,98.15,facebook,564,react,{},ETH,[],0,364
2018-01-26T21:26:14,Bug,Hours,Intermediate,https://github.com/benji7425/discord-bot-core/issues/1,benji7425,https://gitcoin.co/issue/563,9.81,benji7425,2297,discord-bot-core,{},ETH,[],1,86
2018-01-26T15:34:12,Bug,Days,Intermediate,https://github.com/ethereum/eth-abi/issues/14,,https://gitcoin.co/issue/557,78.52,ethereum,536,eth-abi,{},ETH,[],1,361
2018-02-15T20:55:06,Feature,Hours,Advanced,https://github.com/gitcoinco/web/issues/261,owocki,https://gitcoin.co/issue/732,248.26,gitcoinco,2071,web,{},ETH,[],1,-11
2018-01-29T16:50:28,Feature,Hours,Intermediate,https://github.com/marketproject/dapp/issues/2,pelsasser,https://gitcoin.co/issue/567,198.61,marketproject,1706,dapp,{},ETH,[],1,-5
2018-01-29T17:48:55,Feature,Hours,Intermediate,https://github.com/marketproject/dapp/issues/1,pelsasser,https://gitcoin.co/issue/568,92.21,marketproject,698,dapp,{},ETH,[],1,-7
2018-03-01T02:41:28,,Unknown,,https://github.com/ethereum/web3.py/issues/492,,https://gitcoin.co/issue/1705,288.15,ethereum,1404,web3.py,{},ETH,[],0,324
2018-01-23T19:53:20,,Unknown,,https://github.com/ethereum/eth-utils/issues/44,,https://gitcoin.co/issue/536,86.44,ethereum,435,eth-utils,{},ETH,[],1,360
2018-01-22T22:06:01,Feature,Hours,Intermediate,https://github.com/marketproject/marketprotocol/issues/8,pelsasser,https://gitcoin.co/issue/527,40.00,marketproject,424,marketprotocol,{},ETH,[],1,0
2018-02-27T20:52:45,Feature,Hours,Advanced,https://github.com/gitcoinco/web/issues/233,owocki,https://gitcoin.co/issue/1698,415.05,gitcoinco,318,web,{},ETH,[],1,-32
2018-02-14T20:19:13,Feature,Hours,Advanced,https://github.com/gitcoinco/web/issues/221,owocki,https://gitcoin.co/issue/672,83.01,gitcoinco,573,web,{},ETH,[],1,-20
2018-01-30T16:36:21,Feature,Hours,Advanced,https://github.com/ethereum/remix/issues/85,owocki,https://gitcoin.co/issue/574,75.10,ethereum,0,remix,{},ETH,[],1,-5
2018-01-12T02:21:36,Feature,Hours,Advanced,https://github.com/ethereum/remix/issues/218,owocki,https://gitcoin.co/issue/486,87.62,ethereum,110,remix,{},ETH,[],0,13
2018-02-10T23:19:48,Feature,Hours,Advanced,https://github.com/gridplus/trustless-relay/issues/1,alex-miller-0,https://gitcoin.co/issue/619,926.24,gridplus,2024,trustless-relay,{},ETH,[],1,-23
2018-02-12T21:58:55,Feature,Hours,Intermediate,https://github.com/myetherwallet/myetherwallet/issues/774,owocki,https://gitcoin.co/issue/628,300.40,myetherwallet,215,myetherwallet,{},ETH,[],1,333
2018-02-12T20:55:50,Feature,Hours,Intermediate,https://github.com/myetherwallet/myetherwallet/issues/775,owocki,https://gitcoin.co/issue/623,287.89,myetherwallet,45,myetherwallet,{},ETH,[],1,333
2018-01-17T22:12:16,Feature,Hours,Intermediate,https://github.com/marketproject/dapps/issues/7,pelsasser,https://gitcoin.co/issue/507,79.73,marketproject,358,dapps,{},ETH,[],0,-1
2018-01-25T18:07:03,Feature,Hours,Advanced,https://github.com/nieldlr/ethereum-gas-price-extension/issues/2,owocki,https://gitcoin.co/issue/551,62.43,nieldlr,305,ethereum-gas-price-extension,{},ETH,[],1,-2
2018-01-26T21:19:20,Feature,Hours,Advanced,https://github.com/browep/brower-walk/issues/1,owocki,https://gitcoin.co/issue/561,156.07,browep,2001,brower-walk,{},ETH,[],1,-3
2018-01-15T02:15:41,Feature,Hours,Advanced,https://github.com/gitcoinco/skunkworks/issues/38,owocki,https://gitcoin.co/issue/498,312.14,gitcoinco,2256,skunkworks,{},ETH,[],1,8
2018-02-12T20:58:46,Feature,Hours,Advanced,https://github.com/trufflesuite/truffle-core/issues/87,owocki,https://gitcoin.co/issue/624,374.57,trufflesuite,380,truffle-core,{},ETH,[],1,-20
2018-01-18T13:57:46,Feature,Hours,Intermediate,https://github.com/marketproject/dapps/issues/6,pelsasser,https://gitcoin.co/issue/509,50.22,marketproject,0,dapps,{},ETH,[],0,-6
2018-03-13T03:14:35,Feature,Hours,Advanced,https://github.com/gitcoinco/skunkworks/issues/34,owocki,https://gitcoin.co/issue/1831,84.60,gitcoinco,379,skunkworks,{},ETH,[],1,-54
2018-01-17T22:32:23,,Unknown,,https://github.com/gitcoinco/web/pull/205,Mitch_Kosowski,https://gitcoin.co/issue/508,47.00,gitcoinco,453,web,{},ETH,[],1,351
2018-02-12T22:29:58,Feature,Hours,Advanced,https://github.com/gitcoinco/web/issues/208,owocki,https://gitcoin.co/issue/629,139.66,gitcoinco,2671,web,{},ETH,[],1,-27
2018-01-03T00:04:07,Feature,Hours,Intermediate,https://github.com/gitcoinco/web/pull/195,owocki,https://gitcoin.co/issue/446,46.55,gitcoinco,550,web,{},ETH,[],1,13
2018-01-15T23:21:22,Feature,Hours,Intermediate,https://github.com/gitcoinco/web/issues/206,owocki,https://gitcoin.co/issue/499,46.55,gitcoinco,469,web,{},ETH,[],1,1
2018-01-01T16:48:40,,Unknown,,https://github.com/gitcoinco/web/issues/179,,https://gitcoin.co/issue/430,37.74,gitcoinco,304,web,{},ETH,[],0,0
2018-02-27T00:28:17,Feature,Hours,Intermediate,https://github.com/gitcoinco/web/issues/198,owocki,https://gitcoin.co/issue/1688,150.97,gitcoinco,1213,web,{},ETH,[],1,-43
2018-01-23T22:24:09,Feature,Hours,Intermediate,https://github.com/gitcoinco/skunkworks/issues/27,owocki,https://gitcoin.co/issue/540,113.23,gitcoinco,814,skunkworks,{},ETH,[],1,-17
2017-12-31T18:52:44,Feature,Hours,Intermediate,https://github.com/gitcoinco/skunkworks/issues/22,owocki,https://gitcoin.co/issue/423,75.49,gitcoinco,759,skunkworks,{},ETH,[],1,6
2018-01-10T00:46:10,Feature,Hours,Intermediate,https://github.com/marketproject/marketprotocol/issues/18,pelsasser,https://gitcoin.co/issue/469,34.03,marketproject,127,marketprotocol,{},ETH,[],1,-5
2018-01-17T18:51:13,Feature,Hours,Intermediate,https://github.com/gitcoinco/skunkworks/issues/20,owocki,https://gitcoin.co/issue/506,102.09,gitcoinco,1969,skunkworks,{},ETH,[],1,-13
2018-02-13T19:51:56,Feature,Hours,Intermediate,https://github.com/gitcoinco/web/issues/184,owocki,https://gitcoin.co/issue/634,95.40,gitcoinco,1942,web,{},ETH,[],1,-40
2018-01-18T23:00:21,Feature,Hours,Intermediate,https://github.com/gitcoinco/web/issues/181,owocki,https://gitcoin.co/issue/510,70.79,gitcoinco,423,web,{},ETH,[],1,-15
2018-01-09T23:40:03,Feature,Hours,Intermediate,https://github.com/gitcoinco/web/issues/177,owocki,https://gitcoin.co/issue/466,56.63,gitcoinco,672,web,{},ETH,[],1,0
2018-01-04T13:45:13,Feature,Hours,Intermediate,https://github.com/gitcoinco/web/issues/175,owocki,https://gitcoin.co/issue/453,36.95,gitcoinco,182,web,{},ETH,[],1,5
2018-01-11T16:19:11,Feature,Hours,Intermediate,https://github.com/gitcoinco/web/issues/174,owocki,https://gitcoin.co/issue/475,110.86,gitcoinco,606,web,{},ETH,[],1,-2
2018-01-22T16:36:39,Feature,Hours,Intermediate,https://github.com/trufflesuitedeprecated/ganache-cldeprecatedi/issues/453,owocki,https://gitcoin.co/issue/525,369.53,trufflesuitedeprecated,1886,ganache-cldeprecatedi,{},ETH,[],0,-13
2017-12-31T20:54:52,Feature,Hours,Intermediate,https://github.com/gitcoinco/web/issues/173,owocki,https://gitcoin.co/issue/425,73.91,gitcoinco,1114,web,{},ETH,[],1,9
2018-01-02T17:22:08,Feature,Hours,Intermediate,https://github.com/gitcoinco/skunkworks/issues/14,10a7,https://gitcoin.co/issue/437,65.75,gitcoinco,1284,skunkworks,{},ETH,[],1,4
2018-01-02T17:12:12,Feature,Hours,Intermediate,https://github.com/gitcoinco/web/issues/168,owocki,https://gitcoin.co/issue/434,64.43,gitcoinco,296,web,{},ETH,[],1,354
2017-12-27T01:51:02,Feature,Hours,Intermediate,https://github.com/ethgasstation/ethgasstation-adaptive-oracle/issues/8,owocki,https://gitcoin.co/issue/395,193.28,ethgasstation,315,ethgasstation-adaptive-oracle,{},ETH,[],0,9
2018-03-14T19:27:47,,Unknown,,https://github.com/lynndylanhurley/devise_token_auth/issues/976,,https://gitcoin.co/issue/1859,51.05,lynndylanhurley,1136,devise_token_auth,{},ETH,[],0,282
2017-12-22T18:06:40,Feature,Hours,Intermediate,https://github.com/gitcoinco/web/issues/150,owocki,https://gitcoin.co/issue/366,12.76,gitcoinco,722,web,{},ETH,[],1,13
2018-01-07T18:31:28,Feature,Hours,Intermediate,https://github.com/gitcoinco/web/issues/157,owocki,https://gitcoin.co/issue/462,116.41,gitcoinco,993,web,{},ETH,[],1,-4
2018-02-26T21:38:01,Feature,Hours,Advanced,https://github.com/metamask/metamask-extension/issues/1459,owocki,https://gitcoin.co/issue/1685,263.87,metamask,170,metamask-extension,{},ETH,[],1,-54
2017-12-27T01:24:06,Bug,Hours,Advanced,https://github.com/trufflesuite/ganache-cli/issues/450,owocki,https://gitcoin.co/issue/394,388.04,trufflesuite,272,ganache-cli,{},ETH,[],1,7
2017-12-21T13:27:12,Bug,Hours,Intermediate,https://github.com/gitcoinco/web/issues/152,owocki,https://gitcoin.co/issue/354,117.85,gitcoinco,568,web,{},ETH,[],1,13
2018-03-13T03:16:56,Feature,Hours,Intermediate,https://github.com/metamask/metamask-extension/issues/2350,owocki,https://gitcoin.co/issue/1832,235.69,metamask,130,metamask-extension,{},ETH,[],0,282
2017-12-22T23:51:19,Bug,Hours,Intermediate,https://github.com/metamask/metamask-extension/issues/2737,owocki,https://gitcoin.co/issue/369,51.07,metamask,162,metamask-extension,{},ETH,[],0,11
2017-12-27T00:21:25,Feature,Hours,Intermediate,https://github.com/gitcoinco/chrome_ext/issues/14,owocki,https://gitcoin.co/issue/386,39.28,gitcoinco,346,chrome_ext,{},ETH,[],1,7
2017-12-24T00:55:52,Feature,Hours,Intermediate,https://github.com/gitcoinco/skunkworks/issues/9,owocki,https://gitcoin.co/issue/374,39.28,gitcoinco,497,skunkworks,{},ETH,[],1,10
2018-01-19T19:56:52,Feature,Hours,Intermediate,https://github.com/gitcoinco/chrome_ext/issues/8,owocki,https://gitcoin.co/issue/515,39.28,gitcoinco,461,chrome_ext,{},ETH,[],1,-17
2018-03-13T03:11:18,Feature,Hours,Intermediate,https://github.com/gitcoinco/chrome_ext/issues/1,owocki,https://gitcoin.co/issue/1830,39.28,gitcoinco,285,chrome_ext,{},ETH,[],0,-69
2017-12-27T21:55:39,Feature,Hours,Intermediate,https://github.com/gitcoinco/web/issues/139,owocki,https://gitcoin.co/issue/397,79.75,gitcoinco,582,web,{},ETH,[],1,4
2017-12-27T22:03:41,Feature,Hours,Intermediate,https://github.com/gitcoinco/web/issues/137,owocki,https://gitcoin.co/issue/399,78.40,gitcoinco,748,web,{},ETH,[],1,4
2017-12-23T15:22:59,Feature,Hours,Intermediate,https://github.com/gitcoinco/web/issues/133,owocki,https://gitcoin.co/issue/371,70.56,gitcoinco,867,web,{},ETH,[],1,8
2018-01-11T23:59:40,,Unknown,,https://github.com/jasonrhaas/slackcloud/issues/1,,https://gitcoin.co/issue/485,68.09,jasonrhaas,87,slackcloud,{},ETH,[],1,337
2018-02-14T20:03:19,Bug,Hours,Intermediate,https://github.com/gitcoinco/web/issues/128,owocki,https://gitcoin.co/issue/670,33.69,gitcoinco,794,web,{},ETH,[],0,-48
2018-01-02T16:06:00,Feature,Hours,Intermediate,https://github.com/ethereum/remix/issues/612,owocki,https://gitcoin.co/issue/433,47.16,ethereum,0,remix,{},ETH,[],1,-5
2018-01-11T17:40:46,Feature,Hours,Intermediate,https://github.com/myetherwallet/myetherwallet/issues/558,owocki,https://gitcoin.co/issue/477,88.35,myetherwallet,59,myetherwallet,{},ETH,[],1,-15
2017-12-14T22:08:44,Feature,Hours,Intermediate,https://github.com/myetherwallet/myetherwallet/issues/556,owocki,https://gitcoin.co/issue/309,108.74,myetherwallet,819,myetherwallet,{},ETH,[],1,13
2018-01-11T21:52:52,Feature,Hours,Intermediate,https://github.com/myetherwallet/myetherwallet/issues/544,owocki,https://gitcoin.co/issue/479,74.76,myetherwallet,94,myetherwallet,{},ETH,[],1,-15
2017-12-20T10:49:36,Feature,Hours,Intermediate,https://github.com/consensys/tokens/issues/100,owocki,https://gitcoin.co/issue/333,37.38,consensys,24,tokens,{},ETH,[],1,8
2018-01-02T19:29:21,Feature,Hours,Intermediate,https://github.com/consensys/tokens/issues/103,owocki,https://gitcoin.co/issue/439,37.38,consensys,0,tokens,{},ETH,[],1,-6
2018-01-23T20:41:37,Feature,Hours,Intermediate,https://github.com/alx/parasol/issues/10,alx,https://gitcoin.co/issue/537,203.89,alx,661,parasol,{},ETH,[],1,-27
2018-01-02T23:19:51,Feature,Hours,Intermediate,https://github.com/ethereum/web3.py/issues/493,owocki,https://gitcoin.co/issue/441,287.11,ethereum,2835,web3.py,{},ETH,[],1,-7
2017-12-22T17:59:44,Feature,Hours,Intermediate,https://github.com/ethereum/web3.py/issues/494,owocki,https://gitcoin.co/issue/365,123.05,ethereum,1246,web3.py,{},ETH,[],1,4
2017-12-15T15:53:00,Feature,Hours,Intermediate,https://github.com/ethereum/py-evm/issues/212,owocki,https://gitcoin.co/issue/313,82.71,ethereum,524,py-evm,{},ETH,[],1,12
2017-12-19T10:48:43,Bug,Hours,Intermediate,https://github.com/timvanmourik/porcupine/issues/20,TimVanMourik,https://gitcoin.co/issue/332,55.92,timvanmourik,538,porcupine,{},ETH,[],1,83
2017-12-27T22:31:51,Feature,Hours,Intermediate,https://github.com/etherdelta/etherdelta.github.io/issues/320,owocki,https://gitcoin.co/issue/402,497.06,etherdelta,326,etherdelta.github.io,{},ETH,[],1,-9
2017-12-21T01:59:42,Feature,Hours,Intermediate,https://github.com/gitcoinco/web/issues/81,owocki,https://gitcoin.co/issue/348,43.49,gitcoinco,289,web,{},ETH,[],0,-2
2017-12-18T06:45:43,Feature,Hours,Intermediate,https://github.com/gitcoinco/skunkworks/issues/4,owocki,https://gitcoin.co/issue/324,73.61,gitcoinco,607,skunkworks,{},ETH,[],1,-3
2017-12-13T18:07:13,Feature,Hours,Intermediate,https://github.com/gitcoinco/skunkworks/issues/2,owocki,https://gitcoin.co/issue/294,119.04,gitcoinco,528,skunkworks,{},ETH,[],1,1
2018-01-08T14:54:33,Feature,Hours,Intermediate,https://github.com/marketproject/marketprotocol/issues/9,pelsasser,https://gitcoin.co/issue/463,81.34,marketproject,364,marketprotocol,{},ETH,[],1,-26
2017-12-06T20:10:08,Feature,Days,Intermediate,https://github.com/marketproject/marketprotocol/issues/4,pelsasser,https://gitcoin.co/issue/263,221.71,marketproject,770,marketprotocol,{},ETH,[],1,28
2017-12-08T16:46:41,Feature,Hours,Intermediate,https://github.com/gitcoinco/web/issues/76,owocki,https://gitcoin.co/issue/271,93.24,gitcoinco,303,web,{},ETH,[],1,2
2017-12-13T22:38:20,Feature,Hours,Beginner,https://github.com/gitcoinco/web/issues/73,owocki,https://gitcoin.co/issue/295,23.31,gitcoinco,598,web,{},ETH,[],1,-3
2017-12-08T19:38:33,Feature,Hours,Beginner,https://github.com/gitcoinco/web/issues/63,owocki,https://gitcoin.co/issue/272,68.57,gitcoinco,544,web,{},ETH,[],0,-1
2017-12-07T18:11:21,Other,Hours,Intermediate,https://github.com/gitcoinco/ios/issues/4,owocki,https://gitcoin.co/issue/268,420.54,gitcoinco,2163,ios,{},ETH,[],1,0
2017-12-18T05:40:42,Other,Hours,Intermediate,https://github.com/gitcoinco/gitcoinco/issues/3,owocki,https://gitcoin.co/issue/320,68.57,gitcoinco,598,gitcoinco,{},ETH,[],1,-11
2017-12-04T22:17:53,Security,Days,Advanced,https://github.com/jhoenicke/mempool/issues/14,abitrolly,https://gitcoin.co/issue/254,19.32,jhoenicke,177,mempool,{},ETH,[],1,360
2017-12-21T02:03:06,Other,Hours,Beginner,https://github.com/gitcoinco/gitcoinco/issues/2,owocki,https://gitcoin.co/issue/349,42.51,gitcoinco,925,gitcoinco,{},ETH,[],1,-15
2017-12-04T05:02:01,Other,Hours,Beginner,https://github.com/gitcoinco/web/issues/53,owocki,https://gitcoin.co/issue/242,92.31,gitcoinco,477,web,{},ETH,[],1,2
2018-02-12T17:44:15,Other,Hours,Beginner,https://github.com/gitcoinco/gitcoinco/issues/1,owocki,https://gitcoin.co/issue/621,335.17,gitcoinco,1377,gitcoinco,{},ETH,[],0,-62
2017-12-04T18:31:16,Feature,Hours,Intermediate,https://github.com/gitcoinco/web/issues/52,owocki,https://gitcoin.co/issue/252,69.92,gitcoinco,752,web,{},ETH,[],1,7
2018-01-30T11:55:47,Security,Days,Advanced,https://github.com/open-eid/linux-installer/issues/13,abitrolly,https://gitcoin.co/issue/573,21.25,open-eid,246,linux-installer,{},ETH,[],1,301
2017-12-28T08:20:27,Feature,Hours,Beginner,https://github.com/skvark/opencv-python/issues/50,abitrolly,https://gitcoin.co/issue/405,20.83,skvark,65,opencv-python,{},ETH,[],1,333
2017-12-20T11:03:48,Feature,Hours,Intermediate,https://github.com/gitcoinco/web/issues/50,owocki,https://gitcoin.co/issue/334,362.33,gitcoinco,422,web,{},ETH,[],1,0
2017-11-15T22:58:54,Feature,Hours,Intermediate,https://github.com/pipermerriam/web3.py/issues/339,owocki,https://gitcoin.co/issue/128,314.60,pipermerriam,968,web3.py,{},ETH,[],1,29
2017-12-05T18:32:56,Feature,Hours,Beginner,https://github.com/pipermerriam/web3.py/issues/430,owocki,https://gitcoin.co/issue/258,331.16,pipermerriam,0,web3.py,{},ETH,[],1,10
2018-01-11T17:41:12,Feature,Hours,Beginner,https://github.com/pipermerriam/web3.py/issues/419,owocki,https://gitcoin.co/issue/478,112.59,pipermerriam,0,web3.py,{},ETH,[],1,-27
2017-11-24T07:06:26,Feature,Hours,Intermediate,https://github.com/orihoch/data4dappl/issues/36,OriHoch,https://gitcoin.co/issue/153,132.46,orihoch,411,data4dappl,{},ETH,[],1,5
2017-12-07T00:04:19,Feature,Hours,Beginner,https://github.com/pipermerriam/web3.py/issues/409,owocki,https://gitcoin.co/issue/265,49.67,pipermerriam,0,web3.py,{},ETH,[],1,8
2017-11-16T17:51:41,Feature,Hours,Intermediate,https://github.com/trufflesuite/truffle/issues/632,owocki,https://gitcoin.co/issue/132,331.16,trufflesuite,199,truffle,{},ETH,[],1,28
2017-12-11T23:27:23,Bug,Hours,Intermediate,https://github.com/trufflesuite/truffle/issues/680,owocki,https://gitcoin.co/issue/275,33.09,trufflesuite,903,truffle,{},ETH,[],1,3
2018-02-27T01:15:34,Feature,Days,Intermediate,https://github.com/trufflesuite/truffle/issues/472,owocki,https://gitcoin.co/issue/1689,413.56,trufflesuite,1810,truffle,{},ETH,[],1,-74
2018-01-17T18:49:18,Feature,Days,Intermediate,https://github.com/trufflesuite/truffle/issues/343,owocki,https://gitcoin.co/issue/505,661.70,trufflesuite,1076,truffle,{},ETH,[],0,-34
2017-11-21T22:48:35,,Hours,Beginner,https://github.com/consensys/smart-contract-best-practices/issues/1,maurelian,https://gitcoin.co/issue/146,20.79,consensys,0,smart-contract-best-practices,{},ETH,[],1,6
2018-01-17T06:11:21,,Hours,Beginner,https://github.com/consensys/smart-contract-best-practices/issues/113,maurelian,https://gitcoin.co/issue/503,99.26,consensys,595,smart-contract-best-practices,{},ETH,[],0,-50
2017-11-26T21:38:45,,Hours,Beginner,https://github.com/consensys/smart-contract-best-practices/issues/112,maurelian,https://gitcoin.co/issue/157,26.47,consensys,563,smart-contract-best-practices,{},ETH,[],1,1
2017-11-27T21:53:13,Security,Unknown,Advanced,https://github.com/metamask/metamask-extension/issues/2577,danfinlay,https://gitcoin.co/issue/163,335.71,metamask,1616,metamask-extension,{},ETH,[],1,165
2018-03-02T18:19:14,Security,Hours,Intermediate,https://github.com/gitcoinco/web/issues/38,owocki,https://gitcoin.co/issue/1719,1242.44,gitcoinco,797,web,{},ETH,[],0,-82
2017-11-28T14:19:13,Feature,Hours,Intermediate,https://github.com/etherdelta/etherdelta.github.io/issues/225,owocki,https://gitcoin.co/issue/166,170.84,etherdelta,184,etherdelta.github.io,{},ETH,[],1,12
2017-12-12T15:52:48,Feature,Hours,Intermediate,https://github.com/etherdelta/etherdelta.github.io/issues/226,owocki,https://gitcoin.co/issue/281,170.84,etherdelta,180,etherdelta.github.io,{},ETH,[],1,-2
2017-11-30T01:05:25,Feature,Hours,Beginner,https://github.com/timvanmourik/forkppm/issues/2,owocki,https://gitcoin.co/issue/185,9.32,timvanmourik,191,forkppm,{},ETH,[],1,71
2017-12-07T18:10:56,Feature,Hours,Beginner,https://github.com/timvanmourik/forkppm/issues/3,owocki,https://gitcoin.co/issue/267,9.32,timvanmourik,521,forkppm,{},ETH,[],1,63
2017-12-02T16:30:18,Feature,Hours,Beginner,https://github.com/timvanmourik/forkppm/issues/1,owocki,https://gitcoin.co/issue/240,9.32,timvanmourik,452,forkppm,{},ETH,[],1,68
2017-12-01T21:20:19,Feature,Hours,Beginner,https://github.com/cmditch/elm-web3/issues/34,owocki,https://gitcoin.co/issue/237,31.06,cmditch,56,elm-web3,{},ETH,[],1,69
2017-11-16T07:05:49,Feature,Hours,Beginner,https://github.com/pipermerriam/web3.py/issues/302,owocki,https://gitcoin.co/issue/130,31.06,pipermerriam,703,web3.py,{},ETH,[],1,84
2017-11-28T22:45:23,Feature,Hours,Beginner,https://github.com/metamask/metamask-extension/issues/1785,owocki,https://gitcoin.co/issue/169,46.59,metamask,111,metamask-extension,{},ETH,[],1,12
2017-12-21T02:04:56,Feature,Hours,Beginner,https://github.com/gitcoinco/smart_contracts/issues/2,owocki,https://gitcoin.co/issue/350,18.64,gitcoinco,242,smart_contracts,{},ETH,[],1,-10
2017-11-14T00:24:26,Feature,Hours,Beginner,https://github.com/gitcoinco/web/issues/2,owocki,https://gitcoin.co/issue/115,12.42,gitcoinco,187,web,{},ETH,[],1,177
2017-12-27T22:18:55,Feature,Hours,Intermediate,https://github.com/gitcoinco/web/issues/43,owocki,https://gitcoin.co/issue/401,31.06,gitcoinco,295,web,{},ETH,[],1,-33
2017-10-30T23:07:16,,Unknown,,https://github.com/timvanmourik/porcupine/issues/18,TimVanMourik,https://gitcoin.co/issue/54,3.05,timvanmourik,185,porcupine,{},ETH,[],1,115740
2017-11-07T19:03:14,Other,Hours,Intermediate,https://github.com/adore/daylight/issues/17,chunkzer,https://gitcoin.co/issue/75,24.40,adore,93,daylight,{},ETH,[],0,-3
2017-11-11T00:35:26,Feature,Days,Intermediate,https://github.com/gitcoinco/web/issues/34,owocki,https://gitcoin.co/issue/89,349.91,gitcoinco,383,web,{},ETH,[],0,-15
2017-10-17T14:22:07,Feature,Hours,Beginner,https://github.com/gitcoinco/ios/issues/1,owocki,https://gitcoin.co/issue/35,3.16,gitcoinco,174,ios,{},ETH,[],0,6
2017-11-11T00:36:56,Feature,Hours,Beginner,https://github.com/gitcoinco/web/issues/32,owocki,https://gitcoin.co/issue/90,34.17,gitcoinco,248,web,{},ETH,[],0,-22
2017-10-02T09:35:35,Bug,Hours,Beginner,https://github.com/gitcoinco/web/issues/16,owocki,https://gitcoin.co/issue/20,7.39,gitcoinco,271,web,{},ETH,[],0,13
2017-10-01T18:45:22,Feature,Unknown,,https://github.com/angular/angular.js/issues/15294,dntxos,https://gitcoin.co/issue/18,5.91,angular,406,angular.js,{},ETH,[],0,29
2017-11-11T00:34:56,Feature,Hours,Intermediate,https://github.com/youvegoteth/youvegoteth.github.io/issues/11,owocki,https://gitcoin.co/issue/88,7.37,youvegoteth,573,youvegoteth.github.io,{},ETH,[],1,318
2017-10-28T17:53:21,Feature,Hours,Intermediate,https://github.com/gitcoinco/smart_contracts/issues/1,owocki,https://gitcoin.co/issue/48,7.37,gitcoinco,292,smart_contracts,{},ETH,[],1,331
2017-10-27T15:20:59,Other,Hours,Beginner,https://github.com/gitcoinco/web/issues/4,owocki,https://gitcoin.co/issue/42,4.42,gitcoinco,305,web,{},ETH,[],1,332
2017-10-02T10:02:10,Bug,Hours,Beginner,https://github.com/gitcoinco/web/issues/3,owocki,https://gitcoin.co/issue/22,5.90,gitcoinco,357,web,{},ETH,[],1,358
2017-10-28T17:42:58,Feature,Hours,Beginner,https://github.com/owocki/coloradocoin/issues/1,owocki,https://gitcoin.co/issue/45,5.90,owocki,135,coloradocoin,{},ETH,[],1,331
2017-09-26T12:58:22,,,,https://github.com/gitcoinco/web/issues/1,owocki,https://gitcoin.co/issue/11,8.84,gitcoinco,162,web,{},ETH,[],1,363
