created_on,bounty_type,project_length,experience_level,github_url,bounty_owner_github_username,url,value_in_usdt,github_org_name,description_len,github_repo_name,additional_funding_summary,token_name,github_pr,fulfillments_len,issue_timeout,repo_forks_count,repo_stargazers_count,repo_watchers_count,repo_open_issues_count,repo_created_at,repo_subscribers_count,repo_language,repo_size
2022-12-21T18:08:23,Design,Hours,Advanced,https://github.com/quickfast-io/ux/issues/1,kingassune,https://gitcoin.co/issue/29664,350.0,quickfast-io,223,ux,{},ETH,['https://www.figma.com/proto/D5EAtuNcgGjP6jX0WHCgBM/Rabbit-dapp-preview?page-id=4%3A47&node-id=26%3A3508&viewport=2348%2C3279%2C0.51&scaling=contain&starting-point-node-id=26%3A3508&show-proto-sidebar=1'],1,96392,1.0,0.0,0.0,1.0,2022-12-18T23:57:16Z,1.0,Dart,6569.0
2022-06-04T08:16:16,Feature,Hours,Advanced,https://github.com/ark-builders/arklib-android/issues/7,kirillt,https://gitcoin.co/issue/28947,150.0,ark-builders,687,arklib-android,{},ETH,['https://github.com/ARK-Builders/arklib-android/pull/8'],1,29,3.0,2.0,2.0,12.0,2022-01-17T20:19:52Z,2.0,Kotlin,12595.0
2022-06-04T08:10:35,Feature,Hours,Intermediate,https://github.com/ark-builders/arklib/issues/11,kirillt,https://gitcoin.co/issue/28946,150.0,ark-builders,683,arklib,{},ETH,['https://github.com/ARK-Builders/arklib/pull/12'],1,29,4.0,0.0,0.0,14.0,2022-01-10T10:49:42Z,2.0,Rust,1683.0
2022-05-20T04:36:50,Feature,Days,Intermediate,https://github.com/xmtp-labs/ethshanghai-2022/issues/2,galligan,https://gitcoin.co/issue/28892,2500.0,xmtp-labs,4242,ethshanghai-2022,{},ETH,['https://github.com/NftTopBest/web3nft.social'],7,12,0.0,2.0,2.0,2.0,2022-05-18T16:52:03Z,1.0,,8.0
2022-05-19T14:56:56,Improvement,Hours,Intermediate,https://github.com/zeevoco/zeevoco.github.io/issues/1,nopslip,https://gitcoin.co/issue/28886,309.74,zeevoco,878,zeevoco.github.io,{},ETH,['https://github.com/zeevoco/zeevoco.github.io/pull/2'],1,7,0.0,0.0,0.0,0.0,2022-05-18T21:00:40Z,1.0,HTML,6129.0
2022-04-29T17:01:33,,Hours,Beginner,https://github.com/bobanetwork/hackathons/issues/2,bobasi,https://gitcoin.co/issue/28817,14801.23,bobanetwork,3456,hackathons,{},ETH,['https://github.com/chunza2542/buildquest'],13,23,2.0,5.0,5.0,0.0,2022-03-10T04:04:40Z,3.0,,6.0
2022-04-20T07:21:29,Feature,Hours,Intermediate,https://github.com/humanprotocol/hmt-escrow/issues/314,human-protocol,https://gitcoin.co/issue/28782,3076.7,humanprotocol,1757,hmt-escrow,{},ETH,['https://github.com/humanprotocol/hmt-escrow/pull/316'],1,96638,42.0,25.0,25.0,28.0,2018-10-01T08:29:57Z,12.0,TypeScript,10821.0
2022-04-19T17:34:19,Other,Hours,Advanced,https://github.com/foresight-org/gitcoin-bounties/issues/29,aaronlongevity,https://gitcoin.co/issue/28770,465.25,foresight-org,959,gitcoin-bounties,{},ETH,['https://github.com/ogwokalu/decarbonization-'],1,41,0.0,1.0,1.0,33.0,2022-02-07T16:43:07Z,0.0,,0.0
2022-04-19T17:33:01,Other,Hours,Advanced,https://github.com/foresight-org/gitcoin-bounties/issues/28,aaronlongevity,https://gitcoin.co/issue/28769,465.25,foresight-org,860,gitcoin-bounties,{},ETH,['https://github.com/nwakaku/silicon/blob/main/silicon.pdf'],4,41,0.0,1.0,1.0,33.0,2022-02-07T16:43:07Z,0.0,,0.0
2022-04-19T17:31:53,Other,Hours,Advanced,https://github.com/foresight-org/gitcoin-bounties/issues/27,aaronlongevity,https://gitcoin.co/issue/28768,465.25,foresight-org,869,gitcoin-bounties,{},ETH,['https://github.com/adrianhacker-pdx/Nanotechnology-Design/blob/main/Nanotechnology.pdf'],2,41,0.0,1.0,1.0,33.0,2022-02-07T16:43:07Z,0.0,,0.0
2022-04-19T17:29:05,Other,Hours,Advanced,https://github.com/foresight-org/gitcoin-bounties/issues/25,aaronlongevity,https://gitcoin.co/issue/28766,465.25,foresight-org,943,gitcoin-bounties,{},ETH,['https://github.com/toledoroy/foresight-org_gitcoin-bounties_issue25/wiki/Web3-as-the-future-of-Intelligent-Cooperation'],2,41,0.0,1.0,1.0,33.0,2022-02-07T16:43:07Z,0.0,,0.0
2022-04-19T17:27:19,Other,Hours,Advanced,https://github.com/foresight-org/gitcoin-bounties/issues/24,aaronlongevity,https://gitcoin.co/issue/28765,465.25,foresight-org,922,gitcoin-bounties,{},ETH,['https://github.com/drew7wonders/Taking-DAO-s-To-The-Next-Level-Via-Designing-Better-Participation-Mechanisms'],6,41,0.0,1.0,1.0,33.0,2022-02-07T16:43:07Z,0.0,,0.0
2022-04-19T17:26:04,Other,Hours,Advanced,https://github.com/foresight-org/gitcoin-bounties/issues/23,aaronlongevity,https://gitcoin.co/issue/28764,465.25,foresight-org,834,gitcoin-bounties,{},ETH,['https://github.com/sepandhaghighi/longevity/blob/master/regimen/README.md'],1,41,0.0,1.0,1.0,33.0,2022-02-07T16:43:07Z,0.0,,0.0
2022-04-19T17:22:53,Other,Hours,Advanced,https://github.com/foresight-org/gitcoin-bounties/issues/21,aaronlongevity,https://gitcoin.co/issue/28762,465.25,foresight-org,782,gitcoin-bounties,{},ETH,['https://github.com/sepandhaghighi/longevity/blob/master/autophagy/README.md'],1,41,0.0,1.0,1.0,33.0,2022-02-07T16:43:07Z,0.0,,0.0
2022-04-19T17:21:17,Other,Hours,Advanced,https://github.com/foresight-org/gitcoin-bounties/issues/20,aaronlongevity,https://gitcoin.co/issue/28761,465.25,foresight-org,875,gitcoin-bounties,{},ETH,['https://github.com/okeaguugochukwu/Brain-computer-interfaces-'],1,41,0.0,1.0,1.0,33.0,2022-02-07T16:43:07Z,0.0,,0.0
2022-04-19T17:20:06,Other,Hours,Advanced,https://github.com/foresight-org/gitcoin-bounties/issues/19,aaronlongevity,https://gitcoin.co/issue/28760,465.25,foresight-org,806,gitcoin-bounties,{},ETH,['https://github.com/erinmagennis/neurotech/blob/main/README.md'],1,41,0.0,1.0,1.0,33.0,2022-02-07T16:43:07Z,0.0,,0.0
2022-04-19T17:18:42,Other,Hours,Advanced,https://github.com/foresight-org/gitcoin-bounties/issues/18,aaronlongevity,https://gitcoin.co/issue/28759,465.25,foresight-org,853,gitcoin-bounties,{},ETH,['https://www.intechopen.com/chapters/65618'],2,41,0.0,1.0,1.0,33.0,2022-02-07T16:43:07Z,0.0,,0.0
2022-04-19T17:17:42,Other,Hours,Advanced,https://github.com/foresight-org/gitcoin-bounties/issues/17,aaronlongevity,https://gitcoin.co/issue/28758,465.25,foresight-org,831,gitcoin-bounties,{},ETH,['https://github.com/Astraioss/Space-Getting-Information-on-The-Composition-and-Physical-Structure-of-Asteroids'],1,29,0.0,1.0,1.0,33.0,2022-02-07T16:43:07Z,0.0,,0.0
2022-04-13T15:15:52,Bug,Hours,Beginner,https://github.com/gitcoinco/skunkworks/issues/271,mopdo,https://gitcoin.co/issue/28728,3.12,gitcoinco,7,skunkworks,{},ETH,['https://www.youtube.com/watch?v=gdZLi9oWNZg'],2,-57,35.0,63.0,63.0,220.0,2017-12-08T16:11:36Z,24.0,JavaScript,1132.0
2022-04-07T16:38:55,Feature,Hours,Intermediate,https://github.com/humanprotocol/hmt-escrow/issues/305,human-protocol,https://gitcoin.co/issue/28709,3228.6,humanprotocol,1952,hmt-escrow,{},ETH,['https://github.com/humanprotocol/hmt-escrow/pull/326'],1,96651,42.0,25.0,25.0,28.0,2018-10-01T08:29:57Z,12.0,TypeScript,10821.0
2022-04-07T16:37:26,Feature,Hours,Intermediate,https://github.com/humanprotocol/hmt-escrow/issues/304,human-protocol,https://gitcoin.co/issue/28708,3228.6,humanprotocol,1997,hmt-escrow,{},ETH,['https://github.com/humanprotocol/hmt-escrow/pull/323'],1,96651,42.0,25.0,25.0,28.0,2018-10-01T08:29:57Z,12.0,TypeScript,10821.0
2022-04-01T15:43:10,Other,Hours,Intermediate,https://github.com/foresight-org/gitcoin-bounties/issues/14,aaronlongevity,https://gitcoin.co/issue/28682,518.28,foresight-org,2983,gitcoin-bounties,{},ETH,['https://github.com/KalinaPV/Short-story/blob/main/story.md'],12,60,0.0,1.0,1.0,33.0,2022-02-07T16:43:07Z,0.0,,0.0
2022-04-01T15:40:38,Other,Hours,Intermediate,https://github.com/foresight-org/gitcoin-bounties/issues/13,aaronlongevity,https://gitcoin.co/issue/28681,518.28,foresight-org,3090,gitcoin-bounties,{},ETH,['https://github.com/shayanpr/Ethical-Practices-Around-The-Proceeds-Of-AI.git'],2,60,0.0,1.0,1.0,33.0,2022-02-07T16:43:07Z,0.0,,0.0
2022-03-01T23:44:53,Documentation,Hours,Intermediate,https://github.com/jameel139/bounties/issues/4,jameel139,https://gitcoin.co/issue/27829,491.32,jameel139,1739,bounties,{},ETH,['https://github.com/ErvinDimitri/'],1,96687,0.0,0.0,0.0,4.0,2021-12-16T22:15:04Z,2.0,,0.0
2022-02-10T14:30:00,Other,Hours,Intermediate,https://github.com/foresight-org/gitcoin-bounties/issues/3,aaronlongevity,https://gitcoin.co/issue/27638,460.8,foresight-org,1227,gitcoin-bounties,{},ETH,['https://github.com/davidmanheim/Random-Stuff/blob/master/Eucatastrophe_Replacement.txt'],22,135,0.0,1.0,1.0,33.0,2022-02-07T16:43:07Z,0.0,,0.0
2022-02-10T14:10:34,Other,Hours,Intermediate,https://github.com/foresight-org/gitcoin-bounties/issues/9,aaronlongevity,https://gitcoin.co/issue/27630,460.8,foresight-org,1573,gitcoin-bounties,{},ETH,['https://github.com/Ify01/What-s-the-most-important-technology-or-strategy-for-human-AI-cooperation-'],2,92,0.0,1.0,1.0,33.0,2022-02-07T16:43:07Z,0.0,,0.0
2022-02-10T14:06:20,Other,Hours,Intermediate,https://github.com/foresight-org/gitcoin-bounties/issues/10,aaronlongevity,https://gitcoin.co/issue/27628,460.8,foresight-org,1573,gitcoin-bounties,{},ETH,"['https://github.com/okeaguugochukwu/Dynamics-for-long-term-future', 'https://github.com/ezeobi/Most-important-dynamics-for-long-term-future-']",7,92,0.0,1.0,1.0,33.0,2022-02-07T16:43:07Z,0.0,,0.0
2022-02-10T13:58:49,Other,Hours,Intermediate,https://github.com/foresight-org/gitcoin-bounties/issues/11,aaronlongevity,https://gitcoin.co/issue/27627,460.8,foresight-org,1030,gitcoin-bounties,{},ETH,['https://github.com/Batz12/Dog_life/blob/main/Describe-A-Day-In-The-Life-When-A-Dog-Has-Been-Brought-Back-To-Life-After-Cryopreservation.md'],10,92,0.0,1.0,1.0,33.0,2022-02-07T16:43:07Z,0.0,,0.0
2021-12-29T11:10:08,Improvement,Hours,Advanced,https://github.com/k06a/boolinq/issues/54,k06a,https://gitcoin.co/issue/27391,108.91,k06a,405,boolinq,{},ETH,['https://github.com/k06a/boolinq/pull/59'],1,96750,79.0,559.0,559.0,15.0,2012-02-26T09:25:40Z,25.0,C++,809.0
2021-12-29T00:36:36,Improvement,Hours,Advanced,https://github.com/k06a/boolinq/issues/53,k06a,https://gitcoin.co/issue/27390,108.91,k06a,87,boolinq,{},ETH,['https://github.com/k06a/boolinq/pull/58'],1,96750,79.0,559.0,559.0,15.0,2012-02-26T09:25:40Z,25.0,C++,809.0
2021-12-29T00:32:57,Improvement,Hours,Advanced,https://github.com/k06a/boolinq/issues/52,k06a,https://gitcoin.co/issue/27389,108.91,k06a,69,boolinq,{},ETH,['https://github.com/k06a/boolinq/pull/57'],1,96750,79.0,559.0,559.0,15.0,2012-02-26T09:25:40Z,25.0,C++,809.0
2021-12-21T19:48:25,Documentation,Hours,Intermediate,https://github.com/jameel139/bounties/issues/1,jameel139,https://gitcoin.co/issue/27359,451.83,jameel139,444,bounties,{},ETH,['https://app.lokalise.com/project/523342536070a0ba56a4d4.92956531/?view=single&reference_lang_id=640&single_lang_id=597'],1,96757,0.0,0.0,0.0,4.0,2021-12-16T22:15:04Z,2.0,,0.0
2021-12-21T18:39:12,Feature,Hours,Beginner,https://github.com/beasta/etherscan-note-scraper/issues/9,beasta,https://gitcoin.co/issue/27358,79.92,beasta,334,etherscan-note-scraper,{},ETH,['https://github.com/Beasta/etherscan-note-scraper/pull/10'],1,96757,4.0,3.0,3.0,3.0,2021-12-16T23:13:11Z,3.0,JavaScript,28.0
2021-12-17T19:28:48,Feature,Hours,Beginner,https://github.com/beasta/etherscan-note-scraper/issues/5,beasta,https://gitcoin.co/issue/27338,116.28,beasta,80,etherscan-note-scraper,{},ETH,['https://github.com/Beasta/etherscan-note-scraper/pull/4'],1,96761,4.0,3.0,3.0,3.0,2021-12-16T23:13:11Z,3.0,JavaScript,28.0
2021-12-17T02:44:17,Feature,Hours,Beginner,https://github.com/beasta/etherscan-note-scraper/issues/1,beasta,https://gitcoin.co/issue/27335,193.03,beasta,824,etherscan-note-scraper,{},ETH,['https://gist.github.com/Zerquix18/069c414f62e98a4333d1191a3aeb3f7f'],1,30,4.0,3.0,3.0,3.0,2021-12-16T23:13:11Z,3.0,JavaScript,28.0
2021-12-07T17:52:38,Improvement,Hours,Intermediate,https://github.com/snowman-money/front-end/issues/2,01101000011011110110010100001010,https://gitcoin.co/issue/27286,275.58,snowman-money,226,front-end,{},ETH,['https://github.com/subhrajyoti-basu/snowman-web'],1,96771,1.0,0.0,0.0,2.0,2021-11-29T16:29:55Z,0.0,JavaScript,272.0
2021-11-25T00:42:50,Feature,Hours,Intermediate,https://github.com/cyberconnecthq/cyberconnect-arweave/issues/1,zhimaol,https://gitcoin.co/issue/27167,2260.06,cyberconnecthq,1907,cyberconnect-arweave,{},ETH,"['https://github.com/TarekJ03/SmartConnections', 'https://github.com/odyssey2077/MetaWorld', 'https://github.com/codista/socialConnectArweave']",4,21,0.0,1.0,1.0,1.0,2021-11-24T23:37:27Z,2.0,,0.0
2021-11-10T19:46:23,Design,Hours,Beginner,https://github.com/harvest-finance/harvest/issues/31,boobage,https://gitcoin.co/issue/27046,509.33,harvest-finance,1612,harvest,{},ETH,"['https://github.com/hx6068/-Hackathon-POAPathon-2021-POAPathon-Challenge-4---Farm-Workers', 'https://github.com/EgorOfMyLife/Harvest-Finance/tree/main/Farm%20Workers']",18,11,103.0,222.0,222.0,8.0,2020-08-31T15:45:57Z,23.0,Solidity,3075.0
2021-11-10T16:08:26,Design,Hours,Beginner,https://github.com/harvest-finance/harvest/issues/30,boobage,https://gitcoin.co/issue/27045,509.33,harvest-finance,1411,harvest,{},ETH,"['https://github.com/mooonrockets/POAPathon-Challenge-3-Cross-Chain-Farmers/blob/main/poap-harvest-cross-chain-farmers.png', 'https://github.com/EgorOfMyLife/Harvest-Finance/tree/main/Cross%20Chain%20Farmers']",19,11,103.0,222.0,222.0,8.0,2020-08-31T15:45:57Z,23.0,Solidity,3075.0
2021-11-10T16:06:51,Design,Hours,Beginner,https://github.com/harvest-finance/harvest/issues/29,boobage,https://gitcoin.co/issue/27044,509.33,harvest-finance,1572,harvest,{},ETH,"['https://github.com/hx6068/-Hackathon-POAPathon-2021-POAPathon-Challenge-2---Intensive-Farmers', 'https://github.com/EgorOfMyLife/Harvest-Finance/tree/main/Intensive%20Farmers']",21,11,103.0,222.0,222.0,8.0,2020-08-31T15:45:57Z,23.0,Solidity,3075.0
2021-11-10T15:53:13,Design,Hours,Beginner,https://github.com/harvest-finance/harvest/issues/28,boobage,https://gitcoin.co/issue/27043,509.33,harvest-finance,1488,harvest,{},ETH,"['https://github.com/mooonrockets/POAPathon-Challenge-1-OG-Farmers/blob/main/poap-harvest-og-farmer.png', 'https://github.com/SPWasHere/Harvest-Finance-Design-Bounties/blob/main/Harvest%20Finance%20OG%20Farmer.png']",29,11,103.0,222.0,222.0,8.0,2020-08-31T15:45:57Z,23.0,Solidity,3075.0
2021-10-22T22:38:02,Other,Hours,Intermediate,https://github.com/alfablok/safe_deploy/issues/1,alfablok,https://gitcoin.co/issue/26937,79.44,alfablok,338,safe_deploy,{},ETH,['this is fixed by providing instruction on how to config polygon endpoint'],1,96817,0.0,0.0,0.0,1.0,2021-10-22T22:19:43Z,1.0,,1.0
2021-09-06T13:40:14,Security,Hours,Intermediate,https://github.com/octopus-network/oct-token-eth/issues/1,riversyang,https://gitcoin.co/issue/26469,392.66,octopus-network,2745,oct-token-eth,{},ETH,['https://github.com/octopus-network/oct-token-eth/pull/3'],10,7,7.0,2.0,2.0,1.0,2021-07-30T07:12:37Z,1.0,Solidity,2900.0
2021-08-30T04:21:33,Feature,Hours,Beginner,https://github.com/t3rmdotdev/t3rm.dev/issues/1,t3rmdotdev,https://gitcoin.co/issue/26427,80.7,t3rmdotdev,949,t3rm.dev,{},ETH,['https://github.com/t3rmdotdev/t3rm.dev/issues/1#issuecomment-909002281'],1,96871,1.0,6.0,6.0,1.0,2021-08-29T23:38:09Z,1.0,JavaScript,1810.0
2021-08-23T11:35:44,Feature,Days,Beginner,https://github.com/gitcoinco/skunkworks/issues/247,leonerichsen,https://gitcoin.co/issue/26396,4980.67,gitcoinco,218,skunkworks,{},ETH,"['https://github.com/pawanakhil/fractional-nft', 'https://github.com/Ajand/Curation-Game', 'https://github.com/EsteFilipe/discord-ethereum-authentication']",7,15,35.0,63.0,63.0,220.0,2017-12-08T16:11:36Z,24.0,JavaScript,1132.0
2021-08-23T11:31:42,Feature,Days,Beginner,https://github.com/gitcoinco/skunkworks/issues/246,leonerichsen,https://gitcoin.co/issue/26395,4980.67,gitcoinco,358,skunkworks,{},ETH,"['https://github.com/McCoady/Authenticated-AMAs', 'https://github.com/EsteFilipe/discord-ethereum-authentication', 'https://github.com/chunza2542/ethtalk.app']",12,15,35.0,63.0,63.0,220.0,2017-12-08T16:11:36Z,24.0,JavaScript,1132.0
2021-08-16T20:33:20,Feature,Days,Intermediate,https://github.com/gitcoinco/skunkworks/issues/239,owocki,https://gitcoin.co/issue/26286,6294.76,gitcoinco,838,skunkworks,{},ETH,['https://github.com/Developer-piyush/Gitquad'],1,22,35.0,63.0,63.0,220.0,2017-12-08T16:11:36Z,24.0,JavaScript,1132.0
2021-08-06T08:15:35,Feature,Hours,Intermediate,https://github.com/yieldhand/optionsmarket/issues/13,avoyager,https://gitcoin.co/issue/26229,103.51,yieldhand,1131,optionsmarket,{},ETH,['https://github.com/YieldHand/OptionsMarket/pull/14'],1,96895,15.0,12.0,12.0,4.0,2021-07-20T01:50:48Z,5.0,Solidity,469.0
2021-08-06T02:07:46,Design,Days,Intermediate,https://github.com/gitcoinco/creative/issues/410,pixelantdesign,https://gitcoin.co/issue/26228,816.84,gitcoinco,2580,creative,{},ETH,['https://store.gitcoin.co/products/eth-hodl-short-sleeve-t-shirt'],10,96895,199.0,107.0,107.0,104.0,2018-01-09T15:56:27Z,30.0,HTML,3002303.0
2021-07-24T09:15:44,Feature,Hours,Intermediate,https://github.com/yieldhand/optionsmarketliquiditypool/issues/1,avoyager,https://gitcoin.co/issue/26163,102.45,yieldhand,1040,optionsmarketliquiditypool,{},ETH,['https://github.com/YieldHand/OptionsMarketLiquidityPool/pull/6'],1,96908,8.0,7.0,7.0,2.0,2021-07-23T09:14:33Z,4.0,Solidity,1048.0
2021-07-22T09:46:34,Feature,Hours,Intermediate,https://github.com/yieldhand/optionsmarket/issues/1,avoyager,https://gitcoin.co/issue/26130,102.04,yieldhand,1963,optionsmarket,{},ETH,['https://github.com/bytesoul/OptionsMarket'],1,96910,15.0,12.0,12.0,4.0,2021-07-20T01:50:48Z,5.0,Solidity,469.0
2021-07-06T20:36:57,Other,Hours,Beginner,https://github.com/asmrfinance/bounties/issues/2,0xmicrophone,https://gitcoin.co/issue/26073,51.11,asmrfinance,888,bounties,{},ETH,['https://discord.gg/FDJDxRxJ'],2,3,0.0,0.0,0.0,2.0,2021-07-05T15:22:51Z,0.0,,0.0
2021-06-29T22:15:23,Feature,Days,Intermediate,https://github.com/web3index/web3index-org/issues/13,adamsoffer,https://gitcoin.co/issue/26053,757.33,web3index,752,web3index-org,{},ETH,['https://github.com/web3index/web3index-org/pull/14'],1,96932,24.0,78.0,78.0,10.0,2021-03-10T17:31:47Z,7.0,TypeScript,2135.0
2021-06-27T03:53:54,Security,Days,Advanced,https://github.com/aletheaai/gitcoin-bounties/issues/2,satoshi505,https://gitcoin.co/issue/26040,2714.71,aletheaai,2321,gitcoin-bounties,{},ETH,['https://github.com/AletheaAI/Gitcoin-Bounties/tree/main/bounty_1'],1,96935,7.0,5.0,5.0,4.0,2021-06-24T23:15:49Z,2.0,JavaScript,323.0
2021-06-24T23:27:54,Security,Hours,Advanced,https://github.com/aletheaai/gitcoin-bounties/issues/1,satoshi505,https://gitcoin.co/issue/26030,248.65,aletheaai,1773,gitcoin-bounties,{},ETH,['https://github.com/icebert04/Gitcoin-Bounties/blob/main/bounty_1/contracts/AccessControl.sol'],1,96937,7.0,5.0,5.0,4.0,2021-06-24T23:15:49Z,2.0,JavaScript,323.0
2021-06-03T18:34:15,Other,Days,Intermediate,https://github.com/api3dao/airnode/issues/368,bbenligiray,https://gitcoin.co/issue/25805,2.86,api3dao,1985,airnode,{},ETH,['https://github.com/QuidMint/QuiD'],2,47,65.0,134.0,134.0,85.0,2020-06-08T17:16:55Z,17.0,TypeScript,20310.0
2021-05-27T17:54:20,Improvement,Hours,Intermediate,https://github.com/omni-analytics-group/eth2-validator-health-dashboard/issues/1,omnianalytics,https://gitcoin.co/issue/25782,137.07,omni-analytics-group,1226,eth2-validator-health-dashboard,{},ETH,['https://github.com/Omni-Analytics-Group/eth2-validator-health-dashboard/pull/2'],1,96965,1.0,0.0,0.0,1.0,2021-04-26T22:22:05Z,4.0,HTML,34602.0
2021-05-06T03:53:37,Feature,Days,Intermediate,https://github.com/web3index/web3index-org/issues/9,adamsoffer,https://gitcoin.co/issue/25670,1221.34,web3index,1548,web3index-org,{},ETH,['https://github.com/web3index/web3index-org/pull/12'],1,96987,24.0,78.0,78.0,10.0,2021-03-10T17:31:47Z,7.0,TypeScript,2135.0
2021-05-05T12:46:12,Bug,Hours,Beginner,https://github.com/livepeer/go-livepeer/issues/1829,kyriediculous,https://gitcoin.co/issue/25665,167.05,livepeer,557,go-livepeer,{},ETH,['https://github.com/livepeer/go-livepeer/pull/1859'],1,96988,148.0,497.0,497.0,250.0,2017-06-19T02:36:09Z,40.0,Go,182032.0
2021-05-05T12:44:10,Bug,Hours,Advanced,https://github.com/livepeer/go-livepeer/issues/1843,kyriediculous,https://gitcoin.co/issue/25664,500.78,livepeer,1274,go-livepeer,{},ETH,['https://github.com/livepeer/go-livepeer/pull/1864'],1,96988,148.0,497.0,497.0,250.0,2017-06-19T02:36:09Z,40.0,Go,182032.0
2021-04-25T06:14:57,,Days,Advanced,https://github.com/degen-vc/unbox-art-nft-erc20/issues/1,fraserbrownirl,https://gitcoin.co/issue/25594,4639.5,degen-vc,3748,unbox-art-nft-erc20,{},ETH,['https://github.com/50-30-20/RFT-Batch-NFT'],3,22,0.0,0.0,0.0,1.0,2021-04-21T11:07:28Z,1.0,,1.0
2021-03-30T20:32:09,Feature,Days,Intermediate,https://github.com/augurproject/turbo/issues/58,pgebheim,https://gitcoin.co/issue/25362,997.68,augurproject,753,turbo,{},ETH,['https://github.com/AugurProject/turbo/pull/235'],1,97023,21.0,23.0,23.0,43.0,2021-03-12T23:45:12Z,9.0,TypeScript,25526.0
2021-03-21T02:42:52,Design,Hours,Advanced,https://github.com/prntnft/prntplace-main/issues/1,420tiesto,https://gitcoin.co/issue/25265,1783.27,prntnft,210,prntplace-main,{},ETH,['https://github.com/PrntNft/PrntPlace-main'],1,97033,8.0,1.0,1.0,4.0,2021-03-21T02:10:19Z,2.0,JavaScript,10493.0
2021-03-20T19:23:14,Feature,Days,Intermediate,https://github.com/gitcoinco/skunkworks/issues/208,owocki,https://gitcoin.co/issue/25264,640.89,gitcoinco,1122,skunkworks,{},ETH,['https://github.com/gitcoinco/web/pull/8682'],1,97033,35.0,63.0,63.0,220.0,2017-12-08T16:11:36Z,24.0,JavaScript,1132.0
2021-03-13T00:46:31,Feature,Days,Intermediate,https://github.com/gitcoinco/web/issues/8571,owocki,https://gitcoin.co/issue/25071,768.63,gitcoinco,1344,web,{},ETH,"['https://github.com/gitcoinco/web/pull/8584', 'https://github.com/gitcoinco/web/issues/8571#issuecomment-797855429']",4,97041,835.0,1630.0,1630.0,628.0,2017-07-10T10:53:45Z,92.0,JavaScript,1192069.0
2021-03-08T16:21:14,Feature,Days,Intermediate,https://github.com/liquity/beta/issues/4,koltenb,https://gitcoin.co/issue/25007,2932.22,liquity,2193,beta,{},ETH,['https://github.com/masaun/shared-trove-on-liquity'],2,24,20.0,23.0,23.0,0.0,2021-02-19T10:44:23Z,3.0,Solidity,166.0
2021-03-08T16:19:48,Feature,Days,Intermediate,https://github.com/liquity/beta/issues/3,koltenb,https://gitcoin.co/issue/25006,2932.22,liquity,1940,beta,{},ETH,['https://github.com/HardCod3rs/liquity-migration'],1,24,20.0,23.0,23.0,0.0,2021-02-19T10:44:23Z,3.0,Solidity,166.0
2021-03-08T16:17:42,Feature,Days,Intermediate,https://github.com/liquity/beta/issues/2,koltenb,https://gitcoin.co/issue/25005,2932.22,liquity,4546,beta,{},ETH,['https://github.com/chris124567/bot'],2,24,20.0,23.0,23.0,0.0,2021-02-19T10:44:23Z,3.0,Solidity,166.0
2021-03-01T06:00:40,Bug,Days,Advanced,https://github.com/ditto-money/bounties/issues/8,chefchansey,https://gitcoin.co/issue/24887,784.86,ditto-money,416,bounties,{},ETH,['null'],1,97053,0.0,0.0,0.0,1.0,2020-10-23T09:22:28Z,2.0,,0.0
2021-02-23T21:46:21,Feature,Hours,Intermediate,https://github.com/reflexer-labs/geb/issues/97,stefanionescu,https://gitcoin.co/issue/24834,2094.39,reflexer-labs,2030,geb,{},ETH,['https://github.com/ashutoshvarma/RAI_UMA_Challenge'],3,19,28.0,124.0,124.0,0.0,2020-03-20T22:37:38Z,3.0,Solidity,2950.0
2021-02-23T21:39:58,Feature,Days,Intermediate,https://github.com/reflexer-labs/geb-safe-saviours/issues/1,stefanionescu,https://gitcoin.co/issue/24833,2932.11,reflexer-labs,3163,geb-safe-saviours,{},ETH,['https://github.com/mortimr/opyn-safe-saviour'],1,27,11.0,7.0,7.0,4.0,2020-12-15T02:16:45Z,1.0,Solidity,1134.0
2020-12-25T03:45:48,Feature,Hours,Intermediate,https://github.com/ditto-money/bounties/issues/2,chefchansey,https://gitcoin.co/issue/24541,219.34,ditto-money,5447,bounties,{},ETH,['https://github.com/Timidan/Airdropper-BSC/blob/main/Main.sol'],1,97119,0.0,0.0,0.0,1.0,2020-10-23T09:22:28Z,2.0,,0.0
2020-12-17T20:56:49,Feature,Hours,Intermediate,https://github.com/ensdomains/address-encoder/issues/273,brantlymillegan,https://gitcoin.co/issue/24515,79.78,ensdomains,828,address-encoder,{},ETH,['https://github.com/ensdomains/address-encoder/pull/287'],1,97126,131.0,136.0,136.0,29.0,2019-10-14T00:35:54Z,11.0,TypeScript,1711.0
2020-12-17T20:40:49,Feature,Hours,Intermediate,https://github.com/ensdomains/address-encoder/issues/272,brantlymillegan,https://gitcoin.co/issue/24514,51.47,ensdomains,582,address-encoder,{},ETH,['https://github.com/ensdomains/address-encoder/pull/278'],1,97126,131.0,136.0,136.0,29.0,2019-10-14T00:35:54Z,11.0,TypeScript,1711.0
2020-12-17T20:39:43,Feature,Hours,Intermediate,https://github.com/ensdomains/address-encoder/issues/271,brantlymillegan,https://gitcoin.co/issue/24513,51.47,ensdomains,582,address-encoder,{},ETH,['https://github.com/ensdomains/address-encoder/pull/283'],1,97126,131.0,136.0,136.0,29.0,2019-10-14T00:35:54Z,11.0,TypeScript,1711.0
2020-12-17T20:38:21,Feature,Hours,Intermediate,https://github.com/ensdomains/address-encoder/issues/270,brantlymillegan,https://gitcoin.co/issue/24512,51.47,ensdomains,582,address-encoder,{},ETH,['https://github.com/ensdomains/address-encoder/pull/279'],1,97126,131.0,136.0,136.0,29.0,2019-10-14T00:35:54Z,11.0,TypeScript,1711.0
2020-12-17T20:36:31,Feature,Hours,Intermediate,https://github.com/ensdomains/address-encoder/issues/269,brantlymillegan,https://gitcoin.co/issue/24511,51.47,ensdomains,582,address-encoder,{},ETH,['https://github.com/ensdomains/address-encoder/pull/280'],1,97126,131.0,136.0,136.0,29.0,2019-10-14T00:35:54Z,11.0,TypeScript,1711.0
2020-12-17T20:33:31,Feature,Hours,Intermediate,https://github.com/ensdomains/address-encoder/issues/268,brantlymillegan,https://gitcoin.co/issue/24510,51.47,ensdomains,582,address-encoder,{},ETH,['https://github.com/ensdomains/address-encoder/pull/275'],1,97126,131.0,136.0,136.0,29.0,2019-10-14T00:35:54Z,11.0,TypeScript,1711.0
2020-12-17T20:31:32,Feature,Hours,Intermediate,https://github.com/ensdomains/address-encoder/issues/267,brantlymillegan,https://gitcoin.co/issue/24509,51.47,ensdomains,582,address-encoder,{},ETH,['https://github.com/ensdomains/address-encoder/pull/281'],1,97126,131.0,136.0,136.0,29.0,2019-10-14T00:35:54Z,11.0,TypeScript,1711.0
2020-12-17T20:30:15,Feature,Hours,Intermediate,https://github.com/ensdomains/address-encoder/issues/266,brantlymillegan,https://gitcoin.co/issue/24508,51.47,ensdomains,582,address-encoder,{},ETH,['https://github.com/ensdomains/address-encoder/pull/282'],1,97126,131.0,136.0,136.0,29.0,2019-10-14T00:35:54Z,11.0,TypeScript,1711.0
2020-12-17T20:28:06,Feature,Hours,Intermediate,https://github.com/ensdomains/address-encoder/issues/265,brantlymillegan,https://gitcoin.co/issue/24507,51.47,ensdomains,582,address-encoder,{},ETH,['https://github.com/ensdomains/address-encoder/pull/277'],1,97126,131.0,136.0,136.0,29.0,2019-10-14T00:35:54Z,11.0,TypeScript,1711.0
2020-12-17T20:27:02,Feature,Hours,Intermediate,https://github.com/ensdomains/address-encoder/issues/264,brantlymillegan,https://gitcoin.co/issue/24506,51.47,ensdomains,582,address-encoder,{},ETH,['https://github.com/ensdomains/address-encoder/pull/276'],1,97126,131.0,136.0,136.0,29.0,2019-10-14T00:35:54Z,11.0,TypeScript,1711.0
2020-12-15T19:41:19,Feature,Hours,Intermediate,https://github.com/ensdomains/address-encoder/issues/76,brantlymillegan,https://gitcoin.co/issue/24490,73.0,ensdomains,570,address-encoder,{},ETH,"['https://github.com/ensdomains/address-encoder/pull/286', 'https://github.com/ensdomains/address-encoder/pull/289']",2,97128,131.0,136.0,136.0,29.0,2019-10-14T00:35:54Z,11.0,TypeScript,1711.0
2020-11-24T03:27:06,Feature,Days,Intermediate,https://github.com/metalithio/niftex-gr8-hackathon/issues/2,jmahhh,https://gitcoin.co/issue/24099,1814.55,metalithio,1573,niftex-gr8-hackathon,{},ETH,['https://github.com/Geo-Web-Project/specs/blob/NFT-Fractions-Hackathon-Proposal/NFT-Fractions-Proposal/FractionalizedLandParcels.md'],1,23,0.0,0.0,0.0,1.0,2020-11-24T02:14:20Z,2.0,,2.0
2020-11-24T03:19:00,Feature,Days,Advanced,https://github.com/metalithio/niftex-gr8-hackathon/issues/1,jmahhh,https://gitcoin.co/issue/24098,3024.25,metalithio,1608,niftex-gr8-hackathon,{},ETH,['https://github.com/CosmicTomato/Niftex-Gitcoin-Project'],4,23,0.0,0.0,0.0,1.0,2020-11-24T02:14:20Z,2.0,,2.0
2020-10-19T12:59:59,Documentation,Hours,Beginner,https://github.com/binancex/grant-projects/issues/1,nance2uiuc,https://gitcoin.co/issue/23974,0.38,binancex,80,grant-projects,{},ETH,['https://github.com/nceno/starsandstripes/blob/master/README.md'],1,97186,22.0,26.0,26.0,3.0,2020-10-19T04:16:56Z,13.0,TypeScript,2727.0
2020-10-09T11:28:04,Other,Hours,Intermediate,https://github.com/hcaptcha/hmt-escrow/issues/235,uivlis,https://gitcoin.co/issue/23902,364.98,hcaptcha,1665,hmt-escrow,{},ETH,['https://github.com/excerebrose/hmt-gas-benchmark'],1,97196,42.0,25.0,25.0,28.0,2018-10-01T08:29:57Z,12.0,TypeScript,10821.0
2020-10-07T23:04:02,Feature,Hours,Intermediate,https://github.com/ensdomains/address-encoder/issues/215,brantlymillegan,https://gitcoin.co/issue/23895,42.37,ensdomains,582,address-encoder,{},ETH,['https://github.com/ensdomains/address-encoder/pull/222'],1,97197,131.0,136.0,136.0,29.0,2019-10-14T00:35:54Z,11.0,TypeScript,1711.0
2020-10-07T22:54:00,Feature,Hours,Intermediate,https://github.com/ensdomains/address-encoder/issues/207,brantlymillegan,https://gitcoin.co/issue/23894,42.37,ensdomains,582,address-encoder,{},ETH,['https://github.com/ensdomains/address-encoder/pull/211'],1,97197,131.0,136.0,136.0,29.0,2019-10-14T00:35:54Z,11.0,TypeScript,1711.0
2020-10-07T22:52:47,Feature,Hours,Intermediate,https://github.com/ensdomains/address-encoder/issues/206,brantlymillegan,https://gitcoin.co/issue/23893,42.37,ensdomains,582,address-encoder,{},ETH,['https://github.com/ensdomains/address-encoder/pull/217'],1,97197,131.0,136.0,136.0,29.0,2019-10-14T00:35:54Z,11.0,TypeScript,1711.0
2020-10-07T22:51:50,Feature,Hours,Intermediate,https://github.com/ensdomains/address-encoder/issues/205,brantlymillegan,https://gitcoin.co/issue/23892,42.37,ensdomains,582,address-encoder,{},ETH,['https://github.com/ensdomains/address-encoder/pull/223'],1,97197,131.0,136.0,136.0,29.0,2019-10-14T00:35:54Z,11.0,TypeScript,1711.0
2020-10-07T22:50:34,Feature,Hours,Intermediate,https://github.com/ensdomains/address-encoder/issues/204,brantlymillegan,https://gitcoin.co/issue/23891,42.37,ensdomains,582,address-encoder,{},ETH,['https://github.com/ensdomains/address-encoder/pull/224'],1,97197,131.0,136.0,136.0,29.0,2019-10-14T00:35:54Z,11.0,TypeScript,1711.0
2020-10-07T22:49:35,Feature,Hours,Intermediate,https://github.com/ensdomains/address-encoder/issues/203,brantlymillegan,https://gitcoin.co/issue/23890,42.37,ensdomains,582,address-encoder,{},ETH,['https://github.com/ensdomains/address-encoder/pull/225'],1,97197,131.0,136.0,136.0,29.0,2019-10-14T00:35:54Z,11.0,TypeScript,1711.0
2020-10-07T22:48:03,Feature,Hours,Intermediate,https://github.com/ensdomains/address-encoder/issues/202,brantlymillegan,https://gitcoin.co/issue/23889,42.37,ensdomains,582,address-encoder,{},ETH,['https://github.com/ensdomains/address-encoder/pull/221'],1,97197,131.0,136.0,136.0,29.0,2019-10-14T00:35:54Z,11.0,TypeScript,1711.0
2020-10-07T22:46:56,Feature,Hours,Intermediate,https://github.com/ensdomains/address-encoder/issues/201,brantlymillegan,https://gitcoin.co/issue/23888,42.37,ensdomains,582,address-encoder,{},ETH,['https://github.com/ensdomains/address-encoder/pull/219'],1,97197,131.0,136.0,136.0,29.0,2019-10-14T00:35:54Z,11.0,TypeScript,1711.0
2020-10-07T22:45:57,Feature,Hours,Intermediate,https://github.com/ensdomains/address-encoder/issues/200,brantlymillegan,https://gitcoin.co/issue/23887,42.37,ensdomains,582,address-encoder,{},ETH,['https://github.com/ensdomains/address-encoder/pull/226'],2,97197,131.0,136.0,136.0,29.0,2019-10-14T00:35:54Z,11.0,TypeScript,1711.0
2020-10-07T22:44:44,Feature,Hours,Intermediate,https://github.com/ensdomains/address-encoder/issues/199,brantlymillegan,https://gitcoin.co/issue/23886,42.37,ensdomains,582,address-encoder,{},ETH,['https://github.com/ensdomains/address-encoder/pull/258'],2,97197,131.0,136.0,136.0,29.0,2019-10-14T00:35:54Z,11.0,TypeScript,1711.0
2020-10-07T22:41:14,Feature,Hours,Intermediate,https://github.com/ensdomains/address-encoder/issues/197,brantlymillegan,https://gitcoin.co/issue/23884,42.37,ensdomains,582,address-encoder,{},ETH,['https://github.com/ensdomains/address-encoder/pull/216'],1,97197,131.0,136.0,136.0,29.0,2019-10-14T00:35:54Z,11.0,TypeScript,1711.0
2020-10-07T22:39:10,Feature,Hours,Intermediate,https://github.com/ensdomains/address-encoder/issues/196,brantlymillegan,https://gitcoin.co/issue/23883,42.37,ensdomains,582,address-encoder,{},ETH,['https://github.com/ensdomains/address-encoder/pull/238'],1,97197,131.0,136.0,136.0,29.0,2019-10-14T00:35:54Z,11.0,TypeScript,1711.0
2020-10-07T22:36:53,Feature,Hours,Intermediate,https://github.com/ensdomains/address-encoder/issues/195,brantlymillegan,https://gitcoin.co/issue/23882,42.37,ensdomains,582,address-encoder,{},ETH,['https://github.com/ensdomains/address-encoder/pull/228'],1,97197,131.0,136.0,136.0,29.0,2019-10-14T00:35:54Z,11.0,TypeScript,1711.0
2020-10-07T21:44:58,Feature,Hours,Intermediate,https://github.com/ensdomains/address-encoder/issues/194,brantlymillegan,https://gitcoin.co/issue/23881,42.37,ensdomains,582,address-encoder,{},ETH,['https://github.com/ensdomains/address-encoder/pull/213'],1,97197,131.0,136.0,136.0,29.0,2019-10-14T00:35:54Z,11.0,TypeScript,1711.0
2020-10-07T21:42:28,Feature,Hours,Intermediate,https://github.com/ensdomains/address-encoder/issues/193,brantlymillegan,https://gitcoin.co/issue/23880,42.37,ensdomains,582,address-encoder,{},ETH,['https://github.com/ensdomains/address-encoder/pull/230'],1,97197,131.0,136.0,136.0,29.0,2019-10-14T00:35:54Z,11.0,TypeScript,1711.0
2020-10-07T21:41:17,Feature,Hours,Intermediate,https://github.com/ensdomains/address-encoder/issues/192,brantlymillegan,https://gitcoin.co/issue/23879,42.37,ensdomains,582,address-encoder,{},ETH,['https://github.com/ensdomains/address-encoder/pull/231'],1,97197,131.0,136.0,136.0,29.0,2019-10-14T00:35:54Z,11.0,TypeScript,1711.0
2020-10-07T21:40:10,Feature,Hours,Intermediate,https://github.com/ensdomains/address-encoder/issues/191,brantlymillegan,https://gitcoin.co/issue/23878,42.37,ensdomains,582,address-encoder,{},ETH,['https://github.com/ensdomains/address-encoder/pull/220'],1,97197,131.0,136.0,136.0,29.0,2019-10-14T00:35:54Z,11.0,TypeScript,1711.0
2020-10-07T21:39:03,Feature,Hours,Intermediate,https://github.com/ensdomains/address-encoder/issues/190,brantlymillegan,https://gitcoin.co/issue/23877,42.37,ensdomains,582,address-encoder,{},ETH,['https://github.com/ensdomains/address-encoder/pull/218'],1,97197,131.0,136.0,136.0,29.0,2019-10-14T00:35:54Z,11.0,TypeScript,1711.0
2020-10-07T21:37:51,Feature,Hours,Intermediate,https://github.com/ensdomains/address-encoder/issues/189,brantlymillegan,https://gitcoin.co/issue/23876,42.37,ensdomains,582,address-encoder,{},ETH,['https://github.com/ensdomains/address-encoder/pull/212'],1,97197,131.0,136.0,136.0,29.0,2019-10-14T00:35:54Z,11.0,TypeScript,1711.0
2020-10-07T21:36:27,Feature,Hours,Intermediate,https://github.com/ensdomains/address-encoder/issues/188,brantlymillegan,https://gitcoin.co/issue/23875,42.37,ensdomains,582,address-encoder,{},ETH,['https://github.com/ensdomains/address-encoder/pull/229'],1,97197,131.0,136.0,136.0,29.0,2019-10-14T00:35:54Z,11.0,TypeScript,1711.0
2020-10-06T18:29:59,Feature,Hours,Intermediate,https://github.com/ensdomains/address-encoder/issues/162,brantlymillegan,https://gitcoin.co/issue/23867,42.26,ensdomains,634,address-encoder,{},ETH,['https://github.com/ensdomains/address-encoder/pull/210'],2,97198,131.0,136.0,136.0,29.0,2019-10-14T00:35:54Z,11.0,TypeScript,1711.0
2020-10-06T18:27:43,Feature,Hours,Intermediate,https://github.com/ensdomains/address-encoder/issues/159,brantlymillegan,https://gitcoin.co/issue/23866,42.26,ensdomains,582,address-encoder,{},ETH,['https://github.com/ensdomains/address-encoder/pull/184'],1,97198,131.0,136.0,136.0,29.0,2019-10-14T00:35:54Z,11.0,TypeScript,1711.0
2020-10-06T18:26:18,Feature,Hours,Intermediate,https://github.com/ensdomains/address-encoder/issues/160,brantlymillegan,https://gitcoin.co/issue/23865,42.26,ensdomains,582,address-encoder,{},ETH,['https://github.com/ensdomains/address-encoder/pull/183'],1,97198,131.0,136.0,136.0,29.0,2019-10-14T00:35:54Z,11.0,TypeScript,1711.0
2020-10-06T18:23:45,Feature,Hours,Intermediate,https://github.com/ensdomains/address-encoder/issues/161,brantlymillegan,https://gitcoin.co/issue/23864,42.26,ensdomains,582,address-encoder,{},ETH,['https://github.com/ensdomains/address-encoder/pull/177'],1,97198,131.0,136.0,136.0,29.0,2019-10-14T00:35:54Z,11.0,TypeScript,1711.0
2020-10-06T18:22:29,Feature,Hours,Intermediate,https://github.com/ensdomains/address-encoder/issues/163,brantlymillegan,https://gitcoin.co/issue/23863,42.26,ensdomains,582,address-encoder,{},ETH,['https://github.com/ensdomains/address-encoder/pull/182'],1,97198,131.0,136.0,136.0,29.0,2019-10-14T00:35:54Z,11.0,TypeScript,1711.0
2020-10-06T18:19:38,Feature,Hours,Intermediate,https://github.com/ensdomains/address-encoder/issues/165,brantlymillegan,https://gitcoin.co/issue/23861,42.26,ensdomains,582,address-encoder,{},ETH,['https://github.com/ensdomains/address-encoder/pull/180'],2,97198,131.0,136.0,136.0,29.0,2019-10-14T00:35:54Z,11.0,TypeScript,1711.0
2020-10-06T18:16:29,Feature,Hours,Intermediate,https://github.com/ensdomains/address-encoder/issues/167,brantlymillegan,https://gitcoin.co/issue/23859,42.26,ensdomains,582,address-encoder,{},ETH,['https://github.com/ensdomains/address-encoder/pull/235'],1,97198,131.0,136.0,136.0,29.0,2019-10-14T00:35:54Z,11.0,TypeScript,1711.0
2020-10-06T18:10:38,Feature,Hours,Intermediate,https://github.com/ensdomains/address-encoder/issues/168,brantlymillegan,https://gitcoin.co/issue/23858,42.26,ensdomains,582,address-encoder,{},ETH,['https://github.com/ensdomains/address-encoder/pull/181'],1,97198,131.0,136.0,136.0,29.0,2019-10-14T00:35:54Z,11.0,TypeScript,1711.0
2020-10-06T18:08:10,Feature,Hours,Intermediate,https://github.com/ensdomains/address-encoder/issues/169,brantlymillegan,https://gitcoin.co/issue/23857,42.26,ensdomains,582,address-encoder,{},ETH,['https://github.com/ensdomains/address-encoder/pull/255'],2,97198,131.0,136.0,136.0,29.0,2019-10-14T00:35:54Z,11.0,TypeScript,1711.0
2020-10-06T18:01:23,Feature,Hours,Intermediate,https://github.com/ensdomains/address-encoder/issues/170,brantlymillegan,https://gitcoin.co/issue/23856,42.26,ensdomains,582,address-encoder,{},ETH,['https://github.com/ensdomains/address-encoder/pull/256'],2,97198,131.0,136.0,136.0,29.0,2019-10-14T00:35:54Z,11.0,TypeScript,1711.0
2020-10-06T17:57:30,Feature,Hours,Intermediate,https://github.com/ensdomains/address-encoder/issues/171,brantlymillegan,https://gitcoin.co/issue/23854,42.26,ensdomains,582,address-encoder,{},ETH,['https://github.com/ensdomains/address-encoder/pull/236'],1,97198,131.0,136.0,136.0,29.0,2019-10-14T00:35:54Z,11.0,TypeScript,1711.0
2020-10-06T17:56:02,Feature,Hours,Intermediate,https://github.com/ensdomains/address-encoder/issues/172,brantlymillegan,https://gitcoin.co/issue/23853,42.26,ensdomains,582,address-encoder,{},ETH,['https://github.com/ensdomains/address-encoder/pull/178'],1,97198,131.0,136.0,136.0,29.0,2019-10-14T00:35:54Z,11.0,TypeScript,1711.0
2020-10-05T23:23:52,Feature,Hours,Intermediate,https://github.com/ensdomains/address-encoder/issues/145,brantlymillegan,https://gitcoin.co/issue/23847,43.83,ensdomains,582,address-encoder,{},ETH,['https://github.com/ensdomains/address-encoder/pull/250'],2,97199,131.0,136.0,136.0,29.0,2019-10-14T00:35:54Z,11.0,TypeScript,1711.0
2020-10-05T23:23:00,Feature,Hours,Intermediate,https://github.com/ensdomains/address-encoder/issues/144,brantlymillegan,https://gitcoin.co/issue/23846,43.83,ensdomains,582,address-encoder,{},ETH,['https://github.com/ensdomains/address-encoder/pull/153'],1,97199,131.0,136.0,136.0,29.0,2019-10-14T00:35:54Z,11.0,TypeScript,1711.0
2020-10-05T23:21:55,Feature,Hours,Intermediate,https://github.com/ensdomains/address-encoder/issues/143,brantlymillegan,https://gitcoin.co/issue/23845,43.83,ensdomains,582,address-encoder,{},ETH,['https://github.com/ensdomains/address-encoder/pull/150'],1,97199,131.0,136.0,136.0,29.0,2019-10-14T00:35:54Z,11.0,TypeScript,1711.0
2020-10-05T23:20:36,Feature,Hours,Intermediate,https://github.com/ensdomains/address-encoder/issues/142,brantlymillegan,https://gitcoin.co/issue/23844,43.83,ensdomains,582,address-encoder,{},ETH,['https://github.com/ensdomains/address-encoder/pull/149'],3,97199,131.0,136.0,136.0,29.0,2019-10-14T00:35:54Z,11.0,TypeScript,1711.0
2020-10-05T23:19:46,Feature,Hours,Intermediate,https://github.com/ensdomains/address-encoder/issues/141,brantlymillegan,https://gitcoin.co/issue/23843,43.83,ensdomains,582,address-encoder,{},ETH,['https://github.com/ensdomains/address-encoder/pull/173'],2,97199,131.0,136.0,136.0,29.0,2019-10-14T00:35:54Z,11.0,TypeScript,1711.0
2020-10-05T23:18:41,Feature,Hours,Intermediate,https://github.com/ensdomains/address-encoder/issues/140,brantlymillegan,https://gitcoin.co/issue/23842,43.83,ensdomains,582,address-encoder,{},ETH,['https://github.com/ensdomains/address-encoder/pull/152'],1,97199,131.0,136.0,136.0,29.0,2019-10-14T00:35:54Z,11.0,TypeScript,1711.0
2020-10-05T23:17:42,Feature,Hours,Intermediate,https://github.com/ensdomains/address-encoder/issues/139,brantlymillegan,https://gitcoin.co/issue/23841,43.83,ensdomains,582,address-encoder,{},ETH,['https://github.com/ensdomains/address-encoder/pull/155'],1,97199,131.0,136.0,136.0,29.0,2019-10-14T00:35:54Z,11.0,TypeScript,1711.0
2020-10-05T23:16:56,Feature,Hours,Intermediate,https://github.com/ensdomains/address-encoder/issues/138,brantlymillegan,https://gitcoin.co/issue/23840,43.83,ensdomains,582,address-encoder,{},ETH,['https://github.com/ensdomains/address-encoder/pull/237'],1,97199,131.0,136.0,136.0,29.0,2019-10-14T00:35:54Z,11.0,TypeScript,1711.0
2020-10-05T23:16:04,Feature,Hours,Intermediate,https://github.com/ensdomains/address-encoder/issues/137,brantlymillegan,https://gitcoin.co/issue/23839,43.83,ensdomains,582,address-encoder,{},ETH,['https://github.com/ensdomains/address-encoder/pull/158'],1,97199,131.0,136.0,136.0,29.0,2019-10-14T00:35:54Z,11.0,TypeScript,1711.0
2020-10-05T23:14:20,Feature,Hours,Intermediate,https://github.com/ensdomains/address-encoder/issues/136,brantlymillegan,https://gitcoin.co/issue/23838,43.83,ensdomains,582,address-encoder,{},ETH,['https://github.com/ensdomains/address-encoder/pull/156'],1,97199,131.0,136.0,136.0,29.0,2019-10-14T00:35:54Z,11.0,TypeScript,1711.0
2020-10-05T23:12:32,Feature,Hours,Intermediate,https://github.com/ensdomains/address-encoder/issues/135,brantlymillegan,https://gitcoin.co/issue/23837,43.83,ensdomains,582,address-encoder,{},ETH,['https://github.com/ensdomains/address-encoder/pull/251'],2,97199,131.0,136.0,136.0,29.0,2019-10-14T00:35:54Z,11.0,TypeScript,1711.0
2020-10-05T11:08:10,Feature,Hours,Intermediate,https://github.com/hcaptcha/telegram-bot/issues/6,uivlis,https://gitcoin.co/issue/23829,212.09,hcaptcha,261,telegram-bot,{},ETH,['https://github.com/hCaptcha/telegram-bot/pull/10'],1,97200,19.0,45.0,45.0,7.0,2019-12-06T00:43:08Z,8.0,Python,2842.0
2020-10-02T22:13:09,Feature,Hours,Intermediate,https://github.com/ensdomains/address-encoder/issues/116,brantlymillegan,https://gitcoin.co/issue/23814,42.86,ensdomains,399,address-encoder,{},ETH,['https://github.com/ensdomains/address-encoder/pull/147'],1,97202,131.0,136.0,136.0,29.0,2019-10-14T00:35:54Z,11.0,TypeScript,1711.0
2020-10-02T22:08:16,Feature,Hours,Intermediate,https://github.com/ensdomains/address-encoder/issues/102,brantlymillegan,https://gitcoin.co/issue/23813,42.86,ensdomains,399,address-encoder,{},ETH,['https://github.com/ensdomains/address-encoder/pull/274'],1,97202,131.0,136.0,136.0,29.0,2019-10-14T00:35:54Z,11.0,TypeScript,1711.0
2020-10-02T22:05:32,Feature,Hours,Intermediate,https://github.com/ensdomains/address-encoder/issues/104,brantlymillegan,https://gitcoin.co/issue/23811,42.86,ensdomains,399,address-encoder,{},ETH,['https://github.com/ensdomains/address-encoder/pull/259'],2,97202,131.0,136.0,136.0,29.0,2019-10-14T00:35:54Z,11.0,TypeScript,1711.0
2020-10-02T21:49:17,Feature,Hours,Intermediate,https://github.com/ensdomains/address-encoder/issues/107,brantlymillegan,https://gitcoin.co/issue/23808,42.86,ensdomains,399,address-encoder,{},ETH,['https://github.com/ensdomains/address-encoder/pull/261'],2,97202,131.0,136.0,136.0,29.0,2019-10-14T00:35:54Z,11.0,TypeScript,1711.0
2020-10-02T21:47:33,Feature,Hours,Intermediate,https://github.com/ensdomains/address-encoder/issues/109,brantlymillegan,https://gitcoin.co/issue/23807,42.86,ensdomains,399,address-encoder,{},ETH,['https://github.com/ensdomains/address-encoder/pull/260'],2,97202,131.0,136.0,136.0,29.0,2019-10-14T00:35:54Z,11.0,TypeScript,1711.0
2020-10-02T21:24:27,Feature,Hours,Intermediate,https://github.com/ensdomains/address-encoder/issues/114,brantlymillegan,https://gitcoin.co/issue/23802,42.86,ensdomains,399,address-encoder,{},ETH,['https://github.com/ensdomains/address-encoder/pull/133'],2,97202,131.0,136.0,136.0,29.0,2019-10-14T00:35:54Z,11.0,TypeScript,1711.0
2020-09-27T14:34:01,Improvement,Hours,Intermediate,https://github.com/hcaptcha/telegram-bot/issues/3,uivlis,https://gitcoin.co/issue/23780,178.74,hcaptcha,451,telegram-bot,{},ETH,['https://github.com/hCaptcha/telegram-bot/pull/5'],1,97208,19.0,45.0,45.0,7.0,2019-12-06T00:43:08Z,8.0,Python,2842.0
2020-09-23T20:31:20,Design,Days,Intermediate,https://github.com/status-im/design/issues/42,statussceptre,https://gitcoin.co/issue/23768,711.0,status-im,3741,design,{},ETH,['https://www.figma.com/file/lMpgC70Xzw45L2VFgCd6jb/Status-Stickers-DApp'],1,97211,3.0,6.0,6.0,11.0,2018-04-12T11:42:26Z,10.0,,3726.0
2020-09-23T16:48:32,,Days,Advanced,https://github.com/gitcoinco/web/issues/7512,owocki,https://gitcoin.co/issue/23762,160.13,gitcoinco,238,web,{},ETH,['https://github.com/gitcoinco/web/pull/7587'],1,97212,835.0,1630.0,1630.0,628.0,2017-07-10T10:53:45Z,92.0,JavaScript,1192069.0
2020-09-23T15:46:00,Bug,Days,Intermediate,https://github.com/matter-labs/web3swift/issues/257,skywinder,https://gitcoin.co/issue/23761,32.03,matter-labs,503,web3swift,{},ETH,['https://github.com/matter-labs/web3swift/issues/257'],1,29,354.0,693.0,693.0,49.0,2018-08-13T15:12:05Z,23.0,JavaScript,60126.0
2020-09-22T19:02:14,Feature,Hours,Intermediate,https://github.com/ensdomains/address-encoder/issues/84,brantlymillegan,https://gitcoin.co/issue/23755,42.67,ensdomains,399,address-encoder,{},ETH,['https://github.com/ensdomains/address-encoder/pull/88'],1,23,131.0,136.0,136.0,29.0,2019-10-14T00:35:54Z,11.0,TypeScript,1711.0
2020-09-22T19:00:54,Feature,Hours,Intermediate,https://github.com/ensdomains/address-encoder/issues/83,brantlymillegan,https://gitcoin.co/issue/23754,42.67,ensdomains,399,address-encoder,{},ETH,['https://github.com/ensdomains/address-encoder/pull/93'],1,23,131.0,136.0,136.0,29.0,2019-10-14T00:35:54Z,11.0,TypeScript,1711.0
2020-09-22T19:00:02,Feature,Hours,Intermediate,https://github.com/ensdomains/address-encoder/issues/82,brantlymillegan,https://gitcoin.co/issue/23753,42.67,ensdomains,399,address-encoder,{},ETH,['https://github.com/ensdomains/address-encoder/pull/97'],1,23,131.0,136.0,136.0,29.0,2019-10-14T00:35:54Z,11.0,TypeScript,1711.0
2020-09-22T18:58:17,Feature,Hours,Intermediate,https://github.com/ensdomains/address-encoder/issues/81,brantlymillegan,https://gitcoin.co/issue/23752,42.67,ensdomains,399,address-encoder,{},ETH,['https://github.com/ensdomains/address-encoder/pull/86'],2,23,131.0,136.0,136.0,29.0,2019-10-14T00:35:54Z,11.0,TypeScript,1711.0
2020-09-22T18:57:35,Feature,Hours,Intermediate,https://github.com/ensdomains/address-encoder/issues/80,brantlymillegan,https://gitcoin.co/issue/23751,42.67,ensdomains,399,address-encoder,{},ETH,['https://github.com/ensdomains/address-encoder/pull/90'],1,23,131.0,136.0,136.0,29.0,2019-10-14T00:35:54Z,11.0,TypeScript,1711.0
2020-09-22T18:56:18,Feature,Hours,Intermediate,https://github.com/ensdomains/address-encoder/issues/79,brantlymillegan,https://gitcoin.co/issue/23750,42.67,ensdomains,399,address-encoder,{},ETH,['https://github.com/ensdomains/address-encoder/pull/98'],2,23,131.0,136.0,136.0,29.0,2019-10-14T00:35:54Z,11.0,TypeScript,1711.0
2020-09-22T18:55:04,Feature,Hours,Intermediate,https://github.com/ensdomains/address-encoder/issues/78,brantlymillegan,https://gitcoin.co/issue/23749,42.67,ensdomains,399,address-encoder,{},ETH,['https://github.com/ensdomains/address-encoder/pull/98'],1,23,131.0,136.0,136.0,29.0,2019-10-14T00:35:54Z,11.0,TypeScript,1711.0
2020-09-22T18:53:41,Feature,Hours,Intermediate,https://github.com/ensdomains/address-encoder/issues/77,brantlymillegan,https://gitcoin.co/issue/23748,42.67,ensdomains,399,address-encoder,{},ETH,['https://github.com/ensdomains/address-encoder/pull/95/'],1,23,131.0,136.0,136.0,29.0,2019-10-14T00:35:54Z,11.0,TypeScript,1711.0
2020-09-22T18:51:26,Feature,Hours,Intermediate,https://github.com/ensdomains/address-encoder/issues/75,brantlymillegan,https://gitcoin.co/issue/23746,42.67,ensdomains,398,address-encoder,{},ETH,['https://github.com/ensdomains/address-encoder/pull/96'],1,23,131.0,136.0,136.0,29.0,2019-10-14T00:35:54Z,11.0,TypeScript,1711.0
2020-09-21T19:54:31,Feature,Hours,Intermediate,https://github.com/ensdomains/address-encoder/issues/74,brantlymillegan,https://gitcoin.co/issue/23738,99.55,ensdomains,564,address-encoder,{},ETH,['https://github.com/ensdomains/address-encoder/pull/92'],2,24,131.0,136.0,136.0,29.0,2019-10-14T00:35:54Z,11.0,TypeScript,1711.0
2020-09-21T15:55:40,Feature,Days,Advanced,https://github.com/adamsc1-ddg/defidomains/issues/3,adamsc1-ddg,https://gitcoin.co/issue/23737,2458.45,adamsc1-ddg,1121,defidomains,{},ETH,['https://github.com/AdamSC1-ddg/defidomains/pull/4'],1,97214,2.0,0.0,0.0,2.0,2020-08-13T12:57:49Z,2.0,TypeScript,440.0
2020-09-13T21:35:36,Improvement,Days,Advanced,https://github.com/gitcoinco/web/issues/7363,owocki,https://gitcoin.co/issue/23697,10986.0,gitcoinco,3693,web,{},ETH,['https://github.com/gitcoinco/web/pull/7455'],1,97221,835.0,1630.0,1630.0,628.0,2017-07-10T10:53:45Z,92.0,JavaScript,1192069.0
2020-09-07T18:16:16,Feature,Hours,Intermediate,https://github.com/ensdomains/address-encoder/issues/50,brantlymillegan,https://gitcoin.co/issue/23650,43.84,ensdomains,306,address-encoder,{},ETH,['https://github.com/ensdomains/address-encoder/pull/63'],1,38,131.0,136.0,136.0,29.0,2019-10-14T00:35:54Z,11.0,TypeScript,1711.0
2020-09-07T18:15:34,Feature,Hours,Intermediate,https://github.com/ensdomains/address-encoder/issues/51,brantlymillegan,https://gitcoin.co/issue/23649,43.84,ensdomains,306,address-encoder,{},ETH,['https://github.com/ensdomains/address-encoder/pull/72'],2,38,131.0,136.0,136.0,29.0,2019-10-14T00:35:54Z,11.0,TypeScript,1711.0
2020-09-07T18:14:54,Feature,Hours,Intermediate,https://github.com/ensdomains/address-encoder/issues/52,brantlymillegan,https://gitcoin.co/issue/23648,43.84,ensdomains,306,address-encoder,{},ETH,['https://github.com/ensdomains/address-encoder/pull/100'],2,38,131.0,136.0,136.0,29.0,2019-10-14T00:35:54Z,11.0,TypeScript,1711.0
2020-09-07T18:14:11,Feature,Hours,Intermediate,https://github.com/ensdomains/address-encoder/issues/53,brantlymillegan,https://gitcoin.co/issue/23647,43.84,ensdomains,306,address-encoder,{},ETH,['https://github.com/ensdomains/address-encoder/pull/62'],1,38,131.0,136.0,136.0,29.0,2019-10-14T00:35:54Z,11.0,TypeScript,1711.0
2020-09-07T18:13:28,Feature,Hours,Intermediate,https://github.com/ensdomains/address-encoder/issues/54,brantlymillegan,https://gitcoin.co/issue/23646,43.84,ensdomains,306,address-encoder,{},ETH,['https://github.com/ensdomains/address-encoder/pull/60'],1,38,131.0,136.0,136.0,29.0,2019-10-14T00:35:54Z,11.0,TypeScript,1711.0
2020-09-07T18:12:44,Feature,Hours,Intermediate,https://github.com/ensdomains/address-encoder/issues/55,brantlymillegan,https://gitcoin.co/issue/23645,43.84,ensdomains,306,address-encoder,{},ETH,['https://github.com/ensdomains/address-encoder/pull/67'],1,38,131.0,136.0,136.0,29.0,2019-10-14T00:35:54Z,11.0,TypeScript,1711.0
2020-09-07T18:11:48,Feature,Hours,Intermediate,https://github.com/ensdomains/address-encoder/issues/56,brantlymillegan,https://gitcoin.co/issue/23644,43.84,ensdomains,306,address-encoder,{},ETH,['https://github.com/ensdomains/address-encoder/pull/130'],2,38,131.0,136.0,136.0,29.0,2019-10-14T00:35:54Z,11.0,TypeScript,1711.0
2020-09-03T18:50:49,Feature,Hours,Intermediate,https://github.com/ensdomains/ens-app/issues/914,brantlymillegan,https://gitcoin.co/issue/23630,47.42,ensdomains,306,ens-app,{},ETH,['https://github.com/ensdomains/address-encoder/pull/58'],1,42,264.0,202.0,202.0,97.0,2018-04-28T10:13:25Z,17.0,JavaScript,22085.0
2020-09-03T18:49:45,Feature,Hours,Intermediate,https://github.com/ensdomains/ens-app/issues/913,brantlymillegan,https://gitcoin.co/issue/23629,47.73,ensdomains,306,ens-app,{},ETH,['https://github.com/ensdomains/address-encoder/pull/131'],1,42,264.0,202.0,202.0,97.0,2018-04-28T10:13:25Z,17.0,JavaScript,22085.0
2020-09-03T18:31:12,Feature,Hours,Intermediate,https://github.com/ensdomains/ens-app/issues/910,brantlymillegan,https://gitcoin.co/issue/23626,46.12,ensdomains,306,ens-app,{},ETH,['https://github.com/ensdomains/address-encoder/pull/65'],1,42,264.0,202.0,202.0,97.0,2018-04-28T10:13:25Z,17.0,JavaScript,22085.0
2020-09-03T16:43:14,,Days,Intermediate,https://github.com/gitcoinco/web/issues/7242,owocki,https://gitcoin.co/issue/23622,381.81,gitcoinco,1336,web,{},ETH,['https://github.com/gitcoinco/web/pull/7341'],1,97232,835.0,1630.0,1630.0,628.0,2017-07-10T10:53:45Z,92.0,JavaScript,1192069.0
2020-09-03T09:38:34,Improvement,Hours,Intermediate,https://github.com/hcaptcha/hmt-basemodels/issues/41,uivlis,https://gitcoin.co/issue/23620,133.63,hcaptcha,521,hmt-basemodels,{},ETH,['https://github.com/hCaptcha/hmt-basemodels/pull/44'],1,97232,5.0,5.0,5.0,14.0,2019-02-28T01:30:51Z,14.0,Python,276.0
2020-08-20T05:59:40,Bug,Hours,Intermediate,https://github.com/b-mueller/sabre/issues/104,b-mueller,https://gitcoin.co/issue/23534,103.97,b-mueller,1920,sabre,{},ETH,['https://github.com/b-mueller/sabre/issues/104#issuecomment-678765790'],1,97246,19.0,59.0,59.0,1.0,2018-10-24T04:31:07Z,6.0,JavaScript,751.0
2020-08-18T12:12:00,Feature,Hours,Intermediate,https://github.com/mstable/mstable-app/issues/148,alsco77,https://gitcoin.co/issue/23530,421.99,mstable,2029,mstable-app,{},ETH,['https://github.com/mstable/mStable-app/pull/173'],3,97248,39.0,58.0,58.0,9.0,2019-12-31T13:50:48Z,5.0,TypeScript,8799.0
2020-08-07T17:29:10,Feature,Hours,Advanced,https://github.com/diadata-org/diadata/issues/273,kaythxbye,https://gitcoin.co/issue/23501,569.07,diadata-org,2536,diadata,{},ETH,['https://github.com/diadata-org/diadata/pull/276'],1,97259,130.0,211.0,211.0,12.0,2018-08-08T13:21:11Z,26.0,Go,111205.0
2021-05-19T08:37:09,,,,https://github.com/rungroj-m/test/issues/2,rungroj-m,https://gitcoin.co/issue/25747,0.35,rungroj-m,2242,test,{},ETH,['https://github.com/rungroj-m/test/issues/2'],1,0,0.0,0.0,0.0,2.0,2020-07-29T08:05:17Z,1.0,Python,0.0
2020-07-29T03:03:08,Other,Days,Intermediate,https://github.com/collab-19/dao-hack-month/issues/1,burrrata,https://gitcoin.co/issue/23457,953.58,collab-19,855,dao-hack-month,{},ETH,"['https://github.com/abridged/dao-help/pull/10', 'https://github.com/ResearchCollective/dao-help']",2,8,0.0,0.0,0.0,1.0,2020-07-20T16:28:25Z,1.0,,0.0
2020-07-28T15:36:24,Feature,Days,Intermediate,https://github.com/diadata-org/diadata/issues/255,jppade,https://gitcoin.co/issue/23452,236.01,diadata-org,458,diadata,{},ETH,['https://github.com/diadata-org/diadata/pull/258'],1,23,130.0,211.0,211.0,12.0,2018-08-08T13:21:11Z,26.0,Go,111205.0
2020-07-20T10:29:30,Feature,Days,Intermediate,https://github.com/diadata-org/diadata/issues/233,jppade,https://gitcoin.co/issue/23391,232.71,diadata-org,758,diadata,{},ETH,['https://github.com/diadata-org/diadata/pull/239'],1,28,130.0,211.0,211.0,12.0,2018-08-08T13:21:11Z,26.0,Go,111205.0
2020-07-20T09:40:31,Feature,Days,Intermediate,https://github.com/diadata-org/diadata/issues/252,jppade,https://gitcoin.co/issue/23390,232.71,diadata-org,451,diadata,{},ETH,['https://github.com/diadata-org/diadata/issues/252'],1,28,130.0,211.0,211.0,12.0,2018-08-08T13:21:11Z,26.0,Go,111205.0
2020-08-04T16:40:54,Feature,Days,Intermediate,https://github.com/diadata-org/diadata/issues/251,jppade,https://gitcoin.co/issue/23483,232.71,diadata-org,520,diadata,{},ETH,['https://github.com/diadata-org/diadata/pull/262'],1,13,130.0,211.0,211.0,12.0,2018-08-08T13:21:11Z,26.0,Go,111205.0
2020-07-15T10:37:11,Feature,Days,Intermediate,https://github.com/diadata-org/diadata/issues/240,jppade,https://gitcoin.co/issue/23344,240.41,diadata-org,452,diadata,{},ETH,['https://github.com/diadata-org/diadata/pull/249'],1,30,130.0,211.0,211.0,12.0,2018-08-08T13:21:11Z,26.0,Go,111205.0
2020-07-14T10:46:12,Feature,Days,Intermediate,https://github.com/diadata-org/diadata/issues/235,jppade,https://gitcoin.co/issue/23329,239.68,diadata-org,751,diadata,{},ETH,['https://github.com/diadata-org/diadata/pull/237'],1,30,130.0,211.0,211.0,12.0,2018-08-08T13:21:11Z,26.0,Go,111205.0
2020-07-14T10:19:04,Feature,Days,Intermediate,https://github.com/diadata-org/diadata/issues/234,jppade,https://gitcoin.co/issue/23328,239.68,diadata-org,748,diadata,{},ETH,['https://github.com/diadata-org/diadata/pull/236'],1,30,130.0,211.0,211.0,12.0,2018-08-08T13:21:11Z,26.0,Go,111205.0
2020-07-14T12:32:04,Feature,Days,Intermediate,https://github.com/diadata-org/diadata/issues/220,jppade,https://gitcoin.co/issue/23332,239.68,diadata-org,792,diadata,{},ETH,['https://github.com/diadata-org/diadata/pull/241'],1,30,130.0,211.0,211.0,12.0,2018-08-08T13:21:11Z,26.0,Go,111205.0
2020-07-10T18:17:50,,,,https://github.com/gitcoinco/web/issues/7082,thelostone-mc,https://gitcoin.co/issue/23300,0.24,gitcoinco,734,web,{},ETH,['https://github.com/gitcoinco/web/pull/4011'],1,31,835.0,1630.0,1630.0,628.0,2017-07-10T10:53:45Z,92.0,JavaScript,1192069.0
2020-07-13T17:24:41,Feature,Days,Intermediate,https://github.com/diadata-org/diadata/issues/222,jppade,https://gitcoin.co/issue/23322,241.16,diadata-org,815,diadata,{},ETH,['https://github.com/diadata-org/diadata/pull/232'],1,28,130.0,211.0,211.0,12.0,2018-08-08T13:21:11Z,26.0,Go,111205.0
2020-07-14T12:14:49,Feature,Days,Intermediate,https://github.com/diadata-org/diadata/issues/224,jppade,https://gitcoin.co/issue/23331,241.16,diadata-org,758,diadata,{},ETH,['https://github.com/diadata-org/diadata/issues/224'],1,27,130.0,211.0,211.0,12.0,2018-08-08T13:21:11Z,26.0,Go,111205.0
2020-07-16T13:02:24,Feature,Days,Intermediate,https://github.com/diadata-org/diadata/issues/225,jppade,https://gitcoin.co/issue/23356,241.16,diadata-org,814,diadata,{},ETH,['https://github.com/diadata-org/diadata/pull/245'],1,25,130.0,211.0,211.0,12.0,2018-08-08T13:21:11Z,26.0,Go,111205.0
2020-11-25T07:54:25,Code Review,Days,Beginner,https://github.com/pit-coin/pit-coin.github.io/issues/1,pit-coin,https://gitcoin.co/issue/24104,24.2,pit-coin,241,pit-coin.github.io,{},ETH,['https://github.com/pit-coin/pit-coin.github.io/issues/1#issuecomment-662390798'],2,97149,1.0,0.0,0.0,1.0,2020-06-06T19:48:00Z,0.0,Solidity,922.0
2020-07-07T11:57:12,,Weeks,Intermediate,https://github.com/alto-io/game3.js/issues/1,polats,https://gitcoin.co/issue/23236,1196.8,alto-io,2045,game3.js,{},ETH,"['https://github.com/DanDevel/BlockchainGameHTML5', 'https://github.com/dotrungkien/typing-racer', 'https://github.com/Brianspha/The-Collector', 'https://github.com/mul1sh/tetrion']",4,41,66.0,184.0,184.0,50.0,2020-05-10T08:19:34Z,8.0,JavaScript,118159.0
2020-07-13T06:43:29,Feature,Hours,Intermediate,https://github.com/nblockchain/geewallet/issues/149,knocte,https://gitcoin.co/issue/23309,229.18,nblockchain,57,geewallet,{},ETH,['https://github.com/traxium/webassembly-chrome-extension'],1,22,37.0,55.0,55.0,89.0,2018-01-01T13:19:20Z,8.0,F#,65769.0
2020-07-07T15:08:48,Bug,Hours,Intermediate,https://github.com/minds/minds/issues/161,markharding,https://gitcoin.co/issue/23239,54.79,minds,48,minds,{},ETH,['https://gitlab.com/minds/front/-/merge_requests/1055'],1,24,192.0,660.0,660.0,34.0,2016-07-29T12:13:17Z,83.0,PHP,231339.0
2020-10-22T18:02:40,Design,Days,Intermediate,https://github.com/status-im/design/issues/41,statussceptre,https://gitcoin.co/issue/23988,512.95,status-im,2301,design,{},ETH,['https://www.figma.com/file/aqfB5y63KNbUNjrivHelyW/Keycard'],1,9,3.0,6.0,6.0,11.0,2018-04-12T11:42:26Z,10.0,,3726.0
2020-06-24T06:18:06,Bug,Hours,Beginner,https://github.com/gitcoinco/web/issues/6959,octavioamu,https://gitcoin.co/issue/23041,0.23,gitcoinco,181,web,{},ETH,['https://github.com/gitcoinco/web/pull/6952'],1,29,835.0,1630.0,1630.0,628.0,2017-07-10T10:53:45Z,92.0,JavaScript,1192069.0
2020-06-18T23:49:53,Improvement,Hours,Intermediate,https://github.com/meroscrypto/meros/issues/192,kayabanerve,https://gitcoin.co/issue/22797,50.51,meroscrypto,468,meros,{},ETH,['https://github.com/MerosCrypto/Meros/pull/198'],1,29,21.0,85.0,85.0,60.0,2018-05-20T09:36:33Z,17.0,Nim,8748.0
2020-07-21T22:41:31,,,,https://github.com/nearprotocol/protect-privacy-hack/issues/3,juliebissinger,https://gitcoin.co/issue/23413,0.24,nearprotocol,2673,protect-privacy-hack,{},ETH,['https://github.com/izrake/PWPEvents'],4,-15,0.0,0.0,0.0,3.0,2020-06-11T20:32:26Z,2.0,,2.0
2020-07-21T22:30:42,,,,https://github.com/nearprotocol/protect-privacy-hack/issues/1,juliebissinger,https://gitcoin.co/issue/23411,0.24,nearprotocol,2118,protect-privacy-hack,{},ETH,['https://github.com/amiyatulu/avrit_ui'],5,-15,0.0,0.0,0.0,3.0,2020-06-11T20:32:26Z,2.0,,2.0
2020-06-12T06:17:43,Bug,Hours,Beginner,https://github.com/gitcoinco/web/issues/6833,oktopusgc,https://gitcoin.co/issue/22616,2.31,gitcoinco,1029,web,{},ETH,['https://github.com/octavioamu'],1,29,835.0,1630.0,1630.0,628.0,2017-07-10T10:53:45Z,92.0,JavaScript,1192069.0
2020-06-08T18:17:59,Bug,Hours,Beginner,https://github.com/danlipert/gitcoin-test/issues/79,danlipert,https://gitcoin.co/issue/22492,2.46,danlipert,216,gitcoin-test,{},ETH,['https://github.com/danlipert/gitcoin-test/issues/79'],1,29,0.0,0.0,0.0,105.0,2019-02-01T14:11:38Z,1.0,,0.0
2020-06-15T17:33:03,,,,https://github.com/b-mueller/sabre/issues/101,b-mueller,https://gitcoin.co/issue/22668,302.53,b-mueller,1349,sabre,{},ETH,['https://github.com/b-mueller/sabre/pull/102'],1,21,19.0,59.0,59.0,1.0,2018-10-24T04:31:07Z,6.0,JavaScript,751.0
2020-06-19T12:04:00,,,,https://github.com/b-mueller/sabre/issues/99,b-mueller,https://gitcoin.co/issue/22955,81.65,b-mueller,284,sabre,{},ETH,['https://github.com/b-mueller/sabre/pull/100'],1,16,19.0,59.0,59.0,1.0,2018-10-24T04:31:07Z,6.0,JavaScript,751.0
2020-06-17T19:39:15,Feature,Weeks,Intermediate,https://github.com/encointer/explorer/issues/8,brenzi,https://gitcoin.co/issue/22712,1195.43,encointer,1012,explorer,{},ETH,"['https://github.com/encointer/explorer/pull/14', 'https://github.com/encointer/explorer/pull/14']",2,17,1.0,2.0,2.0,12.0,2020-05-04T15:24:52Z,4.0,JavaScript,116474.0
2020-06-10T20:14:31,Feature,Hours,Beginner,https://github.com/great-hill-corporation/trueblocks-core/issues/1469,tjayrush,https://gitcoin.co/issue/22566,122.23,great-hill-corporation,2103,trueblocks-core,{},ETH,['https://github.com/Great-Hill-Corporation/trueblocks-core/pull/1472'],1,5,167.0,881.0,881.0,224.0,2017-04-03T12:39:10Z,17.0,C++,596639.0
2020-07-22T03:41:02,,,,https://github.com/status-im/status-keycard/issues/68,statussceptre,https://gitcoin.co/issue/23415,0.25,status-im,2235,status-keycard,{},ETH,['https://github.com/luibo/KeycardForiPhone'],2,-16,62.0,192.0,192.0,5.0,2017-09-21T10:09:08Z,29.0,Java,3398.0
2020-07-21T22:26:19,,,,https://github.com/status-im/status-keycard/issues/69,statussceptre,https://gitcoin.co/issue/23410,0.25,status-im,2194,status-keycard,{},ETH,['https://github.com/choppu/keycard-sdk'],2,-15,62.0,192.0,192.0,5.0,2017-09-21T10:09:08Z,29.0,Java,3398.0
2020-06-01T18:18:06,Bug,Hours,Beginner,https://github.com/danlipert/gitcoin-test/issues/78,danlipert,https://gitcoin.co/issue/22378,2.48,danlipert,13,gitcoin-test,{},ETH,['https://github.com/danlipert/gitcoin-test/issues/78'],1,29,0.0,0.0,0.0,105.0,2019-02-01T14:11:38Z,1.0,,0.0
2020-06-03T03:22:31,Feature,,Intermediate,https://github.com/proofsuite/orfeed/issues/73,mikedeshazer,https://gitcoin.co/issue/22407,92.73,proofsuite,1963,orfeed,{},ETH,['https://github.com/ProofSuite/OrFeed/pull/74'],1,-1,165.0,244.0,244.0,9.0,2019-10-24T07:50:38Z,31.0,Solidity,569.0
2020-05-29T18:18:42,Bug,Hours,Beginner,https://github.com/danlipert/gitcoin-test/issues/77,danlipert,https://gitcoin.co/issue/22341,2.21,danlipert,12,gitcoin-test,{},ETH,['https://github.com/danlipert/gitcoin-test/issues/76'],1,30,0.0,0.0,0.0,105.0,2019-02-01T14:11:38Z,1.0,,0.0
2020-06-02T16:25:12,Improvement,Days,Intermediate,https://github.com/encointer/explorer/issues/9,brenzi,https://gitcoin.co/issue/22391,150.34,encointer,544,explorer,{},ETH,['https://github.com/encointer/explorer/pull/10'],1,25,1.0,2.0,2.0,12.0,2020-05-04T15:24:52Z,4.0,JavaScript,116474.0
2020-06-29T16:14:50,,,,https://github.com/gitcoinco/web/issues/6646,owocki,https://gitcoin.co/issue/23089,104.11,gitcoinco,1414,web,{},ETH,['https://github.com/gitcoinco/web/pull/6777'],1,-2,835.0,1630.0,1630.0,628.0,2017-07-10T10:53:45Z,92.0,JavaScript,1192069.0
2020-06-29T16:51:57,,,,https://github.com/gitcoinco/web/issues/6718,owocki,https://gitcoin.co/issue/23091,110.51,gitcoinco,516,web,{},ETH,['https://github.com/gitcoinco/web/pull/6808'],1,-3,835.0,1630.0,1630.0,628.0,2017-07-10T10:53:45Z,92.0,JavaScript,1192069.0
2020-05-26T18:18:09,,,Beginner,https://github.com/gitcoinco/web/issues/6711,thelostone-mc,https://gitcoin.co/issue/22209,2.01,gitcoinco,659,web,{},ETH,['https://github.com/gitcoinco/web/pull/4011'],1,31,835.0,1630.0,1630.0,628.0,2017-07-10T10:53:45Z,92.0,JavaScript,1192069.0
2020-05-20T18:18:04,,,Beginner,https://github.com/gitcoinco/web/issues/6683,thelostone-mc,https://gitcoin.co/issue/22100,2.1,gitcoinco,1905,web,{},ETH,['https://github.com/gitcoinco/web/pull/4011'],1,31,835.0,1630.0,1630.0,628.0,2017-07-10T10:53:45Z,92.0,JavaScript,1192069.0
2020-05-19T18:18:10,,,,https://github.com/gitcoinco/web/issues/6677,thelostone-mc,https://gitcoin.co/issue/22065,2.15,gitcoinco,275,web,{},ETH,['https://github.com/gitcoinco/web/pull/5391'],1,31,835.0,1630.0,1630.0,628.0,2017-07-10T10:53:45Z,92.0,JavaScript,1192069.0
2020-06-29T15:51:33,,,,https://github.com/gitcoinco/web/issues/6677,owocki,https://gitcoin.co/issue/23088,257.87,gitcoinco,275,web,{},ETH,['https://github.com/gitcoinco/web/pull/6708'],1,-11,835.0,1630.0,1630.0,628.0,2017-07-10T10:53:45Z,92.0,JavaScript,1192069.0
2020-06-13T06:03:00,Feature,Days,Advanced,https://github.com/gitcoinco/web/issues/6549,owocki,https://gitcoin.co/issue/22638,365.31,gitcoinco,2091,web,{},ETH,['https://github.com/ScopeLift/gitcoin-web/pull/31/'],1,5,835.0,1630.0,1630.0,628.0,2017-07-10T10:53:45Z,92.0,JavaScript,1192069.0
2020-05-18T18:18:18,,,Beginner,https://github.com/gitcoinco/web/issues/6664,thelostone-mc,https://gitcoin.co/issue/22028,2.15,gitcoinco,408,web,{},ETH,['https://github.com/gitcoinco/web/pull/4011'],1,31,835.0,1630.0,1630.0,628.0,2017-07-10T10:53:45Z,92.0,JavaScript,1192069.0
2020-05-18T18:18:08,,,,https://github.com/gitcoinco/web/issues/6667,thelostone-mc,https://gitcoin.co/issue/22026,2.15,gitcoinco,1144,web,{},ETH,['https://github.com/gitcoinco/web/pull/5391'],1,31,835.0,1630.0,1630.0,628.0,2017-07-10T10:53:45Z,92.0,JavaScript,1192069.0
2020-05-17T06:17:42,,,Beginner,https://github.com/gitcoinco/web/issues/6667,thelostone-mc,https://gitcoin.co/issue/21999,2.01,gitcoinco,1144,web,{},ETH,['https://github.com/gitcoinco/web/pull/4012'],1,31,835.0,1630.0,1630.0,628.0,2017-07-10T10:53:45Z,92.0,JavaScript,1192069.0
2020-05-17T03:57:38,,,,https://github.com/proofsuite/orfeed/issues/70,mikedeshazer,https://gitcoin.co/issue/21997,30.08,proofsuite,951,orfeed,{},ETH,['https://github.com/ProofSuite/OrFeed/pull/71'],1,14,165.0,244.0,244.0,9.0,2019-10-24T07:50:38Z,31.0,Solidity,569.0
2020-05-14T18:18:26,,,,https://github.com/gitcoinco/web/issues/6636,shitzu-mc,https://gitcoin.co/issue/21967,2.03,gitcoinco,181,web,{},ETH,['https://github.com/gitcoinco/web/pull/4653'],1,31,835.0,1630.0,1630.0,628.0,2017-07-10T10:53:45Z,92.0,JavaScript,1192069.0
2020-05-13T18:18:04,,,,https://github.com/gitcoinco/web/issues/6645,thelostone-mc,https://gitcoin.co/issue/21952,2.0,gitcoinco,426,web,{},ETH,['https://github.com/gitcoinco/web/pull/4011'],1,31,835.0,1630.0,1630.0,628.0,2017-07-10T10:53:45Z,92.0,JavaScript,1192069.0
2020-06-05T17:59:29,,,Intermediate,https://github.com/nearprotocol/ready-layer-one-hackathon/issues/7,skidanovalex,https://gitcoin.co/issue/22443,0.2,nearprotocol,2419,ready-layer-one-hackathon,{},ETH,"['https://github.com/bakaoh/ftm', 'https://github.com/fragmnt/stardust-market', 'https://github.com/x5engine/eskimo']",4,-17,0.0,0.0,0.0,8.0,2020-04-27T23:55:49Z,4.0,,1.0
2020-06-05T17:59:37,,,Intermediate,https://github.com/nearprotocol/ready-layer-one-hackathon/issues/8,skidanovalex,https://gitcoin.co/issue/22444,0.21,nearprotocol,2596,ready-layer-one-hackathon,{},ETH,"['https://github.com/Gungz/flux-bot', 'https://github.com/elviric/NEAR-RL-Hack2020']",3,-17,0.0,0.0,0.0,8.0,2020-04-27T23:55:49Z,4.0,,1.0
2020-06-05T17:59:53,,,Beginner,https://github.com/nearprotocol/ready-layer-one-hackathon/issues/4,skidanovalex,https://gitcoin.co/issue/22446,0.21,nearprotocol,2633,ready-layer-one-hackathon,{},ETH,"['https://github.com/srisankethu/building-audit', 'https://github.com/sarangparikh22/move-near']",3,-17,0.0,0.0,0.0,8.0,2020-04-27T23:55:49Z,4.0,,1.0
2020-11-29T10:47:21,Feature,Weeks,Beginner,https://github.com/elastos/elastos.community/issues/506,elastosjs,https://gitcoin.co/issue/24277,0.21,elastos,8207,elastos.community,{},ETH,['https://github.com/emmaodia/elastOS-supportSMES-dApp'],7,-182,21.0,28.0,28.0,15.0,2018-04-18T03:19:51Z,48.0,,248790.0
2020-05-20T20:04:47,Feature,Weeks,Intermediate,https://github.com/encointer/explorer/issues/2,brenzi,https://gitcoin.co/issue/22102,251.77,encointer,2912,explorer,{},ETH,['https://github.com/encointer/explorer/pull/3'],1,16,1.0,2.0,2.0,12.0,2020-05-04T15:24:52Z,4.0,JavaScript,116474.0
2020-06-23T17:50:37,Improvement,Hours,Beginner,https://github.com/gitcoinco/web/issues/6559,frankchen07,https://gitcoin.co/issue/23024,90.63,gitcoinco,2483,web,{},ETH,['https://github.com/gitcoinco/web/pull/6565'],1,-22,835.0,1630.0,1630.0,628.0,2017-07-10T10:53:45Z,92.0,JavaScript,1192069.0
2020-09-17T10:12:59,,,,https://github.com/gitcoinco/web/issues/6548,owocki,https://gitcoin.co/issue/23716,211.99,gitcoinco,1928,web,{},ETH,['https://github.com/gitcoinco/web/pull/6880'],1,-108,835.0,1630.0,1630.0,628.0,2017-07-10T10:53:45Z,92.0,JavaScript,1192069.0
2020-06-05T17:59:45,,,Beginner,https://github.com/nearprotocol/ready-layer-one-hackathon/issues/6,skidanovalex,https://gitcoin.co/issue/22445,0.21,nearprotocol,2886,ready-layer-one-hackathon,{},ETH,['https://github.com/dhruvluci/wallet-example/tree/newx'],1,-17,0.0,0.0,0.0,8.0,2020-04-27T23:55:49Z,4.0,,1.0
2020-06-05T18:00:04,,,Intermediate,https://github.com/nearprotocol/ready-layer-one-hackathon/issues/5,skidanovalex,https://gitcoin.co/issue/22447,0.21,nearprotocol,2826,ready-layer-one-hackathon,{},ETH,"['https://github.com/sarangparikh22/move-near', 'https://github.com/BrittanyDeventer/dApp-voter', 'https://github.com/theCydonian/AudioEyes']",3,-17,0.0,0.0,0.0,8.0,2020-04-27T23:55:49Z,4.0,,1.0
2020-11-29T10:45:52,,,Intermediate,https://github.com/nearprotocol/ready-layer-one-hackathon/issues/3,skidanovalex,https://gitcoin.co/issue/24274,0.21,nearprotocol,2578,ready-layer-one-hackathon,{},ETH,['https://github.com/hdriqi/paras-alpha/'],3,-194,0.0,0.0,0.0,8.0,2020-04-27T23:55:49Z,4.0,,1.0
2020-06-05T18:06:19,,,Intermediate,https://github.com/nearprotocol/ready-layer-one-hackathon/issues/2,skidanovalex,https://gitcoin.co/issue/22449,0.21,nearprotocol,2528,ready-layer-one-hackathon,{},ETH,"['https://github.com/zavodil/nearup_telegram_bot', 'https://github.com/emmaodia/shareSalesDapp', 'https://github.com/sarangparikh22/move-near', 'https://github.com/DanielIwoOfficial/NEARSave', 'https://github.com/MikaelLazarev/nearcontracts']",5,-17,0.0,0.0,0.0,8.0,2020-04-27T23:55:49Z,4.0,,1.0
2020-04-30T18:18:24,,,Intermediate,https://github.com/gitcoinco/web/issues/6530,thelostone-mc,https://gitcoin.co/issue/21488,2.06,gitcoinco,138,web,{},ETH,['https://github.com/gitcoinco/web/pull/4011'],1,30,835.0,1630.0,1630.0,628.0,2017-07-10T10:53:45Z,92.0,JavaScript,1192069.0
2020-06-09T10:05:22,,,Intermediate,https://github.com/nearprotocol/ready-layer-one-hackathon/issues/1,skidanovalex,https://gitcoin.co/issue/22538,0.2,nearprotocol,2439,ready-layer-one-hackathon,{},ETH,"['https://github.com/sarangparikh22/move-near', 'https://github.com/vbstreetz/downtown-stimulus', 'https://github.com/ALuhning/Paralog', 'https://github.com/emmaodia/guest-book', 'https://github.com/maexx393/stokvel']",7,-21,0.0,0.0,0.0,8.0,2020-04-27T23:55:49Z,4.0,,1.0
2020-05-11T19:27:56,,,,https://github.com/gitcoinco/web/issues/6516,owocki,https://gitcoin.co/issue/21771,137.45,gitcoinco,622,web,{},ETH,['https://www.dropbox.com/sh/nwa5hssxbzi2pcs/AACgeuydnjArzg7mFmTffVDUa?dl=0'],1,16,835.0,1630.0,1630.0,628.0,2017-07-10T10:53:45Z,92.0,JavaScript,1192069.0
2020-06-29T14:45:21,,,,https://github.com/gitcoinco/web/issues/6493,owocki,https://gitcoin.co/issue/23085,98.18,gitcoinco,3140,web,{},ETH,['https://github.com/gitcoinco/web/pull/6633'],1,-33,835.0,1630.0,1630.0,628.0,2017-07-10T10:53:45Z,92.0,JavaScript,1192069.0
2020-05-06T18:38:54,Feature,Hours,Intermediate,https://github.com/diadata-org/diadata/issues/210,kaythxbye,https://gitcoin.co/issue/21672,56.26,diadata-org,561,diadata,{},ETH,['https://github.com/diadata-org/diadata/pull/215'],1,97351,130.0,211.0,211.0,12.0,2018-08-08T13:21:11Z,26.0,Go,111205.0
2020-04-22T18:18:14,,,Intermediate,https://github.com/gitcoinco/web/issues/6489,thelostone-mc,https://gitcoin.co/issue/21408,1.83,gitcoinco,383,web,{},ETH,['https://github.com/gitcoinco/web/pull/4011'],1,30,835.0,1630.0,1630.0,628.0,2017-07-10T10:53:45Z,92.0,JavaScript,1192069.0
2020-05-18T16:42:03,,,,https://github.com/gitcoinco/web/issues/6465,owocki,https://gitcoin.co/issue/22019,127.98,gitcoinco,437,web,{},ETH,['https://docs.google.com/spreadsheets/d/1ngxSgJAZDyrokiUcgAQLPRqhR4wbBLjPHSyHBOigwaA/edit#gid=1132452000'],1,-1,835.0,1630.0,1630.0,628.0,2017-07-10T10:53:45Z,92.0,JavaScript,1192069.0
2020-06-08T12:31:43,Feature,Hours,,https://github.com/gitcoinco/web/issues/6442,pixelantdesign,https://gitcoin.co/issue/22479,63.14,gitcoinco,1171,web,{},ETH,['https://github.com/gitcoinco/web/pull/6494'],1,-45,835.0,1630.0,1630.0,628.0,2017-07-10T10:53:45Z,92.0,JavaScript,1192069.0
2020-05-01T16:08:05,Feature,Hours,Advanced,https://github.com/harmonylion/ideamarkets/issues/22,harmonylion,https://gitcoin.co/issue/21512,300.33,harmonylion,9,ideamarkets,{},ETH,['https://gitlab.com/IdeaMarket/app-v2/-/merge_requests/19'],1,16,5.0,9.0,9.0,22.0,2019-06-11T01:41:11Z,2.0,,3.0
2020-05-01T14:56:52,Feature,Hours,Intermediate,https://github.com/gitcoinco/web/issues/6450,pixelantdesign,https://gitcoin.co/issue/21510,172.27,gitcoinco,1554,web,{},ETH,"['https://github.com/gitcoinco/web/pull/6464', 'https://github.com/gitcoinco/web/pull/6464']",2,-7,835.0,1630.0,1630.0,628.0,2017-07-10T10:53:45Z,92.0,JavaScript,1192069.0
2020-06-08T17:42:03,Feature,Weeks,Intermediate,https://github.com/agoric/cross-chain-hackathon/issues/3,tatyana0219,https://gitcoin.co/issue/22484,0.17,agoric,1668,cross-chain-hackathon,{},ETH,['https://github.com/emmaodia/agoric-auction-dapp'],1,-22,0.0,1.0,1.0,6.0,2020-03-26T00:51:26Z,6.0,,0.0
2020-06-08T17:34:48,Feature,Weeks,Intermediate,https://github.com/agoric/cross-chain-hackathon/issues/2,tatyana0219,https://gitcoin.co/issue/22482,0.17,agoric,2367,cross-chain-hackathon,{},ETH,"['https://github.com/vinhyenvodoi98/Cross-Chain-Hackathon-Plant', 'https://github.com/vporton/time-release/tree/rollback', 'https://github.com/vinhyenvodoi98/Cross-Chain-Hackathon-Plant', 'https://github.com/ivanmolto/ice-cave-adventure', 'https://github.com/Kryha/KryhaAgoricHackathon']",6,-22,0.0,1.0,1.0,6.0,2020-03-26T00:51:26Z,6.0,,0.0
2020-06-08T17:37:46,Feature,Weeks,Intermediate,https://github.com/agoric/cross-chain-hackathon/issues/1,tatyana0219,https://gitcoin.co/issue/22483,0.17,agoric,1278,cross-chain-hackathon,{},ETH,['https://github.com/hammadtq/agoric-sdk/blob/hackathon-2020-04/packages/zoe/src/contracts/cdpStableCoin.js'],1,-22,0.0,1.0,1.0,6.0,2020-03-26T00:51:26Z,6.0,,0.0
2020-05-04T12:09:25,,,,https://github.com/gitcoinco/web/issues/6448,owocki,https://gitcoin.co/issue/21591,61.14,gitcoinco,480,web,{},ETH,['https://github.com/gitcoinco/web/pull/6455'],1,11,835.0,1630.0,1630.0,628.0,2017-07-10T10:53:45Z,92.0,JavaScript,1192069.0
2020-04-15T18:21:22,,,,https://github.com/gitcoinco/web/issues/6435,thelostone-mc,https://gitcoin.co/issue/21310,1.53,gitcoinco,1589,web,{},ETH,['https://github.com/gitcoinco/web/pull/6079'],1,30,835.0,1630.0,1630.0,628.0,2017-07-10T10:53:45Z,92.0,JavaScript,1192069.0
2020-05-02T00:06:58,,Hours,,https://github.com/gitcoinco/web/issues/6208,frankchen07,https://gitcoin.co/issue/21525,87.13,gitcoinco,286,web,{},ETH,['https://github.com/gitcoinco/web/pull/6438'],1,13,835.0,1630.0,1630.0,628.0,2017-07-10T10:53:45Z,92.0,JavaScript,1192069.0
2020-04-20T05:09:00,Documentation,Hours,Intermediate,https://github.com/daaab/bbft/issues/13,daaab,https://gitcoin.co/issue/21378,15.83,daaab,1597,bbft,{},ETH,['https://github.com/dAAAb/BBFT/pull/16'],1,22,6.0,2.0,2.0,9.0,2019-11-18T13:43:00Z,3.0,,280837.0
2020-04-13T04:06:28,Documentation,Hours,Intermediate,https://github.com/daaab/bbft/issues/12,daaab,https://gitcoin.co/issue/21225,15.83,daaab,1337,bbft,{},ETH,['https://github.com/dAAAb/BBFT/pull/14'],1,29,6.0,2.0,2.0,9.0,2019-11-18T13:43:00Z,3.0,,280837.0
2020-04-08T18:19:43,,,,https://github.com/gitcoinco/web/pull/4017,thelostone-mc,https://gitcoin.co/issue/21054,1.73,gitcoinco,1451,web,{},ETH,['https://github.com/gitcoinco/web/pull/4011'],1,30,835.0,1630.0,1630.0,628.0,2017-07-10T10:53:45Z,92.0,JavaScript,1192069.0
2020-04-15T21:52:21,,,,https://github.com/gitcoinco/web/issues/6395,owocki,https://gitcoin.co/issue/21313,164.61,gitcoinco,384,web,{},ETH,"['https://github.com/uivlis/provenance', 'https://github.com/gitcoinco/web/pull/6398']",2,25,835.0,1630.0,1630.0,628.0,2017-07-10T10:53:45Z,92.0,JavaScript,1192069.0
2020-04-06T15:24:28,Improvement,Hours,Intermediate,https://github.com/mixinnetwork/mixin/issues/43,cedricfung,https://gitcoin.co/issue/20969,86.01,mixinnetwork,194,mixin,{},ETH,['https://github.com/MixinNetwork/mixin/pull/49'],1,97382,119.0,473.0,473.0,14.0,2018-04-27T13:31:53Z,55.0,Go,3485.0
2020-04-03T10:28:54,Improvement,Hours,Beginner,https://github.com/supabase/realtime/issues/18,awalias,https://gitcoin.co/issue/20916,49.42,supabase,155,realtime,{},ETH,['https://github.com/supabase/realtime/pull/27'],1,30,237.0,5750.0,5750.0,16.0,2019-09-23T12:15:45Z,98.0,Elixir,6921.0
2020-11-29T10:41:34,Documentation,Hours,Intermediate,https://github.com/daaab/bbft/issues/10,daaab,https://gitcoin.co/issue/24266,16.25,daaab,1244,bbft,{},ETH,['https://github.com/dAAAb/BBFT/pull/11'],1,-211,6.0,2.0,2.0,9.0,2019-11-18T13:43:00Z,3.0,,280837.0
2020-11-29T10:40:58,Documentation,Hours,Intermediate,https://github.com/etherdotblue/mythx/issues/3,EtherDotBlue,https://gitcoin.co/issue/24265,69.2,etherdotblue,944,mythx,{},ETH,['https://medium.com/@drisselbaghdadibbt/developer-experience-with-mythx-770209a95231'],3,-233,0.0,3.0,3.0,2.0,2020-03-16T04:13:59Z,1.0,,0.0
2020-06-29T17:32:53,Improvement,,Beginner,https://github.com/gitcoinco/web/issues/6298,PixelantDesign,https://gitcoin.co/issue/23092,33.99,gitcoinco,97,web,{},ETH,['https://github.com/gitcoinco/web/pull/6485'],1,-65,835.0,1630.0,1630.0,628.0,2017-07-10T10:53:45Z,92.0,JavaScript,1192069.0
2020-03-31T08:08:35,Other,Hours,Advanced,https://github.com/etherdotblue/mythx/issues/4,EtherDotBlue,https://gitcoin.co/issue/20872,135.97,etherdotblue,784,mythx,{},ETH,"['https://medium.com/@msolomon44/ethereum-security-analysis-tools-an-introduction-and-comparison-1096194e64d5', 'https://link.medium.com/COasCs4ed5', 'https://medium.com/@charingane/smart-contract-security-tools-comparison-4aaddf301f01']",3,11,0.0,3.0,3.0,2.0,2020-03-16T04:13:59Z,1.0,,0.0
2020-06-25T10:12:49,Improvement,Days,Advanced,https://github.com/zilliqa/ledger-app-zilliqa/issues/1,evesnow91,https://gitcoin.co/issue/23053,4758.95,zilliqa,3041,ledger-app-zilliqa,{},ETH,['https://github.com/Zilliqa/ledger-app-zilliqa/pull/3'],1,8,3.0,2.0,2.0,1.0,2019-09-12T09:00:52Z,3.0,C,794.0
2020-03-30T01:47:43,Documentation,Hours,Intermediate,https://github.com/daaab/bbft/issues/8,dAAAb,https://gitcoin.co/issue/20856,13.84,daaab,1283,bbft,{},ETH,['https://github.com/dAAAb/BBFT/pull/9'],1,25,6.0,2.0,2.0,9.0,2019-11-18T13:43:00Z,3.0,,280837.0
2020-03-26T21:14:48,Bug,Hours,Intermediate,https://github.com/wearekickback/contracts/issues/56,connoroday,https://gitcoin.co/issue/20818,133.36,wearekickback,2972,contracts,{},ETH,['https://github.com/wearekickback/shared/pull/1'],1,25,15.0,35.0,35.0,15.0,2018-08-27T11:11:31Z,5.0,JavaScript,3154.0
2020-03-23T17:35:10,,,,https://github.com/gitcoinco/web/issues/6224,owocki,https://gitcoin.co/issue/20750,133.36,gitcoinco,192,web,{},ETH,['https://github.com/gitcoinco/web/pull/6264'],1,27,835.0,1630.0,1630.0,628.0,2017-07-10T10:53:45Z,92.0,JavaScript,1192069.0
2020-03-24T18:06:47,,,,https://github.com/ethhub-io/ethhub/issues/440,owocki,https://gitcoin.co/issue/20764,47.74,ethhub-io,233,ethhub,{},ETH,['https://github.com/ethhub-io/ethhub/pull/444'],1,26,666.0,874.0,874.0,61.0,2018-09-14T21:27:36Z,45.0,HTML,108456.0
2021-03-17T09:58:23,Documentation,Hours,Intermediate,https://github.com/daaab/bbft/issues/6,dAAAb,https://gitcoin.co/issue/25252,13.64,daaab,1150,bbft,{},ETH,['https://github.com/dAAAb/BBFT/pull/7'],1,-332,6.0,2.0,2.0,9.0,2019-11-18T13:43:00Z,3.0,,280837.0
2021-03-17T09:57:59,,,,https://github.com/gitcoinco/web/issues/6223,owocki,https://gitcoin.co/issue/25249,54.18,gitcoinco,510,web,{},ETH,['https://github.com/gitcoinco/web/pull/6245'],1,-335,835.0,1630.0,1630.0,628.0,2017-07-10T10:53:45Z,92.0,JavaScript,1192069.0
2020-03-23T15:08:59,Security,Hours,Intermediate,https://github.com/vporton/courts/issues/1,vporton,https://gitcoin.co/issue/20748,86.58,vporton,181,courts,{},ETH,['https://gist.github.com/RideSolo/3fd4c650f32da42d618143dde639238c'],1,24,2.0,7.0,7.0,19.0,2020-01-08T20:32:13Z,1.0,JavaScript,5237.0
2020-08-13T09:48:28,Documentation,Hours,Beginner,https://github.com/gitcoinco/web/issues/6235,danlipert,https://gitcoin.co/issue/23517,11.21,gitcoinco,165,web,{},ETH,['https://github.com/gitcoinco/web/issues/6235#issuecomment-611476392'],1,-1,835.0,1630.0,1630.0,628.0,2017-07-10T10:53:45Z,92.0,JavaScript,1192069.0
2021-03-17T09:57:27,Other,Hours,Intermediate,https://github.com/etherdotblue/mythx/issues/1,EtherDotBlue,https://gitcoin.co/issue/25246,243.1,etherdotblue,750,mythx,{},ETH,['https://medium.com/@charingane/how-to-install-and-use-mythx-to-secure-your-smart-contract-7b2abc5f2b5b'],2,-351,0.0,3.0,3.0,2.0,2020-03-16T04:13:59Z,1.0,,0.0
2020-03-15T06:19:11,Bug,Hours,Beginner,https://github.com/gitcoinco/web/issues/6167,oktopusGc,https://gitcoin.co/issue/19841,1.23,gitcoinco,1,web,{},ETH,['https://github.com/gitcoinco/web/issues/6229'],1,30,835.0,1630.0,1630.0,628.0,2017-07-10T10:53:45Z,92.0,JavaScript,1192069.0
2020-03-13T22:26:50,Other,Hours,Beginner,https://github.com/onemilliondevs/bounties/issues/7,datakarima,https://gitcoin.co/issue/19554,5.25,onemilliondevs,447,bounties,{},ETH,"['https://github.com/OneMillionDevs/bounties/issues/7', 'https://github.com/OneMillionDevs/bounties/issues/7#issuecomment-598953518', 'https://twitter.com/tokentikki/status/1238572002056769536']",4,7,1.0,3.0,3.0,6.0,2019-12-09T07:08:30Z,0.0,,1.0
2020-03-20T09:25:28,Improvement,Hours,Beginner,https://github.com/witnet/witnet-rust/issues/958,Tommytrg,https://gitcoin.co/issue/20707,29.3,witnet,1448,witnet-rust,{},ETH,['https://github.com/witnet/witnet-rust/pull/1082'],1,97399,53.0,162.0,162.0,100.0,2018-02-04T17:59:46Z,13.0,Rust,15119.0
2020-03-17T14:43:38,Improvement,Hours,Beginner,https://github.com/witnet/witnet-rust/issues/954,Tommytrg,https://gitcoin.co/issue/20652,4.84,witnet,1052,witnet-rust,{},ETH,['https://github.com/witnet/witnet-rust/pull/1083'],1,97402,53.0,162.0,162.0,100.0,2018-02-04T17:59:46Z,13.0,Rust,15119.0
2021-03-17T09:56:36,Feature,Days,Intermediate,https://github.com/mysteriumnetwork/node/issues/1867,connoroday,https://gitcoin.co/issue/25240,0.19,mysteriumnetwork,2440,node,{},ETH,['https://github.com/dhaileytaha/mystNetwork'],1,-345,277.0,975.0,975.0,118.0,2017-01-26T00:43:08Z,76.0,Go,22384.0
2021-03-17T09:56:31,Feature,Days,Intermediate,https://github.com/mysteriumnetwork/node/issues/1866,connoroday,https://gitcoin.co/issue/25239,0.19,mysteriumnetwork,2754,node,{},ETH,['https://github.com/mysteriumnetwork/mysterium-vpn-mobile/pull/194'],1,-345,277.0,975.0,975.0,118.0,2017-01-26T00:43:08Z,76.0,Go,22384.0
2020-03-22T16:15:05,Improvement,,Intermediate,https://github.com/matter-labs/web3swift/issues/202,skywinder,https://gitcoin.co/issue/20731,29.16,matter-labs,318,web3swift,{},ETH,['https://github.com/matter-labs/web3swift/pull/249'],1,19,354.0,693.0,693.0,49.0,2018-08-13T15:12:05Z,23.0,JavaScript,60126.0
2020-05-04T17:35:54,,,,https://github.com/gitcoinco/web/issues/6193,owocki,https://gitcoin.co/issue/21595,203.14,gitcoinco,1340,web,{},ETH,['https://github.com/gitcoinco/web/pull/6411'],1,-25,835.0,1630.0,1630.0,628.0,2017-07-10T10:53:45Z,92.0,JavaScript,1192069.0
2020-04-29T10:00:04,,,,https://github.com/gitcoinco/web/issues/6192,owocki,https://gitcoin.co/issue/21472,203.14,gitcoinco,1269,web,{},ETH,['https://github.com/gitcoinco/web/pull/6231'],1,-20,835.0,1630.0,1630.0,628.0,2017-07-10T10:53:45Z,92.0,JavaScript,1192069.0
2020-04-06T00:53:07,Improvement,Hours,,https://github.com/gitcoinco/web/issues/6149,PixelantDesign,https://gitcoin.co/issue/20956,185.78,gitcoinco,1002,web,{},ETH,['https://github.com/gitcoinco/web/pull/6156'],1,0,835.0,1630.0,1630.0,628.0,2017-07-10T10:53:45Z,92.0,JavaScript,1192069.0
2020-04-06T00:53:05,Feature,,Intermediate,https://github.com/gitcoinco/web/issues/6121,PixelantDesign,https://gitcoin.co/issue/20955,162.52,gitcoinco,1278,web,{},ETH,['https://github.com/gitcoinco/web/pull/6181'],1,0,835.0,1630.0,1630.0,628.0,2017-07-10T10:53:45Z,92.0,JavaScript,1192069.0
2020-06-24T21:58:05,,,,https://github.com/gitcoinco/web/issues/6116,owocki,https://gitcoin.co/issue/23045,33.42,gitcoinco,1158,web,{},ETH,['https://github.com/gitcoinco/web/pull/6937'],1,-82,835.0,1630.0,1630.0,628.0,2017-07-10T10:53:45Z,92.0,JavaScript,1192069.0
2020-03-10T17:13:46,Bug,Hours,Advanced,https://github.com/cybersemics/em/issues/308,raineorshine,https://gitcoin.co/issue/19476,272.46,cybersemics,1565,em,{},ETH,"['https://github.com/cybersemics/em/pull/414', 'https://github.com/cybersemics/em/pull/399']",2,38,72.0,230.0,230.0,202.0,2018-08-07T02:25:56Z,12.0,TypeScript,244105.0
2020-04-29T22:38:45,Improvement,Days,Intermediate,https://github.com/gitcoinco/web/issues/6087,frankchen07,https://gitcoin.co/issue/21479,340.37,gitcoinco,1361,web,{},ETH,['https://github.com/gitcoinco/web/pull/6128'],1,97358,835.0,1630.0,1630.0,628.0,2017-07-10T10:53:45Z,92.0,JavaScript,1192069.0
2020-03-02T15:10:08,Bug,Hours,Beginner,https://github.com/gitcoinco/web/issues/6093,PixelantDesign,https://gitcoin.co/issue/19364,24.52,gitcoinco,283,web,{},ETH,['https://github.com/gitcoinco/web/pull/6097'],1,26,835.0,1630.0,1630.0,628.0,2017-07-10T10:53:45Z,92.0,JavaScript,1192069.0
2020-04-30T12:52:44,,,,https://github.com/gitcoinco/web/issues/6095,PixelantDesign,https://gitcoin.co/issue/21483,309.01,gitcoinco,1091,web,{},ETH,['https://github.com/gitcoinco/web/pull/6301'],1,-33,835.0,1630.0,1630.0,628.0,2017-07-10T10:53:45Z,92.0,JavaScript,1192069.0
2020-03-11T21:36:44,,,,https://github.com/skr-v/pixelartdecentraland/issues/3,skr-v,https://gitcoin.co/issue/19503,135.42,skr-v,159,pixelartdecentraland,{},ETH,['https://github.com/skr-v/PixelArtDecentraland/pull/4'],1,12,2.0,1.0,1.0,1.0,2020-02-21T23:29:12Z,1.0,TypeScript,28286.0
2020-02-24T06:07:02,,,,https://github.com/skr-v/pixelartdecentraland/issues/1,skr-v,https://gitcoin.co/issue/19251,265.07,skr-v,219,pixelartdecentraland,{},ETH,['https://github.com/skr-v/PixelArtDecentraland/pull/2'],1,27,2.0,1.0,1.0,1.0,2020-02-21T23:29:12Z,1.0,TypeScript,28286.0
2020-02-25T17:54:36,Documentation,Weeks,Advanced,https://github.com/quilt/pm/issues/7,villanuevawill,https://gitcoin.co/issue/19272,6047.02,quilt,2277,pm,{},ETH,['https://github.com/quilt/pm/issues/7#issuecomment-589421880'],1,24,0.0,5.0,5.0,6.0,2019-11-08T01:01:46Z,5.0,,1.0
2020-02-27T18:47:26,Improvement,Hours,Intermediate,https://github.com/gitcoinco/web/issues/6012,octavioamu,https://gitcoin.co/issue/19317,60.39,gitcoinco,1511,web,{},ETH,['https://github.com/gitcoinco/web/pull/6054'],1,20,835.0,1630.0,1630.0,628.0,2017-07-10T10:53:45Z,92.0,JavaScript,1192069.0
2020-02-20T22:46:40,Bug,Hours,Beginner,https://github.com/gitcoinco/web/issues/5992,octavioamu,https://gitcoin.co/issue/19200,60.39,gitcoinco,638,web,{},ETH,['https://github.com/gitcoinco/web/pull/6029'],1,27,835.0,1630.0,1630.0,628.0,2017-07-10T10:53:45Z,92.0,JavaScript,1192069.0
2020-02-26T15:07:05,Improvement,Hours,Advanced,https://github.com/gitcoinco/web/issues/5943,octavioamu,https://gitcoin.co/issue/19282,90.59,gitcoinco,875,web,{},ETH,['https://github.com/gitcoinco/web/pull/6045'],1,21,835.0,1630.0,1630.0,628.0,2017-07-10T10:53:45Z,92.0,JavaScript,1192069.0
2020-04-29T00:35:49,Improvement,Hours,Beginner,https://github.com/gitcoinco/web/issues/6010,frankchen07,https://gitcoin.co/issue/21468,74.38,gitcoinco,702,web,{},ETH,['https://github.com/gitcoinco/web/pull/6023'],1,97359,835.0,1630.0,1630.0,628.0,2017-07-10T10:53:45Z,92.0,JavaScript,1192069.0
2020-03-09T19:29:08,,,Intermediate,https://github.com/pegnet/pegnet/issues/355,Swibb,https://gitcoin.co/issue/19456,493.53,pegnet,160,pegnet,{},ETH,['https://github.com/pRoy24/pegnet-chainlink-client'],1,6,31.0,41.0,41.0,66.0,2019-03-02T18:56:29Z,15.0,Go,5072.0
2021-03-17T09:51:47,Feature,Hours,Beginner,https://github.com/unstoppabledomains/decentralized-websites/issues/6,matiasunstoppable,https://gitcoin.co/issue/25220,24.58,unstoppabledomains,722,decentralized-websites,{},ETH,['https://github.com/unstoppabledomains/decentralized-websites/pull/8/'],1,-390,379.0,203.0,203.0,8.0,2020-02-04T18:00:22Z,24.0,CSS,16066.0
2020-02-16T06:32:15,Feature,,Intermediate,https://github.com/proofsuite/orfeed/issues/57,mikedeshazer,https://gitcoin.co/issue/19132,51.09,proofsuite,1638,orfeed,{},ETH,['https://github.com/jmlon/TriangularArbitration'],1,60,165.0,244.0,244.0,9.0,2019-10-24T07:50:38Z,31.0,Solidity,569.0
2021-03-17T09:51:33,Improvement,Hours,Beginner,https://github.com/ethereum-lists/tokens/issues/307,bowensanders,https://gitcoin.co/issue/25218,49.77,ethereum-lists,971,tokens,{},ETH,['https://github.com/ethereum-lists/tokens/pull/309'],1,-372,520.0,392.0,392.0,4.0,2018-02-11T17:46:20Z,20.0,Kotlin,3098.0
2020-02-09T09:56:11,Bug,Hours,Intermediate,https://github.com/cybercongress/dot-cyber/issues/15,xhipster,https://gitcoin.co/issue/19033,111.57,cybercongress,85,dot-cyber,{},ETH,['https://github.com/cybercongress/dot-cyber/pull/158'],1,97439,32.0,152.0,152.0,216.0,2018-10-04T12:43:17Z,26.0,JavaScript,167706.0
2020-03-09T01:50:11,Feature,Hours,Intermediate,https://github.com/yanganto/s3rs/issues/60,yanganto,https://gitcoin.co/issue/19446,1.13,yanganto,502,s3rs,{},ETH,['https://github.com/yanganto/s3rs/pull/62'],1,7,7.0,38.0,38.0,17.0,2018-04-27T00:12:08Z,5.0,Rust,1615.0
2020-04-15T17:28:53,,,,https://github.com/gitcoinco/web/issues/5954,owocki,https://gitcoin.co/issue/21306,442.0,gitcoinco,1343,web,{},ETH,['https://github.com/gitcoinco/web/pull/5978'],1,-39,835.0,1630.0,1630.0,628.0,2017-07-10T10:53:45Z,92.0,JavaScript,1192069.0
2020-02-10T13:57:25,Feature,Hours,Intermediate,https://github.com/proofsuite/orfeed/issues/52,mikedeshazer,https://gitcoin.co/issue/19044,88.27,proofsuite,1742,orfeed,{},ETH,['https://github.com/ProofSuite/OrFeed/pull/53'],1,26,165.0,244.0,244.0,9.0,2019-10-24T07:50:38Z,31.0,Solidity,569.0
2020-02-11T03:14:30,Improvement,,Intermediate,https://github.com/esteemapp/steemapi/issues/2,feruzm,https://gitcoin.co/issue/19051,19.74,esteemapp,665,steemapi,{},ETH,['https://github.com/esteemapp/steemapi/pull/3'],1,80,12.0,10.0,10.0,0.0,2017-01-27T08:00:23Z,2.0,JavaScript,1849.0
2020-04-21T09:45:44,,,,https://github.com/gitcoinco/web/issues/5909,owocki,https://gitcoin.co/issue/21401,471.15,gitcoinco,671,web,{},ETH,['https://github.com/gitcoinco/web/pull/5978'],1,-50,835.0,1630.0,1630.0,628.0,2017-07-10T10:53:45Z,92.0,JavaScript,1192069.0
2020-02-12T06:59:39,Feature,,Intermediate,https://github.com/proofsuite/orfeed/issues/44,mikedeshazer,https://gitcoin.co/issue/19072,40.32,proofsuite,1074,orfeed,{},ETH,['https://github.com/ProofSuite/OrFeed/pull/55'],1,17,165.0,244.0,244.0,9.0,2019-10-24T07:50:38Z,31.0,Solidity,569.0
2020-01-30T22:14:14,Improvement,Hours,Advanced,https://github.com/harmonylion/ideamarkets/issues/10,harmonylion,https://gitcoin.co/issue/18908,99.09,harmonylion,384,ideamarkets,{},ETH,['https://gitlab.com/IdeaMarket/app-v2/commit/56fa228016bed47580df24f5764d3d65c6e33c56'],1,30,5.0,9.0,9.0,22.0,2019-06-11T01:41:11Z,2.0,,3.0
2021-03-17T09:49:10,Other,Days,Intermediate,https://github.com/consensys/relays/issues/2,zherring,https://gitcoin.co/issue/25203,527.07,consensys,3236,relays,{},ETH,['https://docs.google.com/document/d/1QYCdosxdzt1_ki7L_sokAvq5V9D0_36k_d58ol9G6S8/edit?usp=sharing'],4,-399,3.0,1.0,1.0,2.0,2020-01-27T18:36:08Z,3.0,,908.0
2020-01-30T03:39:20,Feature,Hours,Intermediate,https://github.com/proofsuite/orfeed/issues/38,mikedeshazer,https://gitcoin.co/issue/18894,50.17,proofsuite,1157,orfeed,{},ETH,['https://github.com/ProofSuite/OrFeed/pull/43'],1,28,165.0,244.0,244.0,9.0,2019-10-24T07:50:38Z,31.0,Solidity,569.0
2020-01-29T19:09:30,Documentation,Hours,Beginner,https://github.com/proofsuite/orfeed/issues/35,mikedeshazer,https://gitcoin.co/issue/18880,20.82,proofsuite,336,orfeed,{},ETH,['https://github.com/ProofSuite/OrFeed/pull/41'],1,27,165.0,244.0,244.0,9.0,2019-10-24T07:50:38Z,31.0,Solidity,569.0
2020-01-26T00:23:40,Feature,Hours,Beginner,https://github.com/proofsuite/orfeed/issues/33,mikedeshazer,https://gitcoin.co/issue/18789,47.89,proofsuite,1579,orfeed,{},ETH,['https://github.com/ProofSuite/OrFeed/pull/34'],1,58,165.0,244.0,244.0,9.0,2019-10-24T07:50:38Z,31.0,Solidity,569.0
2020-02-11T17:40:37,,,,https://github.com/gitcoinco/web/issues/5880,owocki,https://gitcoin.co/issue/19060,162.56,gitcoinco,1271,web,{},ETH,['https://github.com/gitcoinco/web/pull/5889'],1,13,835.0,1630.0,1630.0,628.0,2017-07-10T10:53:45Z,92.0,JavaScript,1192069.0
2020-06-04T03:57:59,,,,https://github.com/gitcoinco/web/issues/5881,owocki,https://gitcoin.co/issue/22419,162.56,gitcoinco,1841,web,{},ETH,['https://github.com/gitcoinco/web/pull/5884'],1,-100,835.0,1630.0,1630.0,628.0,2017-07-10T10:53:45Z,92.0,JavaScript,1192069.0
2020-03-03T03:52:51,,,,https://github.com/gitcoinco/web/issues/5882,owocki,https://gitcoin.co/issue/19373,162.56,gitcoinco,1195,web,{},ETH,['https://github.com/gitcoinco/web/pull/5898'],1,-7,835.0,1630.0,1630.0,628.0,2017-07-10T10:53:45Z,92.0,JavaScript,1192069.0
2020-03-12T18:28:45,Bug,Hours,Intermediate,https://github.com/consensys-space/trusat-backend/issues/91,mainnebula,https://gitcoin.co/issue/19514,32.57,consensys-space,352,trusat-backend,{},ETH,['https://github.com/consensys-space/trusat-backend/pull/100'],1,-8,7.0,31.0,31.0,37.0,2019-08-06T17:50:06Z,4.0,Python,13222.0
2020-01-24T19:19:39,,,,https://github.com/gitcoinco/web/pull/2222,thelostone-mc,https://gitcoin.co/issue/18748,1.63,gitcoinco,427,web,{},ETH,['https://github.com/gitcoinco/web/pull/5000'],1,29,835.0,1630.0,1630.0,628.0,2017-07-10T10:53:45Z,92.0,JavaScript,1192069.0
2020-01-23T08:37:10,Improvement,Hours,Intermediate,https://github.com/michael-spengler/gitcoin-test/issues/5,michael-spengler,https://gitcoin.co/issue/18661,1.63,michael-spengler,119,gitcoin-test,{},ETH,['https://github.com/michael-spengler/gitcoin-test/pull/6'],1,97456,3.0,2.0,2.0,6.0,2020-01-22T12:13:40Z,3.0,,1.0
2020-03-03T05:55:06,,,,https://github.com/gitcoinco/web/issues/5865,owocki,https://gitcoin.co/issue/19374,83.99,gitcoinco,525,web,{},ETH,['https://github.com/gitcoinco/web/pull/5988'],1,-10,835.0,1630.0,1630.0,628.0,2017-07-10T10:53:45Z,92.0,JavaScript,1192069.0
2020-01-27T08:27:25,,,,https://github.com/skr-v/pixelartdcl/issues/6,skr-v,https://gitcoin.co/issue/18803,62.85,skr-v,336,pixelartdcl,{},ETH,['https://github.com/skr-v/PixelArtDCL/pull/7'],1,26,4.0,5.0,5.0,25.0,2020-01-08T22:06:44Z,1.0,TypeScript,2573.0
2021-03-17T09:47:37,Documentation,Hours,Beginner,https://github.com/harmonylion/99designsformemes/issues/1,harmonylion,https://gitcoin.co/issue/25197,50.78,harmonylion,603,99designsformemes,{},ETH,['https://giphy.com/gifs/federal-reserve-KZLv05W9EKyBPE3gsb'],19,-390,0.0,0.0,0.0,3.0,2020-01-22T05:17:57Z,2.0,,0.0
2020-01-22T00:32:35,,,,https://github.com/agarwalyeshu/node-okex-ws-spot/issues/2,agarwalyeshu,https://gitcoin.co/issue/18588,1.02,agarwalyeshu,62,node-okex-ws-spot,{},ETH,['https://github.com/agarwalyeshu/node-okex-ws-spot/pull/3'],1,31,3.0,5.0,5.0,1.0,2018-05-16T11:09:17Z,4.0,JavaScript,7.0
2020-02-10T18:10:47,,,,https://github.com/gitcoinco/web/issues/5838,owocki,https://gitcoin.co/issue/19048,158.5,gitcoinco,293,web,{},ETH,['https://github.com/gitcoinco/web/pull/5877'],1,8,835.0,1630.0,1630.0,628.0,2017-07-10T10:53:45Z,92.0,JavaScript,1192069.0
2020-01-30T19:09:32,,,,https://github.com/gitcoinco/web/issues/5823,owocki,https://gitcoin.co/issue/18906,131.53,gitcoinco,1138,web,{},ETH,['https://github.com/gitcoinco/web/pull/5839'],1,17,835.0,1630.0,1630.0,628.0,2017-07-10T10:53:45Z,92.0,JavaScript,1192069.0
2021-03-17T09:46:57,Documentation,Days,Advanced,https://github.com/quilt/pm/issues/6,villanuevawill,https://gitcoin.co/issue/25196,3310.4,quilt,2917,pm,{},ETH,['https://github.com/quilt/pm/issues/6#issuecomment-575782588'],1,-395,0.0,5.0,5.0,6.0,2019-11-08T01:01:46Z,5.0,,1.0
2020-01-17T23:35:48,,,,https://github.com/gitcoinco/desktop-app/issues/1,owocki,https://gitcoin.co/issue/18472,49.48,gitcoinco,191,desktop-app,{},ETH,['http://bit.ly/gitcoin-desktop-app'],1,29,8.0,9.0,9.0,8.0,2019-12-30T18:16:48Z,3.0,JavaScript,875.0
2020-01-21T19:24:05,,,,https://github.com/skr-v/pixelartdcl/issues/2,skr-v,https://gitcoin.co/issue/18584,74.77,skr-v,115,pixelartdcl,{},ETH,['https://github.com/skr-v/PixelArtDCL/pull/5'],1,24,4.0,5.0,5.0,25.0,2020-01-08T22:06:44Z,1.0,TypeScript,2573.0
2020-01-11T21:25:09,,,,https://github.com/gitcoinco/web/issues/5771,owocki,https://gitcoin.co/issue/18181,72.41,gitcoinco,357,web,{},ETH,['https://github.com/gitcoinco/web/pull/577611'],1,30,835.0,1630.0,1630.0,628.0,2017-07-10T10:53:45Z,92.0,JavaScript,1192069.0
2020-04-05T10:01:14,,,,https://github.com/gitcoinco/web/issues/5762,owocki,https://gitcoin.co/issue/20948,225.62,gitcoinco,1746,web,{},ETH,['https://github.com/gitcoinco/web/pull/5950'],1,-55,835.0,1630.0,1630.0,628.0,2017-07-10T10:53:45Z,92.0,JavaScript,1192069.0
2020-01-15T07:58:34,,,,https://github.com/skr-v/pixelartdcl/issues/1,skr-v,https://gitcoin.co/issue/18336,63.27,skr-v,42,pixelartdcl,{},ETH,['https://github.com/skr-v/PixelArtDCL/pull/4'],1,25,4.0,5.0,5.0,25.0,2020-01-08T22:06:44Z,1.0,TypeScript,2573.0
2020-02-04T20:00:47,Feature,Weeks,Intermediate,https://github.com/blockstack/bounties/issues/1,alexvotofuture,https://gitcoin.co/issue/18972,0.14,blockstack,1491,bounties,{},ETH,['https://github.com/x5engine/radiks/tree/BetterErrorMessages'],1,-11,0.0,1.0,1.0,1.0,2020-01-07T20:35:36Z,8.0,,1.0
2020-02-04T19:59:17,Feature,Weeks,Intermediate,https://github.com/blockstack/bounties/issues/2,alexvotofuture,https://gitcoin.co/issue/18971,0.14,blockstack,1242,bounties,{},ETH,['https://github.com/blockstack/radiks/pull/72'],1,-11,0.0,1.0,1.0,1.0,2020-01-07T20:35:36Z,8.0,,1.0
2020-02-04T20:01:59,Bug,Weeks,Intermediate,https://github.com/blockstack/bounties/issues/3,alexvotofuture,https://gitcoin.co/issue/18973,0.14,blockstack,892,bounties,{},ETH,"['https://github.com/blockstack/radiks-server/pull/35', 'https://github.com/blockstack/radiks-server/pull/34', 'https://github.com/blockstack/radiks-server/pull/36']",4,-11,0.0,1.0,1.0,1.0,2020-01-07T20:35:36Z,8.0,,1.0
2020-02-04T19:58:19,Feature,Weeks,Intermediate,https://github.com/blockstack/bounties/issues/4,alexvotofuture,https://gitcoin.co/issue/18970,0.14,blockstack,1178,bounties,{},ETH,"['https://github.com/babyrusa/nuddle', 'https://github.com/friedger/members', 'https://github.com/thelostcreatives/socialli']",3,-11,0.0,1.0,1.0,1.0,2020-01-07T20:35:36Z,8.0,,1.0
2020-01-14T15:18:58,,,,https://github.com/gitcoinco/web/issues/5742,owocki,https://gitcoin.co/issue/18241,69.47,gitcoinco,340,web,{},ETH,['https://github.com/gitcoinco/web/pull/5743'],1,25,835.0,1630.0,1630.0,628.0,2017-07-10T10:53:45Z,92.0,JavaScript,1192069.0
2020-02-07T07:03:36,Improvement,Hours,Intermediate,https://github.com/consensys-space/trusat-frontend/issues/215,mainnebula,https://gitcoin.co/issue/19005,74.32,consensys-space,1361,trusat-frontend,{},ETH,['https://github.com/consensys-space/trusat-frontend/pull/222'],1,-21,9.0,31.0,31.0,56.0,2019-08-06T17:49:35Z,7.0,JavaScript,13837.0
2020-02-07T19:03:22,Improvement,Hours,Intermediate,https://github.com/gitcoinco/web/issues/5718,PixelantDesign,https://gitcoin.co/issue/19012,149.73,gitcoinco,382,web,{},ETH,['https://github.com/gitcoinco/web/pull/5719'],1,0,835.0,1630.0,1630.0,628.0,2017-07-10T10:53:45Z,92.0,JavaScript,1192069.0
2020-01-04T20:15:32,Feature,Hours,Intermediate,https://github.com/criticaltv/infinite-permissionless-digital-stage/issues/2,criticaltv,https://gitcoin.co/issue/18067,63.72,criticaltv,2168,infinite-permissionless-digital-stage,{},ETH,['https://github.com/mul1sh/apps'],1,29,3.0,7.0,7.0,3.0,2019-12-31T15:06:33Z,2.0,HTML,282.0
2020-01-09T21:47:58,,,,https://github.com/gitcoinco/web/issues/5654,owocki,https://gitcoin.co/issue/18153,128.22,gitcoinco,2277,web,{},ETH,['https://github.com/gitcoinco/web/pull/5689'],1,11,835.0,1630.0,1630.0,628.0,2017-07-10T10:53:45Z,92.0,JavaScript,1192069.0
2020-12-17T18:01:04,,,,https://github.com/gitcoinco/web/issues/5661,owocki,https://gitcoin.co/issue/24505,64.11,gitcoinco,1598,web,{},ETH,['https://github.com/gitcoinco/web/pull/5683'],1,-332,835.0,1630.0,1630.0,628.0,2017-07-10T10:53:45Z,92.0,JavaScript,1192069.0
2020-01-07T14:54:18,,,,https://github.com/gitcoinco/web/issues/5656,owocki,https://gitcoin.co/issue/18093,50.67,gitcoinco,266,web,{},ETH,['https://github.com/gitcoinco/web/pull/5688'],1,12,835.0,1630.0,1630.0,628.0,2017-07-10T10:53:45Z,92.0,JavaScript,1192069.0
2019-12-19T22:21:47,,,,https://github.com/monadic-xyz/web3/issues/16,owocki,https://gitcoin.co/issue/17966,66.36,monadic-xyz,796,web3,{},ETH,['https://github.com/monadic-xyz/web3/pull/17'],1,30,5.0,5.0,5.0,3.0,2019-10-17T10:58:07Z,5.0,JavaScript,4785.0
2020-01-03T17:34:09,,,,https://github.com/gitcoinco/web/issues/5647,owocki,https://gitcoin.co/issue/18061,36.59,gitcoinco,208,web,{},ETH,['https://github.com/gitcoinco/web/pull/5650'],1,14,835.0,1630.0,1630.0,628.0,2017-07-10T10:53:45Z,92.0,JavaScript,1192069.0
2019-12-19T15:16:36,Improvement,Hours,Advanced,https://github.com/harmonylion/ideamarkets/issues/6,harmonylion,https://gitcoin.co/issue/17955,66.33,harmonylion,238,ideamarkets,{},ETH,['https://gitlab.com/IdeaMarket/app/merge_requests/18'],1,28,5.0,9.0,9.0,22.0,2019-06-11T01:41:11Z,2.0,,3.0
2019-12-19T22:22:57,,,,https://github.com/monadic-xyz/web3/issues/11,owocki,https://gitcoin.co/issue/17967,72.38,monadic-xyz,889,web3,{},ETH,['https://github.com/monadic-xyz/web3/pull/12'],1,25,5.0,5.0,5.0,3.0,2019-10-17T10:58:07Z,5.0,JavaScript,4785.0
2019-12-29T22:35:05,Improvement,Days,Intermediate,https://github.com/iamdefinitelyahuman/brownie/issues/262,iamdefinitelyahuman,https://gitcoin.co/issue/18033,50.58,iamdefinitelyahuman,909,brownie,{},ETH,['https://github.com/iamdefinitelyahuman/brownie/pull/287'],1,13,508.0,2390.0,2390.0,397.0,2018-11-02T19:39:26Z,46.0,Python,6992.0
2019-12-11T19:18:33,Feature,Hours,Beginner,https://github.com/gitcoinco/web/issues/5620,oktopusGc,https://gitcoin.co/issue/17819,2.01,gitcoinco,336,web,{},ETH,['https://github.com/gitcoinco/web/pull/5597'],1,31,835.0,1630.0,1630.0,628.0,2017-07-10T10:53:45Z,92.0,JavaScript,1192069.0
2019-12-23T19:07:44,Feature,Days,Intermediate,https://github.com/diadata-org/diadata/issues/193,kaythxbye,https://gitcoin.co/issue/18001,233.12,diadata-org,134,diadata,{},ETH,['https://github.com/diadata-org/diadata/pull/195'],1,19,130.0,211.0,211.0,12.0,2018-08-08T13:21:11Z,26.0,Go,111205.0
2019-12-17T17:56:26,Feature,Days,Intermediate,https://github.com/diadata-org/diadata/issues/192,kaythxbye,https://gitcoin.co/issue/17904,145.7,diadata-org,87,diadata,{},ETH,['https://github.com/diadata-org/diadata/pull/194'],1,25,130.0,211.0,211.0,12.0,2018-08-08T13:21:11Z,26.0,Go,111205.0
2020-05-05T01:36:14,Bug,Hours,Intermediate,https://github.com/gitcoinco/web/issues/5619,octavioamu,https://gitcoin.co/issue/21612,59.08,gitcoinco,990,web,{},ETH,['https://github.com/gitcoinco/web/pull/6073'],1,0,835.0,1630.0,1630.0,628.0,2017-07-10T10:53:45Z,92.0,JavaScript,1192069.0
2019-12-11T03:01:35,Documentation,Hours,,https://github.com/proofsuite/orfeedsmartcontracts/issues/23,mikedeshazer,https://gitcoin.co/issue/17803,22.06,proofsuite,298,orfeedsmartcontracts,{},ETH,['https://github.com/ProofSuite/OrFeedSmartContracts/pull/27'],1,9,165.0,244.0,244.0,9.0,2019-10-24T07:50:38Z,31.0,Solidity,569.0
2020-01-07T20:00:38,Feature,Hours,Intermediate,https://github.com/3box/3box/issues/839,connoroday,https://gitcoin.co/issue/18096,0.15,3box,2540,3box,{},ETH,"['https://github.com/gitcoinco/web/pull/5651', 'https://github.com/gitcoinco/web/pull/5640']",2,2,49.0,416.0,416.0,0.0,2018-06-30T21:05:03Z,28.0,,2328.0
2019-12-17T19:07:30,Feature,Days,Intermediate,https://github.com/diadata-org/diadata/issues/191,kaythxbye,https://gitcoin.co/issue/17909,207.17,diadata-org,101,diadata,{},ETH,['https://github.com/diadata-org/diadata/pull/194'],1,23,130.0,211.0,211.0,12.0,2018-08-08T13:21:11Z,26.0,Go,111205.0
2019-12-11T08:59:44,Improvement,Hours,Intermediate,https://github.com/invisible-college/democracy/issues/36,cryptogoth,https://gitcoin.co/issue/17805,74.42,invisible-college,5384,democracy,{},ETH,['https://github.com/invisible-college/democracy/issues/36#issuecomment-564255189'],1,2,24.0,41.0,41.0,24.0,2016-02-22T22:47:22Z,6.0,CSS,25541.0
2020-01-03T17:51:45,,,,https://github.com/gitcoinco/web/issues/5578,owocki,https://gitcoin.co/issue/18062,103.67,gitcoinco,1751,web,{},ETH,['https://github.com/gitcoinco/web/pull/5614'],1,2,835.0,1630.0,1630.0,628.0,2017-07-10T10:53:45Z,92.0,JavaScript,1192069.0
2020-01-06T18:46:41,Feature,Days,Intermediate,https://github.com/consensys/global-community-relay/issues/3,connoroday,https://gitcoin.co/issue/18076,0.15,consensys,2062,global-community-relay,{},ETH,"['https://github.com/ConsenSys/Global-Community-Relay/pull/12', 'https://github.com/mmitrasish/ENSMarket', 'https://github.com/viraja1/defi_onboard', 'https://github.com/viraja1/defi_onboard']",4,-3,8.0,5.0,5.0,23.0,2019-12-03T17:38:03Z,4.0,JavaScript,12664.0
2020-01-13T13:14:50,Feature,Hours,Intermediate,https://github.com/3box/3box-chatbox-react/issues/22,RachBLondon,https://gitcoin.co/issue/18200,0.15,3box,2145,3box-chatbox-react,{},ETH,['https://github.com/3box/3box-chatbox-react/pull/23'],1,-27,7.0,4.0,4.0,6.0,2019-09-06T15:07:24Z,4.0,JavaScript,10707.0
2020-01-14T23:45:26,,,,https://github.com/walletconnect/walletconnect-monorepo/issues/205,vs77bb,https://gitcoin.co/issue/18260,1208.32,walletconnect,1672,walletconnect-monorepo,{},ETH,"['https://github.com/bakaoh/truffle-walletconnect-provider', 'https://github.com/aquiladev/truffle-wallet-connect-provider', 'https://github.com/WalletConnect/walletconnect-monorepo/pull/212']",3,-12,555.0,1051.0,1051.0,164.0,2018-08-26T14:02:36Z,65.0,TypeScript,63910.0
2020-01-13T13:18:09,Feature,Days,Intermediate,https://github.com/3box/3box-comments-react/issues/20,RachBLondon,https://gitcoin.co/issue/18201,0.15,3box,2958,3box-comments-react,{},ETH,"['https://github.com/3box/3box-comments-react/pull/21', 'https://github.com/3box/3box-comments-react/pull/23']",2,-26,13.0,17.0,17.0,13.0,2019-09-04T00:48:42Z,6.0,JavaScript,7499.0
2019-12-03T04:09:27,Feature,Hours,Intermediate,https://github.com/proofsuite/orfeedsmartcontracts/issues/12,mikedeshazer,https://gitcoin.co/issue/17672,59.54,proofsuite,1028,orfeedsmartcontracts,{},ETH,['https://github.com/ProofSuite/OrFeedSmartContracts/pull/14'],1,6,165.0,244.0,244.0,9.0,2019-10-24T07:50:38Z,31.0,Solidity,569.0
2019-11-29T05:09:22,Feature,Hours,Intermediate,https://github.com/proofsuite/orfeedsmartcontracts/issues/3,mikedeshazer,https://gitcoin.co/issue/17609,151.58,proofsuite,746,orfeedsmartcontracts,{},ETH,['https://github.com/mikedeshazer/OrFeedSmartContracts/pull/2'],1,29,165.0,244.0,244.0,9.0,2019-10-24T07:50:38Z,31.0,Solidity,569.0
2019-12-03T04:37:33,Feature,Days,Advanced,https://github.com/proofsuite/orfeedsmartcontracts/issues/1,mikedeshazer,https://gitcoin.co/issue/17673,304.88,proofsuite,626,orfeedsmartcontracts,{},ETH,['https://github.com/ProofSuite/OrFeedSmartContracts/pull/13'],1,25,165.0,244.0,244.0,9.0,2019-10-24T07:50:38Z,31.0,Solidity,569.0
2019-12-19T17:45:04,Improvement,Days,Intermediate,https://github.com/status-im/status-react/issues/9288,StatusSceptre,https://gitcoin.co/issue/17960,160.52,status-im,2740,status-react,{},ETH,['https://github.com/status-im/status-react/pull/9568'],1,3,939.0,3645.0,3645.0,490.0,2016-02-22T21:48:48Z,185.0,Clojure,251825.0
2019-12-16T14:10:20,Feature,Hours,Beginner,https://github.com/status-im/status-go/issues/1663,StatusSceptre,https://gitcoin.co/issue/17877,189.71,status-im,267,status-go,{},ETH,['https://github.com/status-im/status-go/pull/1713'],1,6,237.0,676.0,676.0,142.0,2016-06-13T15:32:03Z,86.0,Go,169086.0
2019-11-25T17:18:36,Bug,Hours,Intermediate,https://github.com/cybercongress/cyb/issues/249,serejandmyself,https://gitcoin.co/issue/17569,187.16,cybercongress,23,cyb,{},ETH,['https://github.com/cybercongress/cyb/pull/262'],1,13,32.0,152.0,152.0,216.0,2018-10-04T12:43:17Z,26.0,JavaScript,167706.0
2019-11-21T18:03:39,,Hours,Beginner,https://github.com/status-im/status-react/issues/9491,StatusSceptre,https://gitcoin.co/issue/17534,50.14,status-im,1206,status-react,{},ETH,['https://github.com/status-im/status-react/pull/9496'],1,28,939.0,3645.0,3645.0,490.0,2016-02-22T21:48:48Z,185.0,Clojure,251825.0
2019-12-07T01:46:53,Documentation,Hours,Advanced,https://github.com/quilt/pm/issues/3,villanuevawill,https://gitcoin.co/issue/17752,736.48,quilt,1005,pm,{},ETH,['https://github.com/quilt/pm/pull/4'],1,12,0.0,5.0,5.0,6.0,2019-11-08T01:01:46Z,5.0,,1.0
2019-11-26T19:07:56,,,,https://github.com/fembusinessmodelsring/web3_revenue_primitives/issues/61,owocki,https://gitcoin.co/issue/17581,53.46,fembusinessmodelsring,58,web3_revenue_primitives,{},ETH,['https://github.com/FEMBusinessModelsRing/web3_revenue_primitives/pull/63'],1,22,30.0,174.0,174.0,21.0,2018-10-29T14:34:25Z,19.0,,418.0
2020-01-30T03:06:13,Feature,Hours,Advanced,https://github.com/torusresearch/torus-website/issues/586,elishatorus,https://gitcoin.co/issue/18892,984.6,torusresearch,1469,torus-website,{},ETH,['https://github.com/mul1sh/torus-airdrop-dashboard'],1,1,48.0,69.0,69.0,23.0,2018-11-28T20:05:29Z,5.0,JavaScript,107976.0
2019-11-19T00:06:02,Bug,Hours,Beginner,https://github.com/ensdomains/subdomain-registrar/issues/102,Arachnid,https://gitcoin.co/issue/17470,24.97,ensdomains,20,subdomain-registrar,{},ETH,['https://github.com/ensdomains/subdomain-registrar/pull/105'],1,29,168.0,161.0,161.0,40.0,2017-10-29T13:27:38Z,15.0,CSS,2592.0
2019-11-16T07:17:39,,,,https://github.com/gitcoinco/web/issues/4941,octavioamu,https://gitcoin.co/issue/17421,7.74,gitcoinco,707,web,{},ETH,['https://github.com/gitcoinco/web/pull/5432'],1,29,835.0,1630.0,1630.0,628.0,2017-07-10T10:53:45Z,92.0,JavaScript,1192069.0
2019-12-23T11:33:19,Feature,Days,Intermediate,https://github.com/diadata-org/diadata/issues/186,kaythxbye,https://gitcoin.co/issue/17997,184.2,diadata-org,940,diadata,{},ETH,['https://github.com/diadata-org/diadata/pull/196'],1,-15,130.0,211.0,211.0,12.0,2018-08-08T13:21:11Z,26.0,Go,111205.0
2019-11-28T14:29:52,Feature,Days,Intermediate,https://github.com/diadata-org/diadata/issues/185,kaythxbye,https://gitcoin.co/issue/17598,184.2,diadata-org,889,diadata,{},ETH,['https://github.com/diadata-org/diadata/pull/188'],1,10,130.0,211.0,211.0,12.0,2018-08-08T13:21:11Z,26.0,Go,111205.0
2019-12-02T13:05:44,Feature,Days,Intermediate,https://github.com/diadata-org/diadata/issues/184,kaythxbye,https://gitcoin.co/issue/17641,184.2,diadata-org,905,diadata,{},ETH,['https://github.com/diadata-org/diadata/pull/189'],1,6,130.0,211.0,211.0,12.0,2018-08-08T13:21:11Z,26.0,Go,111205.0
2019-12-04T11:47:46,Feature,Days,Intermediate,https://github.com/diadata-org/diadata/issues/183,kaythxbye,https://gitcoin.co/issue/17706,184.2,diadata-org,884,diadata,{},ETH,['https://github.com/diadata-org/diadata/pull/190'],1,4,130.0,211.0,211.0,12.0,2018-08-08T13:21:11Z,26.0,Go,111205.0
2019-12-23T11:33:28,Feature,Days,Intermediate,https://github.com/diadata-org/diadata/issues/181,kaythxbye,https://gitcoin.co/issue/17998,186.09,diadata-org,915,diadata,{},ETH,['https://github.com/diadata-org/diadata/pull/197'],1,14,130.0,211.0,211.0,12.0,2018-08-08T13:21:11Z,26.0,Go,111205.0
2019-12-28T10:03:35,Feature,Days,Intermediate,https://github.com/diadata-org/diadata/issues/180,kaythxbye,https://gitcoin.co/issue/18029,186.09,diadata-org,903,diadata,{},ETH,['https://github.com/diadata-org/diadata/pull/199'],1,-21,130.0,211.0,211.0,12.0,2018-08-08T13:21:11Z,26.0,Go,111205.0
2020-11-29T10:22:18,,,,https://github.com/gitcoinco/skunkworks/issues/134,owocki,https://gitcoin.co/issue/24241,286.88,gitcoinco,1496,skunkworks,{},ETH,['https://github.com/monadic-xyz/web3/pull/4'],1,-359,35.0,63.0,63.0,220.0,2017-12-08T16:11:36Z,24.0,JavaScript,1132.0
2020-06-09T09:37:58,,,,https://github.com/gitcoinco/web/issues/5456,owocki,https://gitcoin.co/issue/22534,94.69,gitcoinco,1138,web,{},ETH,['https://github.com/gitcoinco/web/pull/5615'],1,-186,835.0,1630.0,1630.0,628.0,2017-07-10T10:53:45Z,92.0,JavaScript,1192069.0
2019-11-19T09:32:51,Feature,Days,Intermediate,https://github.com/diadata-org/diadata/issues/179,kaythxbye,https://gitcoin.co/issue/17476,189.37,diadata-org,933,diadata,{},ETH,['https://github.com/diadata-org/diadata/pull/187'],1,17,130.0,211.0,211.0,12.0,2018-08-08T13:21:11Z,26.0,Go,111205.0
2019-11-14T13:10:10,Improvement,Hours,Intermediate,https://github.com/spacemeshos/svm/issues/7,avive,https://gitcoin.co/issue/17373,190.91,spacemeshos,2147,svm,{},ETH,['https://github.com/spacemeshos/svm/pull/28'],1,47,16.0,82.0,82.0,80.0,2019-06-30T07:16:26Z,20.0,Rust,21880.0
2019-11-14T08:12:21,,Hours,Intermediate,https://github.com/spacemeshos/svm/issues/12,avive,https://gitcoin.co/issue/17369,190.91,spacemeshos,1897,svm,{},ETH,['https://github.com/spacemeshos/svm/pull/29'],1,47,16.0,82.0,82.0,80.0,2019-06-30T07:16:26Z,20.0,Rust,21880.0
2019-11-04T08:51:43,Other,Hours,Beginner,https://github.com/validitycrypto/vldy.org/issues/2,samgos,https://gitcoin.co/issue/17160,1.08,validitycrypto,994,vldy.org,{},ETH,"['https://twitter.com/dextech/status/1190568423547428864', 'https://twitter.com/tokentikki/status/1191174840792813570']",2,58,0.0,1.0,1.0,1.0,2018-03-22T12:16:07Z,1.0,JavaScript,15681.0
2020-01-29T20:56:11,Documentation,Hours,Intermediate,https://github.com/kauri-io/content/issues/87,ChrisChinchilla,https://gitcoin.co/issue/18883,365.5,kauri-io,652,content,{},ETH,['https://github.com/kauri-io/Content/pull/117'],1,0,23.0,11.0,11.0,5.0,2018-11-22T13:39:57Z,8.0,Go,10628.0
2019-11-18T21:15:20,Feature,Hours,Advanced,https://github.com/etclabscore/wrappedetc/issues/1,connoroday,https://gitcoin.co/issue/17468,0.18,etclabscore,1172,wrappedetc,{},ETH,"['https://github.com/etclabscore/WrappedETC/pull/3', 'https://github.com/etclabscore/WrappedETC/pull/2']",2,12,5.0,1.0,1.0,4.0,2019-10-29T02:54:42Z,1.0,,624.0
2019-11-11T10:46:22,,,,https://github.com/ethereum/ethereum-org-website/issues/358,vs77bb,https://gitcoin.co/issue/17294,90.9,ethereum,2232,ethereum-org-website,{},ETH,"['https://github.com/ethereum/ethereum-org-website/pull/375', 'https://github.com/ethereum/ethereum-org-website/pull/375']",2,0,3940.0,3938.0,3938.0,391.0,2018-01-06T05:54:37Z,182.0,Markdown,471056.0
2019-11-11T10:47:47,,,,https://github.com/ethereum/ethereum-org-website/issues/357,vs77bb,https://gitcoin.co/issue/17295,90.9,ethereum,2236,ethereum-org-website,{},ETH,['https://github.com/ethereum/ethereum-org-website/pull/375'],1,0,3940.0,3938.0,3938.0,391.0,2018-01-06T05:54:37Z,182.0,Markdown,471056.0
2019-11-15T03:26:14,Feature,Days,Intermediate,https://github.com/gitcoinco/web/issues/5418,owocki,https://gitcoin.co/issue/17394,95.95,gitcoinco,293,web,{},ETH,['https://github.com/gitcoinco/web/pull/5463'],1,15,835.0,1630.0,1630.0,628.0,2017-07-10T10:53:45Z,92.0,JavaScript,1192069.0
2019-11-11T12:49:52,,,,https://github.com/ethereum/ethereum-org-website/issues/352,vs77bb,https://gitcoin.co/issue/17304,46.29,ethereum,1023,ethereum-org-website,{},ETH,['https://github.com/antodp/ethereum-org-website/commit/d6ef33d31229fb813e38647578d20ab88c5b020a'],1,17,3940.0,3938.0,3938.0,391.0,2018-01-06T05:54:37Z,182.0,Markdown,471056.0
2019-11-11T10:55:27,,,,https://github.com/ethereum/ethereum-org-website/issues/351,vs77bb,https://gitcoin.co/issue/17296,92.59,ethereum,801,ethereum-org-website,{},ETH,['https://github.com/ethereum/ethereum-org-website/pull/353'],1,17,3940.0,3938.0,3938.0,391.0,2018-01-06T05:54:37Z,182.0,Markdown,471056.0
2019-11-11T12:35:04,,,,https://github.com/ethereum/ethereum-org-website/issues/272,vs77bb,https://gitcoin.co/issue/17302,230.55,ethereum,1962,ethereum-org-website,{},ETH,['https://github.com/ethereum/ethereum-org-website/pull/369'],1,17,3940.0,3938.0,3938.0,391.0,2018-01-06T05:54:37Z,182.0,Markdown,471056.0
2019-11-11T12:48:22,Feature,Hours,Intermediate,https://github.com/ethereum/ethereum-org-website/issues/49,vs77bb,https://gitcoin.co/issue/17303,92.59,ethereum,1026,ethereum-org-website,{},ETH,['https://github.com/ethereum/ethereum-org-website/pull/356'],1,17,3940.0,3938.0,3938.0,391.0,2018-01-06T05:54:37Z,182.0,Markdown,471056.0
2019-11-15T03:36:14,,,,https://github.com/gitcoinco/web/issues/5379,owocki,https://gitcoin.co/issue/17396,71.94,gitcoinco,1352,web,{},ETH,['https://github.com/gitcoinco/web/pull/5433'],1,11,835.0,1630.0,1630.0,628.0,2017-07-10T10:53:45Z,92.0,JavaScript,1192069.0
2019-12-13T17:34:10,Feature,Weeks,Intermediate,https://github.com/rsksmart/rskj/issues/1048,SergioDemianLerner,https://gitcoin.co/issue/17850,2013.75,rsksmart,1074,rskj,{},ETH,"['https://github.com/rsksmart/rskj/pull/1091', 'https://github.com/rsksmart/rskj/pull/1059']",2,-18,258.0,663.0,663.0,234.0,2017-05-16T14:47:56Z,69.0,Java,96444.0
2019-12-13T17:33:57,,,,https://github.com/rsksmart/rskj/issues/1036,SergioDemianLerner,https://gitcoin.co/issue/17849,2014.07,rsksmart,1281,rskj,{},ETH,['https://github.com/rsksmart/rskj/pull/1073'],1,-19,258.0,663.0,663.0,234.0,2017-05-16T14:47:56Z,69.0,Java,96444.0
2019-12-13T17:33:48,Improvement,Days,Intermediate,https://github.com/rsksmart/rskj/issues/1037,SergioDemianLerner,https://gitcoin.co/issue/17848,1127.56,rsksmart,1802,rskj,{},ETH,"['https://github.com/rsksmart/rskj/pull/1082', 'https://github.com/rsksmart/rskj/pull/1066']",2,-19,258.0,663.0,663.0,234.0,2017-05-16T14:47:56Z,69.0,Java,96444.0
2019-12-13T17:33:40,Improvement,Days,Intermediate,https://github.com/rsksmart/rskj/issues/1038,SergioDemianLerner,https://gitcoin.co/issue/17847,563.78,rsksmart,1555,rskj,{},ETH,['https://github.com/rsksmart/rskj/pull/1051'],1,-19,258.0,663.0,663.0,234.0,2017-05-16T14:47:56Z,69.0,Java,96444.0
2019-12-13T17:33:32,Feature,Days,Intermediate,https://github.com/rsksmart/rskj/issues/1039,SergioDemianLerner,https://gitcoin.co/issue/17846,1127.7,rsksmart,1391,rskj,{},ETH,['https://github.com/rsksmart/rskj/pull/1052'],1,-19,258.0,663.0,663.0,234.0,2017-05-16T14:47:56Z,69.0,Java,96444.0
2019-12-13T17:33:16,Feature,Weeks,Advanced,https://github.com/rsksmart/rskj/issues/1044,SergioDemianLerner,https://gitcoin.co/issue/17844,2807.88,rsksmart,2607,rskj,{},ETH,['https://github.com/rsksmart/rskj/pull/1092'],1,-19,258.0,663.0,663.0,234.0,2017-05-16T14:47:56Z,69.0,Java,96444.0
2019-12-13T17:28:07,Feature,Weeks,Advanced,https://github.com/rsksmart/rskj/issues/1046,SergioDemianLerner,https://gitcoin.co/issue/17841,3144.82,rsksmart,1370,rskj,{},ETH,['https://github.com/rsksmart/rskj/pull/1101'],1,-19,258.0,663.0,663.0,234.0,2017-05-16T14:47:56Z,69.0,Java,96444.0
2019-12-13T17:32:56,Improvement,Days,Intermediate,https://github.com/rsksmart/rskj/issues/1043,SergioDemianLerner,https://gitcoin.co/issue/17842,842.36,rsksmart,924,rskj,{},ETH,['https://github.com/rsksmart/rskj/pull/1049'],1,-19,258.0,663.0,663.0,234.0,2017-05-16T14:47:56Z,69.0,Java,96444.0
2019-10-24T01:46:13,Other,Hours,Beginner,https://github.com/dapps-dev-club/dapps-dev-club-website/issues/6,bguiz,https://gitcoin.co/issue/16984,1.61,dapps-dev-club,32,dapps-dev-club-website,{},ETH,['https://github.com/dapps-dev-club/dapps-dev-club-website/pull/7'],1,30,2.0,1.0,1.0,35.0,2019-01-03T06:41:00Z,2.0,JavaScript,29764.0
2019-12-03T22:48:17,,,,https://github.com/gitcoinco/web/issues/5281,frankchen07,https://gitcoin.co/issue/17703,69.42,gitcoinco,2210,web,{},ETH,['https://github.com/Solexplorer/Hackathoner'],1,18,835.0,1630.0,1630.0,628.0,2017-07-10T10:53:45Z,92.0,JavaScript,1192069.0
2019-12-17T10:32:41,,,,https://github.com/gitcoinco/web/issues/5346,owocki,https://gitcoin.co/issue/17899,60.46,gitcoinco,1197,web,{},ETH,['https://github.com/gitcoinco/web/pull/5415'],1,-26,835.0,1630.0,1630.0,628.0,2017-07-10T10:53:45Z,92.0,JavaScript,1192069.0
2019-11-12T07:05:02,Feature,Hours,Beginner,https://github.com/notadamking/tensortrade/issues/56,notadamking,https://gitcoin.co/issue/17337,42.66,notadamking,824,tensortrade,{},ETH,['https://github.com/notadamking/tensortrade/pull/89'],1,8,987.0,4130.0,4130.0,53.0,2019-07-30T21:28:32Z,240.0,Python,63937.0
2019-10-18T00:23:58,Improvement,Hours,Beginner,https://github.com/notadamking/tensortrade/issues/42,notadamking,https://gitcoin.co/issue/16916,134.98,notadamking,411,tensortrade,{},ETH,['https://github.com/notadamking/tensortrade/pull/45'],1,29,987.0,4130.0,4130.0,53.0,2019-07-30T21:28:32Z,240.0,Python,63937.0
2019-11-02T18:06:28,Feature,Hours,Intermediate,https://github.com/notadamking/tensortrade/issues/41,notadamking,https://gitcoin.co/issue/17141,359.96,notadamking,863,tensortrade,{},ETH,['https://github.com/notadamking/tensortrade/pull/84'],2,13,987.0,4130.0,4130.0,53.0,2019-07-30T21:28:32Z,240.0,Python,63937.0
2019-10-17T16:05:54,Other,Hours,Beginner,https://github.com/notadamking/tensortrade/issues/32,notadamking,https://gitcoin.co/issue/16909,27.49,notadamking,969,tensortrade,{},ETH,['https://github.com/notadamking/tensortrade/pull/43'],1,26,987.0,4130.0,4130.0,53.0,2019-07-30T21:28:32Z,240.0,Python,63937.0
2019-11-06T01:05:01,Documentation,Hours,Beginner,https://github.com/notadamking/tensortrade/issues/30,notadamking,https://gitcoin.co/issue/17184,367.88,notadamking,844,tensortrade,{},ETH,['https://github.com/notadamking/tensortrade/pull/87'],2,6,987.0,4130.0,4130.0,53.0,2019-07-30T21:28:32Z,240.0,Python,63937.0
2019-10-21T02:13:26,Improvement,Hours,Intermediate,https://github.com/mainnebula/space_tasks/issues/6,mainnebula,https://gitcoin.co/issue/16950,179.1,mainnebula,1633,space_tasks,{},ETH,['https://github.com/mainnebula/SPACE_TASKS/pull/8'],1,-2,3.0,1.0,1.0,6.0,2019-09-24T21:15:36Z,1.0,Python,2542.0
2019-10-14T20:28:45,,,,https://github.com/gitcoinco/web/issues/5271,owocki,https://gitcoin.co/issue/16866,89.72,gitcoinco,1325,web,{},ETH,['https://github.com/gitcoinco/web/pull/5309'],1,16,835.0,1630.0,1630.0,628.0,2017-07-10T10:53:45Z,92.0,JavaScript,1192069.0
2019-09-30T09:54:12,,,,https://github.com/b-mueller/sabre/issues/96,b-mueller,https://gitcoin.co/issue/16616,201.73,b-mueller,951,sabre,{},ETH,['https://github.com/b-mueller/sabre/pull/97'],1,97571,19.0,59.0,59.0,1.0,2018-10-24T04:31:07Z,6.0,JavaScript,751.0
2019-10-03T10:26:32,,,,https://github.com/b-mueller/sabre/issues/95,b-mueller,https://gitcoin.co/issue/16673,50.81,b-mueller,920,sabre,{},ETH,['https://github.com/b-mueller/sabre/pull/98'],1,97568,19.0,59.0,59.0,1.0,2018-10-24T04:31:07Z,6.0,JavaScript,751.0
2019-10-06T00:54:47,Feature,Hours,Beginner,https://github.com/mainnebula/space_tasks/issues/3,mainnebula,https://gitcoin.co/issue/16737,52.07,mainnebula,661,space_tasks,{},ETH,['https://github.com/mainnebula/SPACE_TASKS/pull/4'],1,9,3.0,1.0,1.0,6.0,2019-09-24T21:15:36Z,1.0,Python,2542.0
2019-10-24T16:07:48,Feature,Hours,Intermediate,https://github.com/mainnebula/space_tasks/issues/1,mainnebula,https://gitcoin.co/issue/16991,258.74,mainnebula,1322,space_tasks,{},ETH,['https://github.com/mainnebula/SPACE_TASKS/pull/9'],1,-6,3.0,1.0,1.0,6.0,2019-09-24T21:15:36Z,1.0,Python,2542.0
2019-10-18T14:51:10,Feature,Hours,Intermediate,https://github.com/mainnebula/space_tasks/issues/2,mainnebula,https://gitcoin.co/issue/16919,260.37,mainnebula,1277,space_tasks,{},ETH,['https://github.com/mainnebula/SPACE_TASKS/pull/4'],1,0,3.0,1.0,1.0,6.0,2019-09-24T21:15:36Z,1.0,Python,2542.0
2020-11-29T10:17:01,Feature,Weeks,Intermediate,https://github.com/gitcoinco/skunkworks/issues/130,vs77bb,https://gitcoin.co/issue/24236,2391.2,gitcoinco,1426,skunkworks,{},ETH,['https://github.com/Recoblix/ethereum-oauth'],10,-422,35.0,63.0,63.0,220.0,2017-12-08T16:11:36Z,24.0,JavaScript,1132.0
2019-09-19T09:34:15,,,,https://github.com/nateberkopec/speedshop/issues/1,nateberkopec,https://gitcoin.co/issue/16421,20.15,nateberkopec,0,speedshop,{},ETH,['https://github.com/nateberkopec/speedshop/pull/5'],1,97582,5.0,5.0,5.0,5.0,2016-10-11T01:42:14Z,2.0,HTML,54154.0
2020-09-09T09:21:24,,,,https://github.com/gitcoinco/web/issues/5208,owocki,https://gitcoin.co/issue/23682,62.68,gitcoinco,298,web,{},ETH,['https://github.com/gitcoinco/web/pull/5234'],1,-328,835.0,1630.0,1630.0,628.0,2017-07-10T10:53:45Z,92.0,JavaScript,1192069.0
2020-09-09T09:21:17,,,,https://github.com/gitcoinco/web/issues/5209,owocki,https://gitcoin.co/issue/23681,62.68,gitcoinco,299,web,{},ETH,['feature/sticker_emoji_script'],1,-328,835.0,1630.0,1630.0,628.0,2017-07-10T10:53:45Z,92.0,JavaScript,1192069.0
2019-10-03T10:23:12,Documentation,Hours,Intermediate,https://github.com/kauri-io/content/issues/52,ChrisChinchilla,https://gitcoin.co/issue/16672,249.88,kauri-io,778,content,{},ETH,['https://github.com/kauri-io/Content/pull/86'],1,75,23.0,11.0,11.0,5.0,2018-11-22T13:39:57Z,8.0,Go,10628.0
2019-09-12T18:17:45,Feature,Hours,Beginner,https://github.com/gitcoinco/web/issues/5186,oktopustester,https://gitcoin.co/issue/16330,18.06,gitcoinco,481,web,{},ETH,['https://github.com/gitcoinco/web/pull/5006'],1,30,835.0,1630.0,1630.0,628.0,2017-07-10T10:53:45Z,92.0,JavaScript,1192069.0
2020-02-03T12:55:11,Security,Days,Advanced,https://github.com/gitcoinco/web/issues/5183,danlipert,https://gitcoin.co/issue/18951,268.39,gitcoinco,110,web,{},ETH,['https://github.com/gitcoinco/web/pull/5207'],1,8,835.0,1630.0,1630.0,628.0,2017-07-10T10:53:45Z,92.0,JavaScript,1192069.0
2019-10-09T09:10:30,,Hours,Intermediate,https://github.com/status-im/status-react/issues/8936,StatusSceptre,https://gitcoin.co/issue/16791,89.22,status-im,612,status-react,{},ETH,['https://github.com/status-im/status-react/pull/8985'],1,1,939.0,3645.0,3645.0,490.0,2016-02-22T21:48:48Z,185.0,Clojure,251825.0
2019-09-12T12:30:20,,,,https://github.com/gitcoinco/skunkworks/issues/128,owocki,https://gitcoin.co/issue/16317,80.77,gitcoinco,538,skunkworks,{},ETH,['https://www.dropbox.com/s/t9uwsvkcvrypd2m/oscoin_fixed.wav?dl=0'],1,27,35.0,63.0,63.0,220.0,2017-12-08T16:11:36Z,24.0,JavaScript,1132.0
2019-09-16T17:59:19,,,Intermediate,https://github.com/skalenetwork/hackathon/issues/4,xinyunat,https://gitcoin.co/issue/16372,511.23,skalenetwork,2220,hackathon,{},ETH,"['https://github.com/komodo-finance/komodo-gitcoin-blocks-submission', 'https://github.com/djrosenbaum/zelda-shop']",2,18,5.0,10.0,10.0,0.0,2019-02-12T20:22:20Z,5.0,,5.0
2019-09-16T18:01:28,,Days,Intermediate,https://github.com/skalenetwork/hackathon/issues/3,xinyunat,https://gitcoin.co/issue/16373,511.84,skalenetwork,2195,hackathon,{},ETH,"['https://github.com/komodo-finance/komodo-gitcoin-blocks-submission', 'https://github.com/CometS1/Skale-file-storage', 'https://github.com/hammadtq/dTunes', 'https://github.com/CodeSlip/AnonHero']",4,18,5.0,10.0,10.0,0.0,2019-02-12T20:22:20Z,5.0,,5.0
2019-09-23T00:27:26,Documentation,Days,Beginner,https://github.com/iamdefinitelyahuman/brownie/issues/174,iamdefinitelyahuman,https://gitcoin.co/issue/16473,59.64,iamdefinitelyahuman,2409,brownie,{},ETH,['https://github.com/iamdefinitelyahuman/brownie/pull/208'],1,10,508.0,2390.0,2390.0,397.0,2018-11-02T19:39:26Z,46.0,Python,6992.0
2019-09-27T17:16:48,Feature,Days,Intermediate,https://github.com/maticnetwork/matic-bounties/issues/2,Siddharth-J,https://gitcoin.co/issue/16597,1489.61,maticnetwork,715,matic-bounties,{},ETH,"['https://github.com/think-in-universe/matic.net', 'https://github.com/think-in-universe/matic.net', 'https://github.com/mul1sh/matic-unity']",3,4,2.0,9.0,9.0,22.0,2019-08-29T11:26:59Z,6.0,,0.0
2019-10-25T18:41:44,Feature,Days,Intermediate,https://github.com/maticnetwork/matic-bounties/issues/3,Siddharth-J,https://gitcoin.co/issue/17011,1510.35,maticnetwork,699,matic-bounties,{},ETH,['https://github.com/think-in-universe/matic-cocos-starter-kit'],1,-25,2.0,9.0,9.0,22.0,2019-08-29T11:26:59Z,6.0,,0.0
2019-08-31T18:17:34,Feature,Days,Beginner,https://github.com/gitcoinco/web/issues/4834,iamonuwa,https://gitcoin.co/issue/15757,0.17,gitcoinco,1722,web,{},ETH,['https://github.com/gitcoinco/web/pull/4605'],1,30,835.0,1630.0,1630.0,628.0,2017-07-10T10:53:45Z,92.0,JavaScript,1192069.0
2019-09-16T19:51:33,Improvement,Hours,Intermediate,https://github.com/facebook/jscodeshift/issues/343,mikob,https://gitcoin.co/issue/16378,63.35,facebook,1154,jscodeshift,{},ETH,['https://github.com/igetgames/jscodeshift-demo'],1,0,470.0,8223.0,8223.0,127.0,2015-03-07T00:32:16Z,98.0,JavaScript,1508.0
2019-09-27T17:25:01,Feature,Days,Intermediate,https://github.com/maticnetwork/matic-bounties/issues/4,Siddharth-J,https://gitcoin.co/issue/16598,1991.42,maticnetwork,919,matic-bounties,{},ETH,"['https://github.com/Abhimanyu121/Matic-Wallet', 'https://github.com/michaelcohen716/mitty']",2,2,2.0,9.0,9.0,22.0,2019-08-29T11:26:59Z,6.0,,0.0
2019-09-24T20:06:47,Bug,Hours,Advanced,https://github.com/harmonylion/ideamarkets/issues/2,harmonylion,https://gitcoin.co/issue/16515,505.17,harmonylion,759,ideamarkets,{},ETH,['https://gitlab.com/idea-markets/idea-markets/merge_requests/1'],1,97576,5.0,9.0,9.0,22.0,2019-06-11T01:41:11Z,2.0,,3.0
2019-09-11T18:07:34,,,,https://github.com/gitcoinco/web/issues/5097,owocki,https://gitcoin.co/issue/16263,50.67,gitcoinco,182,web,{},ETH,['https://github.com/gitcoinco/web/pull/5108'],1,18,835.0,1630.0,1630.0,628.0,2017-07-10T10:53:45Z,92.0,JavaScript,1192069.0
2019-09-22T04:56:37,Other,Days,,https://github.com/skalenetwork/hackathon/issues/1,xinyunat,https://gitcoin.co/issue/16471,1993.07,skalenetwork,2126,hackathon,{},ETH,"['https://github.com/Trellis-Lab/DArdt', 'https://github.com/CodeSlip/AnonHero', 'https://github.com/djrosenbaum/zelda-shop', 'https://github.com/komodo-finance/komodo-gitcoin-blocks-submission', 'https://github.com/Trellis-Lab/DArdt', 'https://github.com/Trellis-Lab/DArdt', 'https://github.com/CometS1/Skale-file-storage', 'https://github.com/AntonioCardenas/SkaleDapp', 'https://github.com/CometS1/Skale-file-storage', 'https://github.com/masaun/skale-bakery-exchange']",10,7,5.0,10.0,10.0,0.0,2019-02-12T20:22:20Z,5.0,,5.0
2019-09-11T16:24:54,,,,https://github.com/gitcoinco/command_line_standardbounties_funder/issues/3,owocki,https://gitcoin.co/issue/16239,77.89,gitcoinco,380,command_line_standardbounties_funder,{},ETH,['https://github.com/gitcoinco/command_line_standardbounties_funder/pull/4'],1,17,4.0,2.0,2.0,1.0,2018-06-01T21:19:06Z,2.0,Python,50.0
2019-09-18T09:52:18,Feature,Hours,Beginner,https://github.com/portis-project/gitcoin-ethereal-blocks-hackathon/issues/1,tomteman,https://gitcoin.co/issue/16405,186.36,portis-project,1649,gitcoin-ethereal-blocks-hackathon,{},ETH,"['https://github.com/komodo-finance/komodo-gitcoin-blocks-submission', 'https://github.com/CryptoManiacsZone/gDAI.io', 'https://github.com/jacekv/portisTestShop']",3,10,1.0,1.0,1.0,0.0,2019-08-28T15:28:27Z,3.0,,4.0
2019-09-19T17:31:15,Feature,Weeks,Intermediate,https://github.com/bancorprotocol/contracts/issues/301,vs77bb,https://gitcoin.co/issue/16424,2515.49,bancorprotocol,1915,contracts,{},ETH,['https://github.com/communiteths/app'],1,9,414.0,804.0,804.0,1.0,2017-02-15T17:38:52Z,55.0,JavaScript,18761.0
2019-08-28T06:17:54,Bug,Days,Beginner,https://github.com/gitcoinco/web/issues/5039,oktopustester,https://gitcoin.co/issue/15588,16.97,gitcoinco,1252,web,{},ETH,['https://github.com/gitcoinco/web/pull/5074'],1,29,835.0,1630.0,1630.0,628.0,2017-07-10T10:53:45Z,92.0,JavaScript,1192069.0
2019-09-13T00:04:38,,,Intermediate,https://github.com/digixglobal/dao-server/issues/70,tymat,https://gitcoin.co/issue/16333,192.28,digixglobal,6087,dao-server,{},ETH,['https://github.com/DigixGlobal/dao-server/pull/72'],1,97588,6.0,3.0,3.0,17.0,2018-10-19T08:52:23Z,7.0,Ruby,34732.0
2019-10-09T08:20:00,,,,https://github.com/digixglobal/governance-ui/issues/44,tymat,https://gitcoin.co/issue/16785,240.23,digixglobal,3467,governance-ui,{},ETH,['https://github.com/DigixGlobal/governance-ui/pull/46'],1,97562,2.0,0.0,0.0,2.0,2018-10-05T03:00:03Z,7.0,JavaScript,58278.0
2019-08-28T21:15:35,,,,https://github.com/gitcoinco/web/issues/4944,owocki,https://gitcoin.co/issue/15681,152.36,gitcoinco,2225,web,{},ETH,['https://www.figma.com/file/cXjqMhsRNSorFUxBCMyUMc/Result-page?node-id=0%3A1'],1,338,835.0,1630.0,1630.0,628.0,2017-07-10T10:53:45Z,92.0,JavaScript,1192069.0
2019-08-18T18:07:36,Feature,,,https://github.com/ark-mod/arkbot/pull/96,jefferson-1,https://gitcoin.co/issue/15420,250.34,ark-mod,54,arkbot,{},ETH,['https://github.com/ark-mod/ArkBot/pull/96'],1,348,51.0,106.0,106.0,37.0,2017-01-30T22:57:05Z,24.0,C#,79914.0
2019-08-28T20:12:27,Feature,Weeks,Intermediate,https://github.com/gitcoinco/skunkworks/issues/127,vs77bb,https://gitcoin.co/issue/15676,2124.9,gitcoinco,4680,skunkworks,{},ETH,"['https://github.com/Brianspha/UNICEF-Blockchain-Project/tree/master', 'https://github.com/masaun/trace-connectivity', 'https://github.com/Brianspha/UNICEF-Blockchain-Project/tree/master', 'https://github.com/obernardovieira/connect-ed', 'https://github.com/obernardovieira/connect-ed', 'https://github.com/monetha/unicef-challenge-reducing-digital-divide', 'https://github.com/Christopher-I/UNICEFConnectKids']",7,-14,35.0,63.0,63.0,220.0,2017-12-08T16:11:36Z,24.0,JavaScript,1132.0
2019-08-02T16:54:54,,,,https://github.com/gitcoinco/web/issues/4910,owocki,https://gitcoin.co/issue/15236,63.75,gitcoinco,479,web,{},ETH,['https://github.com/gitcoinco/web/pull/4930'],1,362,835.0,1630.0,1630.0,628.0,2017-07-10T10:53:45Z,92.0,JavaScript,1192069.0
2019-09-11T18:02:23,Improvement,Weeks,Intermediate,https://github.com/arweaveteam/bounties/issues/12,cedriking,https://gitcoin.co/issue/16246,1597.41,arweaveteam,2770,bounties,{},ETH,"['https://github.com/josh-richardson/aster', 'https://github.com/nionis/arweave-crowdfunding-dapp', 'https://github.com/sanchaymittal/CrowdFunding-dapp', 'https://github.com/proofoftom/arweave-crowdfund-v2']",4,-15,30.0,90.0,90.0,5.0,2019-04-30T20:49:58Z,18.0,,27.0
2020-11-29T10:08:28,Feature,Weeks,Intermediate,https://github.com/portis-project/gitcoin-grow-ethereum-hackathon/issues/1,tomteman,https://gitcoin.co/issue/24221,634.65,portis-project,1514,gitcoin-grow-ethereum-hackathon,{},ETH,['https://github.com/pisuthd/portis-upmeet'],4,-429,0.0,1.0,1.0,1.0,2019-07-29T05:56:32Z,3.0,,10.0
2019-08-08T13:43:30,Feature,Hours,Beginner,https://github.com/gitcoinco/web/issues/4870,thelostone-mc,https://gitcoin.co/issue/15311,88.65,gitcoinco,1333,web,{},ETH,['https://github.com/gitcoinco/web/pull/4899'],1,351,835.0,1630.0,1630.0,628.0,2017-07-10T10:53:45Z,92.0,JavaScript,1192069.0
2019-07-23T17:43:18,0,0,0,https://github.com/gitcoinco/code_fund_ads/issues/572,coderberry,https://gitcoin.co/issue/15017,215.96,gitcoinco,346,code_fund_ads,{},ETH,['https://github.com/gitcoinco/code_fund_ads/pull/573'],1,13,122.0,380.0,380.0,37.0,2018-10-18T16:53:17Z,20.0,Ruby,235909.0
2019-11-09T10:55:43,Feature,Hours,Beginner,https://github.com/gitcoinco/web/issues/4807,owocki,https://gitcoin.co/issue/17265,111.26,gitcoinco,2079,web,{},ETH,['https://github.com/gitcoinco/web/pull/4827'],1,-85,835.0,1630.0,1630.0,628.0,2017-07-10T10:53:45Z,92.0,JavaScript,1192069.0
2020-12-29T10:10:37,0,0,0,https://github.com/arweaveteam/bounties/issues/9,cedriking,https://gitcoin.co/issue/24553,246.5,arweaveteam,2774,bounties,{},ETH,['https://github.com/IgorShadurin/arweave-arql-explorer'],1,-518,30.0,90.0,90.0,5.0,2019-04-30T20:49:58Z,18.0,,27.0
2019-08-02T22:21:22,,,,https://github.com/gitcoinco/web/issues/4648,owocki,https://gitcoin.co/issue/15246,67.25,gitcoinco,492,web,{},ETH,['https://github.com/gitcoinco/web/pull/4799'],1,346,835.0,1630.0,1630.0,628.0,2017-07-10T10:53:45Z,92.0,JavaScript,1192069.0
2020-09-09T09:12:53,,,,https://github.com/gitcoinco/web/issues/4691,owocki,https://gitcoin.co/issue/23679,56.04,gitcoinco,281,web,{},ETH,['https://github.com/gitcoinco/web/pull/5001'],1,-57,835.0,1630.0,1630.0,628.0,2017-07-10T10:53:45Z,92.0,JavaScript,1192069.0
2019-07-31T15:03:24,,,,https://github.com/gitcoinco/web/issues/4786,owocki,https://gitcoin.co/issue/15195,68.83,gitcoinco,736,web,{},ETH,['https://github.com/gitcoinco/web/pull/4793'],1,346,835.0,1630.0,1630.0,628.0,2017-07-10T10:53:45Z,92.0,JavaScript,1192069.0
2019-08-06T15:22:04,,,,https://github.com/ethfinex/community-gateway/issues/94,Benefx,https://gitcoin.co/issue/15281,463.02,ethfinex,1982,community-gateway,{},ETH,"['https://github.com/ethfinex/community-gateway/pull/95', 'https://github.com/ethfinex/community-gateway/pull/95']",2,60,31.0,14.0,14.0,1.0,2018-02-23T14:48:29Z,4.0,JavaScript,30865.0
2019-07-08T17:33:47,Bug,Hours,Intermediate,https://github.com/nblockchain/tcpechosharp/issues/12,knocte,https://gitcoin.co/issue/14805,147.36,nblockchain,642,tcpechosharp,{},ETH,['https://gitlab.com/nblockchain/TcpEchoSharp/merge_requests/2'],1,363,4.0,1.0,1.0,1.0,2019-05-26T07:15:45Z,2.0,C#,62.0
2019-07-08T16:19:17,,,,https://github.com/openintents/app-center/issues/1,friedger,https://gitcoin.co/issue/14803,77.8,openintents,335,app-center,{},ETH,['https://github.com/openintents/app-center/pull/2'],1,362,3.0,12.0,12.0,19.0,2019-07-05T18:12:42Z,3.0,JavaScript,25158.0
2019-08-19T16:31:46,Improvement,Hours,Advanced,https://github.com/aquiladev/remix-mythx-plugin/issues/24,Sharonbyrne,https://gitcoin.co/issue/15426,2014.2,aquiladev,1114,remix-mythx-plugin,{},ETH,['https://github.com/aquiladev/remix-mythx-plugin/issues/24'],1,12,10.0,16.0,16.0,14.0,2019-05-17T08:56:49Z,3.0,JavaScript,23099.0
2019-10-01T20:04:22,Feature,Hours,Advanced,https://github.com/gitcoinco/web/issues/4695,octavioamu,https://gitcoin.co/issue/16650,108.02,gitcoinco,2553,web,{},ETH,['https://github.com/gitcoinco/web/pull/5250'],1,5,835.0,1630.0,1630.0,628.0,2017-07-10T10:53:45Z,92.0,JavaScript,1192069.0
2019-08-20T12:02:58,Documentation,Hours,Intermediate,https://github.com/kauri-io/content/issues/53,ChrisChinchilla,https://gitcoin.co/issue/15431,307.49,kauri-io,747,content,{},ETH,['https://github.com/kauri-io/Content/pull/58'],1,310,23.0,11.0,11.0,5.0,2018-11-22T13:39:57Z,8.0,Go,10628.0
2019-07-15T13:15:50,Improvement,Hours,Beginner,https://github.com/portis-project/beyondblockchain2019-hackathon/issues/1,tomteman,https://gitcoin.co/issue/14928,924.69,portis-project,984,beyondblockchain2019-hackathon,{},ETH,"['https://github.com/krisc/PoopOutsideTheBox', 'https://github.com/robin-thomas/piper', 'https://github.com/DecentLabs/proof-of-love/']",3,9,5.0,2.0,2.0,0.0,2019-06-24T18:16:28Z,2.0,,9.0
2019-08-22T12:02:02,Other,Days,Intermediate,https://github.com/arweaveteam/bounties/issues/7,arweave-sophie,https://gitcoin.co/issue/15504,736.14,arweaveteam,1424,bounties,{},ETH,['https://github.com/shenwilly/adam'],1,-29,30.0,90.0,90.0,5.0,2019-04-30T20:49:58Z,18.0,,27.0
2019-07-23T03:46:30,Documentation,Hours,Beginner,https://github.com/sigillabs/mobidex/issues/236,generalpiston,https://gitcoin.co/issue/15010,4.62,sigillabs,362,mobidex,{},ETH,['https://github.com/sigillabs/mobidex/pull/244'],1,1,38.0,74.0,74.0,90.0,2018-01-14T02:24:55Z,11.0,JavaScript,23043.0
2019-07-02T00:14:46,Documentation,Hours,Beginner,https://github.com/sigillabs/mobidex/issues/235,generalpiston,https://gitcoin.co/issue/14740,4.62,sigillabs,358,mobidex,{},ETH,['https://github.com/sigillabs/mobidex/pull/241'],1,22,38.0,74.0,74.0,90.0,2018-01-14T02:24:55Z,11.0,JavaScript,23043.0
2019-07-17T21:13:54,,,,https://github.com/arweaveteam/bounties/issues/5,samcamwilliams,https://gitcoin.co/issue/14954,762.7,arweaveteam,1253,bounties,{},ETH,"['https://github.com/snezanasucurovic042/EmailCrypto1', 'https://github.com/josh-richardson/chainmail', 'https://github.com/snezanasucurovic042/EmailCrypto1', 'https://github.com/IgorShadurin/arweave-provable-emails']",4,5,30.0,90.0,90.0,5.0,2019-04-30T20:49:58Z,18.0,,27.0
2019-07-17T21:13:24,,Days,Beginner,https://github.com/arweaveteam/bounties/issues/3,samcamwilliams,https://gitcoin.co/issue/14953,744.68,arweaveteam,943,bounties,{},ETH,"['https://github.com/srisankethu/ar-openknowledge', 'https://github.com/niinpatel/expert-advice', 'https://github.com/calchulus/arweave-knowledger']",3,5,30.0,90.0,90.0,5.0,2019-04-30T20:49:58Z,18.0,,27.0
2019-08-07T10:08:24,,Weeks,Intermediate,https://github.com/arweaveteam/bounties/issues/4,samcamwilliams,https://gitcoin.co/issue/15292,5001.16,arweaveteam,1324,bounties,{},ETH,"['https://github.com/ArweaveTeam/Bounties/pull/8', 'https://github.com/robin-thomas/piper', 'http://github.com/josh-richardson/albatross', 'https://github.com/mul1sh/spread', 'https://github.com/vertis/arweave-appstore']",5,-16,30.0,90.0,90.0,5.0,2019-04-30T20:49:58Z,18.0,,27.0
2019-06-29T19:06:47,Documentation,Hours,Beginner,https://github.com/ethhub-io/ethhub/issues/299,sassal,https://gitcoin.co/issue/14723,117.86,ethhub-io,572,ethhub,{},ETH,['https://github.com/ethhub-io/ethhub/pull/300'],1,357,666.0,874.0,874.0,61.0,2018-09-14T21:27:36Z,45.0,HTML,108456.0
2019-08-08T06:50:33,Feature,Hours,Intermediate,https://github.com/nblockchain/tcpechosharp/issues/4,knocte,https://gitcoin.co/issue/15307,103.5,nblockchain,192,tcpechosharp,{},ETH,['https://github.com/nblockchain/TcpEchoSharp/pull/11'],1,-20,4.0,1.0,1.0,1.0,2019-05-26T07:15:45Z,2.0,C#,62.0
2019-06-25T16:51:43,Documentation,Hours,Intermediate,https://github.com/kauri-io/content/issues/46,ChrisChinchilla,https://gitcoin.co/issue/14661,422.63,kauri-io,29,content,{},ETH,['https://github.com/kauri-io/Content/pull/34'],1,21,23.0,11.0,11.0,5.0,2018-11-22T13:39:57Z,8.0,Go,10628.0
2019-07-16T18:27:12,,,,https://github.com/ethereum/py-evm/issues/1786,vs77bb,https://gitcoin.co/issue/14944,149.04,ethereum,434,py-evm,{},ETH,['https://github.com/ethereum/py-evm/pull/1792'],1,335,583.0,1955.0,1955.0,113.0,2016-12-27T19:36:00Z,97.0,Python,15603.0
2019-06-19T13:58:02,Other,Hours,Intermediate,https://github.com/pegasyseng/bountiedwork/issues/17,jrhea,https://gitcoin.co/issue/14533,496.22,pegasyseng,1010,bountiedwork,{},ETH,['https://github.com/nanspro/Hobbits.py'],1,83,7.0,10.0,10.0,0.0,2019-03-14T19:40:01Z,36.0,,9.0
2019-06-15T19:41:11,Other,Hours,Intermediate,https://github.com/pegasyseng/bountiedwork/issues/9,jrhea,https://gitcoin.co/issue/14473,485.12,pegasyseng,1061,bountiedwork,{},ETH,['https://github.com/renaynay/go-hobbits'],1,86,7.0,10.0,10.0,0.0,2019-03-14T19:40:01Z,36.0,,9.0
2019-06-13T23:12:35,Other,Hours,Advanced,https://github.com/pegasyseng/bountiedwork/issues/8,jrhea,https://gitcoin.co/issue/14452,485.61,pegasyseng,1142,bountiedwork,{},ETH,['https://github.com/apache/incubator-tuweni/tree/master/hobbits-relayer'],1,177,7.0,10.0,10.0,0.0,2019-03-14T19:40:01Z,36.0,,9.0
2019-06-19T23:00:22,Feature,Hours,Intermediate,https://github.com/gitcoinco/code_fund_ads/issues/483,coderberry,https://gitcoin.co/issue/14557,99.95,gitcoinco,665,code_fund_ads,{},ETH,['https://github.com/gitcoinco/code_fund_ads/pull/544'],1,21,122.0,380.0,380.0,37.0,2018-10-18T16:53:17Z,20.0,Ruby,235909.0
2019-07-03T19:00:17,Improvement,Hours,Intermediate,https://github.com/gitcoinco/web/issues/4544,PixelantDesign,https://gitcoin.co/issue/14754,73.95,gitcoinco,477,web,{},ETH,['https://github.com/gitcoinco/web/pull/4613'],1,341,835.0,1630.0,1630.0,628.0,2017-07-10T10:53:45Z,92.0,JavaScript,1192069.0
2019-07-03T19:00:27,Bug,Hours,Intermediate,https://github.com/gitcoinco/web/issues/4398,PixelantDesign,https://gitcoin.co/issue/14755,71.79,gitcoinco,495,web,{},ETH,['https://github.com/gitcoinco/web/pull/4602'],1,339,835.0,1630.0,1630.0,628.0,2017-07-10T10:53:45Z,92.0,JavaScript,1192069.0
2019-06-15T16:46:15,Improvement,Hours,Intermediate,https://github.com/nblockchain/tcpechosharp/issues/2,knocte,https://gitcoin.co/issue/14471,194.72,nblockchain,575,tcpechosharp,{},ETH,['https://github.com/nblockchain/TcpEchoSharp/pull/3'],1,356,4.0,1.0,1.0,1.0,2019-05-26T07:15:45Z,2.0,C#,62.0
2019-06-15T00:10:25,Other,Hours,Beginner,https://github.com/proderivatives/ethereumcontracts/issues/1,stejin,https://gitcoin.co/issue/14466,363.81,proderivatives,186,ethereumcontracts,{},ETH,['https://github.com/ProDerivatives/EthereumContracts/issues/1'],2,-2,0.0,1.0,1.0,5.0,2017-12-19T20:45:12Z,3.0,JavaScript,593.0
2019-06-03T06:40:09,Feature,Days,Intermediate,https://github.com/acolytec3/nanobitcoin-go/issues/9,acolytec3,https://gitcoin.co/issue/14011,0.26,acolytec3,19,nanobitcoin-go,{},ETH,['https://github.com/acolytec3/nanobitcoin-go/pull/2'],1,115739,0.0,0.0,0.0,9.0,2019-05-21T19:16:06Z,2.0,Go,3602.0
2019-06-18T13:31:12,Improvement,Hours,Intermediate,https://github.com/gitcoinco/web/issues/4503,danlipert,https://gitcoin.co/issue/14510,78.48,gitcoinco,856,web,{},ETH,['https://github.com/gitcoinco/web/pull/4579'],1,347,835.0,1630.0,1630.0,628.0,2017-07-10T10:53:45Z,92.0,JavaScript,1192069.0
2019-08-07T15:51:51,,,,https://github.com/gitcoinco/web/issues/4522,owocki,https://gitcoin.co/issue/15299,46.28,gitcoinco,516,web,{},ETH,['https://github.com/gitcoinco/web/pull/4552'],1,296,835.0,1630.0,1630.0,628.0,2017-07-10T10:53:45Z,92.0,JavaScript,1192069.0
2019-08-30T07:06:24,Documentation,Days,Intermediate,https://github.com/kauri-io/content/issues/45,ChrisChinchilla,https://gitcoin.co/issue/15728,1004.9,kauri-io,1053,content,{},ETH,['https://github.com/kauri-io/Content/pull/57'],1,274,23.0,11.0,11.0,5.0,2018-11-22T13:39:57Z,8.0,Go,10628.0
2019-07-31T21:29:46,,,,https://github.com/gitcoinco/web/issues/4395,owocki,https://gitcoin.co/issue/15210,68.09,gitcoinco,551,web,{},ETH,['https://github.com/gitcoinco/web/pull/4716#issuecomment-513587082'],1,300,835.0,1630.0,1630.0,628.0,2017-07-10T10:53:45Z,92.0,JavaScript,1192069.0
2019-06-09T08:06:43,Improvement,Hours,Intermediate,https://github.com/ssteiger/vyper-contract-gui/issues/7,ssteiger,https://gitcoin.co/issue/14182,106.03,ssteiger,251,vyper-contract-gui,{},ETH,['https://github.com/ssteiger/Vyper-Contract-GUI/pull/11'],1,351,7.0,39.0,39.0,41.0,2019-03-20T16:51:10Z,3.0,JavaScript,13499.0
2019-06-04T11:55:41,Feature,Hours,Intermediate,https://github.com/nblockchain/tcpechosharp/issues/1,knocte,https://gitcoin.co/issue/14033,202.44,nblockchain,949,tcpechosharp,{},ETH,['https://github.com/knocte/TcpEcho/pull/2'],1,20,4.0,1.0,1.0,1.0,2019-05-26T07:15:45Z,2.0,C#,62.0
2019-05-31T09:19:13,,,,https://github.com/b-mueller/sabre/issues/62,b-mueller,https://gitcoin.co/issue/13862,49.76,b-mueller,489,sabre,{},ETH,['https://github.com/b-mueller/sabre/pull/63'],1,358,19.0,59.0,59.0,1.0,2018-10-24T04:31:07Z,6.0,JavaScript,751.0
2019-06-23T11:13:50,Feature,Hours,Advanced,https://github.com/utunga/homesafe/issues/1,utunga,https://gitcoin.co/issue/14599,655.35,utunga,4848,homesafe,{},ETH,['https://gitlab.com/utunga/manyverse/merge_requests/1'],1,1,2.0,1.0,1.0,21.0,2019-05-09T12:39:05Z,3.0,JavaScript,3865.0
2019-05-31T07:11:02,Documentation,Hours,Intermediate,https://github.com/kauri-io/content/issues/42,ChrisChinchilla,https://gitcoin.co/issue/13849,152.23,kauri-io,150,content,{},ETH,['https://github.com/kauri-io/Content/pull/44'],1,164,23.0,11.0,11.0,5.0,2018-11-22T13:39:57Z,8.0,Go,10628.0
2019-05-31T07:07:09,Documentation,Hours,Beginner,https://github.com/kauri-io/content/issues/41,ChrisChinchilla,https://gitcoin.co/issue/13847,152.23,kauri-io,153,content,{},ETH,['https://github.com/random-char/Content/commits/ethereum-101-translation-ru'],1,164,23.0,11.0,11.0,5.0,2018-11-22T13:39:57Z,8.0,Go,10628.0
2019-05-20T04:37:13,Other,Hours,Beginner,https://github.com/vexycats/gitcoin_bounties/issues/1,VexyCats,https://gitcoin.co/issue/13467,44.13,vexycats,432,gitcoin_bounties,{},ETH,['https://github.com/VexyCats/Gitcoin_Bounties/pull/2'],2,360,0.0,0.0,0.0,0.0,2019-05-15T05:28:38Z,2.0,,0.0
2019-11-05T20:24:32,Improvement,Days,Intermediate,https://github.com/metamask/metamask-extension/issues/5524,Arachnid,https://gitcoin.co/issue/17173,195.27,metamask,851,metamask-extension,{},ETH,['https://github.com/MetaMask/metamask-extension/pull/6606'],1,189,3798.0,9588.0,9588.0,1865.0,2015-09-06T16:34:48Z,475.0,JavaScript,288561.0
2019-05-28T13:44:35,Documentation,Hours,Intermediate,https://github.com/chainstack/docs/issues/19,easeev,https://gitcoin.co/issue/13678,255.66,chainstack,1843,docs,{},ETH,['https://github.com/nanspro/Simple-Certificates-on-ethereum'],1,345,401.0,53.0,53.0,2.0,2019-02-26T22:04:03Z,20.0,Dockerfile,8814.0
2019-05-22T18:16:55,,Unknown,,https://github.com/gitcoinco/web/issues/3232,SaptakS,https://gitcoin.co/issue/13540,0.17,gitcoinco,1899,web,{},ETH,['https://github.com/gitcoinco/web/pull/1853'],1,350,835.0,1630.0,1630.0,628.0,2017-07-10T10:53:45Z,92.0,JavaScript,1192069.0
2019-06-20T09:25:21,Feature,Unknown,Advanced,https://github.com/trustwallet/wallet-core/issues/260,eminogrande,https://gitcoin.co/issue/14559,1312.56,trustwallet,1319,wallet-core,{},ETH,['https://github.com/TrustWallet/wallet-core/pull/420/files'],1,320,1332.0,2179.0,2179.0,18.0,2019-02-14T18:25:54Z,110.0,C++,23517.0
2019-07-22T22:21:10,Bug,Hours,Beginner,https://github.com/gitcoinco/web/issues/4186,frankchen07,https://gitcoin.co/issue/15005,60.46,gitcoinco,615,web,{},ETH,['https://github.com/gitcoinco/web/pull/4792#issuecomment-511405832'],1,287,835.0,1630.0,1630.0,628.0,2017-07-10T10:53:45Z,92.0,JavaScript,1192069.0
2019-11-18T18:47:15,,Hours,Beginner,https://github.com/gitcoinco/web/issues/4264,frankchen07,https://gitcoin.co/issue/17465,40.8,gitcoinco,789,web,{},ETH,['https://github.com/gitcoinco/web/pull/5331'],1,168,835.0,1630.0,1630.0,628.0,2017-07-10T10:53:45Z,92.0,JavaScript,1192069.0
2019-05-06T00:51:49,Feature,Hours,Beginner,https://github.com/chriscates/commoncrawler/issues/10,ChrisCates,https://gitcoin.co/issue/13119,184.53,chriscates,637,commoncrawler,{},ETH,['https://github.com/ChrisCates/CommonCrawler/pull/11'],1,363,12.0,32.0,32.0,9.0,2017-05-02T19:47:44Z,11.0,Go,2534.0
2019-05-10T18:16:13,,Unknown,,https://github.com/gitcoinco/skunkworks/issues/111,owocki,https://gitcoin.co/issue/13259,118.4,gitcoinco,345,skunkworks,{},ETH,['https://github.com/gitcoinco/skunkworks/pull/116'],1,357,35.0,63.0,63.0,220.0,2017-12-08T16:11:36Z,24.0,JavaScript,1132.0
2019-05-21T23:19:16,,Unknown,,https://github.com/gitcoinco/web/issues/4315,owocki,https://gitcoin.co/issue/13527,39.13,gitcoinco,499,web,{},ETH,['https://github.com/gitcoinco/web/pull/4337'],1,343,835.0,1630.0,1630.0,628.0,2017-07-10T10:53:45Z,92.0,JavaScript,1192069.0
2019-06-24T16:27:47,,Unknown,,https://github.com/gitcoinco/web/issues/4267,owocki,https://gitcoin.co/issue/14625,230.58,gitcoinco,352,web,{},ETH,['https://github.com/gitcoinco/web/pull/4317'],1,309,835.0,1630.0,1630.0,628.0,2017-07-10T10:53:45Z,92.0,JavaScript,1192069.0
2019-12-21T10:05:28,,,,https://github.com/gitcoinco/web/issues/4292,danlipert,https://gitcoin.co/issue/17988,188.12,gitcoinco,2021,web,{},ETH,['https://github.com/gitcoinco/web/pull/4601'],1,126,835.0,1630.0,1630.0,628.0,2017-07-10T10:53:45Z,92.0,JavaScript,1192069.0
2019-06-04T06:01:54,Feature,Hours,Intermediate,https://github.com/gnosisecosystemfund/gnosis-bounties-/issues/16,GnosisEcosystemFund,https://gitcoin.co/issue/14024,516.78,gnosisecosystemfund,1568,gnosis-bounties-,{},ETH,['https://github.com/hilmarx/grachten-dx'],1,-17,3.0,2.0,2.0,18.0,2018-10-25T13:08:42Z,2.0,,2.0
2019-05-07T14:38:56,Improvement,Hours,Intermediate,https://github.com/makerdao/pyexchange/issues/42,,https://gitcoin.co/issue/13146,197.18,makerdao,1478,pyexchange,{},ETH,['https://github.com/makerdao/pyexchange/pull/43'],1,69,64.0,75.0,75.0,11.0,2018-01-18T10:51:37Z,22.0,Python,921.0
2019-04-25T13:05:03,Improvement,Hours,Beginner,https://github.com/witnet/witnet-rust/issues/568,aesedepece,https://gitcoin.co/issue/12823,4.09,witnet,265,witnet-rust,{},ETH,['https://github.com/witnet/witnet-rust/pull/588'],1,-7,53.0,162.0,162.0,100.0,2018-02-04T17:59:46Z,13.0,Rust,15119.0
2019-05-17T10:40:19,Design,Hours,Beginner,https://github.com/witnet/research/issues/33,aesedepece,https://gitcoin.co/issue/13431,32.96,witnet,836,research,{},ETH,"['https://github.com/witnet/research/pull/35', 'https://github.com/witnet/research/pull/37', 'https://github.com/witnet/research/pull/39', 'https://github.com/witnet/research/pull/38', 'https://github.com/witnet/research/pull/36']",5,11,10.0,8.0,8.0,4.0,2019-02-06T11:28:02Z,7.0,Python,5878.0
2019-05-10T18:07:22,Feature,Hours,Intermediate,https://github.com/a8dev/ethereal/issues/1,threejeez,https://gitcoin.co/issue/13247,1026.21,a8dev,723,ethereal,{},ETH,"['https://github.com/johngrantuk/burnerbot', 'https://github.com/Yorke1/important']",2,5,0.0,0.0,0.0,2.0,2019-04-16T00:06:31Z,3.0,,1.0
2019-05-03T16:45:41,Feature,Days,Beginner,https://github.com/kleros/hackathon/issues/1,clesaege,https://gitcoin.co/issue/13042,0.17,kleros,1889,hackathon,{},ETH,"['https://github.com/wasmatic/kleros-curated-list-creator', 'https://github.com/genesisdotre/kleros-ethereal-virtual-hackathon']",2,-4,1.0,10.0,10.0,1.0,2019-04-15T19:54:55Z,3.0,,95.0
2019-05-17T05:43:57,Documentation,Hours,Intermediate,https://github.com/ensdomains/docs/issues/10,ChrisChinchilla,https://gitcoin.co/issue/13425,374.81,ensdomains,1091,docs,{},ETH,['https://github.com/ensdomains/docs/pull/15'],1,11,124.0,46.0,46.0,30.0,2019-02-24T21:31:43Z,7.0,,3377.0
2019-04-30T23:13:21,,Unknown,,https://github.com/gitcoinco/browser-extension/issues/69,owocki,https://gitcoin.co/issue/12990,73.19,gitcoinco,423,browser-extension,{},ETH,['https://github.com/gitcoinco/browser-extension/pull/70'],1,346,30.0,47.0,47.0,53.0,2017-07-10T11:33:11Z,22.0,JavaScript,5080.0
2019-05-03T19:11:23,,Hours,Intermediate,https://github.com/arweaveteam/weavemail/issues/2,samcamwilliams,https://gitcoin.co/issue/13047,120.49,arweaveteam,1174,weavemail,{},ETH,['https://github.com/ArweaveTeam/weavemail/pull/8'],1,343,20.0,49.0,49.0,5.0,2019-04-09T10:55:54Z,6.0,JavaScript,64.0
2019-05-10T18:03:57,Improvement,Hours,Beginner,https://github.com/witnet/witnet-rust/issues/567,aesedepece,https://gitcoin.co/issue/13240,7.43,witnet,968,witnet-rust,{},ETH,['https://github.com/witnet/witnet-rust/pull/580'],1,1,53.0,162.0,162.0,100.0,2018-02-04T17:59:46Z,13.0,Rust,15119.0
2019-05-10T18:03:43,,Hours,Beginner,https://github.com/arweaveteam/weavemail/issues/1,samcamwilliams,https://gitcoin.co/issue/13239,100.52,arweaveteam,458,weavemail,{},ETH,['https://github.com/ArweaveTeam/weavemail/pull/7/commits/a86043719ae927a3c9ac44cc05f03ad60344de14'],1,336,20.0,49.0,49.0,5.0,2019-04-09T10:55:54Z,6.0,JavaScript,64.0
2019-05-14T19:47:41,Feature,Hours,Beginner,https://github.com/arweaveteam/weavemail/issues/3,samcamwilliams,https://gitcoin.co/issue/13323,82.56,arweaveteam,598,weavemail,{},ETH,['https://github.com/ArweaveTeam/weavemail/pull/7/commits/a32ee9154a8bfa4220354ef65199a1c658c24845'],1,332,20.0,49.0,49.0,5.0,2019-04-09T10:55:54Z,6.0,JavaScript,64.0
2020-09-08T17:45:25,,Unknown,,https://github.com/gitcoinco/web/issues/4178,owocki,https://gitcoin.co/issue/23667,53.18,gitcoinco,109,web,{},ETH,['https://github.com/gitcoinco/web/pull/4666'],1,-152,835.0,1630.0,1630.0,628.0,2017-07-10T10:53:45Z,92.0,JavaScript,1192069.0
2019-10-14T20:07:41,,Unknown,,https://github.com/gitcoinco/web/issues/4150,owocki,https://gitcoin.co/issue/16865,97.54,gitcoinco,1542,web,{},ETH,['https://github.com/gitcoinco/web/pull/4229'],1,176,835.0,1630.0,1630.0,628.0,2017-07-10T10:53:45Z,92.0,JavaScript,1192069.0
2019-04-11T06:38:52,Improvement,Hours,Beginner,https://github.com/gitcoinco/web/issues/4132,frankchen07,https://gitcoin.co/issue/11817,10.74,gitcoinco,944,web,{},ETH,['https://github.com/gitcoinco/web/pull/4160'],1,362,835.0,1630.0,1630.0,628.0,2017-07-10T10:53:45Z,92.0,JavaScript,1192069.0
2019-05-13T09:43:27,,Unknown,,https://github.com/b-mueller/sabre/issues/41,b-mueller,https://gitcoin.co/issue/13290,45.94,b-mueller,241,sabre,{},ETH,['https://github.com/b-mueller/sabre/pull/42'],1,329,19.0,59.0,59.0,1.0,2018-10-24T04:31:07Z,6.0,JavaScript,751.0
2019-04-12T00:36:29,,Unknown,,https://github.com/unlock-protocol/unlock/issues/1689,julien51,https://gitcoin.co/issue/11844,260.83,unlock-protocol,180,unlock,{},ETH,['https://github.com/unlock-protocol/unlock/pull/2538'],1,3,192.0,745.0,745.0,197.0,2017-12-01T02:08:01Z,34.0,Solidity,526247.0
2020-03-16T15:57:19,,Unknown,,https://github.com/gitcoinco/web/issues/4122,owocki,https://gitcoin.co/issue/20628,80.64,gitcoinco,1427,web,{},ETH,['https://github.com/gitcoinco/web/pull/4198'],1,18,835.0,1630.0,1630.0,628.0,2017-07-10T10:53:45Z,92.0,JavaScript,1192069.0
2019-04-30T15:21:38,,Unknown,,https://github.com/b-mueller/sabre/issues/39,b-mueller,https://gitcoin.co/issue/12960,564.48,b-mueller,476,sabre,{},ETH,['https://github.com/b-mueller/sabre/pull/58'],1,338,19.0,59.0,59.0,1.0,2018-10-24T04:31:07Z,6.0,JavaScript,751.0
2019-05-21T17:01:36,,Unknown,,https://github.com/gitcoinco/web/issues/4111,owocki,https://gitcoin.co/issue/13525,167.56,gitcoinco,1811,web,{},ETH,['https://github.com/gitcoinco/web/pull/4279'],1,317,835.0,1630.0,1630.0,628.0,2017-07-10T10:53:45Z,92.0,JavaScript,1192069.0
2019-03-31T16:12:03,,Hours,Advanced,https://github.com/clesaege/hacksmartcontract/issues/3,clesaege,https://gitcoin.co/issue/11617,14.27,clesaege,117,hacksmartcontract,{},ETH,['https://github.com/clesaege/HackSmartContract/pull/5'],1,2,69.0,81.0,81.0,1.0,2017-04-17T21:12:51Z,7.0,Solidity,211.0
2019-04-24T04:21:59,Bug,Hours,Intermediate,https://github.com/xamarin/xamarin.forms/issues/5533,knocte,https://gitcoin.co/issue/12800,51.05,xamarin,908,xamarin.forms,{},ETH,['https://github.com/xamarin/Xamarin.Forms/pull/5764'],1,340,1923.0,5646.0,5646.0,2531.0,2016-03-18T15:52:03Z,431.0,C#,111071.0
2019-04-10T06:17:24,,Unknown,,https://github.com/gitcoinco/web/issues/3985,SaptakS,https://gitcoin.co/issue/11763,0.14,gitcoinco,122,web,{},ETH,['https://github.com/gitcoinco/web/pull/1853'],1,352,835.0,1630.0,1630.0,628.0,2017-07-10T10:53:45Z,92.0,JavaScript,1192069.0
2019-03-29T07:15:28,,Unknown,,https://github.com/b-mueller/sabre/issues/25,b-mueller,https://gitcoin.co/issue/11588,139.64,b-mueller,431,sabre,{},ETH,['https://github.com/b-mueller/sabre/pull/31'],1,363,19.0,59.0,59.0,1.0,2018-10-24T04:31:07Z,6.0,JavaScript,751.0
2019-04-11T20:11:42,Feature,Hours,Intermediate,https://github.com/cryptolandtech/moonlet/issues/123,theporpoise,https://gitcoin.co/issue/11838,275.86,cryptolandtech,1713,moonlet,{},ETH,['https://github.com/cryptolandtech/moonlet/pull/125'],1,14,4.0,16.0,16.0,32.0,2018-08-08T23:19:53Z,8.0,TypeScript,1464.0
2020-04-09T10:26:21,,Unknown,,https://github.com/poanetwork/blockscout/issues/811,igorbarinov,https://gitcoin.co/issue/21124,199.77,poanetwork,470,blockscout,{},ETH,['https://github.com/poanetwork/blockscout/pull/2480'],1,-15,1485.0,2370.0,2370.0,371.0,2018-01-12T22:45:24Z,69.0,Elixir,129759.0
2019-04-02T16:44:12,Other,Hours,Beginner,https://github.com/odyssy-automaton/od-gittron-web/issues/138,dekanbro,https://gitcoin.co/issue/11647,16.02,odyssy-automaton,1153,od-gittron-web,{},ETH,"['https://gittron.me/bots/0x178b1cb25cc2eecb4d3ad2ac558c1695', 'https://github.com/odyssy-automaton/od-gittron-web/issues/138#issuecomment-477273974']",3,7,3.0,1.0,1.0,6.0,2019-01-31T23:57:08Z,4.0,JavaScript,2932.0
2019-08-01T13:59:02,Documentation,Hours,Intermediate,https://github.com/kauri-io/content/issues/31,ChrisChinchilla,https://gitcoin.co/issue/15221,502.27,kauri-io,85,content,{},ETH,['https://github.com/kauri-io/Content/pull/64'],1,21,23.0,11.0,11.0,5.0,2018-11-22T13:39:57Z,8.0,Go,10628.0
2019-04-18T14:41:54,,Unknown,,https://github.com/consensys/mythxjs/issues/1,b-mueller,https://gitcoin.co/issue/12514,339.83,consensys,128,mythxjs,{},ETH,['https://github.com/ConsenSys/mythxjs/pull/6'],1,340,7.0,23.0,23.0,20.0,2019-03-25T12:07:51Z,14.0,TypeScript,1862.0
2021-03-21T08:58:33,,Unknown,,https://github.com/b-mueller/sabre/issues/18,b-mueller,https://gitcoin.co/issue/25292,47.65,b-mueller,703,sabre,{},ETH,['https://github.com/b-mueller/sabre/pull/19'],1,-365,19.0,59.0,59.0,1.0,2018-10-24T04:31:07Z,6.0,JavaScript,751.0
2019-04-11T21:05:00,Bug,Hours,Advanced,https://github.com/thelastpickle/cassandra-reaper/issues/630,michaelsembwever,https://gitcoin.co/issue/11841,137.47,thelastpickle,1239,cassandra-reaper,{},ETH,['https://github.com/thelastpickle/cassandra-reaper/pull/641'],1,7,194.0,445.0,445.0,147.0,2016-10-13T23:25:17Z,40.0,Java,54321.0
2019-03-19T16:20:55,,Unknown,,https://github.com/gitcoinco/web/issues/3999,owocki,https://gitcoin.co/issue/11388,27.53,gitcoinco,179,web,{},ETH,['https://github.com/gitcoinco/web/pull/4003'],1,364,835.0,1630.0,1630.0,628.0,2017-07-10T10:53:45Z,92.0,JavaScript,1192069.0
2021-03-21T08:57:37,Documentation,Hours,Intermediate,https://github.com/kauri-io/content/issues/24,ChrisChinchilla,https://gitcoin.co/issue/25289,304.92,kauri-io,643,content,{},ETH,['https://github.com/kauri-io/Content/pull/28'],2,-666,23.0,11.0,11.0,5.0,2018-11-22T13:39:57Z,8.0,Go,10628.0
2019-03-17T16:35:03,,Unknown,Intermediate,https://github.com/cleanunicorn/mythos/issues/12,b-mueller,https://gitcoin.co/issue/11356,38.39,cleanunicorn,794,mythos,{},ETH,['https://github.com/cleanunicorn/mythos/pull/19'],1,363,5.0,20.0,20.0,15.0,2019-02-22T15:39:42Z,1.0,TypeScript,1166.0
2019-03-26T02:46:55,,Hours,Intermediate,https://github.com/cleanunicorn/mythos/issues/13,b-mueller,https://gitcoin.co/issue/11507,98.73,cleanunicorn,60,mythos,{},ETH,['https://github.com/cleanunicorn/mythos/pull/25'],1,355,5.0,20.0,20.0,15.0,2019-02-22T15:39:42Z,1.0,TypeScript,1166.0
2019-03-18T02:15:32,,Unknown,Intermediate,https://github.com/cleanunicorn/mythos/issues/16,b-mueller,https://gitcoin.co/issue/11361,40.84,cleanunicorn,284,mythos,{},ETH,['https://github.com/cleanunicorn/mythos/pull/22'],1,363,5.0,20.0,20.0,15.0,2019-02-22T15:39:42Z,1.0,TypeScript,1166.0
2019-03-20T04:56:55,Improvement,Hours,Beginner,https://github.com/consensys/truffle-security/issues/118,b-mueller,https://gitcoin.co/issue/11400,13.2,consensys,356,truffle-security,{},ETH,['https://github.com/ConsenSys/truffle-security/pull/132'],1,360,27.0,123.0,123.0,26.0,2018-10-08T01:19:17Z,24.0,JavaScript,3724.0
2019-04-06T06:42:48,Improvement,Hours,,https://github.com/consensys/truffle-security/issues/116,b-mueller,https://gitcoin.co/issue/11702,59.41,consensys,487,truffle-security,{},ETH,['https://github.com/ConsenSys/truffle-security/pull/139'],1,343,27.0,123.0,123.0,26.0,2018-10-08T01:19:17Z,24.0,JavaScript,3724.0
2019-03-13T18:21:29,Improvement,Hours,Intermediate,https://github.com/ethereum-ts/typechain/issues/135,AntonioJuliano,https://gitcoin.co/issue/11278,136.14,ethereum-ts,1239,typechain,{},ETH,['https://github.com/ethereum-ts/TypeChain/pull/141'],1,360,321.0,2468.0,2468.0,110.0,2017-09-02T16:42:54Z,31.0,TypeScript,6629.0
2019-04-01T16:05:48,Feature,Days,Intermediate,https://github.com/gitcoinco/web/issues/3937,PixelantDesign,https://gitcoin.co/issue/11627,163.37,gitcoinco,1051,web,{},ETH,['https://github.com/gitcoinco/web/pull/3959'],1,6,835.0,1630.0,1630.0,628.0,2017-07-10T10:53:45Z,92.0,JavaScript,1192069.0
2019-03-24T04:04:48,,Unknown,,https://github.com/b-mueller/sabre/issues/14,b-mueller,https://gitcoin.co/issue/11481,150.27,b-mueller,135,sabre,{},ETH,['https://github.com/b-mueller/sabre/pull/16'],1,349,19.0,59.0,59.0,1.0,2018-10-24T04:31:07Z,6.0,JavaScript,751.0
2019-03-29T05:15:09,Documentation,Hours,Intermediate,https://github.com/mybitfoundation/mybit-documentation.website/issues/7,mybit-coordinator,https://gitcoin.co/issue/11583,497.27,mybitfoundation,4894,mybit-documentation.website,{},ETH,['https://github.com/MyBitFoundation/MyBit-Documentation.website/pull/8'],1,343,4.0,1.0,1.0,1.0,2018-10-17T23:23:45Z,5.0,,52.0
2021-03-21T08:53:50,,Unknown,,https://github.com/gitcoinco/web/issues/3913,owocki,https://gitcoin.co/issue/25281,274.28,gitcoinco,2097,web,{},ETH,['https://github.com/gitcoinco/web/pull/3945'],1,-380,835.0,1630.0,1630.0,628.0,2017-07-10T10:53:45Z,92.0,JavaScript,1192069.0
2019-05-28T21:51:58,,Unknown,,https://github.com/fembusinessmodelsring/web3_revenue_primitives/issues/32,owocki,https://gitcoin.co/issue/13691,136.14,fembusinessmodelsring,614,web3_revenue_primitives,{},ETH,['https://github.com/FEMBusinessModelsRing/web3_revenue_primitives/pull/53'],1,281,30.0,174.0,174.0,21.0,2018-10-29T14:34:25Z,19.0,,418.0
2019-07-18T19:03:03,,Unknown,,https://github.com/gitcoinco/web/issues/3907,owocki,https://gitcoin.co/issue/14965,149.75,gitcoinco,1935,web,{},ETH,"['https://github.com/gitcoinco/web/pull/4605', 'https://github.com/gitcoinco/web/pull/4605']",2,231,835.0,1630.0,1630.0,628.0,2017-07-10T10:53:45Z,92.0,JavaScript,1192069.0
2019-03-08T07:11:28,,Unknown,,https://github.com/b-mueller/sabre/issues/7,b-mueller,https://gitcoin.co/issue/9583,163.37,b-mueller,133,sabre,{},ETH,['https://github.com/b-mueller/sabre/pull/10'],1,362,19.0,59.0,59.0,1.0,2018-10-24T04:31:07Z,6.0,JavaScript,751.0
2019-03-08T02:49:11,,Unknown,,https://github.com/b-mueller/sabre/issues/8,b-mueller,https://gitcoin.co/issue/9577,163.37,b-mueller,230,sabre,{},ETH,['https://github.com/b-mueller/sabre/pull/12'],1,363,19.0,59.0,59.0,1.0,2018-10-24T04:31:07Z,6.0,JavaScript,751.0
2019-03-15T11:29:41,Bug,Hours,,https://github.com/diginex/geewallet/issues/68,knocte,https://gitcoin.co/issue/11310,72.37,diginex,48,geewallet,{},ETH,['https://gitlab.com/DiginexGlobal/geewallet/merge_requests/36'],1,355,10.0,26.0,26.0,30.0,2017-12-12T02:24:39Z,6.0,F#,10651.0
2019-03-15T16:53:19,,Unknown,,https://github.com/fembusinessmodelsring/web3_revenue_primitives/issues/27,owocki,https://gitcoin.co/issue/11335,50.26,fembusinessmodelsring,247,web3_revenue_primitives,{},ETH,['https://github.com/FEMBusinessModelsRing/web3_revenue_primitives/pull/41'],1,354,30.0,174.0,174.0,21.0,2018-10-29T14:34:25Z,19.0,,418.0
2019-05-21T02:04:09,,Unknown,,https://github.com/fembusinessmodelsring/web3_revenue_primitives/issues/28,owocki,https://gitcoin.co/issue/13492,50.26,fembusinessmodelsring,313,web3_revenue_primitives,{},ETH,['https://github.com/FEMBusinessModelsRing/web3_revenue_primitives/pull/39'],1,288,30.0,174.0,174.0,21.0,2018-10-29T14:34:25Z,19.0,,418.0
2019-03-09T01:09:39,,Unknown,,https://github.com/fembusinessmodelsring/web3_revenue_primitives/issues/25,owocki,https://gitcoin.co/issue/9618,37.7,fembusinessmodelsring,207,web3_revenue_primitives,{},ETH,['https://github.com/FEMBusinessModelsRing/web3_revenue_primitives/pull/36'],1,361,30.0,174.0,174.0,21.0,2018-10-29T14:34:25Z,19.0,,418.0
2019-03-14T23:07:20,,Unknown,,https://github.com/fembusinessmodelsring/web3_revenue_primitives/issues/24,owocki,https://gitcoin.co/issue/11298,37.7,fembusinessmodelsring,272,web3_revenue_primitives,{},ETH,['https://github.com/FEMBusinessModelsRing/web3_revenue_primitives/pull/40'],1,355,30.0,174.0,174.0,21.0,2018-10-29T14:34:25Z,19.0,,418.0
2019-03-07T19:29:30,Improvement,Hours,Intermediate,https://github.com/wanseob/npm-truffle-box/issues/3,wanseob,https://gitcoin.co/issue/9330,39.12,wanseob,275,npm-truffle-box,{},ETH,['https://github.com/wanseob/npm-truffle-box/pull/4'],1,86,1.0,0.0,0.0,0.0,2019-02-27T15:13:20Z,2.0,JavaScript,103.0
2019-03-07T19:29:04,,Unknown,,https://github.com/gitcoinco/web/issues/3850,owocki,https://gitcoin.co/issue/9327,92.76,gitcoinco,1039,web,{},ETH,['https://github.com/gitcoinco/web/pull/3870'],1,360,835.0,1630.0,1630.0,628.0,2017-07-10T10:53:45Z,92.0,JavaScript,1192069.0
2019-03-07T19:28:58,,Unknown,,https://github.com/gitcoinco/kudos721contract/issues/3,owocki,https://gitcoin.co/issue/9326,39.76,gitcoinco,5418,kudos721contract,{},ETH,['https://github.com/gitcoinco/Kudos721Contract/pull/5'],1,360,20.0,30.0,30.0,4.0,2018-10-30T07:41:26Z,4.0,JavaScript,9771.0
2019-04-12T19:45:12,Feature,Weeks,Intermediate,https://github.com/gitcoinco/web/issues/3824,PixelantDesign,https://gitcoin.co/issue/11877,123.34,gitcoinco,1496,web,{},ETH,['https://github.com/gitcoinco/web/pull/3933'],1,-14,835.0,1630.0,1630.0,628.0,2017-07-10T10:53:45Z,92.0,JavaScript,1192069.0
2019-05-13T19:20:46,Bug,Hours,Beginner,https://github.com/gitcoinco/web/issues/3762,frankchen07,https://gitcoin.co/issue/13297,44.54,gitcoinco,655,web,{},ETH,['https://github.com/gitcoinco/web/pull/4288'],1,290,835.0,1630.0,1630.0,628.0,2017-07-10T10:53:45Z,92.0,JavaScript,1192069.0
2019-03-07T21:22:40,,Unknown,,https://github.com/gitcoinco/web/issues/3849,SaptakS,https://gitcoin.co/issue/9484,0.13,gitcoinco,685,web,{},ETH,"['https://github.com/gitcoinco/web/pull/1853', 'https://github.com/gitcoinco/web/pull/1853', 'https://github.com/gitcoinco/web/pull/1853']",4,356,835.0,1630.0,1630.0,628.0,2017-07-10T10:53:45Z,92.0,JavaScript,1192069.0
2019-03-07T19:23:59,Feature,Hours,Intermediate,https://github.com/limechain/etherlime/issues/99,thegostep,https://gitcoin.co/issue/9302,271.12,limechain,0,etherlime,{},ETH,['https://github.com/LimeChain/etherlime/pull/178'],1,-6,43.0,186.0,186.0,64.0,2018-06-18T15:36:54Z,24.0,JavaScript,81791.0
2019-03-07T21:22:35,,Unknown,,https://github.com/gitcoinco/web/pull/3709/files,SaptakS,https://gitcoin.co/issue/9483,0.14,gitcoinco,52,web,{},ETH,['https://github.com/gitcoinco/web/pull/3424'],1,355,835.0,1630.0,1630.0,628.0,2017-07-10T10:53:45Z,92.0,JavaScript,1192069.0
2019-03-07T21:22:28,,Unknown,,https://github.com/llaske/sugarizer-server/issues/18,usman,https://gitcoin.co/issue/9481,2.46,llaske,9950,sugarizer-server,{},ETH,['https://github.com/llaske/sugarizer-server/pull/30'],1,355,90.0,37.0,37.0,33.0,2017-05-31T15:50:54Z,9.0,JavaScript,6353.0
2019-04-24T17:22:56,,Unknown,,https://github.com/gitcoinco/web/issues/3316,owocki,https://gitcoin.co/issue/12803,137.51,gitcoinco,1137,web,{},ETH,['https://github.com/gitcoinco/web/pull/3859'],1,307,835.0,1630.0,1630.0,628.0,2017-07-10T10:53:45Z,92.0,JavaScript,1192069.0
2019-03-07T19:22:59,,Unknown,,https://github.com/fembusinessmodelsring/web3_revenue_primitives/issues/14,owocki,https://gitcoin.co/issue/9294,41.25,fembusinessmodelsring,428,web3_revenue_primitives,{},ETH,['https://github.com/FEMBusinessModelsRing/web3_revenue_primitives/pull/22/files'],1,355,30.0,174.0,174.0,21.0,2018-10-29T14:34:25Z,19.0,,418.0
2019-03-07T19:22:53,,Unknown,,https://github.com/fembusinessmodelsring/web3_revenue_primitives/issues/13,owocki,https://gitcoin.co/issue/9293,40.53,fembusinessmodelsring,297,web3_revenue_primitives,{},ETH,['https://github.com/FEMBusinessModelsRing/web3_revenue_primitives/pull/16'],1,355,30.0,174.0,174.0,21.0,2018-10-29T14:34:25Z,19.0,,418.0
2019-03-07T19:22:46,,Unknown,,https://github.com/fembusinessmodelsring/web3_revenue_primitives/issues/12,owocki,https://gitcoin.co/issue/9292,41.26,fembusinessmodelsring,307,web3_revenue_primitives,{},ETH,['https://github.com/FEMBusinessModelsRing/web3_revenue_primitives/pull/19'],1,355,30.0,174.0,174.0,21.0,2018-10-29T14:34:25Z,19.0,,418.0
2019-03-07T19:22:41,,Unknown,,https://github.com/fembusinessmodelsring/web3_revenue_primitives/issues/9,owocki,https://gitcoin.co/issue/9291,41.25,fembusinessmodelsring,346,web3_revenue_primitives,{},ETH,['https://github.com/FEMBusinessModelsRing/web3_revenue_primitives/pull/21'],1,355,30.0,174.0,174.0,21.0,2018-10-29T14:34:25Z,19.0,,418.0
2019-03-08T07:08:30,,Unknown,,https://github.com/fembusinessmodelsring/web3_revenue_primitives/issues/8,owocki,https://gitcoin.co/issue/9582,41.25,fembusinessmodelsring,282,web3_revenue_primitives,{},ETH,['https://github.com/FEMBusinessModelsRing/web3_revenue_primitives/pull/34'],1,354,30.0,174.0,174.0,21.0,2018-10-29T14:34:25Z,19.0,,418.0
2021-03-21T08:49:41,,Unknown,,https://github.com/fembusinessmodelsring/web3_revenue_primitives/issues/7,owocki,https://gitcoin.co/issue/25273,41.26,fembusinessmodelsring,845,web3_revenue_primitives,{},ETH,['https://github.com/FEMBusinessModelsRing/web3_revenue_primitives/pull/17'],1,-390,30.0,174.0,174.0,21.0,2018-10-29T14:34:25Z,19.0,,418.0
2019-03-07T19:22:23,,Unknown,,https://github.com/fembusinessmodelsring/web3_revenue_primitives/issues/2,owocki,https://gitcoin.co/issue/9288,41.57,fembusinessmodelsring,321,web3_revenue_primitives,{},ETH,['https://github.com/FEMBusinessModelsRing/web3_revenue_primitives/pull/18'],1,355,30.0,174.0,174.0,21.0,2018-10-29T14:34:25Z,19.0,,418.0
2019-04-23T14:06:52,Feature,Hours,Intermediate,https://github.com/gitcoinco/web/issues/3699,PixelantDesign,https://gitcoin.co/issue/12789,119.01,gitcoinco,1842,web,{},ETH,['https://github.com/gitcoinco/web/issues/3699'],1,-30,835.0,1630.0,1630.0,628.0,2017-07-10T10:53:45Z,92.0,JavaScript,1192069.0
2019-03-07T19:20:14,Bug,Hours,Intermediate,https://github.com/friedger/oi-calendar/issues/94,deeayeen,https://gitcoin.co/issue/9275,29.03,friedger,602,oi-calendar,{},ETH,['https://github.com/friedger/oi-calendar/pull/96'],1,-7,10.0,19.0,19.0,21.0,2019-01-22T05:47:38Z,4.0,JavaScript,6843.0
2019-04-15T17:20:58,Documentation,Weeks,Intermediate,https://github.com/gitcoinco/web/issues/3806,PixelantDesign,https://gitcoin.co/issue/11914,173.64,gitcoinco,670,web,{},ETH,['https://paper.dropbox.com/doc/Gitcoin-Documentation--Aa6r59AVcabrrgq_JErZeEEcAQ-0Ht34nS3uiZPvSCAOGrTt'],1,5,835.0,1630.0,1630.0,628.0,2017-07-10T10:53:45Z,92.0,JavaScript,1192069.0
2019-03-07T19:19:05,Feature,Days,Intermediate,https://github.com/mybitfoundation/mydax/issues/1,mybit-coordinator,https://gitcoin.co/issue/9267,1976.2,mybitfoundation,1910,mydax,{},ETH,['https://github.com/MyBitFoundation/MYDAX/pull/2'],1,349,4.0,1.0,1.0,24.0,2019-02-20T15:29:45Z,1.0,TypeScript,2233.0
2019-03-07T19:18:35,Improvement,Hours,Beginner,https://github.com/mybitfoundation/mybit-dropzone.tech/issues/6,mybit-coordinator,https://gitcoin.co/issue/9264,25.45,mybitfoundation,1848,mybit-dropzone.tech,{},ETH,['https://github.com/MyBitFoundation/MyBit-Dropzone.tech/pull/7'],1,349,6.0,1.0,1.0,1.0,2018-08-21T18:10:25Z,7.0,JavaScript,658.0
2019-03-07T19:18:14,Improvement,Hours,Beginner,https://github.com/mybitfoundation/mybit-fork.tech/issues/3,mybit-coordinator,https://gitcoin.co/issue/9262,25.16,mybitfoundation,1848,mybit-fork.tech,{},ETH,['https://github.com/MyBitFoundation/MyBit-Fork.tech/pull/5'],1,349,5.0,1.0,1.0,2.0,2018-08-21T18:08:26Z,6.0,JavaScript,1338.0
2019-03-07T19:18:26,Improvement,Hours,Beginner,https://github.com/mybitfoundation/mybit-payroll.tech/issues/6,mybit-coordinator,https://gitcoin.co/issue/9263,25.45,mybitfoundation,1848,mybit-payroll.tech,{},ETH,['https://github.com/MyBitFoundation/MyBit-Payroll.tech/pull/7'],1,349,6.0,1.0,1.0,0.0,2018-08-21T18:08:52Z,6.0,JavaScript,15367.0
2019-03-07T19:18:03,Improvement,Hours,Beginner,https://github.com/mybitfoundation/mybit-will.app/issues/7,mybit-coordinator,https://gitcoin.co/issue/9261,25.16,mybitfoundation,1848,mybit-will.app,{},ETH,['https://github.com/MyBitFoundation/MyBit-Will.app/pull/8'],1,349,9.0,1.0,1.0,1.0,2018-11-14T21:50:09Z,6.0,JavaScript,1468.0
2019-03-07T19:17:44,Improvement,Hours,Beginner,https://github.com/diginex/geewallet/issues/69,knocte,https://gitcoin.co/issue/9259,25.36,diginex,48,geewallet,{},ETH,['https://gitcoin.co/issue/diginex/geewallet/69/2429'],1,73,10.0,26.0,26.0,30.0,2017-12-12T02:24:39Z,6.0,F#,10651.0
2019-03-07T19:11:44,,Unknown,Intermediate,https://github.com/friedger/oi-calendar/issues/75,kar2905,https://gitcoin.co/issue/9246,48.33,friedger,563,oi-calendar,{},ETH,['https://github.com/friedger/oi-calendar/pull/87'],1,344,10.0,19.0,19.0,21.0,2019-01-22T05:47:38Z,4.0,JavaScript,6843.0
2019-03-07T19:11:32,Other,Unknown,Intermediate,https://github.com/friedger/oi-calendar/issues/3,friedger,https://gitcoin.co/issue/9244,120.89,friedger,1272,oi-calendar,{},ETH,['https://github.com/friedger/oi-calendar/pull/97'],1,-4,10.0,19.0,19.0,21.0,2019-01-22T05:47:38Z,4.0,JavaScript,6843.0
2019-03-07T19:07:36,,Unknown,,https://github.com/friedger/oi-calendar/issues/69,friedger,https://gitcoin.co/issue/9240,61.37,friedger,228,oi-calendar,{},ETH,['https://github.com/friedger/oi-calendar/pull/73'],1,-8,10.0,19.0,19.0,21.0,2019-01-22T05:47:38Z,4.0,JavaScript,6843.0
2019-03-07T19:07:30,Improvement,Unknown,,https://github.com/friedger/oi-calendar/issues/57,friedger,https://gitcoin.co/issue/9239,61.0,friedger,67,oi-calendar,{},ETH,['https://github.com/friedger/oi-calendar/pull/63'],1,-8,10.0,19.0,19.0,21.0,2019-01-22T05:47:38Z,4.0,JavaScript,6843.0
2019-03-07T19:02:58,,Unknown,Intermediate,https://github.com/friedger/oi-calendar/issues/41,friedger,https://gitcoin.co/issue/9235,24.93,friedger,457,oi-calendar,{},ETH,['https://github.com/friedger/oi-calendar/pull/66'],1,343,10.0,19.0,19.0,21.0,2019-01-22T05:47:38Z,4.0,JavaScript,6843.0
2021-02-13T09:30:19,,Days,Intermediate,https://github.com/gnosisecosystemfund/gnosis-bounties-/issues/7,GnosisEcosystemFund,https://gitcoin.co/issue/24767,490.6,gnosisecosystemfund,1584,gnosis-bounties-,{},ETH,['https://github.com/g-r-a-n-t/dutchx-subgraph'],1,-701,3.0,2.0,2.0,18.0,2018-10-25T13:08:42Z,2.0,,2.0
2021-02-13T09:30:13,,Unknown,Intermediate,https://github.com/gnosisecosystemfund/gnosis-bounties-/issues/6,GnosisEcosystemFund,https://gitcoin.co/issue/24766,489.88,gnosisecosystemfund,1468,gnosis-bounties-,{},ETH,['https://github.com/GnosisEcosystemFund/Gnosis-Bounties-/pull/9'],2,-701,3.0,2.0,2.0,18.0,2018-10-25T13:08:42Z,2.0,,2.0
2019-03-10T12:13:38,Feature,Hours,Intermediate,https://github.com/friedger/oi-calendar/issues/60,friedger,https://gitcoin.co/issue/11174,99.61,friedger,1021,oi-calendar,{},ETH,['https://github.com/friedger/oi-calendar/pull/64'],1,-13,10.0,19.0,19.0,21.0,2019-01-22T05:47:38Z,4.0,JavaScript,6843.0
2019-03-10T12:10:05,Documentation,Unknown,Intermediate,https://github.com/kauri-io/content/issues/17,ChrisChinchilla,https://gitcoin.co/issue/11169,510.17,kauri-io,0,content,{},ETH,['https://github.com/kauri-io/Content/pull/13'],1,338,23.0,11.0,11.0,5.0,2018-11-22T13:39:57Z,8.0,Go,10628.0
2019-03-10T12:04:59,Feature,Hours,Beginner,https://github.com/friedger/oi-calendar/issues/39,friedger,https://gitcoin.co/issue/11139,170.5,friedger,632,oi-calendar,{},ETH,['https://github.com/friedger/oi-calendar/pull/49'],1,-27,10.0,19.0,19.0,21.0,2019-01-22T05:47:38Z,4.0,JavaScript,6843.0
2019-03-12T18:49:59,Improvement,Days,Intermediate,https://github.com/harmony-one/harmony/issues/316,Dewansahil,https://gitcoin.co/issue/11259,99.45,harmony-one,300,harmony,{},ETH,"['https://github.com/harmony-one/harmony/pull/524,https://github.com/harmony-one/harmony/issues/329, https://github.com/harmony-one/harmony/pull/459']",1,-6,283.0,1459.0,1459.0,219.0,2018-05-22T01:37:50Z,101.0,Go,28292.0
2021-02-25T09:31:03,Feature,Hours,Intermediate,https://github.com/textileio/textile-explore/issues/1,andrewxhill,https://gitcoin.co/issue/24848,198.89,textileio,4294,textile-explore,{},ETH,['https://github.com/textileio/explore/pull/2'],1,-717,3.0,12.0,12.0,10.0,2019-01-15T00:05:27Z,9.0,JavaScript,1228.0
2019-03-10T12:02:49,,Unknown,,https://github.com/openkudos/openkudos/issues/4,owocki,https://gitcoin.co/issue/11129,106.95,openkudos,707,openkudos,{},ETH,"['https://github.com/zoek1/kudos_python_client', 'https://github.com/zoek1/kudos_python_client']",2,328,8.0,18.0,18.0,8.0,2018-10-10T16:16:48Z,2.0,Python,3.0
2019-03-10T12:02:20,Feature,Days,Intermediate,https://github.com/gitcoinco/web/issues/3651,PixelantDesign,https://gitcoin.co/issue/11126,164.64,gitcoinco,862,web,{},ETH,['https://github.com/gitcoinco/web/pull/3738'],1,6,835.0,1630.0,1630.0,628.0,2017-07-10T10:53:45Z,92.0,JavaScript,1192069.0
2019-03-10T12:00:18,Feature,Days,Intermediate,https://github.com/dannovikov/crypto-lending/issues/1,dannovikov,https://gitcoin.co/issue/11118,1085.4,dannovikov,491,crypto-lending,{},ETH,['https://github.com/dannovikov/crypto-lending/pull/2'],1,-25,1.0,0.0,0.0,2.0,2019-01-30T23:03:19Z,1.0,,0.0
2019-03-10T11:57:17,Improvement,Hours,Intermediate,https://github.com/diadata-org/diadata/issues/162,kaythxbye,https://gitcoin.co/issue/11090,133.07,diadata-org,719,diadata,{},ETH,['https://github.com/diadata-org/diadata/pull/164'],1,-11,130.0,211.0,211.0,12.0,2018-08-08T13:21:11Z,26.0,Go,111205.0
2019-03-10T11:56:39,Bug,Hours,Intermediate,https://github.com/acekyd/display-medium-posts/issues/25,SCBuergel,https://gitcoin.co/issue/11085,9.87,acekyd,561,display-medium-posts,{},ETH,['https://github.com/acekyd/display-medium-posts/pull/26'],1,48,18.0,83.0,83.0,14.0,2016-10-18T13:54:10Z,2.0,PHP,791.0
2019-03-10T11:56:20,Bug,Hours,Intermediate,https://github.com/diginex/geewallet/issues/54,knocte,https://gitcoin.co/issue/11082,199.31,diginex,48,geewallet,{},ETH,['https://github.com/diginex/geewallet/pull/55'],1,-13,10.0,26.0,26.0,30.0,2017-12-12T02:24:39Z,6.0,F#,10651.0
2019-03-10T11:55:22,Improvement,Hours,Intermediate,https://github.com/gitcoinco/web/issues/3588,octavioamu,https://gitcoin.co/issue/11072,31.97,gitcoinco,612,web,{},ETH,['https://github.com/gitcoinco/web/pull/3617'],1,-31,835.0,1630.0,1630.0,628.0,2017-07-10T10:53:45Z,92.0,JavaScript,1192069.0
2019-03-10T11:53:15,Improvement,Hours,Intermediate,https://github.com/thierryx96/rediscache/issues/22,thierryx96,https://gitcoin.co/issue/11059,0.12,thierryx96,79,rediscache,{},ETH,['https://github.com/thierryx96/RedisCache/pull/23'],1,317,4.0,3.0,3.0,12.0,2017-01-18T08:50:42Z,3.0,C#,3662.0
2021-02-25T09:27:35,Improvement,Unknown,Intermediate,https://github.com/gitcoinco/web/issues/3014,octavioamu,https://gitcoin.co/issue/24838,44.89,gitcoinco,1853,web,{},ETH,['https://github.com/gitcoinco/web/pull/3949'],1,-722,835.0,1630.0,1630.0,628.0,2017-07-10T10:53:45Z,92.0,JavaScript,1192069.0
2019-03-10T11:51:04,Documentation,Hours,Intermediate,https://github.com/ethereum/pm/issues/72,ceresstation,https://gitcoin.co/issue/11050,59.51,ethereum,46,pm,{},ETH,['https://github.com/ethereum/pm/pull/74'],1,-20,263.0,1274.0,1274.0,5.0,2016-10-01T03:40:12Z,294.0,Python,5691.0
2019-03-10T11:46:29,,Unknown,,https://github.com/spacemeshos/go-spacemesh/issues/410,avive,https://gitcoin.co/issue/11029,35.85,spacemeshos,1356,go-spacemesh,{},ETH,['https://github.com/spacemeshos/go-spacemesh/pull/495'],1,312,153.0,599.0,599.0,251.0,2017-10-26T06:43:09Z,38.0,Go,135279.0
2019-03-10T11:46:15,Improvement,Hours,Beginner,https://github.com/spacemeshos/go-spacemesh/issues/441,avive,https://gitcoin.co/issue/11026,35.85,spacemeshos,1309,go-spacemesh,{},ETH,['https://github.com/spacemeshos/go-spacemesh/pull/469'],1,312,153.0,599.0,599.0,251.0,2017-10-26T06:43:09Z,38.0,Go,135279.0
2019-03-08T06:14:52,Bug,Days,,https://github.com/kyubey-network/kyubey-dex-eos/issues/1,qinxiaowen,https://gitcoin.co/issue/9581,119.5,kyubey-network,127,kyubey-dex-eos,{},ETH,['https://github.com/kyubey-network/kyubey-dex-eos/pull/3'],1,317,5.0,1.0,1.0,4.0,2019-01-06T17:52:05Z,3.0,JavaScript,6994.0
2019-03-10T11:46:00,Feature,Days,Intermediate,https://github.com/linkidol/tronproducer/issues/3,shellteo,https://gitcoin.co/issue/11023,59.75,linkidol,120,tronproducer,{},ETH,['https://github.com/LinkIdol/TronProducer/commit/24588e0d67193ef13fcef8c1c57af12bd7aff0ef'],1,-47,2.0,4.0,4.0,2.0,2018-12-12T07:02:22Z,8.0,JavaScript,20706.0
2019-03-07T21:12:23,,Unknown,,https://github.com/saptaks/test-repo/issues/5,SaptakS,https://gitcoin.co/issue/9348,0.13,saptaks,5,test-repo,{},ETH,['https://github.com/gitcoinco/web/pull/3709/files'],1,313,0.0,0.0,0.0,17.0,2018-09-17T16:53:07Z,2.0,,0.0
2020-01-13T02:52:37,Feature,Hours,Beginner,https://github.com/gitcoinco/web/issues/3472,owocki,https://gitcoin.co/issue/18193,22.9,gitcoinco,216,web,{},ETH,['https://github.com/gitcoinco/web/pull/3542'],1,1,835.0,1630.0,1630.0,628.0,2017-07-10T10:53:45Z,92.0,JavaScript,1192069.0
2019-03-10T11:43:53,Feature,Days,Intermediate,https://github.com/gitcoinco/web/issues/2895,PixelantDesign,https://gitcoin.co/issue/11008,148.75,gitcoinco,2516,web,{},ETH,['https://github.com/gitcoinco/web/pull/3547'],1,-28,835.0,1630.0,1630.0,628.0,2017-07-10T10:53:45Z,92.0,JavaScript,1192069.0
2019-03-10T11:41:37,Improvement,Hours,Intermediate,https://github.com/diginex/geewallet/issues/39,knocte,https://gitcoin.co/issue/10986,173.63,diginex,560,geewallet,{},ETH,['https://github.com/diginex/geewallet/pull/40'],1,-47,10.0,26.0,26.0,30.0,2017-12-12T02:24:39Z,6.0,F#,10651.0
2019-03-10T11:41:22,Feature,Hours,Intermediate,https://github.com/ethglobal/ethsingapore-bounties/issues/4,sir322,https://gitcoin.co/issue/10984,1132.66,ethglobal,32,ethsingapore-bounties,{},ETH,['https://github.com/cocopeanutz/shakeToPay'],1,-32,3.0,4.0,4.0,4.0,2018-12-06T07:11:40Z,7.0,,16.0
2019-03-10T11:40:03,Improvement,Hours,Intermediate,https://github.com/spacemeshos/go-spacemesh/issues/371,avive,https://gitcoin.co/issue/10967,72.8,spacemeshos,1165,go-spacemesh,{},ETH,['https://github.com/spacemeshos/go-spacemesh/pull/422'],1,298,153.0,599.0,599.0,251.0,2017-10-26T06:43:09Z,38.0,Go,135279.0
2019-03-10T11:39:57,Feature,Hours,Intermediate,https://github.com/spacemeshos/go-spacemesh/issues/374,avive,https://gitcoin.co/issue/10966,73.25,spacemeshos,1592,go-spacemesh,{},ETH,"['https://github.com/spacemeshos/go-spacemesh/pull/415', 'https://github.com/spacemeshos/go-spacemesh/pull/415']",2,298,153.0,599.0,599.0,251.0,2017-10-26T06:43:09Z,38.0,Go,135279.0
2019-03-14T10:26:03,Feature,Days,,https://github.com/cybercongress/cyb/issues/115,asadovka,https://gitcoin.co/issue/11287,408.27,cybercongress,46,cyb,{},ETH,['https://github.com/cybercongress/cyb/pull/153'],1,-6,32.0,152.0,152.0,216.0,2018-10-04T12:43:17Z,26.0,JavaScript,167706.0
2019-03-10T11:38:04,,Unknown,,https://github.com/spacemeshos/go-spacemesh/issues/290,avive,https://gitcoin.co/issue/10947,122.08,spacemeshos,1243,go-spacemesh,{},ETH,['https://github.com/spacemeshos/go-spacemesh/pull/359'],1,288,153.0,599.0,599.0,251.0,2017-10-26T06:43:09Z,38.0,Go,135279.0
2019-03-10T11:37:57,Feature,Days,Intermediate,https://github.com/julienbrg/fraktal/issues/3,julienbrg,https://gitcoin.co/issue/10946,181.2,julienbrg,196,fraktal,{},ETH,['https://github.com/julienbrg/fraktal/pull/2/'],1,288,1.0,0.0,0.0,1.0,2018-12-16T08:22:06Z,2.0,JavaScript,1559.0
2019-03-10T11:35:32,Feature,Hours,Intermediate,https://github.com/spacemeshos/go-spacemesh/issues/308,avive,https://gitcoin.co/issue/10943,431.41,spacemeshos,1148,go-spacemesh,{},ETH,['https://github.com/spacemeshos/go-spacemesh/pull/363'],1,286,153.0,599.0,599.0,251.0,2017-10-26T06:43:09Z,38.0,Go,135279.0
2019-06-09T08:42:19,Improvement,Days,Intermediate,https://github.com/cybercongress/cyb/issues/97,asadovka,https://gitcoin.co/issue/14187,300.52,cybercongress,14,cyb,{},ETH,['https://github.com/cybercongress/cyb/pull/111'],1,-159,32.0,152.0,152.0,216.0,2018-10-04T12:43:17Z,26.0,JavaScript,167706.0
2019-03-10T11:28:07,Feature,Hours,Beginner,https://github.com/julienbrg/fraktal/issues/1,julienbrg,https://gitcoin.co/issue/10921,208.98,julienbrg,381,fraktal,{},ETH,['https://github.com/julienbrg/fraktal/pull/2'],1,280,1.0,0.0,0.0,1.0,2018-12-16T08:22:06Z,2.0,JavaScript,1559.0
2019-03-10T11:27:09,Improvement,Weeks,Advanced,https://github.com/adexnetwork/adex-validator-stack-js/issues/1,Ivshti,https://gitcoin.co/issue/10914,3447.6,adexnetwork,2046,adex-validator-stack-js,{},ETH,['https://github.com/samparsky/adex-validator-stack-test'],1,4,9.0,8.0,8.0,21.0,2018-11-22T06:46:59Z,5.0,JavaScript,3507.0
2019-03-10T11:23:33,Feature,Days,Intermediate,https://github.com/gitcoinco/web/issues/3196,owocki,https://gitcoin.co/issue/10913,133.91,gitcoinco,2139,web,{},ETH,['https://github.com/gitcoinco/web/pull/3249'],1,277,835.0,1630.0,1630.0,628.0,2017-07-10T10:53:45Z,92.0,JavaScript,1192069.0
2019-03-10T11:21:21,Feature,Hours,Intermediate,https://github.com/cybercongress/cyb/issues/85,asadovka,https://gitcoin.co/issue/10888,47.24,cybercongress,339,cyb,{},ETH,['https://github.com/cybercongress/cyb/pull/95'],1,-61,32.0,152.0,152.0,216.0,2018-10-04T12:43:17Z,26.0,JavaScript,167706.0
2019-03-10T11:19:19,Feature,Hours,Intermediate,https://github.com/gitcoinco/code_fund_ads/issues/85,hopsoft,https://gitcoin.co/issue/10870,124.8,gitcoinco,679,code_fund_ads,{},ETH,['https://github.com/gitcoinco/code_fund_ads/pull/104'],1,-86,122.0,380.0,380.0,37.0,2018-10-18T16:53:17Z,20.0,Ruby,235909.0
2019-03-10T11:19:11,Improvement,Hours,Intermediate,https://github.com/livepeer/go-livepeer/issues/615,ericxtang,https://gitcoin.co/issue/10868,55.06,livepeer,1362,go-livepeer,{},ETH,['https://github.com/livepeer/go-livepeer/pull/617'],1,-86,148.0,497.0,497.0,250.0,2017-06-19T02:36:09Z,40.0,Go,182032.0
2019-03-10T11:18:26,Documentation,Hours,Intermediate,https://github.com/lastmjs/javascript-practice/issues/179,lastmjs,https://gitcoin.co/issue/10858,103.07,lastmjs,1767,javascript-practice,{},ETH,['https://github.com/lastmjs/javascript-practice/pull/186#pullrequestreview-184494786'],1,-88,1.0,5.0,5.0,21.0,2018-09-14T05:21:35Z,2.0,TypeScript,3869.0
2019-03-10T11:17:46,Feature,Hours,Beginner,https://github.com/gitcoinco/web/issues/3062,owocki,https://gitcoin.co/issue/10850,44.24,gitcoinco,211,web,{},ETH,['https://github.com/gitcoinco/web/pull/3082'],1,269,835.0,1630.0,1630.0,628.0,2017-07-10T10:53:45Z,92.0,JavaScript,1192069.0
2019-03-10T11:17:41,,Weeks,Intermediate,https://github.com/trailofbits/slither/issues/85,dguido,https://gitcoin.co/issue/10849,1028.67,trailofbits,841,slither,{},ETH,"['https://github.com/samparsky/remix-plugin-slither', 'https://github.com/samparsky/remix-plugin-slither']",2,84,731.0,3988.0,3988.0,367.0,2018-09-05T21:56:35Z,60.0,Python,51916.0
2019-03-10T11:17:10,Feature,Hours,Intermediate,https://github.com/spacemeshos/poet/issues/20,avive,https://gitcoin.co/issue/10842,545.94,spacemeshos,98,poet,{},ETH,['https://github.com/spacemeshos/POET/pull/28'],1,268,8.0,18.0,18.0,15.0,2018-10-18T12:17:39Z,18.0,Go,1119.0
2019-03-10T11:12:46,,Hours,Beginner,https://github.com/gitcoinco/web/issues/2898,frankchen07,https://gitcoin.co/issue/10831,41.2,gitcoinco,1145,web,{},ETH,"['https://github.com/gitcoinco/web/pull/3528', 'https://docs.google.com/spreadsheets/d/1k8w8PX59XISYWaRLmUwQvdsLDCiDH0jBIY08qsKpruw/edit#gid=1549632786']",2,-11,835.0,1630.0,1630.0,628.0,2017-07-10T10:53:45Z,92.0,JavaScript,1192069.0
2019-03-10T11:12:40,,Hours,Beginner,https://github.com/gitcoinco/web/issues/2899,frankchen07,https://gitcoin.co/issue/10830,41.2,gitcoinco,1268,web,{},ETH,['https://github.com/gitcoinco/web/pull/3601'],1,-11,835.0,1630.0,1630.0,628.0,2017-07-10T10:53:45Z,92.0,JavaScript,1192069.0
2019-03-10T11:10:55,Bug,Hours,Intermediate,https://github.com/hellobloom/core/issues/35,dereksilva,https://gitcoin.co/issue/10807,112.23,hellobloom,1153,core,{},ETH,['https://github.com/hellobloom/core/pull/37'],1,-14,13.0,92.0,92.0,23.0,2017-12-10T04:16:13Z,18.0,TypeScript,2469.0
2020-12-05T09:16:12,Improvement,Hours,Beginner,https://github.com/gitcoinco/web/issues/2117,frankchen07,https://gitcoin.co/issue/24379,44.58,gitcoinco,4907,web,{},ETH,['https://github.com/gitcoinco/web/pull/2956'],1,-650,835.0,1630.0,1630.0,628.0,2017-07-10T10:53:45Z,92.0,JavaScript,1192069.0
2019-03-10T11:10:29,,Hours,Intermediate,https://github.com/unlock-protocol/unlock/issues/465,julien51,https://gitcoin.co/issue/10802,334.68,unlock-protocol,330,unlock,{},ETH,['https://github.com/unlock-protocol/unlock/pull/694'],1,-90,192.0,745.0,745.0,197.0,2017-12-01T02:08:01Z,34.0,Solidity,526247.0
2019-03-10T11:10:24,Improvement,Hours,Beginner,https://github.com/gitcoinco/web/issues/2947,owocki,https://gitcoin.co/issue/10801,111.45,gitcoinco,1630,web,{},ETH,['https://github.com/gitcoinco/web/pull/3048#event-2028819814'],1,261,835.0,1630.0,1630.0,628.0,2017-07-10T10:53:45Z,92.0,JavaScript,1192069.0
2019-03-10T11:09:14,Feature,Hours,Intermediate,https://github.com/datum/datum-gitcoin-bounty/issues/3,eunicelisc,https://gitcoin.co/issue/10785,153.22,datum,3328,datum-gitcoin-bounty,{},ETH,['https://github.com/Datum/dapp-mascot/pull/2'],1,-78,0.0,1.0,1.0,5.0,2018-08-06T07:04:10Z,10.0,,0.0
2019-03-10T11:08:29,,Hours,Intermediate,https://github.com/unlock-protocol/unlock/issues/431,julien51,https://gitcoin.co/issue/10777,208.31,unlock-protocol,486,unlock,{},ETH,['https://github.com/unlock-protocol/unlock/pull/595'],1,-95,192.0,745.0,745.0,197.0,2017-12-01T02:08:01Z,34.0,Solidity,526247.0
2019-03-10T11:04:31,Improvement,Hours,Beginner,https://github.com/uport-project/lambda-caleuche/issues/21,ajunge,https://gitcoin.co/issue/10761,44.49,uport-project,251,lambda-caleuche,{},ETH,['https://github.com/uport-project/lambda-caleuche/pull/26'],1,-21,4.0,6.0,6.0,5.0,2017-12-13T11:06:34Z,17.0,JavaScript,380.0
2019-03-10T11:01:29,Feature,Months,Advanced,https://github.com/metamask/kitsunet-js/issues/11,danfinlay,https://gitcoin.co/issue/10751,12880.7,metamask,73,kitsunet-js,{},ETH,['https://github.com/MetaMask/kitsunet-js/pull/2'],1,251,3.0,16.0,16.0,35.0,2018-09-27T16:42:05Z,5.0,TypeScript,3961.0
2019-03-10T11:00:33,Feature,Days,Advanced,https://github.com/leapdao/solevm-enforcer/issues/20,johannbarbie,https://gitcoin.co/issue/10743,1354.3,leapdao,866,solevm-enforcer,{},ETH,['https://github.com/leapdao/solEVM-enforcer/pull/42'],1,-41,16.0,94.0,94.0,27.0,2018-06-14T17:56:18Z,17.0,JavaScript,1103.0
2019-03-10T11:00:14,Improvement,Hours,Advanced,https://github.com/leapdao/solevm-enforcer/issues/15,johannbarbie,https://gitcoin.co/issue/10740,668.44,leapdao,604,solevm-enforcer,{},ETH,['https://github.com/leapdao/solEVM-enforcer/pull/30'],1,-55,16.0,94.0,94.0,27.0,2018-06-14T17:56:18Z,17.0,JavaScript,1103.0
2019-11-06T05:36:45,Feature,Hours,Beginner,https://github.com/gitcoinco/web/issues/2808,frankchen07,https://gitcoin.co/issue/17189,52.58,gitcoinco,1290,web,{},ETH,['https://github.com/gitcoinco/web/pull/3219'],1,277,835.0,1630.0,1630.0,628.0,2017-07-10T10:53:45Z,92.0,JavaScript,1192069.0
2019-03-10T10:59:09,Improvement,Hours,Intermediate,https://github.com/gitcoinco/code_fund_ads/issues/13,hopsoft,https://gitcoin.co/issue/10732,152.94,gitcoinco,739,code_fund_ads,{},ETH,['https://github.com/gitcoinco/code_fund_ads/pull/26'],1,-103,122.0,380.0,380.0,37.0,2018-10-18T16:53:17Z,20.0,Ruby,235909.0
2019-03-10T10:53:07,,Unknown,,https://github.com/consensys/mythril-classic/issues/675,b-mueller,https://gitcoin.co/issue/10711,533.07,consensys,372,mythril-classic,{},ETH,['https://github.com/ConsenSys/mythril-classic/pull/739'],1,244,620.0,3092.0,3092.0,93.0,2017-09-18T04:14:20Z,72.0,Python,49352.0
2019-03-10T10:47:47,,Unknown,,https://github.com/smartcontractsecurity/swc-registry/issues/115,thec00n,https://gitcoin.co/issue/10700,87.56,smartcontractsecurity,748,swc-registry,{},ETH,['https://github.com/SmartContractSecurity/SWC-registry/pull/129'],1,242,143.0,716.0,716.0,34.0,2018-08-23T00:09:08Z,45.0,Solidity,2661.0
2019-03-10T10:47:42,,Unknown,,https://github.com/smartcontractsecurity/swc-registry/issues/113,thec00n,https://gitcoin.co/issue/10699,65.67,smartcontractsecurity,959,swc-registry,{},ETH,['https://github.com/SmartContractSecurity/SWC-registry/pull/114'],1,242,143.0,716.0,716.0,34.0,2018-08-23T00:09:08Z,45.0,Solidity,2661.0
2019-03-10T10:47:37,Feature,Hours,Intermediate,https://github.com/gitcoinco/web/issues/2733,owocki,https://gitcoin.co/issue/10698,109.97,gitcoinco,1220,web,{},ETH,['https://github.com/gitcoinco/web/pull/2755'],1,-93,835.0,1630.0,1630.0,628.0,2017-07-10T10:53:45Z,92.0,JavaScript,1192069.0
2018-11-07T21:20:04,Bug,Weeks,Intermediate,https://github.com/pwaygames/pway.contracts/issues/8,adamskrodzki,https://gitcoin.co/issue/6976,549.83,pwaygames,2,pway.contracts,{},ETH,['https://github.com/PwayGames/PWay.Contracts/pull/7'],2,364,6.0,1.0,1.0,2.0,2018-11-02T21:09:42Z,2.0,JavaScript,98.0
2018-11-08T01:19:47,Bug,Days,Intermediate,https://github.com/pwaygames/pway.contracts/issues/6,lukaszGrynasz,https://gitcoin.co/issue/6987,219.93,pwaygames,0,pway.contracts,{},ETH,['https://github.com/PwayGames/PWay.Contracts/pull/7'],1,89,6.0,1.0,1.0,2.0,2018-11-02T21:09:42Z,2.0,JavaScript,98.0
2019-03-10T10:46:05,Improvement,Hours,Intermediate,https://github.com/hatgit/bip39_mnemonic_creation_light_python/issues/2,hatgit,https://gitcoin.co/issue/10679,106.25,hatgit,908,bip39_mnemonic_creation_light_python,{},ETH,['https://github.com/hatgit/BIP39_mnemonic_creation_light_python/pull/3'],1,-111,9.0,10.0,10.0,1.0,2018-10-25T10:17:07Z,2.0,HTML,161.0
2019-03-10T10:45:31,,Unknown,,https://github.com/diadata-org/diadata/issues/133,diamw,https://gitcoin.co/issue/10673,159.05,diadata-org,386,diadata,{},ETH,['https://github.com/diadata-org/diadata/pull/139'],1,239,130.0,211.0,211.0,12.0,2018-08-08T13:21:11Z,26.0,Go,111205.0
2018-10-30T14:20:31,,Unknown,,https://github.com/gitcoinco/web/issues/2557,usmanmuhd,https://gitcoin.co/issue/6835,59.08,gitcoinco,1470,web,{},ETH,['https://github.com/gitcoinco/web/pull/2548'],1,364,835.0,1630.0,1630.0,628.0,2017-07-10T10:53:45Z,92.0,JavaScript,1192069.0
2019-03-10T10:41:33,Improvement,Hours,Beginner,https://github.com/addreth/addreth/issues/4,geleeroyale,https://gitcoin.co/issue/10665,0.2,addreth,76,addreth,{},ETH,['https://github.com/AddrETH/addreth/pull/5'],1,-129,4.0,6.0,6.0,9.0,2018-10-29T11:32:12Z,4.0,JavaScript,534.0
2019-03-10T10:36:52,Feature,Hours,Beginner,https://github.com/mikeymicrophone/commissulator/issues/11,mikeymicrophone,https://gitcoin.co/issue/10658,5.12,mikeymicrophone,612,commissulator,{},ETH,['https://github.com/mikeymicrophone/commissulator/pull/33'],1,-105,4.0,3.0,3.0,31.0,2018-08-10T18:58:49Z,2.0,Ruby,1087.0
2019-03-10T10:36:40,Feature,Hours,Intermediate,https://github.com/mikeymicrophone/commissulator/issues/8,mikeymicrophone,https://gitcoin.co/issue/10656,5.12,mikeymicrophone,986,commissulator,{},ETH,"['https://github.com/mikeymicrophone/commissulator/pull/32', 'https://github.com/mikeymicrophone/commissulator/pull/32']",2,-105,4.0,3.0,3.0,31.0,2018-08-10T18:58:49Z,2.0,Ruby,1087.0
2019-03-10T10:35:28,Feature,Days,Intermediate,https://github.com/diadata-org/diadata/issues/122,kaythxbye,https://gitcoin.co/issue/10644,102.31,diadata-org,263,diadata,{},ETH,['https://github.com/diadata-org/diadata/pull/129'],1,-121,130.0,211.0,211.0,12.0,2018-08-08T13:21:11Z,26.0,Go,111205.0
2019-03-10T10:33:34,Other,Days,Intermediate,https://github.com/decentralizedderivatives/drct_standard_dapp/issues/145,themandalore,https://gitcoin.co/issue/10638,616.5,decentralizedderivatives,374,drct_standard_dapp,{},ETH,['https://github.com/DecentralizedDerivatives/DRCT_standard_DApp/pull/296'],1,-106,6.0,1.0,1.0,11.0,2017-12-15T03:10:17Z,3.0,JavaScript,11563.0
2019-03-10T10:33:27,,Unknown,,https://github.com/consensys/mythril-ctf-public/issues/3,b-mueller,https://gitcoin.co/issue/10637,698.7,consensys,222,mythril-ctf-public,{},ETH,['https://github.com/ConsenSys/mythril-ctf-public/pull/5'],1,228,3.0,0.0,0.0,5.0,2018-10-23T02:28:40Z,10.0,,1.0
2019-03-10T10:33:22,,Unknown,,https://github.com/consensys/mythril-ctf-public/issues/2,b-mueller,https://gitcoin.co/issue/10636,678.15,consensys,222,mythril-ctf-public,{},ETH,['https://github.com/ConsenSys/mythril-ctf-public/pull/4'],1,228,3.0,0.0,0.0,5.0,2018-10-23T02:28:40Z,10.0,,1.0
2019-03-10T10:33:17,,Unknown,,https://github.com/consensys/mythril-ctf-public/issues/1,b-mueller,https://gitcoin.co/issue/10635,678.15,consensys,239,mythril-ctf-public,{},ETH,['https://github.com/ConsenSys/mythril-ctf-public/pull/4'],1,228,3.0,0.0,0.0,5.0,2018-10-23T02:28:40Z,10.0,,1.0
2019-03-10T10:33:12,Documentation,Hours,Intermediate,https://github.com/maurelian/newsletter/issues/1,maurelian,https://gitcoin.co/issue/10634,30.82,maurelian,814,newsletter,{},ETH,['https://github.com/maurelian/Newsletter/pull/2'],1,-134,1.0,1.0,1.0,1.0,2018-10-12T05:00:06Z,1.0,,10.0
2019-03-10T10:30:38,Feature,Unknown,Intermediate,https://github.com/diadata-org/diadata/issues/112,frranck,https://gitcoin.co/issue/10620,165.43,diadata-org,252,diadata,{},ETH,['https://github.com/diadata-org/diadata/pull/115'],1,227,130.0,211.0,211.0,12.0,2018-08-08T13:21:11Z,26.0,Go,111205.0
2019-03-10T10:31:07,Improvement,Days,Intermediate,https://github.com/diadata-org/diadata/issues/113,kaythxbye,https://gitcoin.co/issue/10621,103.39,diadata-org,466,diadata,{},ETH,['https://github.com/diadata-org/diadata/pull/143'],1,-125,130.0,211.0,211.0,12.0,2018-08-08T13:21:11Z,26.0,Go,111205.0
2019-03-10T10:24:39,Feature,Hours,Intermediate,https://github.com/decentralizedderivatives/drct_standard_dapp/issues/219,themandalore,https://gitcoin.co/issue/10600,103.07,decentralizedderivatives,169,drct_standard_dapp,{},ETH,['https://github.com/DecentralizedDerivatives/DRCT_standard_DApp/pull/282'],1,-111,6.0,1.0,1.0,11.0,2017-12-15T03:10:17Z,3.0,JavaScript,11563.0
2019-03-10T10:19:19,Improvement,Days,Intermediate,https://github.com/diadata-org/diadata/issues/94,kaythxbye,https://gitcoin.co/issue/10562,106.38,diadata-org,809,diadata,{},ETH,['https://github.com/diadata-org/diadata/pull/156'],1,-115,130.0,211.0,211.0,12.0,2018-08-08T13:21:11Z,26.0,Go,111205.0
2019-03-10T10:18:33,,Unknown,,https://github.com/smartcontractsecurity/swc-registry/issues/107,thec00n,https://gitcoin.co/issue/10556,85.9,smartcontractsecurity,696,swc-registry,{},ETH,['https://github.com/SmartContractSecurity/SWC-registry/pull/111'],1,220,143.0,716.0,716.0,34.0,2018-08-23T00:09:08Z,45.0,Solidity,2661.0
2019-03-10T10:16:51,Improvement,Days,Advanced,https://github.com/unlock-protocol/unlock/issues/310,julien51,https://gitcoin.co/issue/10549,392.34,unlock-protocol,413,unlock,{},ETH,['https://github.com/unlock-protocol/unlock/pull/352'],1,-56,192.0,745.0,745.0,197.0,2017-12-01T02:08:01Z,34.0,Solidity,526247.0
2019-03-10T10:16:38,Improvement,Days,Intermediate,https://github.com/diadata-org/diadata/issues/87,kaythxbye,https://gitcoin.co/issue/10547,353.11,diadata-org,337,diadata,{},ETH,['https://github.com/diadata-org/diadata/pull/91'],1,-116,130.0,211.0,211.0,12.0,2018-08-08T13:21:11Z,26.0,Go,111205.0
2019-03-10T10:15:41,Improvement,Hours,Intermediate,https://github.com/pulseblockchain/oz-sample-app/issues/10,lakamsani,https://gitcoin.co/issue/10541,80.73,pulseblockchain,821,oz-sample-app,{},ETH,['https://github.com/PulseBlockchain/oz-sample-app/pull/11'],1,-133,1.0,1.0,1.0,2.0,2018-05-29T04:45:56Z,5.0,JavaScript,885.0
2019-03-10T10:14:05,Feature,Days,Intermediate,https://github.com/bounties-network/explorer/issues/243,villanuevawill,https://gitcoin.co/issue/10526,389.68,bounties-network,1346,explorer,{},ETH,['https://github.com/Bounties-Network/Explorer/pull/258'],1,-142,38.0,23.0,23.0,40.0,2018-04-12T07:30:53Z,8.0,JavaScript,11410.0
2019-03-10T10:13:42,Feature,Days,Intermediate,https://github.com/bounties-network/bounties.network/issues/13,mbeylin,https://gitcoin.co/issue/10523,146.13,bounties-network,1542,bounties.network,{},ETH,"['https://github.com/Bounties-Network/bounties.network/pull/14', 'https://github.com/Bounties-Network/bounties.network/pull/14']",2,216,2.0,0.0,0.0,0.0,2020-05-12T01:28:19Z,1.0,CSS,39546.0
2019-03-10T10:12:04,Feature,Days,Intermediate,https://github.com/diadata-org/diadata/issues/76,kaythxbye,https://gitcoin.co/issue/10508,202.18,diadata-org,981,diadata,{},ETH,['https://github.com/diadata-org/diadata/pull/101'],1,-120,130.0,211.0,211.0,12.0,2018-08-08T13:21:11Z,26.0,Go,111205.0
2019-03-10T10:11:39,Improvement,Days,Intermediate,https://github.com/bounties-network/bountiesapi/issues/220,villanuevawill,https://gitcoin.co/issue/10503,205.63,bounties-network,681,bountiesapi,{},ETH,['https://github.com/Bounties-Network/BountiesAPI/pull/233'],1,-144,27.0,43.0,43.0,68.0,2018-03-15T19:32:53Z,8.0,Python,49754.0
2019-03-10T10:11:21,Feature,Hours,Intermediate,https://github.com/mbeylin/enslistener/issues/1,mbeylin,https://gitcoin.co/issue/10500,180.95,mbeylin,1262,enslistener,{},ETH,['https://github.com/mbeylin/ENSListener/pull/2'],1,214,1.0,1.0,1.0,2.0,2018-10-10T23:18:32Z,2.0,,0.0
2019-03-10T10:08:34,,Unknown,,https://github.com/econoar/ethhub/issues/17,owocki,https://gitcoin.co/issue/10485,68.79,econoar,497,ethhub,{},ETH,['https://github.com/econoar/ethhub/pull/18'],1,213,0.0,1.0,1.0,0.0,2019-01-17T00:42:56Z,1.0,,9507.0
2019-03-10T10:06:05,,Unknown,,https://github.com/consensys/mythril/issues/528,b-mueller,https://gitcoin.co/issue/10482,504.48,consensys,487,mythril,{},ETH,['https://github.com/ConsenSys/mythril-classic/pull/615'],1,212,620.0,3092.0,3092.0,93.0,2017-09-18T04:14:20Z,72.0,Python,49352.0
2019-03-10T10:05:57,,Unknown,,https://github.com/consensys/mythril/issues/527,b-mueller,https://gitcoin.co/issue/10480,137.59,consensys,755,mythril,{},ETH,['https://github.com/ConsenSys/mythril-classic/pull/615'],1,212,620.0,3092.0,3092.0,93.0,2017-09-18T04:14:20Z,72.0,Python,49352.0
2019-03-10T10:05:53,,Unknown,,https://github.com/consensys/mythril/issues/523,b-mueller,https://gitcoin.co/issue/10479,504.48,consensys,1004,mythril,{},ETH,['https://github.com/ConsenSys/mythril-classic/pull/619'],1,212,620.0,3092.0,3092.0,93.0,2017-09-18T04:14:20Z,72.0,Python,49352.0
2019-03-10T10:05:23,,Unknown,,https://github.com/gitcoinco/web/issues/2381,owocki,https://gitcoin.co/issue/10472,89.91,gitcoinco,482,web,{},ETH,['https://github.com/gitcoinco/web/pull/2409'],1,212,835.0,1630.0,1630.0,628.0,2017-07-10T10:53:45Z,92.0,JavaScript,1192069.0
2019-03-10T10:04:54,,Unknown,,https://github.com/gitcoinco/web/issues/2375,owocki,https://gitcoin.co/issue/10467,89.91,gitcoinco,437,web,{},ETH,['https://github.com/gitcoinco/web/pull/2760'],1,-140,835.0,1630.0,1630.0,628.0,2017-07-10T10:53:45Z,92.0,JavaScript,1192069.0
2019-03-10T10:03:50,Improvement,Hours,Intermediate,https://github.com/windingtree/vesting-contract/issues/1,AugustoL,https://gitcoin.co/issue/10463,99.62,windingtree,381,vesting-contract,{},ETH,"['https://github.com/windingtree/vesting-contract/pull/3', 'https://github.com/windingtree/vesting-contract/pull/2']",2,-141,7.0,1.0,1.0,0.0,2018-08-16T15:10:11Z,4.0,JavaScript,125.0
2019-03-10T10:03:08,Feature,Days,Advanced,https://github.com/bounties-network/explorer/issues/222,villanuevawill,https://gitcoin.co/issue/10457,332.53,bounties-network,995,explorer,{},ETH,['https://github.com/Bounties-Network/Explorer/pull/235'],1,-142,38.0,23.0,23.0,40.0,2018-04-12T07:30:53Z,8.0,JavaScript,11410.0
2019-03-10T10:02:51,,Unknown,,https://github.com/matterinc/web3swift/issues/36,vs77bb,https://gitcoin.co/issue/10454,133.01,matterinc,228,web3swift,{},ETH,['https://github.com/matterinc/web3swift/pull/64'],1,209,354.0,693.0,693.0,49.0,2018-08-13T15:12:05Z,23.0,JavaScript,60126.0
2019-03-10T09:58:49,,Hours,Beginner,https://github.com/unlock-protocol/unlock/issues/219,julien51,https://gitcoin.co/issue/10426,69.32,unlock-protocol,420,unlock,{},ETH,['https://github.com/unlock-protocol/unlock/pull/663'],1,205,192.0,745.0,745.0,197.0,2017-12-01T02:08:01Z,34.0,Solidity,526247.0
2019-03-10T09:55:46,Feature,Hours,Intermediate,https://github.com/gitcoinco/web/issues/2288,captnseagraves,https://gitcoin.co/issue/10397,39.38,gitcoinco,1395,web,{},ETH,['https://github.com/gitcoinco/web/pull/2311'],1,-157,835.0,1630.0,1630.0,628.0,2017-07-10T10:53:45Z,92.0,JavaScript,1192069.0
2019-03-10T09:55:29,Feature,Hours,Intermediate,https://github.com/gitcoinco/web/issues/2286,captnseagraves,https://gitcoin.co/issue/10395,38.34,gitcoinco,1217,web,{},ETH,['https://github.com/gitcoinco/web/pull/2319'],1,-157,835.0,1630.0,1630.0,628.0,2017-07-10T10:53:45Z,92.0,JavaScript,1192069.0
2019-03-10T09:55:25,Feature,Hours,Intermediate,https://github.com/gitcoinco/web/issues/2285,captnseagraves,https://gitcoin.co/issue/10394,38.34,gitcoinco,1419,web,{},ETH,['https://github.com/gitcoinco/web/pull/2319'],1,-157,835.0,1630.0,1630.0,628.0,2017-07-10T10:53:45Z,92.0,JavaScript,1192069.0
2019-03-10T09:54:48,Improvement,Hours,Beginner,https://github.com/metamask/metamask-extension/issues/3514,bdresser,https://gitcoin.co/issue/10390,53.32,metamask,431,metamask-extension,{},ETH,['https://github.com/MetaMask/metamask-extension/pull/5379'],1,200,3798.0,9588.0,9588.0,1865.0,2015-09-06T16:34:48Z,475.0,JavaScript,288561.0
2019-03-10T09:54:43,Improvement,Hours,Beginner,https://github.com/metamask/metamask-extension/issues/3461,bdresser,https://gitcoin.co/issue/10389,74.64,metamask,458,metamask-extension,{},ETH,['https://github.com/MetaMask/metamask-extension/pull/5415'],1,200,3798.0,9588.0,9588.0,1865.0,2015-09-06T16:34:48Z,475.0,JavaScript,288561.0
2019-03-10T09:54:31,Improvement,Weeks,Advanced,https://github.com/metamask/mustekala/issues/21,danfinlay,https://gitcoin.co/issue/10387,11596.78,metamask,3958,mustekala,{},ETH,"['https://github.com/MetaMask/mesh-testing/pull/53', 'https://github.com/MetaMask/mesh-testing/pull/53']",2,199,12.0,227.0,227.0,2.0,2018-01-16T17:52:36Z,33.0,Go,204.0
2019-03-10T09:50:25,Security,Hours,Intermediate,https://github.com/smartcontractsecurity/swc-registry/issues/31,thec00n,https://gitcoin.co/issue/10365,45.03,smartcontractsecurity,587,swc-registry,{},ETH,['https://github.com/SmartContractSecurity/SWC-registry/pull/34'],1,-141,143.0,716.0,716.0,34.0,2018-08-23T00:09:08Z,45.0,Solidity,2661.0
2019-03-10T09:47:24,Improvement,Hours,Intermediate,https://github.com/metamask/metamask-extension/issues/3425,bdresser,https://gitcoin.co/issue/10344,94.4,metamask,1162,metamask-extension,{},ETH,['https://github.com/MetaMask/metamask-extension/pull/5437'],1,191,3798.0,9588.0,9588.0,1865.0,2015-09-06T16:34:48Z,475.0,JavaScript,288561.0
2019-03-10T09:47:13,,Unknown,,https://github.com/gitcoinco/web/issues/2211,owocki,https://gitcoin.co/issue/10342,85.82,gitcoinco,969,web,{},ETH,['https://github.com/Anish-Agnihotri/Gitcoin-Exemplars'],1,191,835.0,1630.0,1630.0,628.0,2017-07-10T10:53:45Z,92.0,JavaScript,1192069.0
2019-03-10T09:44:04,,Unknown,,https://github.com/diadata-org/api-golang/issues/46,diamw,https://gitcoin.co/issue/10330,87.61,diadata-org,526,api-golang,{},ETH,['https://github.com/diadata-org/api-golang/pull/48'],1,188,130.0,211.0,211.0,12.0,2018-08-08T13:21:11Z,26.0,Go,111205.0
2019-03-10T09:43:58,,Unknown,,https://github.com/diadata-org/api-golang/issues/45,diamw,https://gitcoin.co/issue/10329,87.61,diadata-org,725,api-golang,{},ETH,['https://github.com/diadata-org/api-golang/pull/47'],1,188,130.0,211.0,211.0,12.0,2018-08-08T13:21:11Z,26.0,Go,111205.0
2019-03-10T09:43:32,,Unknown,,https://github.com/gitcoinco/web/issues/2213,owocki,https://gitcoin.co/issue/10327,62.01,gitcoinco,318,web,{},ETH,['https://github.com/gitcoinco/web/pull/2268'],1,187,835.0,1630.0,1630.0,628.0,2017-07-10T10:53:45Z,92.0,JavaScript,1192069.0
2019-03-10T09:40:45,Feature,Days,Advanced,https://github.com/parsec-labs/solevm-truffle/issues/3,johannbarbie,https://gitcoin.co/issue/10308,1342.95,parsec-labs,809,solevm-truffle,{},ETH,['https://github.com/parsec-labs/solevm-truffle/pull/12'],1,-166,16.0,94.0,94.0,27.0,2018-06-14T17:56:18Z,17.0,JavaScript,1103.0
2019-03-10T09:40:41,Improvement,Hours,,https://github.com/gitcoinco/web/pull/2190,PixelantDesign,https://gitcoin.co/issue/10307,33.6,gitcoinco,512,web,{},ETH,['https://github.com/gitcoinco/web/pull/2190'],1,-151,835.0,1630.0,1630.0,628.0,2017-07-10T10:53:45Z,92.0,JavaScript,1192069.0
2019-03-10T09:40:37,,Hours,,https://github.com/gitcoinco/web/issues/2186,PixelantDesign,https://gitcoin.co/issue/10305,43.19,gitcoinco,761,web,{},ETH,['https://github.com/gitcoinco/creative/pull/26'],1,-91,835.0,1630.0,1630.0,628.0,2017-07-10T10:53:45Z,92.0,JavaScript,1192069.0
2019-03-10T09:34:18,Documentation,Hours,Intermediate,https://github.com/w3f/web3-collaboration/issues/34,jplatts12,https://gitcoin.co/issue/10277,293.16,w3f,1191,web3-collaboration,{},ETH,['https://github.com/polkadot-js/api/pull/145'],1,180,520.0,588.0,588.0,0.0,2018-07-09T16:21:42Z,114.0,,2121.0
2019-03-10T09:24:34,Documentation,Hours,Intermediate,https://github.com/mkeen/rxhttp/issues/1,mkeen,https://gitcoin.co/issue/10232,10.16,mkeen,275,rxhttp,{},ETH,['https://github.com/mkeen/rxhttp/pull/2'],1,-174,2.0,8.0,8.0,6.0,2018-07-19T04:36:58Z,2.0,TypeScript,433.0
2019-03-10T09:24:09,,Unknown,,https://github.com/gitcoinco/web/issues/2147,owocki,https://gitcoin.co/issue/10226,58.05,gitcoinco,1577,web,{},ETH,['https://github.com/gitcoinco/web/pull/2231'],1,177,835.0,1630.0,1630.0,628.0,2017-07-10T10:53:45Z,92.0,JavaScript,1192069.0
2019-03-10T09:22:16,Feature,Days,Intermediate,https://github.com/gitcoinco/web/issues/2116,PixelantDesign,https://gitcoin.co/issue/10216,130.78,gitcoinco,844,web,{},ETH,['https://github.com/Manjilan/EIP1337'],1,-163,835.0,1630.0,1630.0,628.0,2017-07-10T10:53:45Z,92.0,JavaScript,1192069.0
2019-03-10T09:21:35,,Unknown,,https://github.com/gitcoinco/web/issues/2103,owocki,https://gitcoin.co/issue/10206,55.61,gitcoinco,624,web,{},ETH,['https://github.com/gitcoinco/web/pull/2207'],1,170,835.0,1630.0,1630.0,628.0,2017-07-10T10:53:45Z,92.0,JavaScript,1192069.0
2019-03-10T09:21:19,Improvement,Hours,Beginner,https://github.com/cybercongress/cyber-search/issues/185,hleb-albau,https://gitcoin.co/issue/10203,68.8,cybercongress,1418,cyber-search,{},ETH,['https://github.com/cybercongress/cyber-search/pull/256'],1,169,14.0,34.0,34.0,36.0,2017-08-14T18:19:49Z,20.0,Kotlin,24417.0
2019-03-10T09:20:10,Feature,Tage,Mittlere,https://github.com/diadata-org/api-golang/issues/21,diamw,https://gitcoin.co/issue/10186,82.52,diadata-org,207,api-golang,{},ETH,"['https://github.com/diadata-org/api-golang/pull/37', 'https://github.com/diadata-org/api-golang/pull/34']",2,-185,130.0,211.0,211.0,12.0,2018-08-08T13:21:11Z,26.0,Go,111205.0
2019-03-10T09:20:05,Feature,Tage,Mittlere,https://github.com/diadata-org/api-golang/issues/20,diamw,https://gitcoin.co/issue/10185,82.52,diadata-org,210,api-golang,{},ETH,['https://github.com/diadata-org/api-golang/pull/38'],1,-185,130.0,211.0,211.0,12.0,2018-08-08T13:21:11Z,26.0,Go,111205.0
2019-03-10T09:20:01,Feature,Tage,Mittlere,https://github.com/diadata-org/api-golang/issues/18,diamw,https://gitcoin.co/issue/10184,82.52,diadata-org,210,api-golang,{},ETH,['https://github.com/diadata-org/api-golang/pull/30'],1,-171,130.0,211.0,211.0,12.0,2018-08-08T13:21:11Z,26.0,Go,111205.0
2019-03-10T09:19:56,Feature,Tage,Mittlere,https://github.com/diadata-org/api-golang/issues/17,diamw,https://gitcoin.co/issue/10183,82.52,diadata-org,206,api-golang,{},ETH,['https://github.com/diadata-org/api-golang/pull/51'],1,-185,130.0,211.0,211.0,12.0,2018-08-08T13:21:11Z,26.0,Go,111205.0
2019-03-10T09:19:52,Feature,Tage,Mittlere,https://github.com/diadata-org/api-golang/issues/16,diamw,https://gitcoin.co/issue/10182,83.0,diadata-org,209,api-golang,{},ETH,['https://github.com/diadata-org/api-golang/pull/28'],1,-171,130.0,211.0,211.0,12.0,2018-08-08T13:21:11Z,26.0,Go,111205.0
2019-03-10T09:19:23,Feature,Hours,Intermediate,https://github.com/diadata-org/api-golang/issues/19,kaythxbye,https://gitcoin.co/issue/10177,103.68,diadata-org,210,api-golang,{},ETH,['https://github.com/diadata-org/api-golang/pull/25'],1,-186,130.0,211.0,211.0,12.0,2018-08-08T13:21:11Z,26.0,Go,111205.0
2019-03-10T09:17:09,,Unknown,,https://github.com/unlock-protocol/unlock/issues/172,julien51,https://gitcoin.co/issue/10160,563.54,unlock-protocol,905,unlock,{},ETH,['https://github.com/unlock-protocol/unlock/pull/190'],1,164,192.0,745.0,745.0,197.0,2017-12-01T02:08:01Z,34.0,Solidity,526247.0
2018-08-22T01:36:40,Documentation,Hours,Intermediate,https://github.com/rayonprotocol/rayonprotocol-admin/issues/3,knilnissim,https://gitcoin.co/issue/5014,0.28,rayonprotocol,84,rayonprotocol-admin,{},ETH,['https://github.com/rayonprotocol/rayonprotocol-admin/pull/4'],1,2,0.0,0.0,0.0,0.0,2018-07-06T03:05:35Z,5.0,TypeScript,1569.0
2019-03-10T09:15:44,,Unknown,,https://github.com/diadata-org/api-golang/issues/8,diamw,https://gitcoin.co/issue/10143,90.49,diadata-org,208,api-golang,{},ETH,['https://github.com/diadata-org/api-golang/pull/40'],1,-106,130.0,211.0,211.0,12.0,2018-08-08T13:21:11Z,26.0,Go,111205.0
2019-03-12T07:45:22,Andere,Tage,Mittlere,https://github.com/diadata-org/api-golang/issues/4,diamw,https://gitcoin.co/issue/11229,80.82,diadata-org,747,api-golang,{},ETH,['https://github.com/diadata-org/api-golang/pull/35'],1,-199,130.0,211.0,211.0,12.0,2018-08-08T13:21:11Z,26.0,Go,111205.0
2019-03-10T09:13:27,Andere,Tage,Mittlere,https://github.com/diadata-org/api-golang/issues/3,diamw,https://gitcoin.co/issue/10128,80.82,diadata-org,726,api-golang,{},ETH,['https://github.com/diadata-org/api-golang/pull/39'],1,-160,130.0,211.0,211.0,12.0,2018-08-08T13:21:11Z,26.0,Go,111205.0
2019-03-10T09:13:16,Bug,Hours,Beginner,https://github.com/metamask/metamask-extension/issues/4498,bdresser,https://gitcoin.co/issue/10126,78.95,metamask,1011,metamask-extension,{},ETH,['https://github.com/MetaMask/metamask-extension/pull/5096'],1,157,3798.0,9588.0,9588.0,1865.0,2015-09-06T16:34:48Z,475.0,JavaScript,288561.0
2019-03-10T09:11:30,,Unknown,,https://github.com/ikunetwork/alpha/issues/102,ikuteer,https://gitcoin.co/issue/10122,575.52,ikunetwork,1160,alpha,{},ETH,['https://github.com/ikunetwork/alpha/pull/118'],1,156,7.0,5.0,5.0,106.0,2018-05-15T03:05:31Z,5.0,JavaScript,9770.0
2019-03-10T09:11:24,,Unknown,,https://github.com/diadata-org/api-golang/issues/2,diamw,https://gitcoin.co/issue/10121,61.79,diadata-org,724,api-golang,{},ETH,['https://github.com/diadata-org/api-golang/pull/15'],1,-200,130.0,211.0,211.0,12.0,2018-08-08T13:21:11Z,26.0,Go,111205.0
2021-03-05T08:40:05,,Unknown,,https://github.com/diadata-org/api-golang/issues/1,diamw,https://gitcoin.co/issue/24966,64.56,diadata-org,669,api-golang,{},ETH,['https://github.com/diadata-org/api-golang/pull/42'],1,-924,130.0,211.0,211.0,12.0,2018-08-08T13:21:11Z,26.0,Go,111205.0
2021-03-05T08:39:31,Feature,Days,Intermediate,https://github.com/bounties-network/bounties.network/issues/7,mbeylin,https://gitcoin.co/issue/24962,297.27,bounties-network,2185,bounties.network,{},ETH,['https://github.com/Bounties-Network/bounties.network/pull/8'],1,-574,2.0,0.0,0.0,0.0,2020-05-12T01:28:19Z,1.0,CSS,39546.0
2018-08-15T20:17:17,Bug,Hours,Intermediate,https://github.com/kaythxbye/dotfiles/issues/2,kaythxbye,https://gitcoin.co/issue/4866,363.21,kaythxbye,15,dotfiles,{},ETH,['http://github.com/kaythxbye/dotfiles/pr/2'],2,358,0.0,1.0,1.0,1.0,2017-12-18T14:23:51Z,1.0,Vim script,6.0
2019-03-10T09:08:29,Bug,Days,Advanced,https://github.com/cybercongress/cyber-search/issues/255,hleb-albau,https://gitcoin.co/issue/10100,202.74,cybercongress,985,cyber-search,{},ETH,['https://github.com/cybercongress/cyber-search/pull/268#issuecomment-436236761'],1,-185,14.0,34.0,34.0,36.0,2017-08-14T18:19:49Z,20.0,Kotlin,24417.0
2019-03-10T09:03:01,Bug,Hours,Intermediate,https://github.com/kayabanerve/ember/issues/7,kayabaNerve,https://gitcoin.co/issue/10072,54.03,kayabanerve,175,ember,{},ETH,['https://github.com/kayabaNerve/BN/pull/2'],1,-192,21.0,85.0,85.0,60.0,2018-05-20T09:36:33Z,17.0,Nim,8748.0
2019-03-10T09:01:19,Improvement,Hours,Beginner,https://github.com/timvanmourik/giraffetools/issues/85,TimVanMourik,https://gitcoin.co/issue/10067,31.76,timvanmourik,1126,giraffetools,{},ETH,"['https://github.com/PaulRBerg/GiraffeTools/blob/dev/app/porcupine/js/components/code.js', 'https://github.com/PaulRBerg/GiraffeTools/blob/dev/app/porcupine/js/components/code.js', 'https://github.com/PaulRBerg/GiraffeTools/blob/dev/app/porcupine/js/components/code.js']",3,-215,0.0,0.0,0.0,0.0,2019-06-19T14:37:39Z,0.0,JavaScript,15521.0
2019-08-07T19:27:08,Improvement,Hours,Intermediate,https://github.com/gitcoinco/web/issues/1863,ceresstation,https://gitcoin.co/issue/15303,45.37,gitcoinco,1121,web,{},ETH,['https://github.com/gitcoinco/web/pull/2003'],1,-283,835.0,1630.0,1630.0,628.0,2017-07-10T10:53:45Z,92.0,JavaScript,1192069.0
2020-04-06T19:01:06,Improvement,Hours,Beginner,https://github.com/gitcoinco/web/issues/1861,PixelantDesign,https://gitcoin.co/issue/20976,18.15,gitcoinco,1053,web,{},ETH,['https://github.com/gitcoinco/web/pull/1923'],1,-526,835.0,1630.0,1630.0,628.0,2017-07-10T10:53:45Z,92.0,JavaScript,1192069.0
2019-03-10T09:01:05,Improvement,Hours,Beginner,https://github.com/gitcoinco/web/issues/435,PixelantDesign,https://gitcoin.co/issue/10064,22.68,gitcoinco,504,web,{},ETH,['https://github.com/gitcoinco/web/pull/1869'],1,-133,835.0,1630.0,1630.0,628.0,2017-07-10T10:53:45Z,92.0,JavaScript,1192069.0
2019-03-10T09:00:58,Improvement,Hours,Intermediate,https://github.com/gitcoinco/web/issues/1807,PixelantDesign,https://gitcoin.co/issue/10063,63.06,gitcoinco,1372,web,{},ETH,['https://github.com/gitcoinco/web/pull/1945'],1,-133,835.0,1630.0,1630.0,628.0,2017-07-10T10:53:45Z,92.0,JavaScript,1192069.0
2019-03-10T09:00:50,Improvement,Hours,Intermediate,https://github.com/gitcoinco/web/issues/1844,ceresstation,https://gitcoin.co/issue/10062,46.62,gitcoinco,1118,web,{},ETH,"['https://github.com/gitcoinco/web/pull/1916', 'https://github.com/gitcoinco/web/pull/1916']",2,-134,835.0,1630.0,1630.0,628.0,2017-07-10T10:53:45Z,92.0,JavaScript,1192069.0
2019-03-10T08:58:34,Feature,Days,Intermediate,https://github.com/marketprotocol/types/issues/21,rojosnow,https://gitcoin.co/issue/10044,312.29,marketprotocol,567,types,{},ETH,['https://github.com/MARKETProtocol/types/pull/31'],1,-223,0.0,2.0,2.0,13.0,2018-05-31T19:36:07Z,7.0,,875.0
2019-03-10T08:58:28,Documentation,Days,Advanced,https://github.com/metamask/metamask-extension/issues/4577,danfinlay,https://gitcoin.co/issue/10043,186.44,metamask,987,metamask-extension,{},ETH,"['https://medium.com/@writeprovidence/how-to-create-a-web3-provider-from-another-extension-6b5ea59ed4c9', 'https://medium.com/@writeprovidence/how-to-create-a-web3-provider-from-another-extension-6b5ea59ed4c9']",2,-50,3798.0,9588.0,9588.0,1865.0,2015-09-06T16:34:48Z,475.0,JavaScript,288561.0
2021-03-05T08:36:20,Bug,Hours,Intermediate,https://github.com/livepeer/livepeerjs/issues/155,dob,https://gitcoin.co/issue/24958,45.84,livepeer,377,livepeerjs,{},ETH,['https://github.com/livepeer/livepeerjs/pull/164'],1,-927,17.0,47.0,47.0,16.0,2022-08-09T16:10:17Z,2.0,TypeScript,26920.0
2019-03-10T08:57:16,,Unknown,Intermediate,https://github.com/metamask/metamask-extension/issues/4203,danfinlay,https://gitcoin.co/issue/10028,190.76,metamask,1415,metamask-extension,{},ETH,['https://github.com/MetaMask/metamask-extension/pull/4840'],1,-204,3798.0,9588.0,9588.0,1865.0,2015-09-06T16:34:48Z,475.0,JavaScript,288561.0
2019-03-10T08:56:31,,Hours,Intermediate,https://github.com/infura/infura/issues/130,mbgodsey,https://gitcoin.co/issue/10023,474.71,infura,2017,infura,{},ETH,['https://github.com/INFURA/documentation/pull/19'],1,130,44.0,330.0,330.0,107.0,2016-08-31T12:30:53Z,53.0,,335.0
2019-03-10T08:56:14,,Hours,Intermediate,https://github.com/infura/infura/issues/127,mbgodsey,https://gitcoin.co/issue/10021,479.63,infura,2016,infura,{},ETH,['https://github.com/INFURA/documentation/pull/8'],1,130,44.0,330.0,330.0,107.0,2016-08-31T12:30:53Z,53.0,,335.0
2019-05-20T20:55:45,Feature,Days,Intermediate,https://github.com/prysmaticlabs/geth-sharding/issues/272,vs77bb,https://gitcoin.co/issue/13486,201.3,prysmaticlabs,722,geth-sharding,{},ETH,"['https://github.com/prysmaticlabs/prysm/pull/411', 'https://github.com/prysmaticlabs/prysm/pull/411']",2,-277,765.0,3054.0,3054.0,244.0,2018-01-11T21:31:33Z,130.0,Go,138540.0
2019-03-10T08:55:32,Improvement,Hours,Beginner,https://github.com/gitcoinco/web/issues/1674,PixelantDesign,https://gitcoin.co/issue/10014,64.92,gitcoinco,1396,web,{},ETH,"['https://github.com/gitcoinco/web/pull/1781', 'https://github.com/gitcoinco/web/pull/1781']",2,-146,835.0,1630.0,1630.0,628.0,2017-07-10T10:53:45Z,92.0,JavaScript,1192069.0
2019-03-10T08:55:27,Bug,Hours,Beginner,https://github.com/metamask/metamask-extension/issues/4773,bdresser,https://gitcoin.co/issue/10013,31.04,metamask,350,metamask-extension,{},ETH,['https://github.com/MetaMask/metamask-extension/pull/4893'],1,129,3798.0,9588.0,9588.0,1865.0,2015-09-06T16:34:48Z,475.0,JavaScript,288561.0
2019-03-10T08:55:23,Bug,Hours,Beginner,https://github.com/metamask/metamask-extension/issues/4253,bdresser,https://gitcoin.co/issue/10012,40.59,metamask,442,metamask-extension,{},ETH,['https://github.com/MetaMask/metamask-extension/pull/4855'],1,129,3798.0,9588.0,9588.0,1865.0,2015-09-06T16:34:48Z,475.0,JavaScript,288561.0
2019-03-10T08:54:37,Feature,Hours,Beginner,https://github.com/schorgie30/airdropx/blob/master/gitcoin_telegram_validator,,https://gitcoin.co/issue/10002,22.27,schorgie30,656,airdropx,{},ETH,['https://github.com/PaulRBerg/airdropx'],1,-230,0.0,0.0,0.0,0.0,2018-07-16T23:11:28Z,1.0,,1.0
2021-03-05T08:34:02,Feature,Days,Advanced,https://github.com/parsec-labs/solevm-truffle/issues/2,johannbarbie,https://gitcoin.co/issue/24954,2321.0,parsec-labs,962,solevm-truffle,{},ETH,['https://github.com/parsec-labs/solevm-truffle/pull/5'],1,-949,16.0,94.0,94.0,27.0,2018-06-14T17:56:18Z,17.0,JavaScript,1103.0
2019-03-10T08:55:14,Documentation,Hours,Beginner,https://github.com/gitcoinco/web/issues/1738,PixelantDesign,https://gitcoin.co/issue/10010,57.49,gitcoinco,1050,web,{},ETH,['https://github.com/gitcoinco/web/pull/1781'],1,-148,835.0,1630.0,1630.0,628.0,2017-07-10T10:53:45Z,92.0,JavaScript,1192069.0
2019-03-10T08:51:41,Feature,Days,Advanced,https://github.com/parsec-labs/solevm-truffle/issues/1,johannbarbie,https://gitcoin.co/issue/9985,1595.76,parsec-labs,414,solevm-truffle,{},ETH,['https://github.com/parsec-labs/solevm-truffle/pull/10'],1,-226,16.0,94.0,94.0,27.0,2018-06-14T17:56:18Z,17.0,JavaScript,1103.0
2019-03-10T08:50:24,Feature,Hours,Beginner,https://github.com/marketprotocol/types/issues/28,pelsasser,https://gitcoin.co/issue/9979,64.62,marketprotocol,1891,types,{},ETH,['https://github.com/MARKETProtocol/types/pull/29'],1,-234,0.0,2.0,2.0,13.0,2018-05-31T19:36:07Z,7.0,,875.0
2019-03-10T08:49:41,Improvement,Hours,Intermediate,https://github.com/bigchaindb/java-bigchaindb-driver/issues/1,chalidbdb,https://gitcoin.co/issue/9973,430.83,bigchaindb,3000,java-bigchaindb-driver,{},ETH,['https://github.com/bigchaindb/java-bigchaindb-driver/pull/2'],1,-211,33.0,29.0,29.0,15.0,2018-08-03T14:08:50Z,8.0,Java,269.0
2019-03-10T08:51:25,,Hours,Beginner,https://github.com/bigchaindb/js-driver-orm/issues/63,innoprenuer,https://gitcoin.co/issue/9981,107.71,bigchaindb,3078,js-driver-orm,{},ETH,['https://github.com/bigchaindb/js-driver-orm/pull/66'],1,-211,13.0,40.0,40.0,7.0,2017-08-25T12:03:57Z,4.0,JavaScript,3501.0
2019-03-16T07:38:17,Improvement,Hours,Beginner,https://github.com/bigchaindb/js-bigchaindb-driver/issues/220,chalidbdb,https://gitcoin.co/issue/11349,107.71,bigchaindb,2154,js-bigchaindb-driver,{},ETH,['https://github.com/bigchaindb/js-bigchaindb-driver/pull/225'],1,-217,93.0,216.0,216.0,29.0,2017-05-09T18:22:33Z,9.0,JavaScript,8274.0
2019-03-10T08:48:05,Improvement,Hours,Intermediate,https://github.com/bigchaindb/js-bigchaindb-driver/issues/221,chalidbdb,https://gitcoin.co/issue/9971,215.41,bigchaindb,2698,js-bigchaindb-driver,{},ETH,['https://github.com/bigchaindb/js-bigchaindb-driver/pull/227'],1,-211,93.0,216.0,216.0,29.0,2017-05-09T18:22:33Z,9.0,JavaScript,8274.0
2019-03-10T08:47:54,Improvement,Hours,Beginner,https://github.com/bigchaindb/js-driver-orm/issues/63,chalidbdb,https://gitcoin.co/issue/9969,109.86,bigchaindb,3078,js-driver-orm,{},ETH,['https://github.com/bigchaindb/js-driver-orm/pull/61'],1,-211,13.0,40.0,40.0,7.0,2017-08-25T12:03:57Z,4.0,JavaScript,3501.0
2019-03-10T08:47:29,Bug,Hours,Intermediate,https://github.com/cybercongress/chaingear/issues/992,litvintech,https://gitcoin.co/issue/9964,44.51,cybercongress,1769,chaingear,{},ETH,['https://github.com/cybercongress/chaingear/pull/995'],1,-212,77.0,82.0,82.0,30.0,2015-05-10T23:48:38Z,34.0,JavaScript,93100.0
2019-03-10T08:47:09,Improvement,Hours,Beginner,https://github.com/timvanmourik/armadillo/issues/19,TimVanMourik,https://gitcoin.co/issue/9961,43.75,timvanmourik,697,armadillo,{},ETH,['https://github.com/TimVanMourik/Armadillo/pull/21'],1,-237,4.0,5.0,5.0,7.0,2018-06-14T06:13:15Z,3.0,JavaScript,14325.0
2019-03-10T08:46:15,Feature,Days,Intermediate,https://github.com/paritytech/parity/issues/8927,vs77bb,https://gitcoin.co/issue/9950,330.28,paritytech,432,parity,{},ETH,['https://github.com/paritytech/parity/pull/9064'],1,-214,1707.0,6732.0,6732.0,161.0,2015-11-23T11:07:32Z,354.0,Rust,80203.0
2019-03-10T08:46:07,Feature,Days,Intermediate,https://github.com/ethereum/solidity/issues/4442,vs77bb,https://gitcoin.co/issue/9948,144.5,ethereum,268,solidity,{},ETH,['https://github.com/ethereum/solidity/pull/4462'],1,-214,5000.0,19824.0,19824.0,530.0,2015-08-17T12:27:26Z,688.0,C++,69292.0
2019-03-10T08:54:46,Feature,Hours,Beginner,https://github.com/gitcoinco/web/issues/1375,PixelantDesign,https://gitcoin.co/issue/10004,14.59,gitcoinco,962,web,{},ETH,['https://github.com/gitcoinco/web/pull/1768'],1,-157,835.0,1630.0,1630.0,628.0,2017-07-10T10:53:45Z,92.0,JavaScript,1192069.0
2019-03-10T08:44:44,Feature,Days,Advanced,https://github.com/livepeer/merkle-mine/issues/14,dob,https://gitcoin.co/issue/9937,236.04,livepeer,3860,merkle-mine,{},ETH,"['https://github.com/livepeer/merkle-mine/pull/15', 'https://github.com/livepeer/merkle-mine/pull/15']",2,117,9.0,29.0,29.0,2.0,2018-04-09T23:05:52Z,6.0,JavaScript,221.0
2019-03-10T08:44:24,Feature,Hours,Intermediate,https://github.com/timvanmourik/giraffetools/issues/71,TimVanMourik,https://gitcoin.co/issue/9935,55.44,timvanmourik,331,giraffetools,{},ETH,['https://github.com/TimVanMourik/GiraffeTools/pull/86'],1,-236,0.0,0.0,0.0,0.0,2019-06-19T14:37:39Z,0.0,JavaScript,15521.0
2018-07-03T06:23:50,Improvement,Hours,,https://github.com/darkdarkdragon/gctest/issues/16,darkdarkdragon,https://gitcoin.co/issue/4044,4.55,darkdarkdragon,0,gctest,{},ETH,['https://github.com/darkdarkdragon/gctest/pull/17'],1,362,1.0,0.0,0.0,32.0,2018-04-20T20:33:06Z,1.0,,0.0
2018-07-03T06:23:35,Improvement,Hours,,https://github.com/darkdarkdragon/gctest/issues/9,darkdarkdragon,https://gitcoin.co/issue/4040,5.06,darkdarkdragon,9,gctest,{},ETH,"['https://github.com/darkdarkdragon/gctest/pull/11', 'https://github.com/darkdarkdragon/gctest/pull/10']",2,359,1.0,0.0,0.0,32.0,2018-04-20T20:33:06Z,1.0,,0.0
2018-07-03T06:23:31,Improvement,Hours,,https://github.com/darkdarkdragon/gctest/issues/5,darkdarkdragon,https://gitcoin.co/issue/4038,36.69,darkdarkdragon,8,gctest,{},ETH,"['https://github.com/darkdarkdragon/gctest/pull/6', 'https://github.com/darkdarkdragon/gctest/pull/8', 'https://github.com/darkdarkdragon/gctest/pull/7']",3,358,1.0,0.0,0.0,32.0,2018-04-20T20:33:06Z,1.0,,0.0
2019-03-10T08:42:09,Feature,Hours,Beginner,https://github.com/keysplit/dapp/issues/12,barrasso,https://gitcoin.co/issue/9905,45.91,keysplit,569,dapp,{},ETH,"['https://github.com/KeySplit/dapp/pull/13', 'https://github.com/KeySplit/dapp/pull/13', 'https://github.com/KeySplit/dapp/pull/13', 'https://github.com/KeySplit/dapp/pull/13', 'https://github.com/KeySplit/dapp/pull/13', 'https://github.com/KeySplit/dapp/pull/13']",6,-251,5.0,8.0,8.0,1.0,2018-02-20T18:11:48Z,7.0,JavaScript,1804.0
2018-07-03T06:23:15,,Unknown,,https://github.com/darkdarkdragon/gctest/issues/3,darkdarkdragon,https://gitcoin.co/issue/4036,9.09,darkdarkdragon,23,gctest,{},ETH,"['https://github.com/darkdarkdragon/gctest/pull/4', 'https://github.com/darkdarkdragon/gctest/pull/4', 'https://github.com/darkdarkdragon/gctest/pull/4']",3,356,1.0,0.0,0.0,32.0,2018-04-20T20:33:06Z,1.0,,0.0
2019-03-10T08:41:33,Feature,Hours,Beginner,https://github.com/livepeer/go-livepeer/issues/406,ericxtang,https://gitcoin.co/issue/9898,51.57,livepeer,405,go-livepeer,{},ETH,['https://github.com/livepeer/go-livepeer/pull/475'],1,-254,148.0,497.0,497.0,250.0,2017-06-19T02:36:09Z,40.0,Go,182032.0
2019-03-10T08:40:20,Feature,Days,Intermediate,https://github.com/ethereum/remix-ide/issues/1313,vs77bb,https://gitcoin.co/issue/9881,189.23,ethereum,180,remix-ide,{},ETH,['https://github.com/ethereum/remix-ide/pull/1375'],1,-233,1115.0,2123.0,2123.0,4.0,2016-05-17T23:17:34Z,113.0,,69715.0
2019-03-10T08:39:42,Feature,Hours,Beginner,https://github.com/livepeer/livepeerjs/issues/112,ericxtang,https://gitcoin.co/issue/9872,53.6,livepeer,132,livepeerjs,{},ETH,['https://github.com/livepeer/livepeerjs/pull/138'],1,-174,17.0,47.0,47.0,16.0,2022-08-09T16:10:17Z,2.0,TypeScript,26920.0
2019-03-10T08:39:37,Feature,Hours,Beginner,https://github.com/livepeer/livepeerjs/issues/118,ericxtang,https://gitcoin.co/issue/9871,40.2,livepeer,75,livepeerjs,{},ETH,['https://github.com/livepeer/livepeerjs/pull/129'],1,-174,17.0,47.0,47.0,16.0,2022-08-09T16:10:17Z,2.0,TypeScript,26920.0
2019-03-12T07:29:21,Feature,Hours,Beginner,https://github.com/livepeer/livepeerjs/issues/115,ericxtang,https://gitcoin.co/issue/11225,40.2,livepeer,194,livepeerjs,{},ETH,['https://github.com/livepeer/livepeerjs/pull/127'],1,-176,17.0,47.0,47.0,16.0,2022-08-09T16:10:17Z,2.0,TypeScript,26920.0
2019-03-10T08:38:23,Feature,Hours,Beginner,https://github.com/gitcoinco/web/issues/1507,PixelantDesign,https://gitcoin.co/issue/9869,48.24,gitcoinco,1244,web,{},ETH,['https://github.com/gitcoinco/web/pull/1517'],1,-234,835.0,1630.0,1630.0,628.0,2017-07-10T10:53:45Z,92.0,JavaScript,1192069.0
2019-03-10T08:37:53,Feature,Hours,Intermediate,https://github.com/livepeer/livepeerjs/issues/94,jozanza,https://gitcoin.co/issue/9864,116.18,livepeer,1437,livepeerjs,{},ETH,"['https://github.com/livepeer/livepeerjs/pull/132', 'https://github.com/livepeer/livepeerjs/pull/132']",2,-175,17.0,47.0,47.0,16.0,2022-08-09T16:10:17Z,2.0,TypeScript,26920.0
2019-03-10T08:37:35,Feature,Hours,Intermediate,https://github.com/paritytech/parity/issues/8835,ceresstation,https://gitcoin.co/issue/9860,222.47,paritytech,444,parity,{},ETH,['https://github.com/paritytech/parity-ethereum/pull/9219'],1,-235,1707.0,6732.0,6732.0,161.0,2015-11-23T11:07:32Z,354.0,Rust,80203.0
2019-03-10T08:37:20,Feature,Hours,Beginner,https://github.com/gitcoinco/web/issues/1480,PixelantDesign,https://gitcoin.co/issue/9857,20.63,gitcoinco,473,web,{},ETH,['https://github.com/gitcoinco/web/pull/1481'],1,-254,835.0,1630.0,1630.0,628.0,2017-07-10T10:53:45Z,92.0,JavaScript,1192069.0
2019-03-10T08:37:14,Feature,Hours,,https://github.com/metamask/metamask-extension/issues/4440,bdresser,https://gitcoin.co/issue/9856,103.15,metamask,281,metamask-extension,{},ETH,['https://github.com/MetaMask/metamask-extension/pull/4591'],1,97,3798.0,9588.0,9588.0,1865.0,2015-09-06T16:34:48Z,475.0,JavaScript,288561.0
2019-03-10T08:37:09,Feature,Hours,Intermediate,https://github.com/gitcoinco/web/issues/1478,PixelantDesign,https://gitcoin.co/issue/9855,10.32,gitcoinco,615,web,{},ETH,['https://github.com/gitcoinco/web/pull/1479'],1,-254,835.0,1630.0,1630.0,628.0,2017-07-10T10:53:45Z,92.0,JavaScript,1192069.0
2019-03-10T08:37:04,Bug,Hours,,https://github.com/metamask/metamask-extension/issues/4553,bdresser,https://gitcoin.co/issue/9854,77.37,metamask,240,metamask-extension,{},ETH,['https://github.com/MetaMask/metamask-extension/pull/4597'],1,97,3798.0,9588.0,9588.0,1865.0,2015-09-06T16:34:48Z,475.0,JavaScript,288561.0
2019-03-10T08:35:37,Feature,Days,Intermediate,https://github.com/zeppelinos/zos-cli/issues/122,vs77bb,https://gitcoin.co/issue/9834,118.73,zeppelinos,297,zos-cli,{},ETH,['https://github.com/zeppelinos/zos-cli/pull/255'],1,-240,25.0,102.0,102.0,27.0,2018-04-16T22:27:54Z,15.0,,1152.0
2019-03-10T08:35:32,Feature,Days,Intermediate,https://github.com/zeppelinos/zos-cli/issues/211,vs77bb,https://gitcoin.co/issue/9833,56.99,zeppelinos,1611,zos-cli,{},ETH,['https://github.com/zeppelinos/zos-lib/pull/173'],1,-240,25.0,102.0,102.0,27.0,2018-04-16T22:27:54Z,15.0,,1152.0
2019-03-10T08:35:27,Feature,Days,Intermediate,https://github.com/zeppelinos/zos-cli/issues/208,vs77bb,https://gitcoin.co/issue/9832,94.99,zeppelinos,362,zos-cli,{},ETH,['https://github.com/zeppelinos/zos-lib/pull/171'],1,-240,25.0,102.0,102.0,27.0,2018-04-16T22:27:54Z,15.0,,1152.0
2019-03-10T08:35:08,Feature,Days,Intermediate,https://github.com/ethereum/remix-ide/issues/1360,vs77bb,https://gitcoin.co/issue/9827,188.58,ethereum,186,remix-ide,{},ETH,['https://github.com/ethereum/remix-ide/pull/1370'],1,-240,1115.0,2123.0,2123.0,4.0,2016-05-17T23:17:34Z,113.0,,69715.0
2019-03-10T08:35:03,Feature,Days,Intermediate,https://github.com/ethereum/remix-ide/issues/1249,vs77bb,https://gitcoin.co/issue/9826,117.86,ethereum,128,remix-ide,{},ETH,['https://github.com/ethereum/remix-ide/pull/1363'],1,-240,1115.0,2123.0,2123.0,4.0,2016-05-17T23:17:34Z,113.0,,69715.0
2019-03-10T08:34:45,Feature,Hours,Beginner,https://github.com/duaraghav8/solium/issues/216,ceresstation,https://gitcoin.co/issue/9823,159.12,duaraghav8,208,solium,{},ETH,['https://github.com/duaraghav8/Solium/pull/219'],1,-257,130.0,888.0,888.0,70.0,2016-08-05T14:07:13Z,22.0,JavaScript,1629.0
2019-03-12T07:26:49,Feature,Hours,Intermediate,https://github.com/gitcoinco/web/issues/1440,owocki,https://gitcoin.co/issue/11224,368.82,gitcoinco,1741,web,{},ETH,['https://github.com/gitcoinco/creative/pull/12'],1,-260,835.0,1630.0,1630.0,628.0,2017-07-10T10:53:45Z,92.0,JavaScript,1192069.0
2019-03-10T08:31:50,Feature,Days,Intermediate,https://github.com/marketprotocol/types/issues/10,pelsasser,https://gitcoin.co/issue/9805,30.7,marketprotocol,1866,types,{},ETH,"['https://github.com/MARKETProtocol/types/pull/19', 'https://github.com/MARKETProtocol/types/pull/19']",2,-269,0.0,2.0,2.0,13.0,2018-05-31T19:36:07Z,7.0,,875.0
2019-03-10T08:31:44,Feature,Days,Intermediate,https://github.com/marketprotocol/types/issues/9,pelsasser,https://gitcoin.co/issue/9804,30.7,marketprotocol,1845,types,{},ETH,['https://github.com/MARKETProtocol/types/pull/20'],1,-269,0.0,2.0,2.0,13.0,2018-05-31T19:36:07Z,7.0,,875.0
2019-03-10T08:31:38,Feature,Days,Intermediate,https://github.com/marketprotocol/types/issues/8,pelsasser,https://gitcoin.co/issue/9803,61.4,marketprotocol,1883,types,{},ETH,['https://github.com/MARKETProtocol/types/pull/14'],1,-269,0.0,2.0,2.0,13.0,2018-05-31T19:36:07Z,7.0,,875.0
2019-03-10T08:31:33,Feature,Days,Intermediate,https://github.com/marketprotocol/types/issues/6,pelsasser,https://gitcoin.co/issue/9802,61.4,marketprotocol,1875,types,{},ETH,"['https://github.com/MARKETProtocol/types/pull/24', 'https://github.com/MARKETProtocol/types/pull/24', 'https://github.com/MARKETProtocol/types/pull/24', 'https://github.com/MARKETProtocol/types/pull/24']",4,-269,0.0,2.0,2.0,13.0,2018-05-31T19:36:07Z,7.0,,875.0
2019-03-10T08:31:26,Feature,Days,Intermediate,https://github.com/marketprotocol/types/issues/3,pelsasser,https://gitcoin.co/issue/9801,61.4,marketprotocol,1908,types,{},ETH,['https://github.com/MARKETProtocol/types/pull/17'],1,-269,0.0,2.0,2.0,13.0,2018-05-31T19:36:07Z,7.0,,875.0
2019-03-10T08:31:13,Feature,Weeks,Intermediate,https://github.com/gitcoinco/web/issues/1386,PixelantDesign,https://gitcoin.co/issue/9798,84.87,gitcoinco,1451,web,{},ETH,['https://github.com/gitcoinco/web/pull/1459'],1,-143,835.0,1630.0,1630.0,628.0,2017-07-10T10:53:45Z,92.0,JavaScript,1192069.0
2019-03-10T08:31:00,Bug,Hours,Intermediate,https://github.com/cybercongress/cyber-search/issues/184,hleb-albau,https://gitcoin.co/issue/9795,91.39,cybercongress,930,cyber-search,{},ETH,['https://github.com/cybercongress/cyber-search/pull/205'],1,-248,14.0,34.0,34.0,36.0,2017-08-14T18:19:49Z,20.0,Kotlin,24417.0
2019-03-10T08:30:53,Feature,Hours,Beginner,https://github.com/walleth/kethereum/issues/33,ceresstation,https://gitcoin.co/issue/9793,60.93,walleth,746,kethereum,{},ETH,['https://github.com/walleth/kethereum/pull/35'],1,-271,73.0,302.0,302.0,37.0,2017-05-29T22:37:45Z,13.0,Kotlin,3349.0
2019-03-10T08:30:49,Feature,Days,Intermediate,https://github.com/ethereum/web3.py/issues/884,vs77bb,https://gitcoin.co/issue/9792,243.72,ethereum,846,web3.py,{},ETH,['https://github.com/ethereum/web3.py/pull/893'],1,-248,1452.0,4134.0,4134.0,237.0,2016-04-14T15:59:35Z,118.0,Python,26014.0
2019-03-10T08:30:23,Feature,Days,Intermediate,https://github.com/cybercongress/cyber-search/issues/194,hleb-albau,https://gitcoin.co/issue/9787,176.29,cybercongress,889,cyber-search,{},ETH,['https://github.com/cybercongress/cyber-search/pull/250'],1,-248,14.0,34.0,34.0,36.0,2017-08-14T18:19:49Z,20.0,Kotlin,24417.0
2019-03-10T08:30:06,Feature,Days,Intermediate,https://github.com/ethereum/eth-account/issues/24,vs77bb,https://gitcoin.co/issue/9784,401.38,ethereum,559,eth-account,{},ETH,['https://github.com/ethereum/eth-account/pull/31'],1,-159,132.0,196.0,196.0,22.0,2018-01-24T20:32:30Z,14.0,Python,728.0
2019-03-10T08:29:59,Other,Hours,Beginner,https://github.com/gitcoinco/web/issues/1370,owocki,https://gitcoin.co/issue/9783,29.51,gitcoinco,576,web,{},ETH,['https://github.com/gitcoinco/creative/pull/11'],1,-272,835.0,1630.0,1630.0,628.0,2017-07-10T10:53:45Z,92.0,JavaScript,1192069.0
2019-03-10T08:29:27,Feature,Days,Intermediate,https://github.com/raiden-network/raiden/issues/1243,vs77bb,https://gitcoin.co/issue/9779,116.53,raiden-network,451,raiden,{},ETH,['https://github.com/raiden-network/raiden/pull/1518'],1,-249,392.0,1854.0,1854.0,305.0,2016-01-29T07:40:47Z,177.0,Python,32449.0
2019-03-10T08:29:23,Feature,Days,Intermediate,https://github.com/raiden-network/raiden/issues/1366,vs77bb,https://gitcoin.co/issue/9778,145.66,raiden-network,550,raiden,{},ETH,['https://github.com/raiden-network/raiden/pull/1536'],1,-249,392.0,1854.0,1854.0,305.0,2016-01-29T07:40:47Z,177.0,Python,32449.0
2019-03-10T08:29:17,Feature,Days,Intermediate,https://github.com/raiden-network/raiden/issues/1408,vs77bb,https://gitcoin.co/issue/9777,291.32,raiden-network,390,raiden,{},ETH,['https://github.com/raiden-network/raiden/pull/1711'],1,-249,392.0,1854.0,1854.0,305.0,2016-01-29T07:40:47Z,177.0,Python,32449.0
2019-03-10T08:29:05,Feature,Days,Intermediate,https://github.com/metamask/metamask-extension/issues/3343,vs77bb,https://gitcoin.co/issue/9774,106.08,metamask,188,metamask-extension,{},ETH,['https://github.com/MetaMask/metamask-extension/pull/4873'],1,-250,3798.0,9588.0,9588.0,1865.0,2015-09-06T16:34:48Z,475.0,JavaScript,288561.0
2019-03-10T08:29:00,Feature,Weeks,Intermediate,https://github.com/metamask/metamask-extension/issues/3505,vs77bb,https://gitcoin.co/issue/9773,124.8,metamask,826,metamask-extension,{},ETH,['https://github.com/MetaMask/metamask-extension/pull/4812'],1,-250,3798.0,9588.0,9588.0,1865.0,2015-09-06T16:34:48Z,475.0,JavaScript,288561.0
2019-03-10T08:28:53,Feature,Days,Intermediate,https://github.com/balance-io/balance-manager/issues/195,ricburton,https://gitcoin.co/issue/9771,3744.06,balance-io,187,balance-manager,{},ETH,['https://github.com/balance-io/balance-manager/pull/258'],1,-273,86.0,143.0,143.0,135.0,2018-03-15T15:49:40Z,18.0,JavaScript,10467.0
2019-03-10T08:28:41,Feature,Hours,Intermediate,https://github.com/gitcoinco/web/issues/1341,owocki,https://gitcoin.co/issue/9769,57.05,gitcoinco,786,web,{},ETH,"['https://github.com/gitcoinco/web/pull/1477', 'https://github.com/gitcoinco/web/pull/1466']",2,-252,835.0,1630.0,1630.0,628.0,2017-07-10T10:53:45Z,92.0,JavaScript,1192069.0
2019-03-10T08:28:36,Feature,Hours,Intermediate,https://github.com/gitcoinco/command_line_standardbounties_funder/issues/1,owocki,https://gitcoin.co/issue/9768,142.62,gitcoinco,1433,command_line_standardbounties_funder,{},ETH,['https://github.com/gitcoinco/command_line_standardbounties_funder/pull/2'],1,-252,4.0,2.0,2.0,1.0,2018-06-01T21:19:06Z,2.0,Python,50.0
2019-03-10T08:28:32,Feature,Hours,Intermediate,https://github.com/gitcoinco/web/issues/1340,owocki,https://gitcoin.co/issue/9767,57.05,gitcoinco,1190,web,{},ETH,['https://github.com/gitcoinco/web/pull/1343'],1,-252,835.0,1630.0,1630.0,628.0,2017-07-10T10:53:45Z,92.0,JavaScript,1192069.0
2019-03-10T08:27:31,Feature,Days,Beginner,https://github.com/abiefund/abie/issues/7,julienbrg,https://gitcoin.co/issue/9758,163.75,abiefund,381,abie,{},ETH,['https://github.com/AbieFund/abie/pull/8'],1,-277,7.0,5.0,5.0,6.0,2017-05-05T21:59:23Z,5.0,JavaScript,394.0
2019-03-10T08:27:27,Feature,Hours,Beginner,https://github.com/timvanmourik/giraffetools/issues/69,TimVanMourik,https://gitcoin.co/issue/9757,10.92,timvanmourik,811,giraffetools,{},ETH,['https://github.com/TimVanMourik/GiraffeTools/pull/70'],1,-254,0.0,0.0,0.0,0.0,2019-06-19T14:37:39Z,0.0,JavaScript,15521.0
2019-03-10T08:27:23,Bug,Hours,Beginner,https://github.com/gitcoinco/web/issues/1315,mbeacom,https://gitcoin.co/issue/9756,10.37,gitcoinco,1037,web,{},ETH,['https://github.com/gitcoinco/web/pull/1318'],1,81,835.0,1630.0,1630.0,628.0,2017-07-10T10:53:45Z,92.0,JavaScript,1192069.0
2019-03-10T08:26:54,Other,Days,Beginner,https://github.com/gitcoinco/web/issues/1312,vs77bb,https://gitcoin.co/issue/9747,28.9,gitcoinco,296,web,{},ETH,['https://github.com/gitcoinco/creative/pull/9'],1,-282,835.0,1630.0,1630.0,628.0,2017-07-10T10:53:45Z,92.0,JavaScript,1192069.0
2019-03-10T08:26:46,Feature,Days,Intermediate,https://github.com/ethereum/solidity/issues/4131,vs77bb,https://gitcoin.co/issue/9745,144.49,ethereum,113,solidity,{},ETH,['https://github.com/ethereum/solidity/pull/4212'],1,-255,5000.0,19824.0,19824.0,530.0,2015-08-17T12:27:26Z,688.0,C++,69292.0
2019-03-10T08:26:40,Bug,Days,Intermediate,https://github.com/paritytech/parity/issues/8725,vs77bb,https://gitcoin.co/issue/9743,86.69,paritytech,2998,parity,{},ETH,['https://github.com/paritytech/parity/pull/8883'],1,-255,1707.0,6732.0,6732.0,161.0,2015-11-23T11:07:32Z,354.0,Rust,80203.0
2019-03-10T08:26:36,Feature,Hours,Advanced,https://github.com/marketprotocol/marketprotocol/issues/93,pelsasser,https://gitcoin.co/issue/9742,57.8,marketprotocol,1104,marketprotocol,{},ETH,['https://github.com/MARKETProtocol/MARKETProtocol/pull/99'],1,-282,42.0,83.0,83.0,14.0,2017-10-25T17:46:13Z,21.0,JavaScript,2049.0
2019-03-10T08:26:28,Feature,Hours,Advanced,https://github.com/bounties-network/bountiesapi/issues/49,villanuevawill,https://gitcoin.co/issue/9740,103.26,bounties-network,2087,bountiesapi,{},ETH,['https://github.com/Bounties-Network/BountiesAPI/pull/54'],1,-278,27.0,43.0,43.0,68.0,2018-03-15T19:32:53Z,8.0,Python,49754.0
2019-03-10T08:26:24,Other,Hours,Intermediate,https://github.com/bounties-network/stdbountiesanaltyics/issues/4,villanuevawill,https://gitcoin.co/issue/9739,103.26,bounties-network,1563,stdbountiesanaltyics,{},ETH,['https://github.com/Bounties-Network/StdBountiesAnaltyics/pull/5'],1,-278,4.0,1.0,1.0,27.0,2018-04-24T17:54:11Z,3.0,JavaScript,2445.0
2019-03-10T08:26:14,Feature,Hours,Intermediate,https://github.com/gitcoinco/web/issues/1300,owocki,https://gitcoin.co/issue/9738,103.26,gitcoinco,2613,web,{},ETH,['https://github.com/gitcoinco/web/pull/1327'],1,-256,835.0,1630.0,1630.0,628.0,2017-07-10T10:53:45Z,92.0,JavaScript,1192069.0
2019-03-10T08:26:06,Other,Hours,Beginner,https://github.com/bounties-network/bountiesapi/issues/44,villanuevawill,https://gitcoin.co/issue/9736,79.9,bounties-network,41,bountiesapi,{},ETH,['https://github.com/Bounties-Network/BountiesAPI/pull/56'],1,-272,27.0,43.0,43.0,68.0,2018-03-15T19:32:53Z,8.0,Python,49754.0
2019-03-10T08:25:59,Feature,Days,Beginner,https://github.com/abiefund/abie/issues/5,julienbrg,https://gitcoin.co/issue/9734,399.29,abiefund,1468,abie,{},ETH,['https://github.com/AbieFund/abie/pull/6'],1,-273,7.0,5.0,5.0,6.0,2017-05-05T21:59:23Z,5.0,JavaScript,394.0
2019-03-10T08:25:42,Security,Days,Intermediate,https://github.com/ethereum/solidity/issues/1210,vs77bb,https://gitcoin.co/issue/9729,60.31,ethereum,319,solidity,{},ETH,['https://github.com/ethereum/solidity/pull/4196'],1,-258,5000.0,19824.0,19824.0,530.0,2015-08-17T12:27:26Z,688.0,C++,69292.0
2019-03-10T08:25:37,Security,Days,Intermediate,https://github.com/ethereum/solidity/issues/1213,vs77bb,https://gitcoin.co/issue/9728,72.37,ethereum,763,solidity,{},ETH,"['https://github.com/ethereum/solidity/pull/4252', 'https://github.com/ethereum/solidity/pull/4252']",2,-258,5000.0,19824.0,19824.0,530.0,2015-08-17T12:27:26Z,688.0,C++,69292.0
2019-03-10T08:25:32,Security,Days,Intermediate,https://github.com/ethereum/solidity/issues/3961,vs77bb,https://gitcoin.co/issue/9727,90.46,ethereum,358,solidity,{},ETH,['https://github.com/ethereum/solidity/pull/4200'],1,-258,5000.0,19824.0,19824.0,530.0,2015-08-17T12:27:26Z,688.0,C++,69292.0
2019-03-10T08:25:01,Feature,Hours,Intermediate,https://github.com/bounties-network/bountiesapi/issues/45,villanuevawill,https://gitcoin.co/issue/9720,243.66,bounties-network,1374,bountiesapi,{},ETH,['https://github.com/Bounties-Network/BountiesAPI/pull/47'],1,-275,27.0,43.0,43.0,68.0,2018-03-15T19:32:53Z,8.0,Python,49754.0
2019-03-10T08:24:54,Feature,Weeks,Intermediate,https://github.com/gitcoinco/web/issues/1244,PixelantDesign,https://gitcoin.co/issue/9719,85.89,gitcoinco,1400,web,{},ETH,"['https://github.com/gitcoinco/web/pull/1501', 'https://github.com/gitcoinco/web/pull/1501']",2,-260,835.0,1630.0,1630.0,628.0,2017-07-10T10:53:45Z,92.0,JavaScript,1192069.0
2019-03-10T08:24:39,Other,Hours,Beginner,https://github.com/bounties-network/stdbountiesanaltyics/issues/2,villanuevawill,https://gitcoin.co/issue/9716,58.9,bounties-network,291,stdbountiesanaltyics,{},ETH,['https://github.com/Bounties-Network/StdBountiesAnaltyics/pull/3'],1,-276,4.0,1.0,1.0,27.0,2018-04-24T17:54:11Z,3.0,JavaScript,2445.0
2019-03-10T08:23:40,Other,Hours,Beginner,https://github.com/bounties-network/bountiesapi/issues/44,villanuevawill,https://gitcoin.co/issue/9715,88.36,bounties-network,41,bountiesapi,{},ETH,['https://github.com/Bounties-Network/BountiesAPI/pull/46'],1,-276,27.0,43.0,43.0,68.0,2018-03-15T19:32:53Z,8.0,Python,49754.0
2019-03-10T08:23:25,Feature,Days,Intermediate,https://github.com/trustwallet/trustsdk-android/issues/1,vikmeup,https://gitcoin.co/issue/9712,382.88,trustwallet,1139,trustsdk-android,{},ETH,['https://github.com/TrustWallet/TrustSDK-Android/pull/2'],1,74,115.0,143.0,143.0,0.0,2018-05-24T00:14:50Z,23.0,Kotlin,25075.0
2019-03-10T08:23:17,Feature,Weeks,Intermediate,https://github.com/gitcoinco/web/issues/1223,PixelantDesign,https://gitcoin.co/issue/9710,110.71,gitcoinco,1018,web,{},ETH,['https://github.com/gitcoinco/creative/pull/10'],1,-261,835.0,1630.0,1630.0,628.0,2017-07-10T10:53:45Z,92.0,JavaScript,1192069.0
2019-03-10T08:22:55,Feature,Hours,Intermediate,https://github.com/gitcoinco/web/issues/1220,owocki,https://gitcoin.co/issue/9706,89.08,gitcoinco,701,web,{},ETH,['https://github.com/gitcoinco/web/pull/1260'],1,-262,835.0,1630.0,1630.0,628.0,2017-07-10T10:53:45Z,92.0,JavaScript,1192069.0
2019-03-10T08:22:49,Feature,Hours,Advanced,https://github.com/marketprotocol/marketprotocol/issues/88,pelsasser,https://gitcoin.co/issue/9704,102.78,marketprotocol,2662,marketprotocol,{},ETH,['https://github.com/MARKETProtocol/MARKETProtocol/pull/90'],1,-289,42.0,83.0,83.0,14.0,2017-10-25T17:46:13Z,21.0,JavaScript,2049.0
2019-03-10T08:20:54,Feature,Hours,Beginner,https://github.com/timvanmourik/giraffetools/issues/54,TimVanMourik,https://gitcoin.co/issue/9697,14.13,timvanmourik,308,giraffetools,{},ETH,['https://github.com/TimVanMourik/GiraffeTools/pull/55'],1,-265,0.0,0.0,0.0,0.0,2019-06-19T14:37:39Z,0.0,JavaScript,15521.0
2019-03-10T08:20:57,Feature,Hours,Intermediate,https://github.com/metamask/metamask-extension/issues/4288,vs77bb,https://gitcoin.co/issue/9698,134.2,metamask,1789,metamask-extension,{},ETH,['https://github.com/MetaMask/metamask-extension/pull/4414'],1,-266,3798.0,9588.0,9588.0,1865.0,2015-09-06T16:34:48Z,475.0,JavaScript,288561.0
2019-03-10T08:20:49,Feature,Hours,Intermediate,https://github.com/gitcoinco/web/issues/1185,owocki,https://gitcoin.co/issue/9696,81.03,gitcoinco,845,web,{},ETH,['https://github.com/gitcoinco/python-api-client/pull/3'],1,-266,835.0,1630.0,1630.0,628.0,2017-07-10T10:53:45Z,92.0,JavaScript,1192069.0
2019-03-10T08:20:44,Feature,Hours,Intermediate,https://github.com/gitcoinco/web/issues/1181,owocki,https://gitcoin.co/issue/9695,81.03,gitcoinco,894,web,{},ETH,['https://github.com/gitcoinco/javascript-api-client/pull/1'],1,-266,835.0,1630.0,1630.0,628.0,2017-07-10T10:53:45Z,92.0,JavaScript,1192069.0
2019-03-10T08:20:39,Feature,Hours,Beginner,https://github.com/timvanmourik/giraffetools/issues/34,TimVanMourik,https://gitcoin.co/issue/9694,27.01,timvanmourik,892,giraffetools,{},ETH,['https://github.com/TimVanMourik/GiraffeTools/pull/52'],1,-266,0.0,0.0,0.0,0.0,2019-06-19T14:37:39Z,0.0,JavaScript,15521.0
2019-03-10T08:20:35,Feature,Hours,Beginner,https://github.com/timvanmourik/giraffetools/issues/53,TimVanMourik,https://gitcoin.co/issue/9693,27.01,timvanmourik,692,giraffetools,{},ETH,['https://github.com/TimVanMourik/GiraffeTools/pull/58'],1,-266,0.0,0.0,0.0,0.0,2019-06-19T14:37:39Z,0.0,JavaScript,15521.0
2019-08-02T21:55:17,Feature,Hours,Intermediate,https://github.com/gitcoinco/web/issues/1177,owocki,https://gitcoin.co/issue/15244,173.16,gitcoinco,3649,web,{},ETH,"['https://github.com/gitcoinco/web/pull/1351', 'https://github.com/gitcoinco/web/pull/1351']",2,-413,835.0,1630.0,1630.0,628.0,2017-07-10T10:53:45Z,92.0,JavaScript,1192069.0
2019-03-10T08:20:18,Feature,Hours,Intermediate,https://github.com/gitcoinco/web/issues/1036,owocki,https://gitcoin.co/issue/9689,103.9,gitcoinco,577,web,{},ETH,"['https://github.com/gitcoinco/web/pull/1311', 'https://github.com/gitcoinco/web/pull/1311']",2,-267,835.0,1630.0,1630.0,628.0,2017-07-10T10:53:45Z,92.0,JavaScript,1192069.0
2019-03-10T08:20:12,Feature,Hours,Beginner,https://github.com/timvanmourik/giraffetools/issues/51,TimVanMourik,https://gitcoin.co/issue/9688,27.71,timvanmourik,2144,giraffetools,{},ETH,['https://github.com/TimVanMourik/GiraffeTools/pull/65'],1,-267,0.0,0.0,0.0,0.0,2019-06-19T14:37:39Z,0.0,JavaScript,15521.0
2019-03-10T08:19:51,Feature,Hours,Beginner,https://github.com/livepeer/livepeerjs/issues/17,jozanza,https://gitcoin.co/issue/9683,69.27,livepeer,114,livepeerjs,{},ETH,['https://github.com/livepeer/livepeerjs/pull/89'],1,-283,17.0,47.0,47.0,16.0,2022-08-09T16:10:17Z,2.0,TypeScript,26920.0
2019-03-10T08:19:43,Feature,Days,Intermediate,https://github.com/tomteman/attendr/issues/2,tomteman,https://gitcoin.co/issue/9681,69.47,tomteman,521,attendr,{},ETH,['https://github.com/tomteman/attendr/pull/6'],1,-208,6.0,2.0,2.0,0.0,2018-05-16T15:44:37Z,3.0,CSS,1317.0
2019-03-10T08:19:38,Feature,Days,Advanced,https://github.com/tomteman/attendr/issues/1,tomteman,https://gitcoin.co/issue/9680,104.2,tomteman,578,attendr,{},ETH,['https://github.com/tomteman/attendr/pull/5'],1,-208,6.0,2.0,2.0,0.0,2018-05-16T15:44:37Z,3.0,CSS,1317.0
2019-03-10T08:19:11,Feature,Hours,Intermediate,https://github.com/ethereum/cpp-ethereum/issues/4981,vs77bb,https://gitcoin.co/issue/9673,146.76,ethereum,2556,cpp-ethereum,{},ETH,['https://github.com/ethereum/cpp-ethereum/pull/5027'],1,-269,2279.0,3948.0,3948.0,340.0,2013-12-26T21:26:06Z,472.0,C++,58058.0
2019-03-10T08:19:07,Feature,Hours,Intermediate,https://github.com/ethereum/cpp-ethereum/issues/4961,vs77bb,https://gitcoin.co/issue/9672,146.76,ethereum,222,cpp-ethereum,{},ETH,['https://github.com/ethereum/cpp-ethereum/pull/5026'],1,-269,2279.0,3948.0,3948.0,340.0,2013-12-26T21:26:06Z,472.0,C++,58058.0
2019-03-10T08:18:44,,Unknown,,https://github.com/ethereum/sharding/issues/80,vs77bb,https://gitcoin.co/issue/9665,57.96,ethereum,693,sharding,{},ETH,['https://github.com/ethereum/sharding/pull/88'],1,-270,106.0,479.0,479.0,1.0,2017-07-07T13:39:20Z,117.0,Python,624.0
2019-03-10T08:18:39,Feature,Hours,Intermediate,https://github.com/gitcoinco/codefund/issues/93,coderberry,https://gitcoin.co/issue/9664,217.35,gitcoinco,119,codefund,{},ETH,['https://github.com/gitcoinco/codefund/pull/164'],1,-286,40.0,161.0,161.0,51.0,2018-02-27T15:44:17Z,22.0,CSS,36086.0
2019-03-10T08:18:24,Feature,Hours,Advanced,https://github.com/marketprotocol/marketprotocol/issues/78,pelsasser,https://gitcoin.co/issue/9661,72.45,marketprotocol,1958,marketprotocol,{},ETH,['https://github.com/MARKETProtocol/MARKETProtocol/pull/85'],1,-293,42.0,83.0,83.0,14.0,2017-10-25T17:46:13Z,21.0,JavaScript,2049.0
2019-03-10T08:18:13,Feature,Hours,Intermediate,https://github.com/balance-io/balance-manager/issues/63,ricburton,https://gitcoin.co/issue/9658,36.22,balance-io,41,balance-manager,{},ETH,['https://github.com/balance-io/balance-manager/pull/230'],1,-211,86.0,143.0,143.0,135.0,2018-03-15T15:49:40Z,18.0,JavaScript,10467.0
2019-03-10T08:17:15,Feature,Days,Advanced,https://github.com/balance-io/balance-manager/issues/182,ricburton,https://gitcoin.co/issue/9651,345.54,balance-io,238,balance-manager,{},ETH,['https://github.com/balance-io/balance-manager/pull/270'],1,-273,86.0,143.0,143.0,135.0,2018-03-15T15:49:40Z,18.0,JavaScript,10467.0
2019-03-10T08:16:59,,Unknown,,https://github.com/livepeer/livepeerjs/issues/40,vs77bb,https://gitcoin.co/issue/9648,69.11,livepeer,635,livepeerjs,{},ETH,['https://github.com/livepeer/livepeerjs/pull/80'],1,62,17.0,47.0,47.0,16.0,2022-08-09T16:10:17Z,2.0,TypeScript,26920.0
2019-03-10T08:16:48,,Unknown,,https://github.com/livepeer/livepeerjs/issues/71,vs77bb,https://gitcoin.co/issue/9646,103.66,livepeer,76,livepeerjs,{},ETH,['https://github.com/livepeer/livepeerjs/pull/85'],1,62,17.0,47.0,47.0,16.0,2022-08-09T16:10:17Z,2.0,TypeScript,26920.0
2019-03-10T08:16:43,,Unknown,,https://github.com/livepeer/go-livepeer/issues/417,vs77bb,https://gitcoin.co/issue/9645,138.21,livepeer,820,go-livepeer,{},ETH,['https://github.com/livepeer/go-livepeer/pull/426'],1,62,148.0,497.0,497.0,250.0,2017-06-19T02:36:09Z,40.0,Go,182032.0
2019-03-10T08:16:31,Feature,Hours,Beginner,https://github.com/timvanmourik/giraffetools/issues/46,TimVanMourik,https://gitcoin.co/issue/9642,14.76,timvanmourik,684,giraffetools,{},ETH,['https://github.com/TimVanMourik/GiraffeTools/pull/48'],1,-274,0.0,0.0,0.0,0.0,2019-06-19T14:37:39Z,0.0,JavaScript,15521.0
2018-05-10T12:57:01,Feature,Hours,Beginner,https://github.com/timvanmourik/giraffetools/issues/33,TimVanMourik,https://gitcoin.co/issue/3093,52.02,timvanmourik,1150,giraffetools,{},ETH,['https://github.com/TimVanMourik/GiraffeTools/pull/45'],1,29,0.0,0.0,0.0,0.0,2019-06-19T14:37:39Z,0.0,JavaScript,15521.0
2018-05-25T17:10:46,Feature,Hours,Intermediate,https://github.com/gitcoinco/web/issues/1020,owocki,https://gitcoin.co/issue/3312,115.32,gitcoinco,1924,web,{},ETH,['https://github.com/gitcoinco/creative/pull/8'],1,13,835.0,1630.0,1630.0,628.0,2017-07-10T10:53:45Z,92.0,JavaScript,1192069.0
2018-05-17T15:10:49,Feature,Hours,Intermediate,https://github.com/gitcoinco/web/issues/1030,owocki,https://gitcoin.co/issue/3202,11.16,gitcoinco,715,web,{},ETH,['https://github.com/gitcoinco/web/pull/1115'],1,21,835.0,1630.0,1630.0,628.0,2017-07-10T10:53:45Z,92.0,JavaScript,1192069.0
2018-07-09T02:46:45,Feature,Hours,Intermediate,https://github.com/gitcoinco/web/issues/1037,owocki,https://gitcoin.co/issue/4119,52.08,gitcoinco,966,web,{},ETH,['https://github.com/gitcoinco/web/pull/1420'],1,-32,835.0,1630.0,1630.0,628.0,2017-07-10T10:53:45Z,92.0,JavaScript,1192069.0
2018-05-18T14:10:36,Feature,Hours,Beginner,https://github.com/timvanmourik/giraffetools/issues/35,TimVanMourik,https://gitcoin.co/issue/3232,74.4,timvanmourik,983,giraffetools,{},ETH,['https://github.com/TimVanMourik/GiraffeTools/pull/42'],1,19,0.0,0.0,0.0,0.0,2019-06-19T14:37:39Z,0.0,JavaScript,15521.0
2018-05-18T14:10:31,Feature,Hours,Beginner,https://github.com/timvanmourik/giraffetools/issues/37,TimVanMourik,https://gitcoin.co/issue/3231,74.4,timvanmourik,1526,giraffetools,{},ETH,['https://github.com/TimVanMourik/GiraffeTools/pull/50'],1,19,0.0,0.0,0.0,0.0,2019-06-19T14:37:39Z,0.0,JavaScript,15521.0
2018-06-05T03:06:06,Feature,Weeks,Intermediate,https://github.com/gitcoinco/web/issues/1104,PixelantDesign,https://gitcoin.co/issue/3478,148.8,gitcoinco,2934,web,{},ETH,['https://github.com/gitcoinco/web/pull/1256'],1,2,835.0,1630.0,1630.0,628.0,2017-07-10T10:53:45Z,92.0,JavaScript,1192069.0
2018-05-13T19:10:25,Feature,Hours,Beginner,https://github.com/timvanmourik/giraffetools/issues/39,TimVanMourik,https://gitcoin.co/issue/3128,37.81,timvanmourik,1109,giraffetools,{},ETH,['https://github.com/TimVanMourik/GiraffeTools/pull/47'],1,23,0.0,0.0,0.0,0.0,2019-06-19T14:37:39Z,0.0,JavaScript,15521.0
2018-07-31T04:49:20,Feature,Hours,Advanced,https://github.com/ethereum/go-ethereum/issues/16688,satoshi101,https://gitcoin.co/issue/4530,167.27,ethereum,1430,go-ethereum,{},ETH,['https://github.com/ethereum/go-ethereum/pull/17139'],1,-80,16290.0,41686.0,41686.0,315.0,2013-12-26T13:05:46Z,2190.0,Go,201968.0
2018-05-04T14:09:47,Feature,Hours,Beginner,https://github.com/timvanmourik/giraffetools/issues/28,TimVanMourik,https://gitcoin.co/issue/2996,62.31,timvanmourik,890,giraffetools,{},ETH,['https://github.com/TimVanMourik/GiraffeTools/pull/29'],1,29,0.0,0.0,0.0,0.0,2019-06-19T14:37:39Z,0.0,JavaScript,15521.0
2018-08-23T09:38:16,,Unknown,,https://github.com/metamask/metamask-extension/issues/4085,vs77bb,https://gitcoin.co/issue/5063,168.46,metamask,302,metamask-extension,{},ETH,"['https://github.com/MetaMask/metamask-extension/pull/4235', 'https://github.com/owocki/pytrader/pull/136']",2,252,3798.0,9588.0,9588.0,1865.0,2015-09-06T16:34:48Z,475.0,JavaScript,288561.0
2018-06-08T16:09:22,Feature,Hours,Intermediate,https://github.com/gitcoinco/web/issues/1007,owocki,https://gitcoin.co/issue/3529,146.38,gitcoinco,788,web,{},ETH,['https://github.com/gitcoinco/web/pull/1066'],1,-9,835.0,1630.0,1630.0,628.0,2017-07-10T10:53:45Z,92.0,JavaScript,1192069.0
2018-07-06T20:26:57,Feature,Hours,Intermediate,https://github.com/gitcoinco/web/issues/1015,owocki,https://gitcoin.co/issue/4093,83.38,gitcoinco,673,web,{},ETH,['https://github.com/gitcoinco/web/pull/1347'],1,-39,835.0,1630.0,1630.0,628.0,2017-07-10T10:53:45Z,92.0,JavaScript,1192069.0
2018-06-04T22:35:08,Feature,Hours,Intermediate,https://github.com/gitcoinco/web/issues/982,owocki,https://gitcoin.co/issue/3472,128.14,gitcoinco,1427,web,{},ETH,['https://github.com/gitcoinco/web/pull/1308'],1,-11,835.0,1630.0,1630.0,628.0,2017-07-10T10:53:45Z,92.0,JavaScript,1192069.0
2018-04-27T01:07:57,Feature,Hours,Beginner,https://github.com/bounties-network/bounties.network/issues/2,villanuevawill00aa9e3612734131,https://gitcoin.co/issue/2875,64.07,bounties-network,849,bounties.network,{},ETH,['https://github.com/Bounties-Network/bounties.network/pull/3'],2,12,2.0,0.0,0.0,0.0,2020-05-12T01:28:19Z,1.0,CSS,39546.0
2018-05-10T20:25:56,Other,Days,Advanced,https://github.com/bounties-network/delphi/issues/54,villanuevawill00aa9e3612734131,https://gitcoin.co/issue/3098,320.34,bounties-network,2039,delphi,{},ETH,['https://github.com/Bounties-Network/Delphi/pull/60'],1,14,4.0,15.0,15.0,31.0,2018-01-04T01:23:03Z,14.0,JavaScript,745.0
2018-05-02T15:08:00,Feature,Hours,Intermediate,https://github.com/gitcoinco/web/issues/969,owocki,https://gitcoin.co/issue/2974,64.07,gitcoinco,2648,web,{},ETH,['https://github.com/gitcoinco/web/pull/985'],1,23,835.0,1630.0,1630.0,628.0,2017-07-10T10:53:45Z,92.0,JavaScript,1192069.0
2018-04-24T06:24:10,,Unknown,,https://github.com/owocki/pytrader/pull/59,owocki,https://gitcoin.co/issue/2809,63.43,owocki,465,pytrader,{},ETH,['https://github.com/owocki/'],1,364,447.0,1911.0,1911.0,94.0,2016-03-26T15:39:33Z,157.0,Python,194.0
2018-05-08T12:40:51,Feature,Hours,Beginner,https://github.com/timvanmourik/giraffetools/issues/19,TimVanMourik,https://gitcoin.co/issue/3049,31.71,timvanmourik,791,giraffetools,{},ETH,"['https://github.com/TimVanMourik/GiraffeTools/pull/41', 'https://github.com/TimVanMourik/GiraffeTools/pull/41']",2,15,0.0,0.0,0.0,0.0,2019-06-19T14:37:39Z,0.0,JavaScript,15521.0
2018-06-14T00:08:32,Feature,Hours,Intermediate,https://github.com/gitcoinco/web/issues/946,owocki,https://gitcoin.co/issue/3610,95.14,gitcoinco,1096,web,{},ETH,['https://github.com/gitcoinco/web/pull/1016'],1,-22,835.0,1630.0,1630.0,628.0,2017-07-10T10:53:45Z,92.0,JavaScript,1192069.0
2018-04-24T18:07:20,Feature,Hours,Intermediate,https://github.com/cybercongress/chaingear/issues/941,21xhipster,https://gitcoin.co/issue/2826,63.43,cybercongress,244,chaingear,{},ETH,"['https://github.com/SaveTheAles/', 'https://github.com/SaveTheAles/']",2,13,77.0,82.0,82.0,30.0,2015-05-10T23:48:38Z,34.0,JavaScript,93100.0
2018-05-30T04:05:13,,Unknown,,https://github.com/gitcoinco/web/issues/640,vs77bb,https://gitcoin.co/issue/3380,63.43,gitcoinco,1332,web,{},ETH,['archive.gitcoin.co'],1,328,835.0,1630.0,1630.0,628.0,2017-07-10T10:53:45Z,92.0,JavaScript,1192069.0
2018-04-22T23:06:52,Other,Hours,Intermediate,https://github.com/bounties-network/bountiesapi/issues/22,villanuevawill00aa9e3612734131,https://gitcoin.co/issue/2779,44.78,bounties-network,894,bountiesapi,{},ETH,['https://github.com/Bounties-Network/BountiesAPI/pull/25'],1,26,27.0,43.0,43.0,68.0,2018-03-15T19:32:53Z,8.0,Python,49754.0
2018-05-08T05:24:42,Feature,Days,Advanced,https://github.com/bounties-network/bountiesapi/issues/23,villanuevawill00aa9e3612734131,https://gitcoin.co/issue/3038,279.88,bounties-network,2473,bountiesapi,{},ETH,['https://github.com/Bounties-Network/BountiesAPI/pull/24'],1,11,27.0,43.0,43.0,68.0,2018-03-15T19:32:53Z,8.0,Python,49754.0
2018-05-08T04:57:54,Feature,Days,Advanced,https://github.com/bounties-network/bountiesapi/issues/21,villanuevawill00aa9e3612734131,https://gitcoin.co/issue/3037,190.32,bounties-network,4792,bountiesapi,{},ETH,['https://github.com/Bounties-Network/BountiesAPI/pull/33'],1,11,27.0,43.0,43.0,68.0,2018-03-15T19:32:53Z,8.0,Python,49754.0
2018-05-13T02:25:40,Feature,Hours,Intermediate,https://github.com/distense/distense-ui/issues/231,JohnAllen,https://gitcoin.co/issue/3126,120.92,distense,462,distense-ui,{},ETH,['https://github.com/Distense/distense-ui/pull/234'],1,5,21.0,33.0,33.0,4.0,2017-07-08T18:35:50Z,5.0,JavaScript,7785.0
2018-05-25T21:07:31,Feature,Hours,Intermediate,https://github.com/gitcoinco/web/issues/920,owocki,https://gitcoin.co/issue/3316,157.72,gitcoinco,594,web,{},ETH,['https://github.com/gitcoinco/web/pull/1099'],1,-8,835.0,1630.0,1630.0,628.0,2017-07-10T10:53:45Z,92.0,JavaScript,1192069.0
2018-04-26T14:06:55,Bug,Hours,Intermediate,https://github.com/timvanmourik/giraffetools/issues/16,TimVanMourik,https://gitcoin.co/issue/2864,26.29,timvanmourik,756,giraffetools,{},ETH,['https://github.com/TimVanMourik/GiraffeTools/pull/24'],1,21,0.0,0.0,0.0,0.0,2019-06-19T14:37:39Z,0.0,JavaScript,15521.0
2018-07-06T20:18:06,Other,Hours,Intermediate,https://github.com/distributedconsensus/beyondthehype/issues/1,,https://gitcoin.co/issue/4092,150.91,distributedconsensus,380,beyondthehype,{},ETH,['https://github.com/distributedconsensus/BeyondTheHype/pull/2'],1,100,1.0,0.0,0.0,1.0,2018-04-17T23:06:04Z,0.0,,8.0
2018-05-20T17:08:09,,Unknown,,https://github.com/metamask/metamask-extension/issues/3526,vs77bb,https://gitcoin.co/issue/3259,147.67,metamask,444,metamask-extension,{},ETH,['https://github.com/MetaMask/metamask-extension/pull/4143'],1,328,3798.0,9588.0,9588.0,1865.0,2015-09-06T16:34:48Z,475.0,JavaScript,288561.0
2018-04-24T10:06:44,Feature,Hours,Intermediate,https://github.com/timvanmourik/giraffetools/issues/12,TimVanMourik,https://gitcoin.co/issue/2815,24.61,timvanmourik,1110,giraffetools,{},ETH,['https://github.com/TimVanMourik/GiraffeTools/pull/20'],1,19,0.0,0.0,0.0,0.0,2019-06-19T14:37:39Z,0.0,JavaScript,15521.0
2018-04-20T18:06:49,Feature,Hours,Intermediate,https://github.com/marketprotocol/docs/issues/3,pelsasser,https://gitcoin.co/issue/2756,123.06,marketprotocol,951,docs,{},ETH,['https://github.com/MARKETProtocol/docs/pull/4'],1,-1,1.0,3.0,3.0,7.0,2018-01-26T16:06:08Z,6.0,JavaScript,2085.0
2019-01-22T15:10:14,Feature,Hours,Intermediate,https://github.com/gitcoinco/web/issues/865,owocki,https://gitcoin.co/issue/8301,103.86,gitcoinco,790,web,{},ETH,['https://github.com/gitcoinco/ethavatar/pull/12'],1,-255,835.0,1630.0,1630.0,628.0,2017-07-10T10:53:45Z,92.0,JavaScript,1192069.0
2018-04-19T13:49:57,Feature,Hours,Intermediate,https://github.com/timvanmourik/giraffetools/issues/7,TimVanMourik,https://gitcoin.co/issue/2743,41.52,timvanmourik,1108,giraffetools,{},ETH,['https://github.com/agni21/'],1,20,0.0,0.0,0.0,0.0,2019-06-19T14:37:39Z,0.0,JavaScript,15521.0
2018-04-25T20:05:49,Other,Days,Intermediate,https://github.com/ethereum/solidity/issues/3750,vs77bb,https://gitcoin.co/issue/2853,61.03,ethereum,803,solidity,{},ETH,['https://github.com/netrunnerX/'],1,344,5000.0,19824.0,19824.0,530.0,2015-08-17T12:27:26Z,688.0,C++,69292.0
2018-05-07T06:05:54,Feature,Hours,Intermediate,https://github.com/gitcoinco/web/issues/656,owocki,https://gitcoin.co/issue/3025,99.17,gitcoinco,1141,web,{},ETH,['https://github.com/willsputra/'],2,-2,835.0,1630.0,1630.0,628.0,2017-07-10T10:53:45Z,92.0,JavaScript,1192069.0
2018-05-08T16:05:51,Feature,Hours,Intermediate,https://github.com/gitcoinco/web/issues/441,owocki,https://gitcoin.co/issue/3054,283.82,gitcoinco,1854,web,{},ETH,['https://github.com/gitcoinco/web/pull/889'],1,-4,835.0,1630.0,1630.0,628.0,2017-07-10T10:53:45Z,92.0,JavaScript,1192069.0
2018-07-09T14:37:16,Feature,Hours,Intermediate,https://github.com/gitcoinco/web/issues/794,owocki,https://gitcoin.co/issue/4130,94.61,gitcoinco,1728,web,{},ETH,"['https://github.com/gitcoinco/web/pull/1010', 'https://github.com/kylewu/', 'https://github.com/kylewu/']",3,-66,835.0,1630.0,1630.0,628.0,2017-07-10T10:53:45Z,92.0,JavaScript,1192069.0
2018-04-17T17:05:58,Feature,Hours,Intermediate,https://github.com/gitcoinco/web/issues/222,owocki,https://gitcoin.co/issue/2707,56.76,gitcoinco,827,web,{},ETH,['https://github.com/gitcoinco/web/pull/887'],1,16,835.0,1630.0,1630.0,628.0,2017-07-10T10:53:45Z,92.0,JavaScript,1192069.0
2018-05-14T23:05:04,Other,Days,Intermediate,https://github.com/gitcoinco/web/issues/671,vs77bb,https://gitcoin.co/issue/3154,168.07,gitcoinco,2195,web,{},ETH,['https://github.com/gitcoinco/web/issues/671'],1,310,835.0,1630.0,1630.0,628.0,2017-07-10T10:53:45Z,92.0,JavaScript,1192069.0
2018-05-21T17:05:11,,Unknown,,https://github.com/trustwallet/trust-wallet-ios/issues/493,,https://gitcoin.co/issue/3266,28.01,trustwallet,478,trust-wallet-ios,{},ETH,['https://github.com/johnnynanjiang/'],1,303,719.0,1442.0,1442.0,66.0,2017-09-21T21:40:02Z,101.0,Swift,13314.0
2018-06-04T21:04:58,Other,Hours,Beginner,https://github.com/mycryptohq/mycrypto/issues/1117,owocki,https://gitcoin.co/issue/3465,138.97,mycryptohq,365,mycrypto,{},ETH,['https://github.com/MyCryptoHQ/MyCrypto/pull/1799'],1,-47,691.0,1284.0,1284.0,40.0,2016-12-04T01:35:27Z,85.0,TypeScript,41807.0
2018-04-27T17:04:51,Other,Hours,Beginner,https://github.com/gitcoinco/web/issues/259,owocki,https://gitcoin.co/issue/2881,166.76,gitcoinco,512,web,{},ETH,"['https://github.com/gitcoinco/web/pull/955', 'https://github.com/gitcoinco/web/pull/935']",2,-9,835.0,1630.0,1630.0,628.0,2017-07-10T10:53:45Z,92.0,JavaScript,1192069.0
2018-04-24T18:04:39,Other,Hours,Beginner,https://github.com/gitcoinco/web/issues/540,owocki,https://gitcoin.co/issue/2824,166.76,gitcoinco,527,web,{},ETH,['https://github.com/gitcoinco/web/issues/540'],1,-6,835.0,1630.0,1630.0,628.0,2017-07-10T10:53:45Z,92.0,JavaScript,1192069.0
2018-04-18T18:03:44,Feature,Days,Intermediate,https://github.com/gitcoinco/skunkworks/issues/63,owocki,https://gitcoin.co/issue/2724,174.27,gitcoinco,1088,skunkworks,{},ETH,['https://github.com/lucaguglielmi/'],1,48,35.0,63.0,63.0,220.0,2017-12-08T16:11:36Z,24.0,JavaScript,1132.0
